  0
SECTION
  2
HEADER
  9
$ACADVER
  1
AC1021
  9
$ACADMAINTVER
  70
50
  9
$DWGCODEPAGE
  3
ANSI_936
  9
$LASTSAVEDBY
  1
win10
  9
$INSBASE
  10
0
  20
0
  30
0
  9
$EXTMIN
  10
100000000000000000000
  20
100000000000000000000
  30
100000000000000000000
  9
$EXTMAX
  10
-100000000000000000000
  20
-100000000000000000000
  30
-100000000000000000000
  9
$LIMMIN
  10
0
  20
0
  9
$LIMMAX
  10
12
  20
9
  9
$ORTHOMODE
  70
0
  9
$REGENMODE
  70
1
  9
$FILLMODE
  70
1
  9
$QTEXTMODE
  70
0
  9
$MIRRTEXT
  70
0
  9
$LTSCALE
  40
1
  9
$ATTMODE
  70
1
  9
$TEXTSIZE
  40
0.2
  9
$TRACEWID
  40
0.05
  9
$TEXTSTYLE
  7
Standard
  9
$CLAYER
  8
0
  9
$CELTYPE
  6
ByLayer
  9
$CECOLOR
  62
256
  9
$CELTSCALE
  40
1
  9
$DISPSILH
  70
0
  9
$DIMSCALE
  40
1
  9
$DIMASZ
  40
0.18
  9
$DIMEXO
  40
0.0625
  9
$DIMDLI
  40
0.38
  9
$DIMRND
  40
0
  9
$DIMDLE
  40
0
  9
$DIMEXE
  40
0.18
  9
$DIMTP
  40
0
  9
$DIMTM
  40
0
  9
$DIMTXT
  40
0.18
  9
$DIMCEN
  40
0.09
  9
$DIMTSZ
  40
0
  9
$DIMTOL
  70
0
  9
$DIMLIM
  70
0
  9
$DIMTIH
  70
1
  9
$DIMTOH
  70
1
  9
$DIMSE1
  70
0
  9
$DIMSE2
  70
0
  9
$DIMTAD
  70
0
  9
$DIMZIN
  70
0
  9
$DIMBLK
  1

  9
$DIMASO
  70
1
  9
$DIMSHO
  70
1
  9
$DIMPOST
  1

  9
$DIMAPOST
  1

  9
$DIMALT
  70
0
  9
$DIMALTD
  70
2
  9
$DIMALTF
  40
25.4
  9
$DIMLFAC
  40
1
  9
$DIMTOFL
  70
0
  9
$DIMTVP
  40
0
  9
$DIMTIX
  70
0
  9
$DIMSOXD
  70
0
  9
$DIMSAH
  70
0
  9
$DIMBLK1
  1

  9
$DIMBLK2
  1

  9
$DIMSTYLE
  2
Standard
  9
$DIMCLRD
  70
0
  9
$DIMCLRE
  70
0
  9
$DIMCLRT
  70
0
  9
$DIMTFAC
  40
1
  9
$DIMGAP
  40
0.09
  9
$DIMJUST
  70
0
  9
$DIMSD1
  70
0
  9
$DIMSD2
  70
0
  9
$DIMTOLJ
  70
1
  9
$DIMTZIN
  70
0
  9
$DIMALTZ
  70
0
  9
$DIMALTTZ
  70
0
  9
$DIMUPT
  70
0
  9
$DIMDEC
  70
4
  9
$DIMTDEC
  70
4
  9
$DIMALTU
  70
2
  9
$DIMALTTD
  70
2
  9
$DIMTXSTY
  7
Standard
  9
$DIMAUNIT
  70
0
  9
$DIMADEC
  70
0
  9
$DIMALTRND
  40
0
  9
$DIMAZIN
  70
0
  9
$DIMDSEP
  70
46
  9
$DIMATFIT
  70
3
  9
$DIMFRAC
  70
0
  9
$DIMLDRBLK
  1

  9
$DIMLUNIT
  70
2
  9
$DIMLWD
  70
-2
  9
$DIMLWE
  70
-2
  9
$DIMTMOVE
  70
0
  9
$DIMFXL
  40
1
  9
$DIMFXLON
  70
0
  9
$DIMJOGANG
  40
0.7853981633974483
  9
$DIMTFILL
  70
0
  9
$DIMTFILLCLR
  70
0
  9
$DIMARCSYM
  70
0
  9
$DIMLTYPE
  6

  9
$DIMLTEX1
  6

  9
$DIMLTEX2
  6

  9
$LUNITS
  70
2
  9
$LUPREC
  70
4
  9
$SKETCHINC
  40
0.1
  9
$FILLETRAD
  40
0
  9
$AUNITS
  70
0
  9
$AUPREC
  70
0
  9
$MENU
  1
.
  9
$ELEVATION
  40
0
  9
$PELEVATION
  40
0
  9
$THICKNESS
  40
0
  9
$LIMCHECK
  70
0
  9
$CHAMFERA
  40
0
  9
$CHAMFERB
  40
0
  9
$CHAMFERC
  40
0
  9
$CHAMFERD
  40
0
  9
$SKPOLY
  70
0
  9
$TDCREATE
  40
2460560.605914352
  9
$TDUCREATE
  40
2460560.272581019
  9
$TDUPDATE
  40
2460560.629363426
  9
$TDUUPDATE
  40
2460560.296030092
  9
$TDINDWG
  40
0.0234490741
  9
$TDUSRTIMER
  40
0.0234490741
  9
$USRTIMER
  70
1
  9
$ANGBASE
  50
0
  9
$ANGDIR
  70
0
  9
$PDMODE
  70
0
  9
$PDSIZE
  40
0
  9
$PLINEWID
  40
0
  9
$SPLFRAME
  70
0
  9
$SPLINETYPE
  70
6
  9
$SPLINESEGS
  70
8
  9
$HANDSEED
  5
33E
  9
$SURFTAB1
  70
6
  9
$SURFTAB2
  70
6
  9
$SURFTYPE
  70
6
  9
$SURFU
  70
6
  9
$SURFV
  70
6
  9
$UCSBASE
  2

  9
$UCSNAME
  2

  9
$UCSORG
  10
0
  20
0
  30
0
  9
$UCSXDIR
  10
1
  20
0
  30
0
  9
$UCSYDIR
  10
0
  20
1
  30
0
  9
$UCSORTHOREF
  2

  9
$UCSORTHOVIEW
  70
0
  9
$UCSORGTOP
  10
0
  20
0
  30
0
  9
$UCSORGBOTTOM
  10
0
  20
0
  30
0
  9
$UCSORGLEFT
  10
0
  20
0
  30
0
  9
$UCSORGRIGHT
  10
0
  20
0
  30
0
  9
$UCSORGFRONT
  10
0
  20
0
  30
0
  9
$UCSORGBACK
  10
0
  20
0
  30
0
  9
$PUCSBASE
  2

  9
$PUCSNAME
  2

  9
$PUCSORG
  10
0
  20
0
  30
0
  9
$PUCSXDIR
  10
1
  20
0
  30
0
  9
$PUCSYDIR
  10
0
  20
1
  30
0
  9
$PUCSORTHOREF
  2

  9
$PUCSORTHOVIEW
  70
0
  9
$PUCSORGTOP
  10
0
  20
0
  30
0
  9
$PUCSORGBOTTOM
  10
0
  20
0
  30
0
  9
$PUCSORGLEFT
  10
0
  20
0
  30
0
  9
$PUCSORGRIGHT
  10
0
  20
0
  30
0
  9
$PUCSORGFRONT
  10
0
  20
0
  30
0
  9
$PUCSORGBACK
  10
0
  20
0
  30
0
  9
$USERI1
  70
0
  9
$USERI2
  70
0
  9
$USERI3
  70
0
  9
$USERI4
  70
0
  9
$USERI5
  70
0
  9
$USERR1
  40
0
  9
$USERR2
  40
0
  9
$USERR3
  40
0
  9
$USERR4
  40
0
  9
$USERR5
  40
0
  9
$WORLDVIEW
  70
1
  9
$SHADEDGE
  70
3
  9
$SHADEDIF
  70
70
  9
$TILEMODE
  70
1
  9
$MAXACTVP
  70
64
  9
$PINSBASE
  10
0
  20
0
  30
0
  9
$PLIMCHECK
  70
0
  9
$PEXTMIN
  10
0
  20
0
  30
0
  9
$PEXTMAX
  10
0
  20
0
  30
0
  9
$PLIMMIN
  10
0
  20
0
  9
$PLIMMAX
  10
12
  20
9
  9
$UNITMODE
  70
0
  9
$VISRETAIN
  70
1
  9
$PLINEGEN
  70
0
  9
$PSLTSCALE
  70
1
  9
$TREEDEPTH
  70
3020
  9
$CMLSTYLE
  2
Standard
  9
$CMLJUST
  70
0
  9
$CMLSCALE
  40
1
  9
$PROXYGRAPHICS
  70
1
  9
$MEASUREMENT
  70
0
  9
$CELWEIGHT
  370
-1
  9
$ENDCAPS
  280
0
  9
$JOINSTYLE
  280
0
  9
$LWDISPLAY
  290
0
  9
$INSUNITS
  70
4
  9
$HYPERLINKBASE
  1

  9
$STYLESHEET
  1

  9
$XEDIT
  290
0
  9
$CEPSNTYPE
  380
0
  9
$PSTYLEMODE
  290
0
  9
$FINGERPRINTGUID
  2
{FA9A02B2-7E04-C34E-BD13-02980AC2B394}
  9
$VERSIONGUID
  2
{964EB223-33A2-D549-8684-CDE005EE773C}
  9
$EXTNAMES
  290
0
  9
$PSVPSCALE
  40
0
  9
$OLESTARTUP
  290
0
  9
$SORTENTS
  280
127
  9
$INDEXCTL
  280
0
  9
$HIDETEXT
  280
1
  9
$XCLIPFRAME
  290
0
  9
$HALOGAP
  280
0
  9
$OBSCOLOR
  70
257
  9
$OBSLTYPE
  280
0
  9
$INTERSECTIONDISPLAY
  280
0
  9
$INTERSECTIONCOLOR
  70
257
  9
$DIMASSOC
  280
2
  9
$PROJECTNAME
  1

  9
$CAMERADISPLAY
  290
0
  9
$LENSLENGTH
  40
50
  9
$CAMERAHEIGHT
  40
60
  9
$STEPSPERSEC
  40
2
  9
$STEPSIZE
  40
6
  9
$3DDWFPREC
  40
2
  9
$PSOLWIDTH
  40
0.25
  9
$PSOLHEIGHT
  40
4
  9
$LOFTANG1
  40
1.570796326794896
  9
$LOFTANG2
  40
1.570796326794896
  9
$LOFTMAG1
  40
0
  9
$LOFTMAG2
  40
0
  9
$LOFTPARAM
  70
7
  9
$LOFTNORMALS
  280
1
  9
$LATITUDE
  40
37.795
  9
$LONGITUDE
  40
-122.394
  9
$NORTHDIRECTION
  40
0
  9
$TIMEZONE
  70
-8000
  9
$LIGHTGLYPHDISPLAY
  280
1
  9
$TILEMODELIGHTSYNCH
  280
1
  9
$CMATERIAL
  347
92
  9
$SOLIDHIST
  280
0
  9
$SHOWHIST
  280
1
  9
$DWFFRAME
  280
2
  9
$DGNFRAME
  280
0
  9
$REALWORLDSCALE
  290
0
  9
$INTERFERECOLOR
  62
1
  9
$INTERFEREOBJVS
  345
9F
  9
$INTERFEREVPVS
  346
9C
  9
$CSHADOW
  280
0
  9
$SHADOWPLANELOCATION
  40
0
  0
ENDSEC
  0
SECTION
  2
CLASSES
  0
CLASS
  1
ACDBDICTIONARYWDFLT
  2
AcDbDictionaryWithDefault
  3
ObjectDBX Classes
  90
0
  91
1
  280
0
  281
0
  0
CLASS
  1
DICTIONARYVAR
  2
AcDbDictionaryVar
  3
ObjectDBX Classes
  90
0
  91
15
  280
0
  281
0
  0
CLASS
  1
MATERIAL
  2
AcDbMaterial
  3
ObjectDBX Classes
  90
1153
  91
3
  280
0
  281
0
  0
CLASS
  1
VISUALSTYLE
  2
AcDbVisualStyle
  3
ObjectDBX Classes
  90
4095
  91
24
  280
0
  281
0
  0
CLASS
  1
TABLESTYLE
  2
AcDbTableStyle
  3
ObjectDBX Classes
  90
4095
  91
1
  280
0
  281
0
  0
CLASS
  1
SCALE
  2
AcDbScale
  3
ObjectDBX Classes
  90
1153
  91
33
  280
0
  281
0
  0
CLASS
  1
MLEADERSTYLE
  2
AcDbMLeaderStyle
  3
ACDB_MLEADERSTYLE_CLASS
  90
4095
  91
2
  280
0
  281
0
  0
CLASS
  1
CELLSTYLEMAP
  2
AcDbCellStyleMap
  3
ObjectDBX Classes
  90
1152
  91
4
  280
0
  281
0
  0
CLASS
  1
EXACXREFPANELOBJECT
  2
ExAcXREFPanelObject
  3
EXAC_ESW
  90
1025
  91
0
  280
0
  281
0
  0
CLASS
  1
NPOCOLLECTION
  2
AcDbImpNonPersistentObjectsCollection
  3
ObjectDBX Classes
  90
1153
  91
0
  280
0
  281
0
  0
CLASS
  1
LAYER_INDEX
  2
AcDbLayerIndex
  3
ObjectDBX Classes
  90
0
  91
0
  280
0
  281
0
  0
CLASS
  1
SPATIAL_INDEX
  2
AcDbSpatialIndex
  3
ObjectDBX Classes
  90
0
  91
0
  280
0
  281
0
  0
CLASS
  1
IDBUFFER
  2
AcDbIdBuffer
  3
ObjectDBX Classes
  90
0
  91
0
  280
0
  281
0
  0
CLASS
  1
ACDBSECTIONVIEWSTYLE
  2
AcDbSectionViewStyle
  3
ObjectDBX Classes
  90
1025
  91
1
  280
0
  281
0
  0
CLASS
  1
ACDBDETAILVIEWSTYLE
  2
AcDbDetailViewStyle
  3
ObjectDBX Classes
  90
1025
  91
1
  280
0
  281
0
  0
ENDSEC
  0
SECTION
  2
TABLES
  0
TABLE
  2
VPORT
  5
8
  330
0
  100
AcDbSymbolTable
  70
1
  0
VPORT
  5
90
  330
8
  100
AcDbSymbolTableRecord
  100
AcDbViewportTableRecord
  2
*Active
  70
0
  10
0
  20
0
  11
1
  21
1
  12
97.5486911906951
  22
42.51345460271504
  13
0
  23
0
  14
0.5
  24
0.5
  15
0.5
  25
0.5
  16
0
  26
0
  36
1
  17
0
  27
0
  37
0
  40
78.45799938217576
  41
1.945409429280396
  42
50
  43
0
  44
0
  50
0
  51
0
  71
0
  72
1000
  73
1
  74
3
  75
0
  76
1
  77
0
  78
0
  281
0
  65
1
  110
0
  120
0
  130
0
  111
1
  121
0
  131
0
  112
0
  122
1
  132
0
  79
0
  146
0
  348
9B
  60
3
  61
5
  292
0
  282
1
  141
0
  142
0
  63
250
  421
3355443
  1001
ACAD_NAV_VCDISPLAY
  1070
3
  0
ENDTAB
  0
TABLE
  2
LTYPE
  5
5
  330
0
  100
AcDbSymbolTable
  70
1
  0
LTYPE
  5
14
  330
5
  100
AcDbSymbolTableRecord
  100
AcDbLinetypeTableRecord
  2
ByBlock
  70
0
  3

  72
65
  73
0
  40
0
  0
LTYPE
  5
15
  330
5
  100
AcDbSymbolTableRecord
  100
AcDbLinetypeTableRecord
  2
ByLayer
  70
0
  3

  72
65
  73
0
  40
0
  0
LTYPE
  5
16
  330
5
  100
AcDbSymbolTableRecord
  100
AcDbLinetypeTableRecord
  2
Continuous
  70
0
  3
Solid line
  72
65
  73
0
  40
0
  0
ENDTAB
  0
TABLE
  2
LAYER
  5
2
  102
{ACAD_XDICTIONARY
  360
18B
  102
}
  330
0
  100
AcDbSymbolTable
  70
1
  0
LAYER
  5
1024
  100
AcDbSymbolTableRecord
  100
AcDbLayerTableRecord
  2
Top-Layer
  70
0
  420
16711680
  6
Continuous
  370
-3
  390
F
  347
21
  0
LAYER
  5
1025
  100
AcDbSymbolTableRecord
  100
AcDbLayerTableRecord
  2
Bottom-Layer
  70
0
  420
255
  6
Continuous
  370
-3
  390
F
  347
21
  0
LAYER
  5
1026
  100
AcDbSymbolTableRecord
  100
AcDbLayerTableRecord
  2
Top-Silkscreen-Layer
  70
0
  420
16763904
  6
Continuous
  370
-3
  390
F
  347
21
  0
LAYER
  5
1027
  100
AcDbSymbolTableRecord
  100
AcDbLayerTableRecord
  2
Bottom-Silkscreen-Layer
  70
0
  420
6736947
  6
Continuous
  370
-3
  390
F
  347
21
  0
LAYER
  5
1028
  100
AcDbSymbolTableRecord
  100
AcDbLayerTableRecord
  2
Top-Solder-Mask-Layer
  70
0
  420
8388736
  6
Continuous
  370
-3
  390
F
  347
21
  0
LAYER
  5
1029
  100
AcDbSymbolTableRecord
  100
AcDbLayerTableRecord
  2
Bottom-Solder-Mask-Layer
  70
0
  420
11141375
  6
Continuous
  370
-3
  390
F
  347
21
  0
LAYER
  5
1030
  100
AcDbSymbolTableRecord
  100
AcDbLayerTableRecord
  2
Top-Paste-Mask-Layer
  70
0
  420
8421504
  6
Continuous
  370
-3
  390
F
  347
21
  0
LAYER
  5
1031
  100
AcDbSymbolTableRecord
  100
AcDbLayerTableRecord
  2
Bottom-Paste-Mask-Layer
  70
0
  420
8388608
  6
Continuous
  370
-3
  390
F
  347
21
  0
LAYER
  5
1032
  100
AcDbSymbolTableRecord
  100
AcDbLayerTableRecord
  2
Top-Assembly-Layer
  70
0
  420
3394713
  6
Continuous
  370
-3
  390
F
  347
21
  0
LAYER
  5
1033
  100
AcDbSymbolTableRecord
  100
AcDbLayerTableRecord
  2
Bottom-Assembly-Layer
  70
0
  420
5592575
  6
Continuous
  370
-3
  390
F
  347
21
  0
LAYER
  5
1034
  100
AcDbSymbolTableRecord
  100
AcDbLayerTableRecord
  2
Board-Outline-Layer
  70
0
  420
16711935
  6
Continuous
  370
-3
  390
F
  347
21
  0
LAYER
  5
1035
  100
AcDbSymbolTableRecord
  100
AcDbLayerTableRecord
  2
Multi-Layer
  70
0
  420
12632256
  6
Continuous
  370
-3
  390
F
  347
21
  0
LAYER
  5
1036
  100
AcDbSymbolTableRecord
  100
AcDbLayerTableRecord
  2
Document-Layer
  70
0
  420
16777215
  6
Continuous
  370
-3
  390
F
  347
21
  0
LAYER
  5
1037
  100
AcDbSymbolTableRecord
  100
AcDbLayerTableRecord
  2
Mechanical-Layer
  70
0
  420
15737584
  6
Continuous
  370
-3
  390
F
  347
21
  0
LAYER
  5
1038
  100
AcDbSymbolTableRecord
  100
AcDbLayerTableRecord
  2
Hole-Layer
  70
0
  420
2236962
  6
Continuous
  370
-3
  390
F
  347
21
  0
LAYER
  5
1039
  100
AcDbSymbolTableRecord
  100
AcDbLayerTableRecord
  2
3D-Shell-Outline-Layer
  70
0
  420
6750105
  6
Continuous
  370
-3
  390
F
  347
21
  0
LAYER
  5
1040
  100
AcDbSymbolTableRecord
  100
AcDbLayerTableRecord
  2
3D-Shell-Top-Layer
  70
0
  420
16764159
  6
Continuous
  370
-3
  390
F
  347
21
  0
LAYER
  5
1041
  100
AcDbSymbolTableRecord
  100
AcDbLayerTableRecord
  2
3D-Shell-Bottom-Layer
  70
0
  420
26316
  6
Continuous
  370
-3
  390
F
  347
21
  0
LAYER
  5
1042
  100
AcDbSymbolTableRecord
  100
AcDbLayerTableRecord
  2
Drill-Drawing-Layer
  70
0
  420
32896
  6
Continuous
  370
-3
  390
F
  347
21
  0
LAYER
  5
1043
  100
AcDbSymbolTableRecord
  100
AcDbLayerTableRecord
  2
Ratline-Layer
  70
0
  420
6579455
  6
Continuous
  370
-3
  390
F
  347
21
  0
LAYER
  5
10
  102
{ACAD_XDICTIONARY
  360
E1
  102
}
  330
2
  100
AcDbSymbolTableRecord
  100
AcDbLayerTableRecord
  2
0
  70
0
  62
7
  6
Continuous
  370
-3
  390
F
  347
94
  0
ENDTAB
  0
TABLE
  2
STYLE
  5
3
  330
0
  100
AcDbSymbolTable
  70
2
  0
STYLE
  5
11
  330
3
  100
AcDbSymbolTableRecord
  100
AcDbTextStyleTableRecord
  2
Standard
  70
0
  40
0
  41
1
  50
0
  71
0
  42
0.2
  3
arial.ttf
  4

  1001
ACAD
  1000
Arial
  1071
34
  0
STYLE
  5
D7
  330
3
  100
AcDbSymbolTableRecord
  100
AcDbTextStyleTableRecord
  2
Annotative
  70
0
  40
0
  41
1
  50
0
  71
0
  42
0.2
  3
arial.ttf
  4

  1001
AcadAnnotative
  1000
AnnotativeData
  1002
{
  1070
1
  1070
1
  1002
}
  1001
ACAD
  1000
Arial
  1071
34
  0
ENDTAB
  0
TABLE
  2
VIEW
  5
6
  330
0
  100
AcDbSymbolTable
  70
0
  0
ENDTAB
  0
TABLE
  2
UCS
  5
7
  330
0
  100
AcDbSymbolTable
  70
0
  0
ENDTAB
  0
TABLE
  2
APPID
  5
9
  330
0
  100
AcDbSymbolTable
  70
7
  0
APPID
  5
12
  330
9
  100
AcDbSymbolTableRecord
  100
AcDbRegAppTableRecord
  2
ACAD
  70
0
  0
APPID
  5
D8
  330
9
  100
AcDbSymbolTableRecord
  100
AcDbRegAppTableRecord
  2
AcadAnnoPO
  70
0
  0
APPID
  5
D9
  330
9
  100
AcDbSymbolTableRecord
  100
AcDbRegAppTableRecord
  2
AcadAnnotative
  70
0
  0
APPID
  5
DA
  330
9
  100
AcDbSymbolTableRecord
  100
AcDbRegAppTableRecord
  2
ACAD_DSTYLE_DIMJAG
  70
0
  0
APPID
  5
DB
  330
9
  100
AcDbSymbolTableRecord
  100
AcDbRegAppTableRecord
  2
ACAD_DSTYLE_DIMTALN
  70
0
  0
APPID
  5
102
  330
9
  100
AcDbSymbolTableRecord
  100
AcDbRegAppTableRecord
  2
ACAD_MLEADERVER
  70
0
  0
APPID
  5
1A3
  330
9
  100
AcDbSymbolTableRecord
  100
AcDbRegAppTableRecord
  2
ACAD_NAV_VCDISPLAY
  70
0
  0
ENDTAB
  0
TABLE
  2
DIMSTYLE
  5
A
  330
0
  100
AcDbSymbolTable
  70
2
  100
AcDbDimStyleTable
  71
2
  340
DC
  340
27
  0
DIMSTYLE
  105
27
  330
A
  100
AcDbSymbolTableRecord
  100
AcDbDimStyleTableRecord
  2
Standard
  70
0
  340
11
  0
DIMSTYLE
  105
DC
  330
A
  100
AcDbSymbolTableRecord
  100
AcDbDimStyleTableRecord
  2
Annotative
  70
0
  40
0
  340
11
  1001
AcadAnnotative
  1000
AnnotativeData
  1002
{
  1070
1
  1070
1
  1002
}
  1001
ACAD_DSTYLE_DIMJAG
  1070
388
  1040
1.5
  1001
ACAD_DSTYLE_DIMTALN
  1070
392
  1070
0
  0
ENDTAB
  0
TABLE
  2
BLOCK_RECORD
  5
1
  330
0
  100
AcDbSymbolTable
  70
1
  0
BLOCK_RECORD
  5
1F
  102
{ACAD_XDICTIONARY
  360
15A
  102
}
  330
1
  100
AcDbSymbolTableRecord
  100
AcDbBlockTableRecord
  2
*Model_Space
  340
22
  70
0
  280
1
  281
0
  0
BLOCK_RECORD
  5
73
  330
1
  100
AcDbSymbolTableRecord
  100
AcDbBlockTableRecord
  2
*Paper_Space
  340
74
  70
0
  280
1
  281
0
  0
BLOCK_RECORD
  5
78
  330
1
  100
AcDbSymbolTableRecord
  100
AcDbBlockTableRecord
  2
*Paper_Space0
  340
79
  70
0
  280
1
  281
0
  0
ENDTAB
  0
ENDSEC
  0
SECTION
  2
BLOCKS
  0
BLOCK
  5
20
  330
1F
  100
AcDbEntity
  8
0
  100
AcDbBlockBegin
  2
*Model_Space
  70
0
  10
0
  20
0
  3
*Model_Space
  1

  0
ENDBLK
  5
21
  330
1F
  100
AcDbEntity
  8
0
  100
AcDbBlockEnd
  0
BLOCK
  5
75
  330
73
  100
AcDbEntity
  67
1
  8
0
  100
AcDbBlockBegin
  2
*Paper_Space
  70
0
  10
0
  20
0
  3
*Paper_Space
  1

  0
ENDBLK
  5
76
  330
73
  100
AcDbEntity
  67
1
  8
0
  100
AcDbBlockEnd
  0
BLOCK
  5
7A
  330
78
  100
AcDbEntity
  67
1
  8
0
  100
AcDbBlockBegin
  2
*Paper_Space0
  70
0
  10
0
  20
0
  3
*Paper_Space0
  1

  0
ENDBLK
  5
7B
  330
78
  100
AcDbEntity
  67
1
  8
0
  100
AcDbBlockEnd
  0
ENDSEC
  0
SECTION
  2
ENTITIES
  0
LWPOLYLINE
  5
1044
  100
AcDbEntity
  8
Bottom-Layer
  100
AcDbPolyline
  90
4
  70
1
  43
0.005080010160020321
  10
-10.95002286004572
  20
-17.72503429006858
  10
-10.95002286004572
  20
10.375021590043183
  10
10.600020320040644
  20
10.375021590043183
  10
10.600020320040644
  20
-17.72503429006858
  0
LWPOLYLINE
  5
1134
  100
AcDbEntity
  8
Bottom-Layer
  100
AcDbPolyline
  90
4
  70
1
  43
0.00025400050800101603
  10
0.7764744729489461
  20
-3.529598679197359
  10
0.6703886207772417
  20
-3.4235509271018545
  42
0.162
  10
0.7499390398780799
  20
-3.1849047498095002
  10
1.0151231902463806
  20
-3.4500482600965205
  42
0.162
  0
LWPOLYLINE
  5
1135
  100
AcDbEntity
  8
Bottom-Layer
  100
AcDbPolyline
  90
12
  70
1
  43
0.00025400050800101603
  10
1.6942392684785372
  20
-3.5118389636779277
  10
1.6128194056388114
  20
-3.381125222250445
  10
1.663169926339853
  20
-3.3269977139954285
  10
1.7070916941833887
  20
-3.2731191262382526
  10
1.7381584963169927
  20
-3.227973075946152
  10
1.74994157988316
  20
-3.2000482600965205
  10
1.944399288798578
  20
-3.443802387604776
  10
1.9144450088900182
  20
-3.4397840995681994
  10
1.881183642367285
  20
-3.440142240284481
  10
1.8106019812039627
  20
-3.4523876047752102
  10
1.744376428752858
  20
-3.4773507747015495
  10
1.7165633731267465
  20
-3.4936017272034547
  0
LWPOLYLINE
  5
1136
  100
AcDbEntity
  8
Bottom-Layer
  100
AcDbPolyline
  90
4
  70
1
  43
0.00025400050800101603
  10
-1.1373583947167896
  20
-3.5684302768605543
  10
-1.3996875793751589
  20
-3.6186258572517156
  42
0.03
  10
-1.2500660401320804
  20
-3.4500482600965205
  10
-0.9375438150876302
  20
-3.4500482600965205
  42
0.126
  0
LWPOLYLINE
  5
1137
  100
AcDbEntity
  8
Bottom-Layer
  100
AcDbPolyline
  90
4
  70
1
  43
0.00025400050800101603
  10
-2.2485318770637543
  20
-3.529598679197359
  10
-2.329618999237999
  20
-3.398552197104394
  42
0.162
  10
-2.2500685801371607
  20
-3.15990601981204
  10
-2.0098831597663196
  20
-3.4500482600965205
  42
0.162
  0
LWPOLYLINE
  5
1138
  100
AcDbEntity
  8
Bottom-Layer
  100
AcDbPolyline
  90
4
  70
1
  43
0.00025400050800101603
  10
-0.17352552705105412
  20
-3.529598679197359
  10
-0.3296139192278385
  20
-3.473553467106935
  42
0.162
  10
-0.25006350012700035
  20
-3.23490728981458
  10
0.0651231902463805
  20
-3.4500482600965205
  42
0.162
  0
LWPOLYLINE
  5
1139
  100
AcDbEntity
  8
Bottom-Layer
  100
AcDbPolyline
  90
4
  70
1
  43
0.00025400050800101603
  10
-2.2250038100076206
  20
-0.9250012700025401
  10
-2.2250038100076206
  20
-1.22500127000254
  42
0.029
  10
-2.6500685801371615
  20
-1.2500457200914405
  10
-2.6500685801371606
  20
-0.7500457200914402
  42
0.198
  0
LWPOLYLINE
  5
1140
  100
AcDbEntity
  8
Bottom-Layer
  100
AcDbPolyline
  90
4
  70
1
  43
0.00025400050800101603
  10
-2.2000685801371604
  20
-1.82500381000762
  10
-2.2000685801371604
  20
-2.12500381000762
  42
0.136
  10
-2.6500685801371606
  20
-2.250048260096521
  10
-2.6500685801371606
  20
-1.7500482600965204
  42
0.083
  0
LWPOLYLINE
  5
1141
  100
AcDbEntity
  8
Bottom-Layer
  100
AcDbPolyline
  90
4
  70
1
  43
0.00025400050800101603
  10
-2.7460045720091446
  20
0.5
  10
-3.0460045720091444
  20
0.5
  42
0.384
  10
-3.2710033020066045
  20
0.7499593599187199
  10
-2.6500685801371606
  20
0.7499593599187199
  42
0.185
  0
LWPOLYLINE
  5
1142
  100
AcDbEntity
  8
Bottom-Layer
  100
AcDbPolyline
  90
4
  70
1
  43
0.00025400050800101603
  10
-3.900071120142241
  20
0.7171856743713488
  10
-3.900071120142241
  20
1.0171856743713488
  42
0.236
  10
-3.4500711201422405
  20
1.2421869443738889
  10
-3.4500711201422405
  20
0.7499593599187199
  42
0.036
  0
LWPOLYLINE
  5
1143
  100
AcDbEntity
  8
Bottom-Layer
  100
AcDbPolyline
  90
5
  70
0
  43
0.00025400050800101603
  10
-3.900071120142241
  20
1.7750038100076204
  10
-3.900068580137161
  20
2.0750038100076202
  42
0.188
  10
-3.45006858013716
  20
2.2499618999238002
  10
-3.4500711201422405
  20
1.7499618999238
  42
0.028
  10
-3.900068580137162
  20
1.7750038100076202
  0
LWPOLYLINE
  5
1144
  100
AcDbEntity
  8
Bottom-Layer
  100
AcDbPolyline
  90
4
  70
1
  43
0.00025400050800101603
  10
1.7750038100076204
  20
3.67496316992634
  10
1.9250038100076203
  20
3.67496316992634
  42
0.236
  10
2.03750317500635
  20
3.4499618999238
  10
1.6625019050038101
  20
3.4499618999238
  42
0.236
  0
LWPOLYLINE
  5
1145
  100
AcDbEntity
  8
Bottom-Layer
  100
AcDbPolyline
  90
4
  70
1
  43
0.00025400050800101603
  10
0.9499390398780798
  20
2.3999415798831603
  10
0.6499390398780799
  20
2.3999415798831603
  42
0.193
  10
0.5499390398780799
  20
2.64995935991872
  10
1.04993903987808
  20
2.64995935991872
  42
0.193
  0
LWPOLYLINE
  5
1146
  100
AcDbEntity
  8
Bottom-Layer
  100
AcDbPolyline
  90
4
  70
1
  43
0.00025400050800101603
  10
0.5827914655829313
  20
3.8142900685801373
  10
0.8827914655829312
  20
3.8142900685801373
  42
0.218
  10
1.0499390398780797
  20
3.4499618999238004
  10
0.5499390398780798
  20
3.4499618999238
  42
0.045
  0
LWPOLYLINE
  5
1147
  100
AcDbEntity
  8
Bottom-Layer
  100
AcDbPolyline
  90
4
  70
1
  43
0.00025400050800101603
  10
-0.07500127000254
  20
2.2750038100076204
  10
-0.3750012700025401
  20
2.2750038100076204
  42
0.099
  10
-0.4500635001270003
  20
2.64995935991872
  10
0.04993649987299975
  20
2.64995935991872
  42
0.162
  0
LWPOLYLINE
  5
1148
  100
AcDbEntity
  8
Bottom-Layer
  100
AcDbPolyline
  90
4
  70
1
  43
0.00025400050800101603
  10
-1.0500025400050803
  20
2.2750038100076204
  10
-1.3500025400050801
  20
2.2750038100076204
  42
0.131
  10
-1.4500660401320806
  20
2.64995935991872
  10
-0.9500660401320803
  20
2.64995935991872
  42
0.131
  0
LWPOLYLINE
  5
1149
  100
AcDbEntity
  8
Bottom-Layer
  100
AcDbPolyline
  90
4
  70
1
  43
0.00025400050800101603
  10
-1.2451181102362205
  20
3.8999618999238006
  10
-0.9451181102362206
  20
3.8999644399288798
  42
0.005
  10
-0.9500660401320796
  20
3.449961899923798
  10
-1.4500660401320806
  20
3.4499618999238
  42
0.217
  0
LWPOLYLINE
  5
1150
  100
AcDbEntity
  8
Bottom-Layer
  100
AcDbPolyline
  90
4
  70
1
  43
0.00025400050800101603
  10
-2.57504953009906
  20
2.9749631699263404
  10
-2.57504953009906
  20
3.1249606299212602
  42
0.384
  10
-2.4500685801371604
  20
3.23746253492507
  10
-2.4500685801371604
  20
2.8624612649225303
  42
0.384
  0
LWPOLYLINE
  5
1151
  100
AcDbEntity
  8
Bottom-Layer
  100
AcDbPolyline
  90
4
  70
1
  43
0.00025400050800101603
  10
-2.0500685801371605
  20
2.19995935991872
  10
-2.3500685801371604
  20
2.19995935991872
  42
0.11
  10
-2.4500685801371604
  20
2.64995935991872
  10
-1.9500685801371604
  20
2.64995935991872
  42
0.11
  0
LWPOLYLINE
  5
1152
  100
AcDbEntity
  8
Bottom-Layer
  100
AcDbPolyline
  90
4
  70
1
  43
0.00025400050800101603
  10
2.19994157988316
  20
-0.15004318008636017
  10
2.19994157988316
  20
0.14995681991363985
  42
0.11
  10
2.64994157988316
  20
0.24995681991364
  10
2.64994157988316
  20
-0.25004318008636023
  42
0.11
  0
LWPOLYLINE
  5
1153
  100
AcDbEntity
  8
Bottom-Layer
  100
AcDbPolyline
  90
5
  70
0
  43
0.00025400050800101603
  10
3.2250063500127006
  20
-2.4750469900939804
  10
3.0750063500127007
  20
-2.4750469900939804
  42
0.236
  10
2.96250444500889
  20
-2.2500482600965204
  10
3.3375057150114307
  20
-2.2500482600965204
  42
0.236
  10
3.22500381000762
  20
-2.4750469900939804
  0
LWPOLYLINE
  5
1154
  100
AcDbEntity
  8
Bottom-Layer
  100
AcDbPolyline
  90
4
  70
1
  43
0.00025400050800101603
  10
3.6749428498857006
  20
1.07496062992126
  10
3.6749428498857006
  20
0.92496062992126
  42
0.236
  10
3.4499441198882397
  20
0.8124587249174497
  10
3.4499441198882397
  20
1.1874599949199902
  42
0.236
  0
LWPOLYLINE
  5
1155
  100
AcDbEntity
  8
Bottom-Layer
  100
AcDbPolyline
  90
4
  70
1
  43
0.00025400050800101603
  10
3.6749428498857006
  20
2.00000508001016
  10
3.6749428498857006
  20
1.8500050800101602
  42
0.212
  10
3.4499441198882397
  20
1.7499618999238
  10
3.4499441198882397
  20
2.1125044450088906
  42
0.236
  0
LWPOLYLINE
  5
1156
  100
AcDbEntity
  8
Bottom-Layer
  100
AcDbPolyline
  90
4
  70
1
  43
0.00025400050800101603
  10
-3.0460045720091444
  20
0.5
  10
-2.7460045720091446
  20
0.5
  42
0.185
  10
-2.650068580137161
  20
0.24995681991363994
  10
-3.2710033020066045
  20
0.24995681991363985
  42
0.384
  0
LWPOLYLINE
  5
1157
  100
AcDbEntity
  8
Bottom-Layer
  100
AcDbPolyline
  90
4
  70
1
  43
0.00025400050800101603
  10
1.349936499873
  20
-0.3500431800863602
  10
1.349936499873
  20
-0.6500431800863602
  42
0.236
  10
0.8999364998730001
  20
-0.8750419100838202
  10
0.8999364998729998
  20
-0.12504191008382018
  42
0.236
  0
LWPOLYLINE
  5
1158
  100
AcDbEntity
  8
Bottom-Layer
  100
AcDbPolyline
  90
4
  70
1
  43
0.00025400050800101603
  10
0.3499364998729998
  20
0.3499593599187199
  10
0.6499364998729998
  20
0.3499593599187199
  42
0.236
  10
0.8749377698755398
  20
-0.1000406400812801
  10
0.12493776987553977
  20
-0.10004064008128018
  42
0.236
  0
LWPOLYLINE
  5
1159
  100
AcDbEntity
  8
Bottom-Layer
  100
AcDbPolyline
  90
4
  70
1
  43
0.00025400050800101603
  10
0.45000000000000007
  20
1.34995935991872
  10
0.7500000000000001
  20
1.34995935991872
  42
0.162
  10
0.8999390398780795
  20
0.89995935991872
  10
0.22499872999746004
  20
0.8999593599187199
  42
0.236
  0
LWPOLYLINE
  5
1160
  100
AcDbEntity
  8
Bottom-Layer
  100
AcDbPolyline
  90
4
  70
1
  43
0.00025400050800101603
  10
-0.3500660401320803
  20
0.34995681991363986
  10
-0.3500635001270003
  20
0.6499568199136398
  42
0.236
  10
0.09993649987299967
  20
0.8749580899161798
  10
0.09993395986791975
  20
0.12495808991617985
  42
0.236
  0
LWPOLYLINE
  5
1161
  100
AcDbEntity
  8
Bottom-Layer
  100
AcDbPolyline
  90
4
  70
1
  43
0.00025400050800101603
  10
0.6499364998729998
  20
-0.3500431800863602
  10
0.3499364998729998
  20
-0.3500431800863602
  42
0.236
  10
0.12493776987553964
  20
0.09995681991363993
  10
0.8749377698755398
  20
0.09995681991363983
  42
0.236
  0
LWPOLYLINE
  5
1162
  100
AcDbEntity
  8
Bottom-Layer
  100
AcDbPolyline
  90
4
  70
1
  43
0.00025400050800101603
  10
-1.3500609601219202
  20
0.3499720599441199
  10
-1.3500685801371604
  20
0.64997205994412
  42
0.236
  10
-0.9000660401320807
  20
0.8749631699263396
  10
-0.9000660401320805
  20
0.12496316992633988
  42
0.236
  0
LWPOLYLINE
  5
1163
  100
AcDbEntity
  8
Bottom-Layer
  100
AcDbPolyline
  90
4
  70
1
  43
0.00025400050800101603
  10
0.3499364998729998
  20
0.6499568199136398
  10
0.3499364998729998
  20
0.34995681991363986
  42
0.236
  10
-0.1000635001270001
  20
0.12495808991618006
  10
-0.10006350012700026
  20
0.8749580899161798
  42
0.236
  0
LWPOLYLINE
  5
1164
  100
AcDbEntity
  8
Bottom-Layer
  100
AcDbPolyline
  90
4
  70
1
  43
0.00025400050800101603
  10
-0.3500635001270003
  20
-0.3500431800863602
  10
-0.6500635001270003
  20
-0.3500431800863602
  42
0.236
  10
-0.8750622301244605
  20
0.09995681991363993
  10
-0.12506223012446027
  20
0.09995681991363983
  42
0.236
  0
LWPOLYLINE
  5
1165
  100
AcDbEntity
  8
Bottom-Layer
  100
AcDbPolyline
  90
4
  70
1
  43
0.00025400050800101603
  10
-0.6500635001270003
  20
0.3499593599187199
  10
-0.3500635001270003
  20
0.3499593599187199
  42
0.236
  10
-0.12506223012446033
  20
-0.1000406400812801
  10
-0.8750647701295404
  20
-0.10004064008128018
  42
0.236
  0
LWPOLYLINE
  5
1193
  100
AcDbEntity
  8
Bottom-Layer
  100
AcDbPolyline
  90
12
  70
1
  43
0.00025400050800101603
  10
1.8613639827279655
  20
-0.5257708915417831
  10
1.6492329184658372
  20
-0.3136398272796546
  10
1.6730734061468124
  20
-0.2867614935229871
  10
1.6939878079756163
  20
-0.25783591567183134
  10
1.7288620777241555
  20
-0.19865379730759464
  10
1.7575107950215905
  20
-0.14569977139954282
  10
1.7835814071628144
  20
-0.10857759715519433
  10
2.066426212852426
  20
-0.39142240284480573
  10
2.0293040386080774
  20
-0.41749301498603
  10
1.9763500127000255
  20
-0.4461417322834646
  10
1.9171678943357888
  20
-0.4810160020320041
  10
1.8882423164846334
  20
-0.5019304038608078
  0
LWPOLYLINE
  5
1194
  100
AcDbEntity
  8
Bottom-Layer
  100
AcDbPolyline
  90
12
  70
1
  43
0.00025400050800101603
  10
1.988643637287275
  20
0.025770891541783084
  10
2.200774701549403
  20
-0.18636017272034547
  10
2.176934213868428
  20
-0.21323850647701298
  10
2.156019812039624
  20
-0.2421640843281687
  10
2.121145542291085
  20
-0.3013462026924055
  10
2.0924968249936504
  20
-0.3543002286004573
  10
2.066426212852426
  20
-0.39142240284480573
  10
1.7835814071628144
  20
-0.10857759715519433
  10
1.8207035814071633
  20
-0.08250698501397004
  10
1.873657607315215
  20
-0.05385826771653544
  10
1.9328397256794516
  20
-0.01898399796799594
  10
1.9617653035306075
  20
0.0019304038608077218
  0
LWPOLYLINE
  5
1197
  100
AcDbEntity
  8
Bottom-Layer
  100
AcDbPolyline
  90
12
  70
1
  43
0.00025400050800101603
  10
-3.7600076200152404
  20
1.0171856743713488
  10
-3.7600076200152404
  20
0.7171856743713488
  10
-3.795872491744984
  20
0.7150368300736603
  10
-3.8311125222250455
  20
0.7093726187452376
  10
-3.897620015240031
  20
0.6921869443738888
  10
-3.955323850647702
  20
0.6749987299974601
  10
-4.00000762001524
  20
0.6671856743713489
  10
-4.00000762001524
  20
1.0671856743713488
  10
-3.955323850647702
  20
1.0593726187452377
  10
-3.897620015240031
  20
1.042186944373889
  10
-3.8311125222250455
  20
1.0249987299974601
  10
-3.795872491744984
  20
1.0193345186690375
  0
LWPOLYLINE
  5
1199
  100
AcDbEntity
  8
Bottom-Layer
  100
AcDbPolyline
  90
11
  70
1
  43
0.00025400050800101603
  10
-2.3500685801371604
  20
2.424224028448057
  10
-2.0500685801371605
  20
2.3649580899161804
  10
-2.045549911099822
  20
2.293721107442215
  10
-2.0360629921259847
  20
2.2269672339344684
  10
-2.0277012954025913
  20
2.1692379984759973
  10
-2.0265633731267463
  20
2.1250698501397007
  10
-2.4220345440690885
  20
2.184338328676658
  10
-2.407162814325629
  20
2.2291440182880367
  10
-2.3828270256540516
  20
2.2868021336042674
  10
-2.3601041402082807
  20
2.353200406400813
  10
-2.3528092456184915
  20
2.388392176784354
  0
LWPOLYLINE
  5
1201
  100
AcDbEntity
  8
Bottom-Layer
  100
AcDbPolyline
  90
12
  70
1
  43
0.00025400050800101603
  10
-1.3500025400050801
  20
2.51500381000762
  10
-1.0500025400050803
  20
2.51500381000762
  10
-1.0478536957073916
  20
2.479138938277877
  10
-1.0421894843789687
  20
2.443898907797816
  10
-1.0250012700025402
  20
2.37739141478283
  10
-1.0078155956311914
  20
2.319687579375159
  10
-1.00000254000508
  20
2.2750038100076204
  10
-1.4000025400050802
  20
2.2750038100076204
  10
-1.3921894843789688
  20
2.319687579375159
  10
-1.3750012700025402
  20
2.37739141478283
  10
-1.3578155956311915
  20
2.443898907797816
  10
-1.3521513843027688
  20
2.479138938277877
  0
LWPOLYLINE
  5
1203
  100
AcDbEntity
  8
Bottom-Layer
  100
AcDbPolyline
  90
12
  70
1
  43
0.00025400050800101603
  10
0.8827914655829312
  20
3.5742900685801375
  10
0.5827914655829313
  20
3.5742900685801375
  10
0.5806426212852427
  20
3.610154940309881
  10
0.57497840995682
  20
3.6453949707899422
  10
0.5577927355854713
  20
3.711902463804928
  10
0.5406045212090425
  20
3.7696062992125987
  10
0.5327914655829312
  20
3.8142900685801373
  10
0.9327914655829312
  20
3.8142900685801373
  10
0.9249784099568201
  20
3.7696062992125987
  10
0.9077927355854714
  20
3.711902463804928
  10
0.8906045212090425
  20
3.6453949707899422
  10
0.8849403098806199
  20
3.610154940309881
  0
LWPOLYLINE
  5
1204
  100
AcDbEntity
  8
Bottom-Layer
  100
AcDbPolyline
  90
10
  70
1
  43
0.00025400050800101603
  10
0.8546177292354584
  20
4.077536195072391
  10
0.9960375920751843
  20
3.9361163322326647
  10
0.9740030480060962
  20
3.9080035560071127
  10
0.9540614681229364
  20
3.8720421640843283
  10
0.939199898399797
  20
3.8345288290576582
  10
0.9323977647955297
  20
3.8017653035306074
  10
0.7202667005334011
  20
4.013896367792736
  10
0.7530302260604522
  20
4.020698501397003
  10
0.7905435610871222
  20
4.035560071120143
  10
0.826504953009906
  20
4.055501651003302
  0
LWPOLYLINE
  5
1206
  100
AcDbEntity
  8
Bottom-Layer
  100
AcDbPolyline
  90
12
  70
1
  43
0.00025400050800101603
  10
0.7500000000000001
  20
1.9600050800101603
  10
0.45000000000000007
  20
1.9600050800101603
  10
0.44785115570231154
  20
1.9958699517399037
  10
0.4421869443738888
  20
2.0311099822199647
  10
0.42500127000254
  20
2.097617475234951
  10
0.40781305562611125
  20
2.1553213106426217
  10
0.4
  20
2.2000050800101603
  10
0.8
  20
2.2000050800101603
  10
0.7921869443738888
  20
2.1553213106426217
  10
0.7750012700025402
  20
2.097617475234951
  10
0.7578130556261113
  20
2.0311099822199647
  10
0.7521488442976888
  20
1.9958699517399037
  0
LWPOLYLINE
  5
1208
  100
AcDbEntity
  8
Bottom-Layer
  100
AcDbPolyline
  90
12
  70
1
  43
0.00025400050800101603
  10
-0.3750012700025401
  20
2.51500381000762
  10
-0.07500127000254
  20
2.51500381000762
  10
-0.07285242570485141
  20
2.479138938277877
  10
-0.06718821437642876
  20
2.443898907797816
  10
-0.05
  20
2.37739141478283
  10
-0.03281432562865126
  20
2.319687579375159
  10
-0.025001270002540005
  20
2.2750038100076204
  10
-0.42500127000254
  20
2.2750038100076204
  10
-0.41718821437642883
  20
2.319687579375159
  10
-0.4
  20
2.37739141478283
  10
-0.38281432562865136
  20
2.443898907797816
  10
-0.37715011430022866
  20
2.479138938277877
  0
LWPOLYLINE
  5
1210
  100
AcDbEntity
  8
Bottom-Layer
  100
AcDbPolyline
  90
12
  70
1
  43
0.00025400050800101603
  10
-0.9451181102362206
  20
3.7600076200152404
  10
-1.2451181102362205
  20
3.7600076200152404
  10
-1.2472669545339092
  20
3.795872491744984
  10
-1.2529311658623319
  20
3.8311125222250455
  10
-1.2701168402336807
  20
3.897620015240031
  10
-1.2873050546101092
  20
3.955323850647702
  10
-1.2951181102362206
  20
4.00000762001524
  10
-0.8951181102362206
  20
4.00000762001524
  10
-0.9029311658623318
  20
3.955323850647702
  10
-0.9201168402336806
  20
3.897620015240031
  10
-0.9373050546101093
  20
3.8311125222250455
  10
-0.9429692659385319
  20
3.795872491744984
  0
LWPOLYLINE
  5
1212
  100
AcDbEntity
  8
Bottom-Layer
  100
AcDbPolyline
  90
10
  70
1
  43
0.00025400050800101603
  10
-3.060505461010922
  20
-4.129438658877318
  10
-2.954437388874778
  20
-4.235506731013463
  10
-2.969316738633478
  20
-4.2594996189992385
  10
-2.9833731267462538
  20
-4.29758699517399
  10
-2.994452628905258
  20
-4.342641605283211
  10
-3.0004013208026423
  20
-4.387533655067311
  10
-3.2125323850647707
  20
-4.175402590805183
  10
-3.167640335280671
  20
-4.169453898907799
  10
-3.122585725171451
  20
-4.158374396748794
  10
-3.0844983489966986
  20
-4.144318008636017
  0
LWPOLYLINE
  5
1215
  100
AcDbEntity
  8
Bottom-Layer
  100
AcDbPolyline
  90
12
  70
1
  43
0.00025400050800101603
  10
-2.4150038100076205
  20
-2.12500381000762
  10
-2.4150038100076205
  20
-1.82500381000762
  10
-2.379138938277877
  20
-1.8228549657099316
  10
-2.343898907797816
  20
-1.817190754381509
  10
-2.2773914147828296
  20
-1.8000025400050803
  10
-2.2196875793751594
  20
-1.7828168656337313
  10
-2.1750038100076203
  20
-1.7750038100076204
  10
-2.1750038100076203
  20
-2.1750038100076203
  10
-2.2196875793751594
  20
-2.167190754381509
  10
-2.2773914147828296
  20
-2.1500025400050804
  10
-2.343898907797816
  20
-2.1328168656337314
  10
-2.379138938277877
  20
-2.1271526543053088
  0
LWPOLYLINE
  5
1217
  100
AcDbEntity
  8
Bottom-Layer
  100
AcDbPolyline
  90
12
  70
1
  43
0.00025400050800101603
  10
-2.4650038100076204
  20
-1.22500127000254
  10
-2.4650038100076204
  20
-0.9250012700025401
  10
-2.429138938277877
  20
-0.9228524257048516
  10
-2.393898907797816
  20
-0.9171882143764287
  10
-2.32739141478283
  20
-0.9000000000000001
  10
-2.269687579375159
  20
-0.8828143256286514
  10
-2.2250038100076206
  20
-0.8750012700025401
  10
-2.2250038100076206
  20
-1.2750012700025402
  10
-2.269687579375159
  20
-1.267188214376429
  10
-2.32739141478283
  20
-1.25
  10
-2.393898907797816
  20
-1.2328143256286512
  10
-2.429138938277877
  20
-1.2271501143002288
  0
LWPOLYLINE
  5
1219
  100
AcDbEntity
  8
Bottom-Layer
  100
AcDbPolyline
  90
10
  70
1
  43
0.00025400050800101603
  10
3.0750063500127007
  20
-2.9277190754381515
  10
3.2250063500127006
  20
-2.9277190754381515
  10
3.2314503429006862
  20
-2.9552070104140213
  10
3.248442976885954
  20
-2.9920802641605286
  10
3.27246634493269
  20
-3.0317703835407674
  10
3.3000050800101604
  20
-3.067719075438151
  10
3.0000050800101605
  20
-3.067719075438151
  10
3.0275438150876304
  20
-3.0317703835407674
  10
3.0515671831343663
  20
-2.9920802641605286
  10
3.0685598171196347
  20
-2.9552070104140213
  0
LWPOLYLINE
  5
1221
  100
AcDbEntity
  8
Bottom-Layer
  100
AcDbPolyline
  90
10
  70
1
  43
0.00025400050800101603
  10
0.8395046990093981
  20
-4.154437388874778
  10
0.9455727711455425
  20
-4.260505461010922
  10
0.9306934213868429
  20
-4.284498348996698
  10
0.9166370332740666
  20
-4.322585725171451
  10
0.9055575311150624
  20
-4.3676403352806705
  10
0.8996088392176785
  20
-4.41253238506477
  10
0.68747777495555
  20
-4.2004013208026425
  10
0.7323698247396496
  20
-4.194452628905259
  10
0.7774244348488698
  20
-4.183373126746254
  10
0.815511811023622
  20
-4.169316738633478
  0
LWPOLYLINE
  5
1223
  100
AcDbEntity
  8
Bottom-Layer
  100
AcDbPolyline
  90
10
  70
1
  43
0.00025400050800101603
  10
-0.060497840995682
  20
-4.154437388874778
  10
0.04557023114046229
  20
-4.260505461010922
  10
0.030690881381762767
  20
-4.284498348996698
  10
0.01663449326898654
  20
-4.322585725171451
  10
0.005554991109982221
  20
-4.3676403352806705
  10
-0.00039370078740157485
  20
-4.41253238506477
  10
-0.21252476504953013
  20
-4.2004013208026425
  10
-0.16763271526543055
  20
-4.194452628905259
  10
-0.12257810515621032
  20
-4.183373126746254
  10
-0.08449072898145797
  20
-4.169316738633478
  0
LWPOLYLINE
  5
1225
  100
AcDbEntity
  8
Bottom-Layer
  100
AcDbPolyline
  90
10
  70
1
  43
0.00025400050800101603
  10
-0.9854991109982222
  20
-4.129438658877318
  10
-0.8794310388620777
  20
-4.235506731013463
  10
-0.8943103886207774
  20
-4.2594996189992385
  10
-0.9083667767335536
  20
-4.29758699517399
  10
-0.9194462788925579
  20
-4.342641605283211
  10
-0.9253949707899417
  20
-4.387533655067311
  10
-1.1375260350520702
  20
-4.175402590805183
  10
-1.0926339852679707
  20
-4.169453898907799
  10
-1.0475793751587505
  20
-4.158374396748794
  10
-1.0094919989839979
  20
-4.144318008636017
  0
LWPOLYLINE
  5
1227
  100
AcDbEntity
  8
Bottom-Layer
  100
AcDbPolyline
  90
10
  70
1
  43
0.00025400050800101603
  10
-1.9105003810007621
  20
-4.129438658877318
  10
-1.804434848869698
  20
-4.235506731013463
  10
-1.8193141986283976
  20
-4.2594996189992385
  10
-1.8333705867411736
  20
-4.29758699517399
  10
-1.844450088900178
  20
-4.342641605283211
  10
-1.850398780797562
  20
-4.387533655067311
  10
-2.0625298450596907
  20
-4.175402590805183
  10
-2.017635255270511
  20
-4.169453898907799
  10
-1.9725831851663707
  20
-4.158374396748794
  10
-1.9344958089916184
  20
-4.144318008636017
  0
LWPOLYLINE
  5
1229
  100
AcDbEntity
  8
Bottom-Layer
  100
AcDbPolyline
  90
10
  70
1
  43
0.00025400050800101603
  10
-3.698867157734316
  20
2.65000508001016
  10
-3.698867157734316
  20
2.5000050800101605
  10
-3.7263550927101865
  20
2.4935585471170945
  10
-3.7632283464566934
  20
2.4765659131318265
  10
-3.802918465836932
  20
2.4525425450850906
  10
-3.8388671577343163
  20
2.42500381000762
  10
-3.8388671577343163
  20
2.72500381000762
  10
-3.802918465836932
  20
2.6974650749301503
  10
-3.7632283464566934
  20
2.673441706883414
  10
-3.7263550927101865
  20
2.656449072898146
  0
LWPOLYLINE
  5
1231
  100
AcDbEntity
  8
Bottom-Layer
  100
AcDbPolyline
  90
8
  70
1
  43
0.00025400050800101603
  10
2.1298425196850395
  20
2.444188468376937
  10
2.1947066294132593
  20
2.226207772415545
  10
2.141165862331725
  20
2.1658394716789435
  10
2.1066395732791467
  20
2.1162865125730255
  10
1.985361950723902
  20
2.390680721361443
  10
2.017211074422149
  20
2.3891262382524765
  10
2.056423672847346
  20
2.399199898399797
  10
2.0962255524511053
  20
2.418389636779274
  0
LWPOLYLINE
  5
1233
  100
AcDbEntity
  8
Bottom-Layer
  100
AcDbPolyline
  90
10
  70
1
  43
0.00025400050800101603
  10
3.2000076200152408
  20
-4.431719583439167
  10
3.400007620015241
  20
-4.431719583439167
  10
3.404305308610618
  20
-4.4671805943611895
  10
3.415633731267463
  20
-4.506710693421388
  10
3.431648463296927
  20
-4.543743967487935
  10
3.4500076200152403
  20
-4.571719583439168
  10
3.15000762001524
  20
-4.571719583439168
  10
3.1683667767335537
  20
-4.543743967487935
  10
3.184381508763018
  20
-4.506710693421388
  10
3.1957099314198634
  20
-4.4671805943611895
  0
LWPOLYLINE
  5
1235
  100
AcDbEntity
  8
Bottom-Layer
  100
AcDbPolyline
  90
10
  70
1
  43
0.00025400050800101603
  10
4.17500889001778
  20
-4.123040386080772
  10
4.375008890017781
  20
-4.123040386080772
  10
4.379306578613157
  20
-4.158501397002794
  10
4.390635001270003
  20
-4.198031496062993
  10
4.406649733299467
  20
-4.235064770129541
  10
4.42500889001778
  20
-4.263040386080773
  10
4.125008890017781
  20
-4.263040386080773
  10
4.143368046736095
  20
-4.235064770129541
  10
4.159382778765558
  20
-4.198031496062993
  10
4.170711201422403
  20
-4.158501397002794
  0
LWPOLYLINE
  5
1237
  100
AcDbEntity
  8
Bottom-Layer
  100
AcDbPolyline
  90
10
  70
1
  43
0.00025400050800101603
  10
-1.610500381000762
  20
4.246690373380748
  10
-1.5044323088646179
  20
4.140624841249683
  10
-1.5193141986283973
  20
4.116629413258827
  10
-1.5333705867411738
  20
4.078542037084075
  10
-1.544447548895098
  20
4.033489966979935
  10
-1.5503962407924818
  20
3.988595377190755
  10
-1.7625273050546102
  20
4.2007264414528835
  10
-1.7176352552705108
  20
4.206675133350268
  10
-1.6725806451612908
  20
4.217754635509271
  10
-1.6344932689865381
  20
4.231811023622048
  0
LWPOLYLINE
  5
1239
  100
AcDbEntity
  8
Bottom-Layer
  100
AcDbPolyline
  90
9
  70
1
  43
0.00025400050800101603
  10
0.2659232918465837
  20
4.83486918973838
  10
0.131998983997968
  20
4.913075946151892
  10
0.14902971805943613
  20
4.940144780289562
  10
0.16274066548133098
  20
4.980320040640082
  10
0.17122936245872494
  20
5.026220472440945
  10
0.1725933451866904
  20
5.070474980949963
  10
0.410746761493523
  20
4.888039116078233
  10
0.3226949453898908
  20
4.862999745999493
  10
0.287005334010668
  20
4.848074676149352
  0
LWPOLYLINE
  5
1241
  100
AcDbEntity
  8
Bottom-Layer
  100
AcDbPolyline
  90
10
  70
1
  43
0.00025400050800101603
  10
1.9250038100076203
  20
3.5277190754381516
  10
1.7750038100076204
  20
3.5277190754381516
  10
1.7685572771145546
  20
3.5552070104140214
  10
1.7515646431292866
  20
3.5920802641605283
  10
1.7275412750825505
  20
3.6317703835407675
  10
1.7000025400050802
  20
3.6677190754381512
  10
2.0000025400050805
  20
3.6677190754381512
  10
1.9724638049276102
  20
3.6317703835407675
  10
1.9484404368808739
  20
3.5920802641605283
  10
1.9314478028956061
  20
3.5552070104140214
  0
LWPOLYLINE
  5
1243
  100
AcDbEntity
  8
Bottom-Layer
  100
AcDbPolyline
  90
10
  70
1
  43
0.00025400050800101603
  10
4.154437388874778
  20
1.5895072390144782
  10
4.260505461010922
  20
1.6955727711455424
  10
4.284498348996698
  20
1.680693421386843
  10
4.322585725171451
  20
1.6666370332740665
  10
4.3676403352806705
  20
1.6555575311150623
  10
4.41253238506477
  20
1.6496088392176786
  10
4.2004013208026425
  20
1.43747777495555
  10
4.194452628905259
  20
1.4823723647447298
  10
4.183375666751334
  20
1.52742443484887
  10
4.169319278638557
  20
1.5655118110236224
  0
LWPOLYLINE
  5
1245
  100
AcDbEntity
  8
Bottom-Layer
  100
AcDbPolyline
  90
10
  70
1
  43
0.00025400050800101603
  10
4.004437388874778
  20
0.914503429006858
  10
4.110505461010923
  20
1.0205715011430025
  10
4.134498348996699
  20
1.005692151384303
  10
4.172585725171451
  20
0.9916357632715267
  10
4.217640335280671
  20
0.9805562611125224
  10
4.262532385064771
  20
0.9746075692151386
  10
4.050401320802642
  20
0.76247650495301
  10
4.044452628905258
  20
0.8073685547371096
  10
4.0333731267462545
  20
0.8524231648463297
  10
4.019316738633478
  20
0.8905105410210821
  0
LWPOLYLINE
  5
1248
  100
AcDbEntity
  8
Bottom-Layer
  100
AcDbPolyline
  90
10
  70
1
  43
0.00025400050800101603
  10
-5.393314706629414
  20
-1.421021082042164
  10
-5.2433147066294135
  20
-1.421021082042164
  10
-5.236870713741428
  20
-1.4485090170180341
  10
-5.21987807975616
  20
-1.4853822707645417
  10
-5.1958547117094245
  20
-1.5250723901447805
  10
-5.168315976631954
  20
-1.5610210820421644
  10
-5.468315976631954
  20
-1.5610210820421644
  10
-5.440777241554484
  20
-1.5250723901447805
  10
-5.416753873507748
  20
-1.4853822707645417
  10
-5.39976123952248
  20
-1.4485090170180341
  0
LWPOLYLINE
  5
1250
  100
AcDbEntity
  8
Bottom-Layer
  100
AcDbPolyline
  90
10
  70
1
  43
0.00025400050800101603
  10
-4.8722987045974095
  20
-1.0500000000000003
  10
-4.8722987045974095
  20
-0.9000000000000001
  10
-4.844810769621539
  20
-0.8935560071120143
  10
-4.807937515875032
  20
-0.8765633731267465
  10
-4.768247396494794
  20
-0.8525400050800103
  10
-4.732298704597409
  20
-0.8250012700025401
  10
-4.732298704597409
  20
-1.12500127000254
  10
-4.768247396494794
  20
-1.09746253492507
  10
-4.807937515875032
  20
-1.0734391668783339
  10
-4.844810769621539
  20
-1.056446532893066
  0
LWPOLYLINE
  5
1253
  100
AcDbEntity
  8
Bottom-Layer
  100
AcDbPolyline
  90
12
  70
1
  43
0.00025400050800101603
  10
-3.6850088900177806
  20
2.0750038100076202
  10
-3.6850088900177806
  20
1.7750038100076204
  10
-3.7208737617475243
  20
1.772854965709932
  10
-3.756113792227585
  20
1.7671907543815089
  10
-3.8226212852425707
  20
1.7500050800101603
  10
-3.8803251206502423
  20
1.7328168656337317
  10
-3.925008890017781
  20
1.7250038100076202
  10
-3.925008890017781
  20
2.12500381000762
  10
-3.8803251206502423
  20
2.117190754381509
  10
-3.8226212852425707
  20
2.1000050800101606
  10
-3.756113792227585
  20
2.0828168656337316
  10
-3.7208737617475243
  20
2.077152654305309
  0
LWPOLYLINE
  5
1254
  100
AcDbEntity
  8
Bottom-Layer
  100
AcDbPolyline
  90
5
  70
1
  43
0.00025400050800101603
  10
-1.8460045720091456
  20
0.6499822199644405
  42
-0.108
  10
-2.746004572009145
  20
0.8458953517907043
  10
-2.896004572009144
  20
0.5
  10
-2.7460045720091446
  20
0.1540208280416561
  42
-0.108
  10
-1.846004572009145
  20
0.34998221996444
  0
HATCH
  5
1555
  100
AcDbEntity
  8
Bottom-Layer
  100
AcDbHatch
  10
0
  20
0
  30
0
  210
0
  220
0
  230
1
  2
SOLID
  70
1
  71
0
  91
1
  92
7
  72
0
  73
1
  93
48
  10
-6.279184555279805
  20
0.10864739619918924
  10
-6.147988392266869
  20
1.1868032620595959
  10
-5.835702613689714
  20
2.227048471987031
  10
-5.3513891522794
  20
3.1991971105065122
  10
-4.709101853292812
  20
4.075039293687375
  10
-3.9274786589505273
  20
4.829159765723962
  10
-3.0292007711966145
  20
5.43967540078246
  10
-2.040334486836879
  20
5.888870209228737
  10
-0.9895748037342141
  20
6.1637094215775186
  10
0.09258725284545449
  20
6.256217732435425
  10
1.128194240732701
  20
6.171550514651579
  10
2.136296937013503
  20
5.919798007455466
  10
3.090121566289064
  20
5.507646399772696
  10
3.96433590150724
  20
4.946041852758345
  10
4.735722051923474
  20
4.249899785307904
  10
5.38379309729325
  20
3.437708741721806
  10
5.891337191367961
  20
2.5310393622355263
  10
6.2448746840783445
  20
1.5539714974604084
  10
6.4350161218897535
  20
0.5324546817617305
  10
6.443012175381699
  20
0.4699898606288828
  10
6.454102992423737
  20
0.4079996635978622
  10
6.43482180440684
  20
0.28164348726913785
  10
6.428373276883394
  20
0.15398744941530884
  10
6.428647964996996
  20
0.1276365892720509
  10
6.429470788957802
  20
0.10129714651828448
  10
6.433597025310656
  20
-0.03090641709959995
  10
6.434972209951467
  20
-0.163167208443485
  10
6.338382357617015
  20
-1.2671996332039803
  10
6.051546705715288
  20
-2.337686673431291
  10
5.583180610180201
  20
-3.3421021228593317
  10
4.947515137487983
  20
-4.249927327027787
  10
4.163864660913648
  20
-5.033578477133078
  10
3.25604000308628
  20
-5.6692447300812265
  10
2.251624956209158
  20
-6.137611688889537
  10
1.1811381625112878
  20
-6.424448260851662
  10
0.07710582076809783
  20
-6.5210390620781125
  10
-1.0095079827091609
  20
-6.427494895234052
  10
-2.0641468455334464
  20
-6.149615536377461
  10
-3.055776770059128
  20
-5.6955779147611
  10
-3.9552178712773607
  20
-5.078742625160072
  10
-4.736003029492933
  20
-4.3172607765463695
  10
-5.375156716668765
  20
-3.433539874209331
  10
-5.85387107855047
  20
-2.4535844523731893
  10
-6.158059378053672
  20
-1.4062308599779552
  10
-6.278770514186955
  20
-0.3222987169582582
  10
-6.286518404625564
  20
-0.21059056515215546
  10
-6.304101840690603
  20
-0.10000320709378265
  10
-6.287308897585386
  20
0.0038044876135723085
  97
1
  330
1554
  75
0
  76
1
  47
0.4128176842155181
  98
1
  10
34.90568961886538
  20
22.81183545379326
  450
0
  451
0
  460
0
  461
0
  452
1
  462
1
  453
2
  463
0
  63
5
  421
255
  463
1
  63
7
  421
16777215
  470
LINEAR
  1001
ACAD
  1010
0
  1020
0
  1030
0
  0
LWPOLYLINE
  5
1554
  100
AcDbEntity
  8
Bottom-Layer
  100
AcDbPolyline
  90
48
  70
1
  43
0.05080010160020321
  10
-6.279184555279805
  20
0.10864739619918924
  10
-6.147988392266869
  20
1.1868032620595959
  10
-5.835702613689714
  20
2.227048471987031
  10
-5.3513891522794
  20
3.1991971105065122
  10
-4.709101853292812
  20
4.075039293687375
  10
-3.9274786589505273
  20
4.829159765723962
  10
-3.0292007711966145
  20
5.43967540078246
  10
-2.040334486836879
  20
5.888870209228737
  10
-0.9895748037342141
  20
6.1637094215775186
  10
0.09258725284545449
  20
6.256217732435425
  10
1.128194240732701
  20
6.171550514651579
  10
2.136296937013503
  20
5.919798007455466
  10
3.090121566289064
  20
5.507646399772696
  10
3.96433590150724
  20
4.946041852758345
  10
4.735722051923474
  20
4.249899785307904
  10
5.38379309729325
  20
3.437708741721806
  10
5.891337191367961
  20
2.5310393622355263
  10
6.2448746840783445
  20
1.5539714974604084
  10
6.4350161218897535
  20
0.5324546817617305
  10
6.443012175381699
  20
0.4699898606288828
  10
6.454102992423737
  20
0.4079996635978622
  10
6.43482180440684
  20
0.28164348726913785
  10
6.428373276883394
  20
0.15398744941530884
  10
6.428647964996996
  20
0.1276365892720509
  10
6.429470788957802
  20
0.10129714651828448
  10
6.433597025310656
  20
-0.03090641709959995
  10
6.434972209951467
  20
-0.163167208443485
  10
6.338382357617015
  20
-1.2671996332039803
  10
6.051546705715288
  20
-2.337686673431291
  10
5.583180610180201
  20
-3.3421021228593317
  10
4.947515137487983
  20
-4.249927327027787
  10
4.163864660913648
  20
-5.033578477133078
  10
3.25604000308628
  20
-5.6692447300812265
  10
2.251624956209158
  20
-6.137611688889537
  10
1.1811381625112878
  20
-6.424448260851662
  10
0.07710582076809783
  20
-6.5210390620781125
  10
-1.0095079827091609
  20
-6.427494895234052
  10
-2.0641468455334464
  20
-6.149615536377461
  10
-3.055776770059128
  20
-5.6955779147611
  10
-3.9552178712773607
  20
-5.078742625160072
  10
-4.736003029492933
  20
-4.3172607765463695
  10
-5.375156716668765
  20
-3.433539874209331
  10
-5.85387107855047
  20
-2.4535844523731893
  10
-6.158059378053672
  20
-1.4062308599779552
  10
-6.278770514186955
  20
-0.3222987169582582
  10
-6.286518404625564
  20
-0.21059056515215546
  10
-6.304101840690603
  20
-0.10000320709378265
  10
-6.287308897585386
  20
0.0038044876135723085
  0
HATCH
  5
1557
  100
AcDbEntity
  8
Bottom-Layer
  100
AcDbHatch
  10
0
  20
0
  30
0
  210
0
  220
0
  230
1
  2
SOLID
  70
1
  71
0
  91
1
  92
7
  72
0
  73
1
  93
164
  10
-4.054210058420118
  20
-0.7500457200914398
  10
-4.054210058420118
  20
-0.8582785324659925
  10
-4.180881882558244
  20
-0.6064190544026486
  10
-4.414486439402834
  20
-0.4485968166087851
  10
-4.695423763512721
  20
-0.4250773003978494
  10
-4.952017792424695
  20
-0.5418610837221685
  10
-5.000010000020001
  20
-0.5418610837221683
  10
-5.165765833426285
  20
-0.5748319689520001
  10
-5.306286843776832
  20
-0.6687251062470729
  10
-5.624593006571804
  20
-0.9870312690420473
  10
-5.718486143866875
  20
-1.1275522793925938
  10
-5.7514570290967075
  20
-1.2933081127988753
  10
-5.7514570290967075
  20
-1.3413003203941791
  10
-5.869355871926833
  20
-1.6045604020914452
  10
-5.840074249872242
  20
-1.8915248500040494
  10
-5.671433165077265
  20
-2.125546627356301
  10
-5.408475965323119
  20
-2.2441194693286177
  10
-5.121437449054689
  20
-2.215573052139225
  10
-4.886984436404222
  20
-2.047532007703488
  10
-4.767738373385355
  20
-1.784879415463409
  10
-4.795549398382988
  20
-1.497768714435888
  10
-4.481069557879762
  20
-1.520322425228409
  10
-4.2045433075378815
  20
-1.368864599992114
  10
-4.054210058420118
  20
-1.0917253675418097
  10
-4.054210058420118
  20
-1.2500457200914399
  10
-4.040516347955901
  20
-1.377945385758285
  10
-4.0000559920180425
  20
-1.50004699009398
  10
-4.0405163479559
  20
-1.6221485944296743
  10
-4.054210058420118
  20
-1.7500482600965193
  10
-4.054210058420118
  20
-2.2500482600965195
  10
-3.9732706179581645
  20
-2.5521183642367276
  10
-3.7521399542799103
  20
-2.773249027914982
  10
-3.450069850139702
  20
-2.8541884683769365
  10
-2.8542087884175777
  20
-2.8541884683769365
  10
-2.8542087884175777
  20
-3.4166565830389186
  10
-3.2573765644666994
  20
-3.81982435908804
  10
-3.544972882265572
  20
-3.9362378483437532
  10
-3.7259707978172245
  20
-4.188236850441217
  10
-3.744439785010067
  20
-4.497950652207026
  10
-3.5946727053541583
  20
-4.769673975356698
  10
-3.3229493822044867
  20
-4.919441055012606
  10
-3.013235580438678
  20
-4.900972067819764
  10
-2.7612365783412147
  20
-4.7199741522681125
  10
-2.6448230890855
  20
-4.432377834469239
  10
-2.6077757251126106
  20
-4.395330470496351
  10
-2.5513786764537247
  20
-4.620254839954566
  10
-2.40843961331342
  20
-4.802847346104684
  10
-2.2036312240023608
  20
-4.911590726323519
  10
-1.9723054511026863
  20
-4.927714803536707
  10
-1.7543913984407928
  20
-4.848436403413607
  10
-1.58750317500635
  20
-4.687439757633317
  10
-1.390118182454741
  20
-4.866164753164055
  10
-1.1323915030039926
  20
-4.933100677833489
  10
-0.872982776482913
  20
-4.873012643111317
  10
-0.6709344834705636
  20
-4.699576929941115
  10
-0.4767163558684756
  20
-4.884723121692279
  10
-0.21854261477273718
  20
-4.957840238825347
  10
0.04391675772286849
  20
-4.902029207671704
  10
0.2500012700025402
  20
-4.730189261187569
  10
0.5157744499020923
  20
-4.926867250266179
  10
0.8461961495365787
  20
-4.938661950456668
  10
1.1253162238562995
  20
-4.761434416891255
  10
1.2551870709348207
  20
-4.457376564466699
  10
1.7093319665368831
  20
-4.003231668864635
  10
2.1118995419120754
  20
-4.04682040237777
  10
2.489305634505031
  20
-3.9001054688963515
  10
2.756731829183863
  20
-3.5960596486120746
  10
2.958709486176198
  20
-3.7243424891121397
  10
3.1958435216052923
  20
-3.756262863984482
  10
2.9760532127951227
  20
-3.97605317279464
  10
2.8767407892329344
  20
-4.1246847182020545
  10
2.841866903733946
  20
-4.300007580014754
  10
2.841866903733917
  20
-4.38521643543882
  10
2.7436667946074094
  20
-4.659220348927716
  10
2.796769384217351
  20
-4.945404766771188
  10
2.986732868635389
  20
-5.1659388471928915
  10
3.261894694007491
  20
-5.26084604342996
  10
3.5474217277165643
  20
-5.20431535211112
  10
3.765661910468333
  20
-5.0117208852327515
  10
3.8572625449322118
  20
-4.73544071981094
  10
3.797311881749889
  20
-4.450612132720935
  10
3.998961757235439
  20
-4.248962257235396
  10
4.09827418079769
  20
-4.10033071182783
  10
4.133148066296616
  20
-3.925007850014953
  10
4.133148066296206
  20
-2.839773398169655
  10
5.175964731240783
  20
-1.7969567332250789
  10
5.275277154802993
  20
-1.648325187817603
  10
5.310151040301952
  20
-1.4730023260048335
  10
5.310151040302082
  20
1.7579327701911176
  10
5.275277343388526
  20
1.9332551767177928
  10
5.175965428161819
  20
2.0818864804889934
  10
3.756896430023822
  20
3.5009615843136053
  10
3.608264642981343
  20
3.600274516212338
  10
3.432941325882652
  20
3.635148590297181
  10
2.7270078740157486
  20
3.635148590297181
  10
2.677387422801895
  20
3.6324535093403143
  10
2.628350770968385
  20
3.6243999748994877
  10
2.5360941196801736
  20
3.8086288907723906
  10
2.387292890276741
  20
3.951141266651284
  10
2.281753336455561
  20
4.153721199694421
  10
2.103899253673439
  20
4.297057000980302
  10
1.8835197445361713
  20
4.357141097419814
  10
1.657526572368007
  20
4.3239098948248715
  10
1.4637717430864823
  20
4.2029293475347265
  10
1.334707604141538
  20
4.014462706637895
  10
1.1840775167245023
  20
3.93072181888665
  10
1.0632208938151309
  20
3.8078575188822463
  10
1.0565811092255089
  20
3.8080422890793018
  10
1.0499390398780792
  20
3.808103886207772
  10
0.5499390398780789
  20
3.808103886207772
  10
0.5432969705306501
  20
3.8080422890793018
  10
0.5366571859410293
  20
3.8078575188822463
  10
0.3226699088463965
  20
3.989038191505762
  10
0.04993649987300054
  20
4.054103378206756
  10
-0.02765444566074472
  20
4.054103378206756
  10
0.017410306646681716
  20
4.084710667899541
  10
0.05827678775671626
  20
4.12073245026176
  10
0.4728390783673823
  20
4.535294740872426
  10
0.7500656317850042
  20
4.673570330107963
  10
0.9108522222962707
  20
4.938376623103449
  10
0.9056630499475247
  20
5.248130998356782
  10
0.7360968164873094
  20
5.507403042681589
  10
0.45439419069820935
  20
5.636315148869389
  10
0.14734328639703498
  20
5.595151540353133
  10
-0.09045837977824152
  20
5.396594072443938
  10
-0.1857478838061097
  20
5.101815153726247
  10
-0.42741287723203686
  20
4.860150160300321
  10
-1.3241146395110328
  20
4.860150160300321
  10
-1.4898704729173142
  20
4.82717927507049
  10
-1.630391483267861
  20
4.733286137775418
  10
-1.8073726810374078
  20
4.556304940005874
  10
-2.046742043886527
  20
4.473843709602201
  10
-2.225055461969768
  20
4.294116495964554
  10
-2.305623754086843
  20
4.054103378206756
  10
-2.45006858013716
  20
4.054103378206756
  10
-2.7521386842773685
  20
3.9731639377448027
  10
-2.973269347955623
  20
3.752033274066548
  10
-3.054208788417577
  20
3.4499631699263396
  10
-3.054208788417577
  20
3.1833561491185813
  10
-3.2294190412443657
  20
3.0081458962917926
  10
-3.6191480299069494
  20
3.0081458962917926
  10
-3.865095862336887
  20
3.122975991251975
  10
-4.1361275944258535
  20
3.108208215982698
  10
-4.368142867345117
  20
2.9673352231212253
  10
-4.506268909802389
  20
2.733674179340622
  10
-4.517838222620131
  20
2.462487088964855
  10
-4.400114605511741
  20
2.2179110538337192
  10
-4.483056329228717
  20
1.9351504760079854
  10
-4.4104485265105335
  20
1.6495616441361427
  10
-4.202529778321047
  20
1.4407491252183262
  10
-3.9172550187252635
  20
1.366916981520247
  10
-3.8658537107774373
  20
1.3116592961278788
  10
-3.8079641990956086
  20
1.263241213855772
  10
-3.808148969292664
  20
1.2566014292661505
  10
-3.8082105664211343
  20
1.2499593599187209
  10
-3.8082105664211348
  20
0.7499593599187205
  10
-3.7818139067672796
  20
0.615012505376437
  10
-3.706515044393161
  20
0.4999580899161802
  10
-3.781813906767279
  20
0.3849036744559238
  10
-3.8082105664211343
  20
0.24995681991364033
  10
-3.8082105664211343
  20
-0.25004318008635973
  10
-3.8081489692926644
  20
-0.25668524943378923
  10
-3.8079641990956086
  20
-0.26332503402341095
  10
-3.9891448717191245
  20
-0.4773123111180437
  97
1
  330
1556
  75
0
  76
1
  47
0.4128176842155181
  98
1
  10
34.90568961886538
  20
22.81183545379326
  450
0
  451
0
  460
0
  461
0
  452
1
  462
1
  453
2
  463
0
  63
5
  421
255
  463
1
  63
7
  421
16777215
  470
LINEAR
  1001
ACAD
  1010
0
  1020
0
  1030
0
  0
LWPOLYLINE
  5
1556
  100
AcDbEntity
  8
Bottom-Layer
  100
AcDbPolyline
  90
164
  70
1
  43
0.05080010160020321
  10
-4.054210058420118
  20
-0.7500457200914398
  10
-4.054210058420118
  20
-0.8582785324659925
  10
-4.180881882558244
  20
-0.6064190544026486
  10
-4.414486439402834
  20
-0.4485968166087851
  10
-4.695423763512721
  20
-0.4250773003978494
  10
-4.952017792424695
  20
-0.5418610837221685
  10
-5.000010000020001
  20
-0.5418610837221683
  10
-5.165765833426285
  20
-0.5748319689520001
  10
-5.306286843776832
  20
-0.6687251062470729
  10
-5.624593006571804
  20
-0.9870312690420473
  10
-5.718486143866875
  20
-1.1275522793925938
  10
-5.7514570290967075
  20
-1.2933081127988753
  10
-5.7514570290967075
  20
-1.3413003203941791
  10
-5.869355871926833
  20
-1.6045604020914452
  10
-5.840074249872242
  20
-1.8915248500040494
  10
-5.671433165077265
  20
-2.125546627356301
  10
-5.408475965323119
  20
-2.2441194693286177
  10
-5.121437449054689
  20
-2.215573052139225
  10
-4.886984436404222
  20
-2.047532007703488
  10
-4.767738373385355
  20
-1.784879415463409
  10
-4.795549398382988
  20
-1.497768714435888
  10
-4.481069557879762
  20
-1.520322425228409
  10
-4.2045433075378815
  20
-1.368864599992114
  10
-4.054210058420118
  20
-1.0917253675418097
  10
-4.054210058420118
  20
-1.2500457200914399
  10
-4.040516347955901
  20
-1.377945385758285
  10
-4.0000559920180425
  20
-1.50004699009398
  10
-4.0405163479559
  20
-1.6221485944296743
  10
-4.054210058420118
  20
-1.7500482600965193
  10
-4.054210058420118
  20
-2.2500482600965195
  10
-3.9732706179581645
  20
-2.5521183642367276
  10
-3.7521399542799103
  20
-2.773249027914982
  10
-3.450069850139702
  20
-2.8541884683769365
  10
-2.8542087884175777
  20
-2.8541884683769365
  10
-2.8542087884175777
  20
-3.4166565830389186
  10
-3.2573765644666994
  20
-3.81982435908804
  10
-3.544972882265572
  20
-3.9362378483437532
  10
-3.7259707978172245
  20
-4.188236850441217
  10
-3.744439785010067
  20
-4.497950652207026
  10
-3.5946727053541583
  20
-4.769673975356698
  10
-3.3229493822044867
  20
-4.919441055012606
  10
-3.013235580438678
  20
-4.900972067819764
  10
-2.7612365783412147
  20
-4.7199741522681125
  10
-2.6448230890855
  20
-4.432377834469239
  10
-2.6077757251126106
  20
-4.395330470496351
  10
-2.5513786764537247
  20
-4.620254839954566
  10
-2.40843961331342
  20
-4.802847346104684
  10
-2.2036312240023608
  20
-4.911590726323519
  10
-1.9723054511026863
  20
-4.927714803536707
  10
-1.7543913984407928
  20
-4.848436403413607
  10
-1.58750317500635
  20
-4.687439757633317
  10
-1.390118182454741
  20
-4.866164753164055
  10
-1.1323915030039926
  20
-4.933100677833489
  10
-0.872982776482913
  20
-4.873012643111317
  10
-0.6709344834705636
  20
-4.699576929941115
  10
-0.4767163558684756
  20
-4.884723121692279
  10
-0.21854261477273718
  20
-4.957840238825347
  10
0.04391675772286849
  20
-4.902029207671704
  10
0.2500012700025402
  20
-4.730189261187569
  10
0.5157744499020923
  20
-4.926867250266179
  10
0.8461961495365787
  20
-4.938661950456668
  10
1.1253162238562995
  20
-4.761434416891255
  10
1.2551870709348207
  20
-4.457376564466699
  10
1.7093319665368831
  20
-4.003231668864635
  10
2.1118995419120754
  20
-4.04682040237777
  10
2.489305634505031
  20
-3.9001054688963515
  10
2.756731829183863
  20
-3.5960596486120746
  10
2.958709486176198
  20
-3.7243424891121397
  10
3.1958435216052923
  20
-3.756262863984482
  10
2.9760532127951227
  20
-3.97605317279464
  10
2.8767407892329344
  20
-4.1246847182020545
  10
2.841866903733946
  20
-4.300007580014754
  10
2.841866903733917
  20
-4.38521643543882
  10
2.7436667946074094
  20
-4.659220348927716
  10
2.796769384217351
  20
-4.945404766771188
  10
2.986732868635389
  20
-5.1659388471928915
  10
3.261894694007491
  20
-5.26084604342996
  10
3.5474217277165643
  20
-5.20431535211112
  10
3.765661910468333
  20
-5.0117208852327515
  10
3.8572625449322118
  20
-4.73544071981094
  10
3.797311881749889
  20
-4.450612132720935
  10
3.998961757235439
  20
-4.248962257235396
  10
4.09827418079769
  20
-4.10033071182783
  10
4.133148066296616
  20
-3.925007850014953
  10
4.133148066296206
  20
-2.839773398169655
  10
5.175964731240783
  20
-1.7969567332250789
  10
5.275277154802993
  20
-1.648325187817603
  10
5.310151040301952
  20
-1.4730023260048335
  10
5.310151040302082
  20
1.7579327701911176
  10
5.275277343388526
  20
1.9332551767177928
  10
5.175965428161819
  20
2.0818864804889934
  10
3.756896430023822
  20
3.5009615843136053
  10
3.608264642981343
  20
3.600274516212338
  10
3.432941325882652
  20
3.635148590297181
  10
2.7270078740157486
  20
3.635148590297181
  10
2.677387422801895
  20
3.6324535093403143
  10
2.628350770968385
  20
3.6243999748994877
  10
2.5360941196801736
  20
3.8086288907723906
  10
2.387292890276741
  20
3.951141266651284
  10
2.281753336455561
  20
4.153721199694421
  10
2.103899253673439
  20
4.297057000980302
  10
1.8835197445361713
  20
4.357141097419814
  10
1.657526572368007
  20
4.3239098948248715
  10
1.4637717430864823
  20
4.2029293475347265
  10
1.334707604141538
  20
4.014462706637895
  10
1.1840775167245023
  20
3.93072181888665
  10
1.0632208938151309
  20
3.8078575188822463
  10
1.0565811092255089
  20
3.8080422890793018
  10
1.0499390398780792
  20
3.808103886207772
  10
0.5499390398780789
  20
3.808103886207772
  10
0.5432969705306501
  20
3.8080422890793018
  10
0.5366571859410293
  20
3.8078575188822463
  10
0.3226699088463965
  20
3.989038191505762
  10
0.04993649987300054
  20
4.054103378206756
  10
-0.02765444566074472
  20
4.054103378206756
  10
0.017410306646681716
  20
4.084710667899541
  10
0.05827678775671626
  20
4.12073245026176
  10
0.4728390783673823
  20
4.535294740872426
  10
0.7500656317850042
  20
4.673570330107963
  10
0.9108522222962707
  20
4.938376623103449
  10
0.9056630499475247
  20
5.248130998356782
  10
0.7360968164873094
  20
5.507403042681589
  10
0.45439419069820935
  20
5.636315148869389
  10
0.14734328639703498
  20
5.595151540353133
  10
-0.09045837977824152
  20
5.396594072443938
  10
-0.1857478838061097
  20
5.101815153726247
  10
-0.42741287723203686
  20
4.860150160300321
  10
-1.3241146395110328
  20
4.860150160300321
  10
-1.4898704729173142
  20
4.82717927507049
  10
-1.630391483267861
  20
4.733286137775418
  10
-1.8073726810374078
  20
4.556304940005874
  10
-2.046742043886527
  20
4.473843709602201
  10
-2.225055461969768
  20
4.294116495964554
  10
-2.305623754086843
  20
4.054103378206756
  10
-2.45006858013716
  20
4.054103378206756
  10
-2.7521386842773685
  20
3.9731639377448027
  10
-2.973269347955623
  20
3.752033274066548
  10
-3.054208788417577
  20
3.4499631699263396
  10
-3.054208788417577
  20
3.1833561491185813
  10
-3.2294190412443657
  20
3.0081458962917926
  10
-3.6191480299069494
  20
3.0081458962917926
  10
-3.865095862336887
  20
3.122975991251975
  10
-4.1361275944258535
  20
3.108208215982698
  10
-4.368142867345117
  20
2.9673352231212253
  10
-4.506268909802389
  20
2.733674179340622
  10
-4.517838222620131
  20
2.462487088964855
  10
-4.400114605511741
  20
2.2179110538337192
  10
-4.483056329228717
  20
1.9351504760079854
  10
-4.4104485265105335
  20
1.6495616441361427
  10
-4.202529778321047
  20
1.4407491252183262
  10
-3.9172550187252635
  20
1.366916981520247
  10
-3.8658537107774373
  20
1.3116592961278788
  10
-3.8079641990956086
  20
1.263241213855772
  10
-3.808148969292664
  20
1.2566014292661505
  10
-3.8082105664211343
  20
1.2499593599187209
  10
-3.8082105664211348
  20
0.7499593599187205
  10
-3.7818139067672796
  20
0.615012505376437
  10
-3.706515044393161
  20
0.4999580899161802
  10
-3.781813906767279
  20
0.3849036744559238
  10
-3.8082105664211343
  20
0.24995681991364033
  10
-3.8082105664211343
  20
-0.25004318008635973
  10
-3.8081489692926644
  20
-0.25668524943378923
  10
-3.8079641990956086
  20
-0.26332503402341095
  10
-3.9891448717191245
  20
-0.4773123111180437
  0
HATCH
  5
1559
  100
AcDbEntity
  8
Bottom-Layer
  100
AcDbHatch
  10
0
  20
0
  30
0
  210
0
  220
0
  230
1
  2
SOLID
  70
1
  71
0
  91
1
  92
7
  72
0
  73
1
  93
84
  10
-2.291926593853189
  20
-0.2500431800863603
  10
-2.291926593853189
  20
0.2499568199136399
  10
-2.318323253507044
  20
0.38490367445592333
  10
-2.393622115881163
  20
0.49995808991617957
  10
-2.318323253507044
  20
0.6150125053764365
  10
-2.291926593853189
  20
0.7499593599187201
  10
-2.291926593853189
  20
1.2499593599187204
  10
-2.291988190981659
  20
1.2566014292661498
  10
-2.2921729611787147
  20
1.263241213855771
  10
-2.144630415810106
  20
1.4190254451221367
  10
-2.060841287542626
  20
1.6165524341369952
  10
-1.824422513529212
  20
1.7613462526527623
  10
-1.6868359424905712
  20
2.002030739182766
  10
-1.4818100755926245
  20
1.7932304482936023
  10
-1.1993189099363473
  20
1.71686351239323
  10
-0.9170156654703385
  20
1.793922228555775
  10
-0.7125019050038109
  20
2.0032241381325724
  10
-0.48393378964084743
  20
1.7805596681220999
  10
-0.17073175878938626
  20
1.719507744023498
  10
0.12473190056655219
  20
1.8400236166943602
  10
0.3058828129457291
  20
2.102715825390799
  10
0.43314919102473826
  20
2.182913068530187
  10
0.5366571859410291
  20
2.2920662809653525
  10
0.54329697053065
  20
2.2918815107682966
  10
0.5499390398780789
  20
2.2918199136398267
  10
1.0499390398780786
  20
2.2918199136398267
  10
1.056581109225508
  20
2.291881510768297
  10
1.0632208938151297
  20
2.292066280965353
  10
1.204371395331084
  20
2.1544138220314797
  10
1.382325802595325
  20
2.0695380748242846
  10
1.4731943984436782
  20
1.8723019906237541
  10
1.632459522580014
  20
1.7246747747858617
  10
1.8360110496074935
  20
1.6490047644317425
  10
2.053034619709647
  20
1.6567471569771008
  10
2.0711607988646246
  20
1.5767577750041282
  10
2.09995416800228
  20
1.4999606299212607
  10
2.059493812064422
  20
1.3778590255855658
  10
2.045800101600204
  20
1.2499593599187204
  10
2.045800101600204
  20
0.7499593599187201
  10
2.1108652883011976
  20
0.4772259509453241
  10
2.2920459609247135
  20
0.26323867385069133
  10
2.2918611907276576
  20
0.2565988892610695
  10
2.2917995935991877
  20
0.24995681991363994
  10
2.2917995935991877
  20
-0.25004318008635995
  10
2.2918611907276576
  20
-0.2566852494337898
  10
2.2920459609247135
  20
-0.2633250340234117
  10
2.1108652883011976
  20
-0.47731231111804423
  10
2.045800101600204
  20
-0.7500457200914402
  10
2.045800101600204
  20
-1.2500457200914403
  10
2.0594938120644217
  20
-1.3779453857582855
  10
2.099954168002279
  20
-1.5000469900939803
  10
2.059493812064422
  20
-1.6221485944296747
  10
2.045800101600204
  20
-1.7500482600965197
  10
2.0458001016002036
  20
-2.0471387351290984
  10
1.8106810381455447
  20
-2.0671388662636883
  10
1.590006677476148
  20
-2.150708033953392
  10
1.4278640947407983
  20
-2.072701282468815
  10
1.2499390398780783
  20
-2.045906781813564
  10
0.749939039878078
  20
-2.045906781813564
  10
0.6220393742112329
  20
-2.059600492277782
  10
0.49993776987553873
  20
-2.10006084821564
  10
0.37783616553984456
  20
-2.059600492277782
  10
0.24993649987299968
  20
-2.045906781813564
  10
-0.2500635001270005
  20
-2.045906781813564
  10
-0.37796316579384587
  20
-2.059600492277782
  10
-0.5000647701295405
  20
-2.10006084821564
  10
-0.6221663744652352
  20
-2.059600492277782
  10
-0.7500660401320807
  20
-2.045906781813564
  10
-1.2500660401320807
  20
-2.045906781813564
  10
-1.3779657057989263
  20
-2.059600492277782
  10
-1.5000673101346214
  20
-2.10006084821564
  10
-1.5605753036121588
  20
-2.0763940554610936
  10
-1.6232749313227166
  20
-2.0593619963101335
  10
-1.6219455780401923
  20
-1.8998529535639734
  10
-1.6657897757647977
  20
-1.7464821994293207
  10
-1.751226349879108
  20
-1.61177698905661
  10
-1.8712768789158263
  20
-1.5067399842632971
  10
-1.6976463741737007
  20
-1.2577995031499738
  10
-1.6799590827122883
  20
-0.954804329863835
  10
-1.8234452580130132
  20
-0.6873522167454159
  10
-2.085675053225661
  20
-0.5345305892947481
  10
-2.169399796002511
  20
-0.38406193340251815
  10
-2.2921729611787147
  20
-0.26332503402341156
  10
-2.291988190981659
  20
-0.2566852494337898
  97
1
  330
1558
  75
0
  76
1
  47
0.4128176842155181
  98
1
  10
34.90568961886538
  20
22.81183545379326
  450
0
  451
0
  460
0
  461
0
  452
1
  462
1
  453
2
  463
0
  63
5
  421
255
  463
1
  63
7
  421
16777215
  470
LINEAR
  1001
ACAD
  1010
0
  1020
0
  1030
0
  0
LWPOLYLINE
  5
1558
  100
AcDbEntity
  8
Bottom-Layer
  100
AcDbPolyline
  90
84
  70
1
  43
0.05080010160020321
  10
-2.291926593853189
  20
-0.2500431800863603
  10
-2.291926593853189
  20
0.2499568199136399
  10
-2.318323253507044
  20
0.38490367445592333
  10
-2.393622115881163
  20
0.49995808991617957
  10
-2.318323253507044
  20
0.6150125053764365
  10
-2.291926593853189
  20
0.7499593599187201
  10
-2.291926593853189
  20
1.2499593599187204
  10
-2.291988190981659
  20
1.2566014292661498
  10
-2.2921729611787147
  20
1.263241213855771
  10
-2.144630415810106
  20
1.4190254451221367
  10
-2.060841287542626
  20
1.6165524341369952
  10
-1.824422513529212
  20
1.7613462526527623
  10
-1.6868359424905712
  20
2.002030739182766
  10
-1.4818100755926245
  20
1.7932304482936023
  10
-1.1993189099363473
  20
1.71686351239323
  10
-0.9170156654703385
  20
1.793922228555775
  10
-0.7125019050038109
  20
2.0032241381325724
  10
-0.48393378964084743
  20
1.7805596681220999
  10
-0.17073175878938626
  20
1.719507744023498
  10
0.12473190056655219
  20
1.8400236166943602
  10
0.3058828129457291
  20
2.102715825390799
  10
0.43314919102473826
  20
2.182913068530187
  10
0.5366571859410291
  20
2.2920662809653525
  10
0.54329697053065
  20
2.2918815107682966
  10
0.5499390398780789
  20
2.2918199136398267
  10
1.0499390398780786
  20
2.2918199136398267
  10
1.056581109225508
  20
2.291881510768297
  10
1.0632208938151297
  20
2.292066280965353
  10
1.204371395331084
  20
2.1544138220314797
  10
1.382325802595325
  20
2.0695380748242846
  10
1.4731943984436782
  20
1.8723019906237541
  10
1.632459522580014
  20
1.7246747747858617
  10
1.8360110496074935
  20
1.6490047644317425
  10
2.053034619709647
  20
1.6567471569771008
  10
2.0711607988646246
  20
1.5767577750041282
  10
2.09995416800228
  20
1.4999606299212607
  10
2.059493812064422
  20
1.3778590255855658
  10
2.045800101600204
  20
1.2499593599187204
  10
2.045800101600204
  20
0.7499593599187201
  10
2.1108652883011976
  20
0.4772259509453241
  10
2.2920459609247135
  20
0.26323867385069133
  10
2.2918611907276576
  20
0.2565988892610695
  10
2.2917995935991877
  20
0.24995681991363994
  10
2.2917995935991877
  20
-0.25004318008635995
  10
2.2918611907276576
  20
-0.2566852494337898
  10
2.2920459609247135
  20
-0.2633250340234117
  10
2.1108652883011976
  20
-0.47731231111804423
  10
2.045800101600204
  20
-0.7500457200914402
  10
2.045800101600204
  20
-1.2500457200914403
  10
2.0594938120644217
  20
-1.3779453857582855
  10
2.099954168002279
  20
-1.5000469900939803
  10
2.059493812064422
  20
-1.6221485944296747
  10
2.045800101600204
  20
-1.7500482600965197
  10
2.0458001016002036
  20
-2.0471387351290984
  10
1.8106810381455447
  20
-2.0671388662636883
  10
1.590006677476148
  20
-2.150708033953392
  10
1.4278640947407983
  20
-2.072701282468815
  10
1.2499390398780783
  20
-2.045906781813564
  10
0.749939039878078
  20
-2.045906781813564
  10
0.6220393742112329
  20
-2.059600492277782
  10
0.49993776987553873
  20
-2.10006084821564
  10
0.37783616553984456
  20
-2.059600492277782
  10
0.24993649987299968
  20
-2.045906781813564
  10
-0.2500635001270005
  20
-2.045906781813564
  10
-0.37796316579384587
  20
-2.059600492277782
  10
-0.5000647701295405
  20
-2.10006084821564
  10
-0.6221663744652352
  20
-2.059600492277782
  10
-0.7500660401320807
  20
-2.045906781813564
  10
-1.2500660401320807
  20
-2.045906781813564
  10
-1.3779657057989263
  20
-2.059600492277782
  10
-1.5000673101346214
  20
-2.10006084821564
  10
-1.5605753036121588
  20
-2.0763940554610936
  10
-1.6232749313227166
  20
-2.0593619963101335
  10
-1.6219455780401923
  20
-1.8998529535639734
  10
-1.6657897757647977
  20
-1.7464821994293207
  10
-1.751226349879108
  20
-1.61177698905661
  10
-1.8712768789158263
  20
-1.5067399842632971
  10
-1.6976463741737007
  20
-1.2577995031499738
  10
-1.6799590827122883
  20
-0.954804329863835
  10
-1.8234452580130132
  20
-0.6873522167454159
  10
-2.085675053225661
  20
-0.5345305892947481
  10
-2.169399796002511
  20
-0.38406193340251815
  10
-2.2921729611787147
  20
-0.26332503402341156
  10
-2.291988190981659
  20
-0.2566852494337898
  0
HATCH
  5
1561
  100
AcDbEntity
  8
Bottom-Layer
  100
AcDbHatch
  10
0
  20
0
  30
0
  210
0
  220
0
  230
1
  2
SOLID
  70
1
  71
0
  91
1
  92
7
  72
0
  73
1
  93
36
  10
-1.2582054864109744
  20
-0.10004191008381953
  10
-1.2582054864109746
  20
-0.9000444500888994
  10
-1.210223728558818
  20
-1.079114808229616
  10
-1.0791351282702584
  20
-1.2102034085181756
  10
-0.9000647701295423
  20
-1.2581851663703325
  10
-0.10006223012446228
  20
-1.2581851663703327
  10
-0.04955818468535549
  20
-1.2546063121847297
  10
-0.0000635001270015724
  20
-1.2439412756884864
  10
0.049431184431352554
  20
-1.2546063121847297
  10
0.0999352298704591
  20
-1.2581851663703327
  10
0.8999377698755394
  20
-1.258185166370333
  10
1.0790081280162558
  20
-1.210203408518176
  10
1.2100967283048152
  20
-1.079114808229617
  10
1.258078486156972
  20
-0.9000444500889003
  10
1.2580784861569723
  20
-0.1000419100838201
  10
1.2544996319713695
  20
-0.049537864644713346
  10
1.2438345954751262
  20
-0.000043180086359313516
  10
1.2544996319713693
  20
0.049451504471994555
  10
1.2580784861569723
  20
0.09995554991110099
  10
1.2580784861569725
  20
0.8999580899161812
  10
1.2100967283048156
  20
1.0790284480568975
  10
1.0790081280162562
  20
1.2101170483454569
  10
0.8999377698755399
  20
1.2580988061976137
  10
0.09993522987045983
  20
1.2580988061976142
  10
0.049431184431352776
  20
1.2545199520120116
  10
-0.0000635001270013045
  20
1.2438549155157683
  10
-0.04955818468535498
  20
1.2545199520120114
  10
-0.10006223012446144
  20
1.258098806197614
  10
-0.9000647701295412
  20
1.2580988061976142
  10
-1.0791351282702577
  20
1.2101170483454573
  10
-1.2102237285588173
  20
1.0790284480568981
  10
-1.2582054864109742
  20
0.8999580899161819
  10
-1.2582054864109746
  20
0.09995554991110187
  10
-1.2546266322253719
  20
0.04945150447199496
  10
-1.2439615957291288
  20
-0.00004318008635935582
  10
-1.2546266322253716
  20
-0.04953786464471296
  97
1
  330
1560
  75
0
  76
1
  47
0.4128176842155181
  98
1
  10
34.90568961886538
  20
22.81183545379326
  450
0
  451
0
  460
0
  461
0
  452
1
  462
1
  453
2
  463
0
  63
5
  421
255
  463
1
  63
7
  421
16777215
  470
LINEAR
  1001
ACAD
  1010
0
  1020
0
  1030
0
  0
LWPOLYLINE
  5
1560
  100
AcDbEntity
  8
Bottom-Layer
  100
AcDbPolyline
  90
36
  70
1
  43
0.05080010160020321
  10
-1.2582054864109744
  20
-0.10004191008381953
  10
-1.2582054864109746
  20
-0.9000444500888994
  10
-1.210223728558818
  20
-1.079114808229616
  10
-1.0791351282702584
  20
-1.2102034085181756
  10
-0.9000647701295423
  20
-1.2581851663703325
  10
-0.10006223012446228
  20
-1.2581851663703327
  10
-0.04955818468535549
  20
-1.2546063121847297
  10
-0.0000635001270015724
  20
-1.2439412756884864
  10
0.049431184431352554
  20
-1.2546063121847297
  10
0.0999352298704591
  20
-1.2581851663703327
  10
0.8999377698755394
  20
-1.258185166370333
  10
1.0790081280162558
  20
-1.210203408518176
  10
1.2100967283048152
  20
-1.079114808229617
  10
1.258078486156972
  20
-0.9000444500889003
  10
1.2580784861569723
  20
-0.1000419100838201
  10
1.2544996319713695
  20
-0.049537864644713346
  10
1.2438345954751262
  20
-0.000043180086359313516
  10
1.2544996319713693
  20
0.049451504471994555
  10
1.2580784861569723
  20
0.09995554991110099
  10
1.2580784861569725
  20
0.8999580899161812
  10
1.2100967283048156
  20
1.0790284480568975
  10
1.0790081280162562
  20
1.2101170483454569
  10
0.8999377698755399
  20
1.2580988061976137
  10
0.09993522987045983
  20
1.2580988061976142
  10
0.049431184431352776
  20
1.2545199520120116
  10
-0.0000635001270013045
  20
1.2438549155157683
  10
-0.04955818468535498
  20
1.2545199520120114
  10
-0.10006223012446144
  20
1.258098806197614
  10
-0.9000647701295412
  20
1.2580988061976142
  10
-1.0791351282702577
  20
1.2101170483454573
  10
-1.2102237285588173
  20
1.0790284480568981
  10
-1.2582054864109742
  20
0.8999580899161819
  10
-1.2582054864109746
  20
0.09995554991110187
  10
-1.2546266322253719
  20
0.04945150447199496
  10
-1.2439615957291288
  20
-0.00004318008635935582
  10
-1.2546266322253716
  20
-0.04953786464471296
  0
HATCH
  5
1563
  100
AcDbEntity
  8
Bottom-Layer
  100
AcDbHatch
  10
0
  20
0
  30
0
  210
0
  220
0
  230
1
  2
SOLID
  70
1
  71
0
  91
1
  92
7
  72
0
  73
1
  93
18
  10
3.808083566167133
  20
-0.2500431800863607
  10
3.808083566167133
  20
0.24995681991363952
  10
3.808021969038663
  20
0.25659888926106905
  10
3.8078371988416073
  20
0.26323867385069094
  10
3.854152179731699
  20
0.3009602408476981
  10
3.8965157244079287
  20
0.3430710963842968
  10
4.132248379655317
  20
0.22942514543307824
  10
4.393869607739088
  20
0.23571958214572342
  10
4.393869607739088
  20
-1.2832342278457216
  10
4.042876917117691
  20
-1.6342269184671179
  10
4.025327690138513
  20
-1.5658807361723788
  10
3.999928991764041
  20
-1.500046990093981
  10
4.040389347701899
  20
-1.3779453857582866
  10
4.054083058166117
  20
-1.250045720091441
  10
4.054083058166117
  20
-0.7500457200914405
  10
3.9890178714651237
  20
-0.4773123111180447
  10
3.8078371988416073
  20
-0.26332503402341195
  10
3.808021969038663
  20
-0.2566852494337902
  97
1
  330
1562
  75
0
  76
1
  47
0.4128176842155181
  98
1
  10
34.90568961886538
  20
22.81183545379326
  450
0
  451
0
  460
0
  461
0
  452
1
  462
1
  453
2
  463
0
  63
5
  421
255
  463
1
  63
7
  421
16777215
  470
LINEAR
  1001
ACAD
  1010
0
  1020
0
  1030
0
  0
LWPOLYLINE
  5
1562
  100
AcDbEntity
  8
Bottom-Layer
  100
AcDbPolyline
  90
18
  70
1
  43
0.05080010160020321
  10
3.808083566167133
  20
-0.2500431800863607
  10
3.808083566167133
  20
0.24995681991363952
  10
3.808021969038663
  20
0.25659888926106905
  10
3.8078371988416073
  20
0.26323867385069094
  10
3.854152179731699
  20
0.3009602408476981
  10
3.8965157244079287
  20
0.3430710963842968
  10
4.132248379655317
  20
0.22942514543307824
  10
4.393869607739088
  20
0.23571958214572342
  10
4.393869607739088
  20
-1.2832342278457216
  10
4.042876917117691
  20
-1.6342269184671179
  10
4.025327690138513
  20
-1.5658807361723788
  10
3.999928991764041
  20
-1.500046990093981
  10
4.040389347701899
  20
-1.3779453857582866
  10
4.054083058166117
  20
-1.250045720091441
  10
4.054083058166117
  20
-0.7500457200914405
  10
3.9890178714651237
  20
-0.4773123111180447
  10
3.8078371988416073
  20
-0.26332503402341195
  10
3.808021969038663
  20
-0.2566852494337902
  0
LWPOLYLINE
  5
1564
  100
AcDbEntity
  8
Bottom-Layer
  100
AcDbPolyline
  90
2
  70
0
  43
0.05080010160020321
  10
-3.0500685801371614
  20
-0.00004318008635998596
  10
-2.393526797053595
  20
-0.00004318008636034281
  0
LWPOLYLINE
  5
1565
  100
AcDbEntity
  8
Bottom-Layer
  100
AcDbPolyline
  90
2
  70
0
  43
0.05080010160020321
  10
-3.0500685801371614
  20
-0.00004318008635998596
  10
-3.7066103632207277
  20
-0.000043180086359440415
  0
LWPOLYLINE
  5
1566
  100
AcDbEntity
  8
Bottom-Layer
  100
AcDbPolyline
  90
2
  70
0
  43
0.05080010160020321
  10
-3.0500685801371614
  20
0.9999593599187204
  10
-2.393526797053595
  20
0.9999593599187204
  0
LWPOLYLINE
  5
1567
  100
AcDbEntity
  8
Bottom-Layer
  100
AcDbPolyline
  90
2
  70
0
  43
0.05080010160020321
  10
-3.0500685801371614
  20
0.9999593599187204
  10
-3.7066103632207277
  20
0.9999593599187209
  0
LWPOLYLINE
  5
1568
  100
AcDbEntity
  8
Bottom-Layer
  100
AcDbPolyline
  90
2
  70
0
  43
0.05080010160020321
  10
-0.5000635001270018
  20
-0.5000431800863598
  10
-0.5000635001270021
  20
-1.156584963169926
  0
LWPOLYLINE
  5
1569
  100
AcDbEntity
  8
Bottom-Layer
  100
AcDbPolyline
  90
2
  70
0
  43
0.05080010160020321
  10
-0.5000635001270018
  20
-0.5000431800863598
  10
-1.1566052832105682
  20
-0.5000431800863596
  0
LWPOLYLINE
  5
1570
  100
AcDbEntity
  8
Bottom-Layer
  100
AcDbPolyline
  90
2
  70
0
  43
0.05080010160020321
  10
-0.5000635001270017
  20
0.49995681991364144
  10
-0.5000635001270014
  20
1.1564986029972077
  0
LWPOLYLINE
  5
1571
  100
AcDbEntity
  8
Bottom-Layer
  100
AcDbPolyline
  90
2
  70
0
  43
0.05080010160020321
  10
-0.5000635001270017
  20
0.49995681991364144
  10
-1.156605283210568
  20
0.49995681991364166
  0
LWPOLYLINE
  5
1572
  100
AcDbEntity
  8
Bottom-Layer
  100
AcDbPolyline
  90
2
  70
0
  43
0.05080010160020321
  10
0.49993649987299943
  20
-0.50004318008636
  10
0.4999364998729991
  20
-1.156584963169926
  0
LWPOLYLINE
  5
1573
  100
AcDbEntity
  8
Bottom-Layer
  100
AcDbPolyline
  90
2
  70
0
  43
0.05080010160020321
  10
0.49993649987299943
  20
-0.50004318008636
  10
1.1564782829565659
  20
-0.5000431800863602
  0
LWPOLYLINE
  5
1574
  100
AcDbEntity
  8
Bottom-Layer
  100
AcDbPolyline
  90
2
  70
0
  43
0.05080010160020321
  10
0.49993649987299954
  20
0.4999568199136413
  10
0.49993649987299976
  20
1.1564986029972077
  0
LWPOLYLINE
  5
1575
  100
AcDbEntity
  8
Bottom-Layer
  100
AcDbPolyline
  90
2
  70
0
  43
0.05080010160020321
  10
0.49993649987299954
  20
0.4999568199136413
  10
1.156478282956566
  20
0.4999568199136411
  0
LWPOLYLINE
  5
1576
  100
AcDbEntity
  8
Bottom-Layer
  100
AcDbPolyline
  90
2
  70
0
  43
0.05080010160020321
  10
0.799939039878079
  20
3.049961899923799
  10
0.7999390398780788
  20
2.3934201168402334
  0
LWPOLYLINE
  5
1577
  100
AcDbEntity
  8
Bottom-Layer
  100
AcDbPolyline
  90
2
  70
0
  43
0.05080010160020321
  10
0.799939039878079
  20
3.049961899923799
  10
0.7999390398780789
  20
3.7065036830073654
  0
LWPOLYLINE
  5
1578
  100
AcDbEntity
  8
Bottom-Layer
  100
AcDbPolyline
  90
2
  70
0
  43
0.05080010160020321
  10
3.0499415798831606
  20
-0.000043180086360359487
  10
3.706483362966727
  20
-0.000043180086360794
  0
LWPOLYLINE
  5
1579
  100
AcDbEntity
  8
Bottom-Layer
  100
AcDbPolyline
  90
2
  70
0
  43
0.05080010160020321
  10
3.0499415798831606
  20
-0.000043180086360359487
  10
2.3933997967995944
  20
-0.00004318008635989161
  0
LWPOLYLINE
  5
1642
  100
AcDbEntity
  8
Bottom-Layer
  100
AcDbPolyline
  90
2
  70
0
  43
0.15000000000000002
  10
-3.2000076200152408
  20
-4.375008890017781
  10
-2.0000685801371607
  20
-3.1750698501397006
  0
LWPOLYLINE
  5
1643
  100
AcDbEntity
  8
Bottom-Layer
  100
AcDbPolyline
  90
2
  70
0
  43
0.15000000000000002
  10
-2.0000685801371607
  20
-3.1750698501397006
  10
-2.0000685801371607
  20
-3.0500482600965206
  0
LWPOLYLINE
  5
1644
  100
AcDbEntity
  8
Bottom-Layer
  100
AcDbPolyline
  90
2
  70
0
  43
0.15000000000000002
  10
-1.0000660401320802
  20
-3.1500711201422407
  10
-1.0000660401320802
  20
-3.0500482600965206
  0
LWPOLYLINE
  5
1645
  100
AcDbEntity
  8
Bottom-Layer
  100
AcDbPolyline
  90
2
  70
0
  43
0.15000000000000002
  10
-2.05000508001016
  20
-4.375008890017781
  10
-1.0250012700025402
  20
-3.3500076200152407
  0
LWPOLYLINE
  5
1646
  100
AcDbEntity
  8
Bottom-Layer
  100
AcDbPolyline
  90
2
  70
0
  43
0.15000000000000002
  10
-1.0250012700025402
  20
-3.3500076200152407
  10
-1.0250012700025402
  20
-3.1750063500127004
  0
LWPOLYLINE
  5
1647
  100
AcDbEntity
  8
Bottom-Layer
  100
AcDbPolyline
  90
2
  70
0
  43
0.15000000000000002
  10
-1.0250012700025402
  20
-3.1750063500127004
  10
-1.0000660401320802
  20
-3.1500711201422407
  0
LWPOLYLINE
  5
1650
  100
AcDbEntity
  8
Bottom-Layer
  100
AcDbPolyline
  90
2
  70
0
  43
0.15000000000000002
  10
-1.12500127000254
  20
-4.375008890017781
  10
-0.00006350012700025401
  20
-3.2500711201422408
  0
LWPOLYLINE
  5
1651
  100
AcDbEntity
  8
Bottom-Layer
  100
AcDbPolyline
  90
2
  70
0
  43
0.15000000000000002
  10
-0.00006350012700025401
  20
-3.2500711201422408
  10
-0.00006350012700025401
  20
-3.0500482600965206
  0
LWPOLYLINE
  5
1653
  100
AcDbEntity
  8
Bottom-Layer
  100
AcDbPolyline
  90
2
  70
0
  43
0.15000000000000002
  10
-0.2
  20
-4.4000076200152405
  10
0.99993903987808
  20
-3.200068580137161
  0
LWPOLYLINE
  5
1654
  100
AcDbEntity
  8
Bottom-Layer
  100
AcDbPolyline
  90
2
  70
0
  43
0.15000000000000002
  10
0.99993903987808
  20
-3.200068580137161
  10
0.99993903987808
  20
-3.0500482600965206
  0
LWPOLYLINE
  5
1656
  100
AcDbEntity
  8
Bottom-Layer
  100
AcDbPolyline
  90
2
  70
0
  43
0.15000000000000002
  10
0.7000025400050801
  20
-4.4000076200152405
  10
1.9999415798831601
  20
-3.1000685801371604
  0
LWPOLYLINE
  5
1657
  100
AcDbEntity
  8
Bottom-Layer
  100
AcDbPolyline
  90
2
  70
0
  43
0.15000000000000002
  10
1.9999415798831601
  20
-3.1000685801371604
  10
1.9999415798831601
  20
-3.0500482600965206
  0
LWPOLYLINE
  5
1663
  100
AcDbEntity
  8
Bottom-Layer
  100
AcDbPolyline
  90
2
  70
0
  43
0.15000000000000002
  10
3.1500050800101604
  20
-3.2000076200152408
  10
3.1500050800101604
  20
-2.1001143002286007
  0
LWPOLYLINE
  5
1664
  100
AcDbEntity
  8
Bottom-Layer
  100
AcDbPolyline
  90
2
  70
0
  43
0.15000000000000002
  10
3.1500050800101604
  20
-2.1001143002286007
  10
3.04994157988316
  20
-2.0000482600965204
  0
LWPOLYLINE
  5
1668
  100
AcDbEntity
  8
Bottom-Layer
  100
AcDbPolyline
  90
2
  70
0
  43
0.30000000000000004
  10
-1.0951181102362206
  20
4.00000762001524
  10
-1.0951181102362206
  20
3.15490982981966
  0
LWPOLYLINE
  5
1669
  100
AcDbEntity
  8
Bottom-Layer
  100
AcDbPolyline
  90
2
  70
0
  43
0.30000000000000004
  10
-1.0951181102362206
  20
3.15490982981966
  10
-1.2000660401320804
  20
3.0499618999238
  0
LWPOLYLINE
  5
1674
  100
AcDbEntity
  8
Bottom-Layer
  100
AcDbPolyline
  90
2
  70
0
  43
0.30000000000000004
  10
-0.22500127000254003
  20
2.2750038100076204
  10
-0.22500127000254003
  20
3.0250241300482608
  0
LWPOLYLINE
  5
1675
  100
AcDbEntity
  8
Bottom-Layer
  100
AcDbPolyline
  90
2
  70
0
  43
0.30000000000000004
  10
-0.22500127000254003
  20
3.0250241300482608
  10
-0.20006350012700028
  20
3.0499618999238
  0
LWPOLYLINE
  5
1678
  100
AcDbEntity
  8
Bottom-Layer
  100
AcDbPolyline
  90
2
  70
0
  43
0.30000000000000004
  10
0.6000000000000001
  20
2.2000050800101603
  10
0.7999390398780799
  20
2.3999415798831603
  0
LWPOLYLINE
  5
1679
  100
AcDbEntity
  8
Bottom-Layer
  100
AcDbPolyline
  90
2
  70
0
  43
0.30000000000000004
  10
0.7999390398780799
  20
2.3999415798831603
  10
0.7999390398780799
  20
3.0499618999238
  0
LWPOLYLINE
  5
1680
  100
AcDbEntity
  8
Bottom-Layer
  100
AcDbPolyline
  90
2
  70
0
  43
0.30000000000000004
  10
0.7999390398780799
  20
3.127056134112269
  10
0.7999390398780799
  20
3.0499618999238
  0
LWPOLYLINE
  5
1681
  100
AcDbEntity
  8
Bottom-Layer
  100
AcDbPolyline
  90
2
  70
0
  43
0.30000000000000004
  10
0.7327914655829313
  20
3.8142900685801373
  10
0.7327914655829313
  20
3.194203708407417
  0
LWPOLYLINE
  5
1682
  100
AcDbEntity
  8
Bottom-Layer
  100
AcDbPolyline
  90
2
  70
0
  43
0.30000000000000004
  10
0.7327914655829313
  20
3.194203708407417
  10
0.7999390398780799
  20
3.127056134112269
  0
LWPOLYLINE
  5
1686
  100
AcDbEntity
  8
Bottom-Layer
  100
AcDbPolyline
  90
2
  70
0
  43
0.30000000000000004
  10
-2.2250038100076206
  20
-1.0750012700025402
  10
-2.9751130302260607
  20
-1.0750012700025402
  0
LWPOLYLINE
  5
1687
  100
AcDbEntity
  8
Bottom-Layer
  100
AcDbPolyline
  90
2
  70
0
  43
0.30000000000000004
  10
-2.9751130302260607
  20
-1.0750012700025402
  10
-3.0500685801371605
  20
-1.0000457200914403
  0
LWPOLYLINE
  5
1690
  100
AcDbEntity
  8
Bottom-Layer
  100
AcDbPolyline
  90
2
  70
0
  43
0.30000000000000004
  10
-2.1750038100076203
  20
-1.9750038100076202
  10
-3.0250241300482608
  20
-1.9750038100076202
  0
LWPOLYLINE
  5
1691
  100
AcDbEntity
  8
Bottom-Layer
  100
AcDbPolyline
  90
2
  70
0
  43
0.30000000000000004
  10
-3.0250241300482608
  20
-1.9750038100076202
  10
-3.0500685801371605
  20
-2.0000482600965204
  0
LWPOLYLINE
  5
1696
  100
AcDbEntity
  8
Bottom-Layer
  100
AcDbPolyline
  90
2
  70
0
  43
0.30000000000000004
  10
-1.2000025400050804
  20
2.2750038100076204
  10
-1.2000025400050804
  20
3.0498983997968
  0
LWPOLYLINE
  5
1699
  100
AcDbEntity
  8
Bottom-Layer
  100
AcDbPolyline
  90
2
  70
0
  43
0.30000000000000004
  10
-2.2250038100076206
  20
2.1500050800101604
  10
-2.2000685801371604
  20
2.17494030988062
  0
LWPOLYLINE
  5
1700
  100
AcDbEntity
  8
Bottom-Layer
  100
AcDbPolyline
  90
2
  70
0
  43
0.30000000000000004
  10
-2.2000685801371604
  20
2.17494030988062
  10
-2.2000685801371604
  20
3.0499618999238
  0
LWPOLYLINE
  5
1702
  100
AcDbEntity
  8
Bottom-Layer
  100
AcDbPolyline
  90
2
  70
0
  43
0.30000000000000004
  10
1.9250038100076203
  20
-0.25
  10
2.17496062992126
  20
-0.00004318008636017272
  0
LWPOLYLINE
  5
1703
  100
AcDbEntity
  8
Bottom-Layer
  100
AcDbPolyline
  90
2
  70
0
  43
0.30000000000000004
  10
2.17496062992126
  20
-0.00004318008636017272
  10
3.04994157988316
  20
-0.00004318008636017272
  0
LWPOLYLINE
  5
1704
  100
AcDbEntity
  8
Bottom-Layer
  100
AcDbPolyline
  90
2
  70
0
  43
0.30000000000000004
  10
-0.5000635001270003
  20
-0.5000431800863602
  10
-0.5000635001270003
  20
0.4999568199136399
  0
LWPOLYLINE
  5
1705
  100
AcDbEntity
  8
Bottom-Layer
  100
AcDbPolyline
  90
2
  70
0
  43
0.30000000000000004
  10
0.4999364998729998
  20
-0.5000431800863602
  10
0.4999364998729998
  20
0.4999568199136399
  0
LWPOLYLINE
  5
1706
  100
AcDbEntity
  8
Bottom-Layer
  100
AcDbPolyline
  90
2
  70
0
  43
0.30000000000000004
  10
-0.5000635001270003
  20
0.4999568199136399
  10
0.4999364998729998
  20
0.4999568199136399
  0
LWPOLYLINE
  5
1707
  100
AcDbEntity
  8
Bottom-Layer
  100
AcDbPolyline
  90
2
  70
0
  43
0.30000000000000004
  10
0.4999364998729998
  20
0.4999568199136399
  10
0.6000000000000001
  20
0.6000203200406402
  0
LWPOLYLINE
  5
1708
  100
AcDbEntity
  8
Bottom-Layer
  100
AcDbPolyline
  90
2
  70
0
  43
0.30000000000000004
  10
0.6000000000000001
  20
0.6000203200406402
  10
0.6000000000000001
  20
2.2000050800101603
  0
LWPOLYLINE
  5
1713
  100
AcDbEntity
  8
Bottom-Layer
  100
AcDbPolyline
  90
2
  70
0
  43
0.2
  10
1.9250038100076203
  20
2.2000050800101603
  10
2.027081534163069
  20
2.2000050800101603
  0
LWPOLYLINE
  5
1714
  100
AcDbEntity
  8
Bottom-Layer
  100
AcDbPolyline
  90
2
  70
0
  43
0.30000000000000004
  10
-4.00000762001524
  20
0.8671856743713489
  10
-3.1828422656845317
  20
0.8671856743713489
  0
LWPOLYLINE
  5
1715
  100
AcDbEntity
  8
Bottom-Layer
  100
AcDbPolyline
  90
2
  70
0
  43
0.30000000000000004
  10
-3.1828422656845317
  20
0.8671856743713489
  10
-3.0500685801371605
  20
0.99995935991872
  0
LWPOLYLINE
  5
1716
  100
AcDbEntity
  8
Bottom-Layer
  100
AcDbPolyline
  90
2
  70
0
  43
0.30000000000000004
  10
-2.896004572009144
  20
0.5
  10
-2.896004572009144
  20
0.1540208280416561
  0
LWPOLYLINE
  5
1717
  100
AcDbEntity
  8
Bottom-Layer
  100
AcDbPolyline
  90
2
  70
0
  43
0.30000000000000004
  10
-2.896004572009144
  20
0.1540208280416561
  10
-3.0500685801371605
  20
-0.00004318008636017272
  0
LWPOLYLINE
  5
1718
  100
AcDbEntity
  8
Bottom-Layer
  100
AcDbPolyline
  90
2
  70
0
  43
0.30000000000000004
  10
-2.896004572009144
  20
0.5
  10
-2.896004572009144
  20
0.8458953517907037
  0
LWPOLYLINE
  5
1719
  100
AcDbEntity
  8
Bottom-Layer
  100
AcDbPolyline
  90
2
  70
0
  43
0.30000000000000004
  10
-2.896004572009144
  20
0.8458953517907037
  10
-3.0500685801371605
  20
0.99995935991872
  0
LWPOLYLINE
  5
1721
  100
AcDbEntity
  8
Bottom-Layer
  100
AcDbPolyline
  90
2
  70
0
  43
0.2
  10
2.7270078740157486
  20
3.1770078740157484
  10
3.432941325882652
  20
3.1770078740157484
  0
LWPOLYLINE
  5
1722
  100
AcDbEntity
  8
Bottom-Layer
  100
AcDbPolyline
  90
2
  70
0
  43
0.2
  10
2.027081534163069
  20
2.2000050800101603
  10
2.4500050800101603
  20
2.622928625857252
  0
LWPOLYLINE
  5
1723
  100
AcDbEntity
  8
Bottom-Layer
  100
AcDbPolyline
  90
2
  70
0
  43
0.2
  10
2.4500050800101603
  20
2.622928625857252
  10
2.4500050800101603
  20
2.9000050800101604
  0
LWPOLYLINE
  5
1724
  100
AcDbEntity
  8
Bottom-Layer
  100
AcDbPolyline
  90
2
  70
0
  43
0.2
  10
2.4500050800101603
  20
2.9000050800101604
  10
2.7270078740157486
  20
3.1770078740157484
  0
LWPOLYLINE
  5
1753
  100
AcDbEntity
  8
Bottom-Layer
  100
AcDbPolyline
  90
2
  70
0
  43
0.30000000000000004
  10
-2.896004572009144
  20
0.5
  10
-0.5000635001270003
  20
0.4999568199136399
  0
LWPOLYLINE
  5
1769
  100
AcDbEntity
  8
Bottom-Layer
  100
AcDbPolyline
  90
2
  70
0
  43
0.15000000000000002
  10
1.79994157988316
  20
3.0499618999238
  10
1.8500025400050801
  20
3.1000228600457205
  0
LWPOLYLINE
  5
1770
  100
AcDbEntity
  8
Bottom-Layer
  100
AcDbPolyline
  90
2
  70
0
  43
0.15000000000000002
  10
1.8500025400050801
  20
3.1000228600457205
  10
1.8500025400050801
  20
3.8000076200152404
  0
LWPOLYLINE
  5
1784
  100
AcDbEntity
  8
Bottom-Layer
  100
AcDbPolyline
  90
2
  70
0
  43
0.15000000000000002
  10
3.04994157988316
  20
1.9999618999238
  10
3.12489966979934
  20
1.9250038100076203
  0
LWPOLYLINE
  5
1785
  100
AcDbEntity
  8
Bottom-Layer
  100
AcDbPolyline
  90
2
  70
0
  43
0.15000000000000002
  10
3.925008890017781
  20
1.9250038100076203
  10
4.4000076200152405
  20
1.4500025400050802
  0
LWPOLYLINE
  5
1788
  100
AcDbEntity
  8
Bottom-Layer
  100
AcDbPolyline
  90
2
  70
0
  43
0.15000000000000002
  10
3.12489966979934
  20
1.9250038100076203
  10
3.925008890017781
  20
1.9250038100076203
  0
LWPOLYLINE
  5
1801
  100
AcDbEntity
  8
Bottom-Layer
  100
AcDbPolyline
  90
2
  70
0
  43
0.15000000000000002
  10
4.25000762001524
  20
0.7750012700025402
  10
4.02504953009906
  20
0.99995935991872
  0
LWPOLYLINE
  5
1802
  100
AcDbEntity
  8
Bottom-Layer
  100
AcDbPolyline
  90
2
  70
0
  43
0.15000000000000002
  10
4.02504953009906
  20
0.99995935991872
  10
3.04994157988316
  20
0.99995935991872
  0
LWPOLYLINE
  5
1837
  100
AcDbEntity
  8
Bottom-Layer
  100
AcDbPolyline
  90
2
  70
0
  43
0.30000000000000004
  10
-3.0500685801371605
  20
1.9999618999238
  10
-3.125026670053341
  20
1.9250038100076203
  0
LWPOLYLINE
  5
1838
  100
AcDbEntity
  8
Bottom-Layer
  100
AcDbPolyline
  90
2
  70
0
  43
0.30000000000000004
  10
-3.125026670053341
  20
1.9250038100076203
  10
-3.925008890017781
  20
1.9250038100076203
  0
LWPOLYLINE
  5
1845
  100
AcDbEntity
  8
Bottom-Layer
  100
AcDbPolyline
  90
2
  70
0
  43
0.30000000000000004
  10
0.4999364998729998
  20
-0.5000431800863602
  10
1.6749606299212603
  20
-0.5000431800863602
  0
LWPOLYLINE
  5
1846
  100
AcDbEntity
  8
Bottom-Layer
  100
AcDbPolyline
  90
2
  70
0
  43
0.30000000000000004
  10
1.6749606299212603
  20
-0.5000431800863602
  10
1.9250038100076203
  20
-0.25
  0
LWPOLYLINE
  5
1852
  100
AcDbEntity
  8
Bottom-Layer
  100
AcDbPolyline
  90
2
  70
0
  43
0.15000000000000002
  10
-1.7500025400050803
  20
4.001120142240286
  10
-1.3241148082296168
  20
4.427010414020828
  0
LWPOLYLINE
  5
1853
  100
AcDbEntity
  8
Bottom-Layer
  100
AcDbPolyline
  90
2
  70
0
  43
0.15000000000000002
  10
-1.3241148082296168
  20
4.427010414020828
  10
-0.24800101600203203
  20
4.427010414020828
  0
LWPOLYLINE
  5
1855
  100
AcDbEntity
  8
Bottom-Layer
  100
AcDbPolyline
  90
2
  70
0
  43
0.15000000000000002
  10
-0.24800101600203203
  20
4.427010414020828
  10
0.3721158242316485
  20
5.047127254254509
  0
LWPOLYLINE
  5
1856
  100
AcDbEntity
  8
Bottom-Layer
  100
AcDbPolyline
  90
2
  70
0
  43
0.15000000000000002
  10
0.3721158242316485
  20
5.047127254254509
  10
0.3721158242316485
  20
5.084272288544578
  0
LWPOLYLINE
  5
1857
  100
AcDbEntity
  8
Bottom-Layer
  100
AcDbPolyline
  90
2
  70
0
  43
0.2
  10
3.432941325882652
  20
3.1770078740157484
  10
4.852009144018288
  20
1.757932435864872
  0
LWPOLYLINE
  5
1858
  100
AcDbEntity
  8
Bottom-Layer
  100
AcDbPolyline
  90
2
  70
0
  43
0.2
  10
5.204010668021336
  20
1.9037363474726954
  10
3.578745237490475
  20
3.529006858013717
  0
LWPOLYLINE
  5
1859
  100
AcDbEntity
  8
Bottom-Layer
  100
AcDbPolyline
  90
2
  70
0
  43
0.2
  10
3.578745237490475
  20
3.529006858013717
  10
3.5710058420116844
  20
3.529006858013717
  0
LWPOLYLINE
  5
1860
  100
AcDbEntity
  8
Bottom-Layer
  100
AcDbPolyline
  90
2
  70
0
  43
0.2
  10
2.6625044450088904
  20
4.43750825501651
  10
1.3560096520193041
  20
4.43750825501651
  0
LWPOLYLINE
  5
1861
  100
AcDbEntity
  8
Bottom-Layer
  100
AcDbPolyline
  90
2
  70
0
  43
0.2
  10
1.3560096520193041
  20
4.43750825501651
  10
0.7327914655829313
  20
3.8142900685801373
  0
LWPOLYLINE
  5
1862
  100
AcDbEntity
  8
Bottom-Layer
  100
AcDbPolyline
  90
2
  70
0
  43
0.2
  10
3.5710058420116844
  20
3.529006858013717
  10
2.6625044450088904
  20
4.43750825501651
  0
LWPOLYLINE
  5
1863
  100
AcDbEntity
  8
Bottom-Layer
  100
AcDbPolyline
  90
2
  70
0
  43
0.2
  10
4.852009144018288
  20
1.757932435864872
  10
4.852009144018288
  20
-1.4730022860045724
  0
LWPOLYLINE
  5
1864
  100
AcDbEntity
  8
Bottom-Layer
  100
AcDbPolyline
  90
2
  70
0
  43
0.2
  10
5.204010668021336
  20
-1.6710033020066044
  10
5.204010668021336
  20
1.9037363474726954
  0
LWPOLYLINE
  5
1865
  100
AcDbEntity
  8
Bottom-Layer
  100
AcDbPolyline
  90
2
  70
0
  43
0.2
  10
3.675006350012701
  20
-2.65000508001016
  10
4.852009144018288
  20
-1.4730022860045724
  0
LWPOLYLINE
  5
1866
  100
AcDbEntity
  8
Bottom-Layer
  100
AcDbPolyline
  90
2
  70
0
  43
0.2
  10
3.675006350012701
  20
-3.925008890017781
  10
3.3000076200152404
  20
-4.300007620015241
  0
LWPOLYLINE
  5
1867
  100
AcDbEntity
  8
Bottom-Layer
  100
AcDbPolyline
  90
2
  70
0
  43
0.2
  10
3.3000076200152404
  20
-4.300007620015241
  10
3.3000076200152404
  20
-4.704008128016257
  0
LWPOLYLINE
  5
1868
  100
AcDbEntity
  8
Bottom-Layer
  100
AcDbPolyline
  90
2
  70
0
  43
0.2
  10
3.675006350012701
  20
-3.925008890017781
  10
3.675006350012701
  20
-2.65000508001016
  0
LWPOLYLINE
  5
1878
  100
AcDbEntity
  8
Bottom-Layer
  100
AcDbPolyline
  90
2
  70
0
  43
0.15000000000000002
  10
-3.9711557023114055
  20
2.5750038100076202
  10
-3.0500050800101604
  20
2.5750038100076202
  0
LWPOLYLINE
  5
1879
  100
AcDbEntity
  8
Bottom-Layer
  100
AcDbPolyline
  90
2
  70
0
  43
0.15000000000000002
  10
-2.57504953009906
  20
3.0499618999238
  10
-2.2000685801371604
  20
3.0499618999238
  0
LWPOLYLINE
  5
1880
  100
AcDbEntity
  8
Bottom-Layer
  100
AcDbPolyline
  90
2
  70
0
  43
0.15000000000000002
  10
-3.0500050800101604
  20
2.5750038100076202
  10
-2.57504953009906
  20
3.0499618999238
  0
LWPOLYLINE
  5
1884
  100
AcDbEntity
  8
Bottom-Layer
  100
AcDbPolyline
  90
2
  70
0
  43
0.2
  10
4.275008890017781
  20
-4.395328930657861
  10
4.275008890017781
  20
-2.60000508001016
  0
LWPOLYLINE
  5
1885
  100
AcDbEntity
  8
Bottom-Layer
  100
AcDbPolyline
  90
2
  70
0
  43
0.2
  10
4.275008890017781
  20
-2.60000508001016
  10
5.204010668021336
  20
-1.6710033020066044
  0
LWPOLYLINE
  5
1894
  100
AcDbEntity
  8
Bottom-Layer
  100
AcDbPolyline
  90
2
  70
0
  43
0.15000000000000002
  10
-5.318315976631954
  20
-1.6933096266192533
  10
-5.318315976631954
  20
-1.2933070866141732
  0
LWPOLYLINE
  5
1895
  100
AcDbEntity
  8
Bottom-Layer
  100
AcDbPolyline
  90
2
  70
0
  43
0.15000000000000002
  10
-5.000010160020321
  20
-0.9750012700025402
  10
-4.60001016002032
  20
-0.9750012700025402
  0
LWPOLYLINE
  5
1896
  100
AcDbEntity
  8
Bottom-Layer
  100
AcDbPolyline
  90
2
  70
0
  43
0.15000000000000002
  10
-5.318315976631954
  20
-1.2933070866141732
  10
-5.000010160020321
  20
-0.9750012700025402
  0
HATCH
  5
2276
  100
AcDbEntity
  8
Bottom-Layer
  100
AcDbHatch
  10
0
  20
0
  30
0
  210
0
  220
0
  230
1
  2
SOLID
  70
1
  71
0
  91
1
  92
7
  72
0
  73
1
  93
4
  10
1.2499390398780783
  20
-2.650046990093981
  10
1.2499390398780783
  20
-3.450049530099061
  10
0.7499390398780781
  20
-3.450049530099061
  10
0.7499390398780783
  20
-2.650046990093981
  97
1
  330
2275
  75
0
  76
1
  47
0.4128176842155181
  98
1
  10
34.90568961886538
  20
22.81183545379326
  450
0
  451
0
  460
0
  461
0
  452
1
  462
1
  453
2
  463
0
  63
5
  421
255
  463
1
  63
7
  421
16777215
  470
LINEAR
  1001
ACAD
  1010
0
  1020
0
  1030
0
  0
LWPOLYLINE
  5
2275
  100
AcDbEntity
  8
Bottom-Layer
  100
AcDbPolyline
  90
4
  70
1
  43
0
  10
1.2499390398780783
  20
-2.650046990093981
  10
1.2499390398780783
  20
-3.450049530099061
  10
0.7499390398780781
  20
-3.450049530099061
  10
0.7499390398780783
  20
-2.650046990093981
  0
HATCH
  5
2282
  100
AcDbEntity
  8
Bottom-Layer
  100
AcDbHatch
  10
0
  20
0
  30
0
  210
0
  220
0
  230
1
  2
SOLID
  70
1
  71
0
  91
1
  92
7
  72
0
  73
1
  93
10
  10
1.74994157988316
  20
-2.9000469900939803
  10
1.8231648845865234
  20
-2.7232702947973437
  10
1.9999415798831601
  20
-2.6500469900939803
  10
2.176718275179797
  20
-2.7232702947973437
  10
2.24994157988316
  20
-2.9000469900939807
  10
2.24994157988316
  20
-3.2000495300990606
  10
2.176718275179797
  20
-3.376826225395697
  10
1.9999415798831601
  20
-3.4500495300990606
  10
1.8231648845865234
  20
-3.376826225395697
  10
1.74994157988316
  20
-3.2000495300990606
  97
1
  330
2281
  75
0
  76
1
  47
0.4128176842155181
  98
1
  10
34.90568961886538
  20
22.81183545379326
  450
0
  451
0
  460
0
  461
0
  452
1
  462
1
  453
2
  463
0
  63
5
  421
255
  463
1
  63
7
  421
16777215
  470
LINEAR
  1001
ACAD
  1010
0
  1020
0
  1030
0
  0
LWPOLYLINE
  5
2281
  100
AcDbEntity
  8
Bottom-Layer
  100
AcDbPolyline
  90
10
  70
1
  43
0
  10
1.74994157988316
  20
-2.9000469900939803
  10
1.8231648845865234
  20
-2.7232702947973437
  10
1.9999415798831601
  20
-2.6500469900939803
  10
2.176718275179797
  20
-2.7232702947973437
  10
2.24994157988316
  20
-2.9000469900939807
  10
2.24994157988316
  20
-3.2000495300990606
  10
2.176718275179797
  20
-3.376826225395697
  10
1.9999415798831601
  20
-3.4500495300990606
  10
1.8231648845865234
  20
-3.376826225395697
  10
1.74994157988316
  20
-3.2000495300990606
  0
HATCH
  5
2288
  100
AcDbEntity
  8
Bottom-Layer
  100
AcDbHatch
  10
0
  20
0
  30
0
  210
0
  220
0
  230
1
  2
SOLID
  70
1
  71
0
  91
1
  92
7
  72
0
  73
1
  93
4
  10
-0.7500660401320806
  20
-2.650046990093981
  10
-0.7500660401320808
  20
-3.450049530099061
  10
-1.2500660401320807
  20
-3.450049530099061
  10
-1.2500660401320804
  20
-2.650046990093981
  97
1
  330
2287
  75
0
  76
1
  47
0.4128176842155181
  98
1
  10
34.90568961886538
  20
22.81183545379326
  450
0
  451
0
  460
0
  461
0
  452
1
  462
1
  453
2
  463
0
  63
5
  421
255
  463
1
  63
7
  421
16777215
  470
LINEAR
  1001
ACAD
  1010
0
  1020
0
  1030
0
  0
LWPOLYLINE
  5
2287
  100
AcDbEntity
  8
Bottom-Layer
  100
AcDbPolyline
  90
4
  70
1
  43
0
  10
-0.7500660401320806
  20
-2.650046990093981
  10
-0.7500660401320808
  20
-3.450049530099061
  10
-1.2500660401320807
  20
-3.450049530099061
  10
-1.2500660401320804
  20
-2.650046990093981
  0
HATCH
  5
2294
  100
AcDbEntity
  8
Bottom-Layer
  100
AcDbHatch
  10
0
  20
0
  30
0
  210
0
  220
0
  230
1
  2
SOLID
  70
1
  71
0
  91
1
  92
7
  72
0
  73
1
  93
4
  10
-1.7500685801371614
  20
-2.6500469900939816
  10
-1.7500685801371614
  20
-3.4500495300990615
  10
-2.2500685801371616
  20
-3.450049530099061
  10
-2.250068580137161
  20
-2.650046990093981
  97
1
  330
2293
  75
0
  76
1
  47
0.4128176842155181
  98
1
  10
34.90568961886538
  20
22.81183545379326
  450
0
  451
0
  460
0
  461
0
  452
1
  462
1
  453
2
  463
0
  63
5
  421
255
  463
1
  63
7
  421
16777215
  470
LINEAR
  1001
ACAD
  1010
0
  1020
0
  1030
0
  0
LWPOLYLINE
  5
2293
  100
AcDbEntity
  8
Bottom-Layer
  100
AcDbPolyline
  90
4
  70
1
  43
0
  10
-1.7500685801371614
  20
-2.6500469900939816
  10
-1.7500685801371614
  20
-3.4500495300990615
  10
-2.2500685801371616
  20
-3.450049530099061
  10
-2.250068580137161
  20
-2.650046990093981
  0
HATCH
  5
2300
  100
AcDbEntity
  8
Bottom-Layer
  100
AcDbHatch
  10
0
  20
0
  30
0
  210
0
  220
0
  230
1
  2
SOLID
  70
1
  71
0
  91
1
  92
7
  72
0
  73
1
  93
4
  10
0.24993649987299962
  20
-2.650046990093981
  10
0.24993649987299954
  20
-3.450049530099061
  10
-0.2500635001270005
  20
-3.450049530099061
  10
-0.2500635001270004
  20
-2.650046990093981
  97
1
  330
2299
  75
0
  76
1
  47
0.4128176842155181
  98
1
  10
34.90568961886538
  20
22.81183545379326
  450
0
  451
0
  460
0
  461
0
  452
1
  462
1
  453
2
  463
0
  63
5
  421
255
  463
1
  63
7
  421
16777215
  470
LINEAR
  1001
ACAD
  1010
0
  1020
0
  1030
0
  0
LWPOLYLINE
  5
2299
  100
AcDbEntity
  8
Bottom-Layer
  100
AcDbPolyline
  90
4
  70
1
  43
0
  10
0.24993649987299962
  20
-2.650046990093981
  10
0.24993649987299954
  20
-3.450049530099061
  10
-0.2500635001270005
  20
-3.450049530099061
  10
-0.2500635001270004
  20
-2.650046990093981
  0
HATCH
  5
2306
  100
AcDbEntity
  8
Bottom-Layer
  100
AcDbHatch
  10
0
  20
0
  30
0
  210
0
  220
0
  230
1
  2
SOLID
  70
1
  71
0
  91
1
  92
7
  72
0
  73
1
  93
4
  10
-3.450069850139701
  20
-0.7500457200914403
  10
-2.650067310134621
  20
-0.7500457200914403
  10
-2.650067310134621
  20
-1.25004572009144
  10
-3.4500698501397014
  20
-1.25004572009144
  97
1
  330
2305
  75
0
  76
1
  47
0.4128176842155181
  98
1
  10
34.90568961886538
  20
22.81183545379326
  450
0
  451
0
  460
0
  461
0
  452
1
  462
1
  453
2
  463
0
  63
5
  421
255
  463
1
  63
7
  421
16777215
  470
LINEAR
  1001
ACAD
  1010
0
  1020
0
  1030
0
  0
LWPOLYLINE
  5
2305
  100
AcDbEntity
  8
Bottom-Layer
  100
AcDbPolyline
  90
4
  70
1
  43
0
  10
-3.450069850139701
  20
-0.7500457200914403
  10
-2.650067310134621
  20
-0.7500457200914403
  10
-2.650067310134621
  20
-1.25004572009144
  10
-3.4500698501397014
  20
-1.25004572009144
  0
HATCH
  5
2312
  100
AcDbEntity
  8
Bottom-Layer
  100
AcDbHatch
  10
0
  20
0
  30
0
  210
0
  220
0
  230
1
  2
SOLID
  70
1
  71
0
  91
1
  92
7
  72
0
  73
1
  93
4
  10
-3.4500698501397014
  20
-1.7500482600965197
  10
-2.6500673101346215
  20
-1.7500482600965201
  10
-2.6500673101346215
  20
-2.25004826009652
  10
-3.4500698501397014
  20
-2.2500482600965195
  97
1
  330
2311
  75
0
  76
1
  47
0.4128176842155181
  98
1
  10
34.90568961886538
  20
22.81183545379326
  450
0
  451
0
  460
0
  461
0
  452
1
  462
1
  453
2
  463
0
  63
5
  421
255
  463
1
  63
7
  421
16777215
  470
LINEAR
  1001
ACAD
  1010
0
  1020
0
  1030
0
  0
LWPOLYLINE
  5
2311
  100
AcDbEntity
  8
Bottom-Layer
  100
AcDbPolyline
  90
4
  70
1
  43
0
  10
-3.4500698501397014
  20
-1.7500482600965197
  10
-2.6500673101346215
  20
-1.7500482600965201
  10
-2.6500673101346215
  20
-2.25004826009652
  10
-3.4500698501397014
  20
-2.2500482600965195
  0
HATCH
  5
2318
  100
AcDbEntity
  8
Bottom-Layer
  100
AcDbHatch
  10
0
  20
0
  30
0
  210
0
  220
0
  230
1
  2
SOLID
  70
1
  71
0
  91
1
  92
7
  72
0
  73
1
  93
4
  10
-3.4500698501397014
  20
1.2499593599187204
  10
-2.650067310134621
  20
1.2499593599187204
  10
-2.6500673101346215
  20
0.7499593599187205
  10
-3.4500698501397014
  20
0.7499593599187205
  97
1
  330
2317
  75
0
  76
1
  47
0.4128176842155181
  98
1
  10
34.90568961886538
  20
22.81183545379326
  450
0
  451
0
  460
0
  461
0
  452
1
  462
1
  453
2
  463
0
  63
5
  421
255
  463
1
  63
7
  421
16777215
  470
LINEAR
  1001
ACAD
  1010
0
  1020
0
  1030
0
  0
LWPOLYLINE
  5
2317
  100
AcDbEntity
  8
Bottom-Layer
  100
AcDbPolyline
  90
4
  70
1
  43
0
  10
-3.4500698501397014
  20
1.2499593599187204
  10
-2.650067310134621
  20
1.2499593599187204
  10
-2.6500673101346215
  20
0.7499593599187205
  10
-3.4500698501397014
  20
0.7499593599187205
  0
HATCH
  5
2324
  100
AcDbEntity
  8
Bottom-Layer
  100
AcDbHatch
  10
0
  20
0
  30
0
  210
0
  220
0
  230
1
  2
SOLID
  70
1
  71
0
  91
1
  92
7
  72
0
  73
1
  93
4
  10
-3.450069850139701
  20
2.249961899923801
  10
-2.650067310134621
  20
2.2499618999238007
  10
-2.6500673101346215
  20
1.749961899923801
  10
-3.4500698501397014
  20
1.7499618999238014
  97
1
  330
2323
  75
0
  76
1
  47
0.4128176842155181
  98
1
  10
34.90568961886538
  20
22.81183545379326
  450
0
  451
0
  460
0
  461
0
  452
1
  462
1
  453
2
  463
0
  63
5
  421
255
  463
1
  63
7
  421
16777215
  470
LINEAR
  1001
ACAD
  1010
0
  1020
0
  1030
0
  0
LWPOLYLINE
  5
2323
  100
AcDbEntity
  8
Bottom-Layer
  100
AcDbPolyline
  90
4
  70
1
  43
0
  10
-3.450069850139701
  20
2.249961899923801
  10
-2.650067310134621
  20
2.2499618999238007
  10
-2.6500673101346215
  20
1.749961899923801
  10
-3.4500698501397014
  20
1.7499618999238014
  0
HATCH
  5
2330
  100
AcDbEntity
  8
Bottom-Layer
  100
AcDbHatch
  10
0
  20
0
  30
0
  210
0
  220
0
  230
1
  2
SOLID
  70
1
  71
0
  91
1
  92
7
  72
0
  73
1
  93
4
  10
2.0499415798831597
  20
3.449963169926339
  10
2.0499415798831597
  20
2.6499606299212592
  10
1.5499415798831593
  20
2.6499606299212597
  10
1.5499415798831593
  20
3.4499631699263396
  97
1
  330
2329
  75
0
  76
1
  47
0.4128176842155181
  98
1
  10
34.90568961886538
  20
22.81183545379326
  450
0
  451
0
  460
0
  461
0
  452
1
  462
1
  453
2
  463
0
  63
5
  421
255
  463
1
  63
7
  421
16777215
  470
LINEAR
  1001
ACAD
  1010
0
  1020
0
  1030
0
  0
LWPOLYLINE
  5
2329
  100
AcDbEntity
  8
Bottom-Layer
  100
AcDbPolyline
  90
4
  70
1
  43
0
  10
2.0499415798831597
  20
3.449963169926339
  10
2.0499415798831597
  20
2.6499606299212592
  10
1.5499415798831593
  20
2.6499606299212597
  10
1.5499415798831593
  20
3.4499631699263396
  0
HATCH
  5
2336
  100
AcDbEntity
  8
Bottom-Layer
  100
AcDbHatch
  10
0
  20
0
  30
0
  210
0
  220
0
  230
1
  2
SOLID
  70
1
  71
0
  91
1
  92
7
  72
0
  73
1
  93
4
  10
1.0499390398780788
  20
3.449963169926339
  10
1.0499390398780788
  20
2.6499606299212592
  10
0.5499390398780788
  20
2.6499606299212592
  10
0.549939039878079
  20
3.449963169926339
  97
1
  330
2335
  75
0
  76
1
  47
0.4128176842155181
  98
1
  10
34.90568961886538
  20
22.81183545379326
  450
0
  451
0
  460
0
  461
0
  452
1
  462
1
  453
2
  463
0
  63
5
  421
255
  463
1
  63
7
  421
16777215
  470
LINEAR
  1001
ACAD
  1010
0
  1020
0
  1030
0
  0
LWPOLYLINE
  5
2335
  100
AcDbEntity
  8
Bottom-Layer
  100
AcDbPolyline
  90
4
  70
1
  43
0
  10
1.0499390398780788
  20
3.449963169926339
  10
1.0499390398780788
  20
2.6499606299212592
  10
0.5499390398780788
  20
2.6499606299212592
  10
0.549939039878079
  20
3.449963169926339
  0
HATCH
  5
2342
  100
AcDbEntity
  8
Bottom-Layer
  100
AcDbHatch
  10
0
  20
0
  30
0
  210
0
  220
0
  230
1
  2
SOLID
  70
1
  71
0
  91
1
  92
7
  72
0
  73
1
  93
4
  10
0.04993649987300046
  20
3.449963169926339
  10
0.0499364998730004
  20
2.6499606299212592
  10
-0.4500635001269997
  20
2.6499606299212592
  10
-0.4500635001269996
  20
3.449963169926339
  97
1
  330
2341
  75
0
  76
1
  47
0.4128176842155181
  98
1
  10
34.90568961886538
  20
22.81183545379326
  450
0
  451
0
  460
0
  461
0
  452
1
  462
1
  453
2
  463
0
  63
5
  421
255
  463
1
  63
7
  421
16777215
  470
LINEAR
  1001
ACAD
  1010
0
  1020
0
  1030
0
  0
LWPOLYLINE
  5
2341
  100
AcDbEntity
  8
Bottom-Layer
  100
AcDbPolyline
  90
4
  70
1
  43
0
  10
0.04993649987300046
  20
3.449963169926339
  10
0.0499364998730004
  20
2.6499606299212592
  10
-0.4500635001269997
  20
2.6499606299212592
  10
-0.4500635001269996
  20
3.449963169926339
  0
HATCH
  5
2348
  100
AcDbEntity
  8
Bottom-Layer
  100
AcDbHatch
  10
0
  20
0
  30
0
  210
0
  220
0
  230
1
  2
SOLID
  70
1
  71
0
  91
1
  92
7
  72
0
  73
1
  93
4
  10
-0.9500660401320815
  20
3.449963169926339
  10
-0.9500660401320817
  20
2.6499606299212592
  10
-1.4500660401320817
  20
2.6499606299212592
  10
-1.4500660401320817
  20
3.449963169926339
  97
1
  330
2347
  75
0
  76
1
  47
0.4128176842155181
  98
1
  10
34.90568961886538
  20
22.81183545379326
  450
0
  451
0
  460
0
  461
0
  452
1
  462
1
  453
2
  463
0
  63
5
  421
255
  463
1
  63
7
  421
16777215
  470
LINEAR
  1001
ACAD
  1010
0
  1020
0
  1030
0
  0
LWPOLYLINE
  5
2347
  100
AcDbEntity
  8
Bottom-Layer
  100
AcDbPolyline
  90
4
  70
1
  43
0
  10
-0.9500660401320815
  20
3.449963169926339
  10
-0.9500660401320817
  20
2.6499606299212592
  10
-1.4500660401320817
  20
2.6499606299212592
  10
-1.4500660401320817
  20
3.449963169926339
  0
HATCH
  5
2354
  100
AcDbEntity
  8
Bottom-Layer
  100
AcDbHatch
  10
0
  20
0
  30
0
  210
0
  220
0
  230
1
  2
SOLID
  70
1
  71
0
  91
1
  92
7
  72
0
  73
1
  93
4
  10
-1.95006858013716
  20
3.4499631699263387
  10
-1.95006858013716
  20
2.649960629921259
  10
-2.4500685801371596
  20
2.649960629921259
  10
-2.4500685801371596
  20
3.4499631699263387
  97
1
  330
2353
  75
0
  76
1
  47
0.4128176842155181
  98
1
  10
34.90568961886538
  20
22.81183545379326
  450
0
  451
0
  460
0
  461
0
  452
1
  462
1
  453
2
  463
0
  63
5
  421
255
  463
1
  63
7
  421
16777215
  470
LINEAR
  1001
ACAD
  1010
0
  1020
0
  1030
0
  0
LWPOLYLINE
  5
2353
  100
AcDbEntity
  8
Bottom-Layer
  100
AcDbPolyline
  90
4
  70
1
  43
0
  10
-1.95006858013716
  20
3.4499631699263387
  10
-1.95006858013716
  20
2.649960629921259
  10
-2.4500685801371596
  20
2.649960629921259
  10
-2.4500685801371596
  20
3.4499631699263387
  0
HATCH
  5
2360
  100
AcDbEntity
  8
Bottom-Layer
  100
AcDbHatch
  10
0
  20
0
  30
0
  210
0
  220
0
  230
1
  2
SOLID
  70
1
  71
0
  91
1
  92
7
  72
0
  73
1
  93
4
  10
2.6499403098806207
  20
0.24995681991363955
  10
3.449942849885701
  20
0.24995681991363955
  10
3.4499428498857005
  20
-0.25004318008636023
  10
2.6499403098806207
  20
-0.25004318008636023
  97
1
  330
2359
  75
0
  76
1
  47
0.4128176842155181
  98
1
  10
34.90568961886538
  20
22.81183545379326
  450
0
  451
0
  460
0
  461
0
  452
1
  462
1
  453
2
  463
0
  63
5
  421
255
  463
1
  63
7
  421
16777215
  470
LINEAR
  1001
ACAD
  1010
0
  1020
0
  1030
0
  0
LWPOLYLINE
  5
2359
  100
AcDbEntity
  8
Bottom-Layer
  100
AcDbPolyline
  90
4
  70
1
  43
0
  10
2.6499403098806207
  20
0.24995681991363955
  10
3.449942849885701
  20
0.24995681991363955
  10
3.4499428498857005
  20
-0.25004318008636023
  10
2.6499403098806207
  20
-0.25004318008636023
  0
HATCH
  5
2366
  100
AcDbEntity
  8
Bottom-Layer
  100
AcDbHatch
  10
0
  20
0
  30
0
  210
0
  220
0
  230
1
  2
SOLID
  70
1
  71
0
  91
1
  92
7
  72
0
  73
1
  93
4
  10
2.6499403098806207
  20
-0.7500457200914408
  10
3.449942849885701
  20
-0.7500457200914408
  10
3.4499428498857005
  20
-1.2500457200914405
  10
2.6499403098806207
  20
-1.2500457200914405
  97
1
  330
2365
  75
0
  76
1
  47
0.4128176842155181
  98
1
  10
34.90568961886538
  20
22.81183545379326
  450
0
  451
0
  460
0
  461
0
  452
1
  462
1
  453
2
  463
0
  63
5
  421
255
  463
1
  63
7
  421
16777215
  470
LINEAR
  1001
ACAD
  1010
0
  1020
0
  1030
0
  0
LWPOLYLINE
  5
2365
  100
AcDbEntity
  8
Bottom-Layer
  100
AcDbPolyline
  90
4
  70
1
  43
0
  10
2.6499403098806207
  20
-0.7500457200914408
  10
3.449942849885701
  20
-0.7500457200914408
  10
3.4499428498857005
  20
-1.2500457200914405
  10
2.6499403098806207
  20
-1.2500457200914405
  0
HATCH
  5
2372
  100
AcDbEntity
  8
Bottom-Layer
  100
AcDbHatch
  10
0
  20
0
  30
0
  210
0
  220
0
  230
1
  2
SOLID
  70
1
  71
0
  91
1
  92
7
  72
0
  73
1
  93
4
  10
2.649940309880621
  20
-1.7500482600965201
  10
3.4499428498857005
  20
-1.7500482600965206
  10
3.4499428498857005
  20
-2.2500482600965204
  10
2.6499403098806207
  20
-2.25004826009652
  97
1
  330
2371
  75
0
  76
1
  47
0.4128176842155181
  98
1
  10
34.90568961886538
  20
22.81183545379326
  450
0
  451
0
  460
0
  461
0
  452
1
  462
1
  453
2
  463
0
  63
5
  421
255
  463
1
  63
7
  421
16777215
  470
LINEAR
  1001
ACAD
  1010
0
  1020
0
  1030
0
  0
LWPOLYLINE
  5
2371
  100
AcDbEntity
  8
Bottom-Layer
  100
AcDbPolyline
  90
4
  70
1
  43
0
  10
2.649940309880621
  20
-1.7500482600965201
  10
3.4499428498857005
  20
-1.7500482600965206
  10
3.4499428498857005
  20
-2.2500482600965204
  10
2.6499403098806207
  20
-2.25004826009652
  0
HATCH
  5
2378
  100
AcDbEntity
  8
Bottom-Layer
  100
AcDbHatch
  10
0
  20
0
  30
0
  210
0
  220
0
  230
1
  2
SOLID
  70
1
  71
0
  91
1
  92
7
  72
0
  73
1
  93
4
  10
2.6499403098806207
  20
1.24995935991872
  10
3.4499428498857005
  20
1.24995935991872
  10
3.4499428498857005
  20
0.7499593599187201
  10
2.6499403098806207
  20
0.7499593599187201
  97
1
  330
2377
  75
0
  76
1
  47
0.4128176842155181
  98
1
  10
34.90568961886538
  20
22.81183545379326
  450
0
  451
0
  460
0
  461
0
  452
1
  462
1
  453
2
  463
0
  63
5
  421
255
  463
1
  63
7
  421
16777215
  470
LINEAR
  1001
ACAD
  1010
0
  1020
0
  1030
0
  0
LWPOLYLINE
  5
2377
  100
AcDbEntity
  8
Bottom-Layer
  100
AcDbPolyline
  90
4
  70
1
  43
0
  10
2.6499403098806207
  20
1.24995935991872
  10
3.4499428498857005
  20
1.24995935991872
  10
3.4499428498857005
  20
0.7499593599187201
  10
2.6499403098806207
  20
0.7499593599187201
  0
HATCH
  5
2384
  100
AcDbEntity
  8
Bottom-Layer
  100
AcDbHatch
  10
0
  20
0
  30
0
  210
0
  220
0
  230
1
  2
SOLID
  70
1
  71
0
  91
1
  92
7
  72
0
  73
1
  93
4
  10
2.6499403098806207
  20
2.249961899923801
  10
3.4499428498857005
  20
2.2499618999238007
  10
3.4499428498857005
  20
1.749961899923801
  10
2.6499403098806207
  20
1.7499618999238014
  97
1
  330
2383
  75
0
  76
1
  47
0.4128176842155181
  98
1
  10
34.90568961886538
  20
22.81183545379326
  450
0
  451
0
  460
0
  461
0
  452
1
  462
1
  453
2
  463
0
  63
5
  421
255
  463
1
  63
7
  421
16777215
  470
LINEAR
  1001
ACAD
  1010
0
  1020
0
  1030
0
  0
LWPOLYLINE
  5
2383
  100
AcDbEntity
  8
Bottom-Layer
  100
AcDbPolyline
  90
4
  70
1
  43
0
  10
2.6499403098806207
  20
2.249961899923801
  10
3.4499428498857005
  20
2.2499618999238007
  10
3.4499428498857005
  20
1.749961899923801
  10
2.6499403098806207
  20
1.7499618999238014
  0
HATCH
  5
2390
  100
AcDbEntity
  8
Bottom-Layer
  100
AcDbHatch
  10
0
  20
0
  30
0
  210
0
  220
0
  230
1
  2
SOLID
  70
1
  71
0
  91
1
  92
7
  72
0
  73
1
  93
4
  10
-3.4500698501397014
  20
0.24995681991364
  10
-2.650067310134621
  20
0.24995681991364
  10
-2.6500673101346215
  20
-0.2500431800863598
  10
-3.4500698501397014
  20
-0.2500431800863598
  97
1
  330
2389
  75
0
  76
1
  47
0.4128176842155181
  98
1
  10
34.90568961886538
  20
22.81183545379326
  450
0
  451
0
  460
0
  461
0
  452
1
  462
1
  453
2
  463
0
  63
5
  421
255
  463
1
  63
7
  421
16777215
  470
LINEAR
  1001
ACAD
  1010
0
  1020
0
  1030
0
  0
LWPOLYLINE
  5
2389
  100
AcDbEntity
  8
Bottom-Layer
  100
AcDbPolyline
  90
4
  70
1
  43
0
  10
-3.4500698501397014
  20
0.24995681991364
  10
-2.650067310134621
  20
0.24995681991364
  10
-2.6500673101346215
  20
-0.2500431800863598
  10
-3.4500698501397014
  20
-0.2500431800863598
  0
HATCH
  5
2396
  100
AcDbEntity
  8
Bottom-Layer
  100
AcDbHatch
  10
0
  20
0
  30
0
  210
0
  220
0
  230
1
  2
SOLID
  70
1
  71
0
  91
1
  92
7
  72
0
  73
1
  93
4
  10
0.09993522987045948
  20
-0.10004191008381977
  10
0.8999377698755396
  20
-0.10004191008382006
  10
0.8999377698755393
  20
-0.9000444500889003
  10
0.09993522987045915
  20
-0.9000444500888998
  97
1
  330
2395
  75
0
  76
1
  47
0.4128176842155181
  98
1
  10
34.90568961886538
  20
22.81183545379326
  450
0
  451
0
  460
0
  461
0
  452
1
  462
1
  453
2
  463
0
  63
5
  421
255
  463
1
  63
7
  421
16777215
  470
LINEAR
  1001
ACAD
  1010
0
  1020
0
  1030
0
  0
LWPOLYLINE
  5
2395
  100
AcDbEntity
  8
Bottom-Layer
  100
AcDbPolyline
  90
4
  70
1
  43
0
  10
0.09993522987045948
  20
-0.10004191008381977
  10
0.8999377698755396
  20
-0.10004191008382006
  10
0.8999377698755393
  20
-0.9000444500889003
  10
0.09993522987045915
  20
-0.9000444500888998
  0
HATCH
  5
2402
  100
AcDbEntity
  8
Bottom-Layer
  100
AcDbHatch
  10
0
  20
0
  30
0
  210
0
  220
0
  230
1
  2
SOLID
  70
1
  71
0
  91
1
  92
7
  72
0
  73
1
  93
4
  10
0.09993522987045961
  20
0.8999580899161816
  10
0.8999377698755399
  20
0.8999580899161813
  10
0.8999377698755394
  20
0.09995554991110116
  10
0.09993522987045932
  20
0.0999555499111015
  97
1
  330
2401
  75
0
  76
1
  47
0.4128176842155181
  98
1
  10
34.90568961886538
  20
22.81183545379326
  450
0
  451
0
  460
0
  461
0
  452
1
  462
1
  453
2
  463
0
  63
5
  421
255
  463
1
  63
7
  421
16777215
  470
LINEAR
  1001
ACAD
  1010
0
  1020
0
  1030
0
  0
LWPOLYLINE
  5
2401
  100
AcDbEntity
  8
Bottom-Layer
  100
AcDbPolyline
  90
4
  70
1
  43
0
  10
0.09993522987045961
  20
0.8999580899161816
  10
0.8999377698755399
  20
0.8999580899161813
  10
0.8999377698755394
  20
0.09995554991110116
  10
0.09993522987045932
  20
0.0999555499111015
  0
HATCH
  5
2408
  100
AcDbEntity
  8
Bottom-Layer
  100
AcDbHatch
  10
0
  20
0
  30
0
  210
0
  220
0
  230
1
  2
SOLID
  70
1
  71
0
  91
1
  92
7
  72
0
  73
1
  93
4
  10
-0.9000647701295417
  20
0.8999580899161816
  10
-0.1000622301244615
  20
0.8999580899161814
  10
-0.10006223012446183
  20
0.09995554991110123
  10
-0.900064770129542
  20
0.09995554991110152
  97
1
  330
2407
  75
0
  76
1
  47
0.4128176842155181
  98
1
  10
34.90568961886538
  20
22.81183545379326
  450
0
  451
0
  460
0
  461
0
  452
1
  462
1
  453
2
  463
0
  63
5
  421
255
  463
1
  63
7
  421
16777215
  470
LINEAR
  1001
ACAD
  1010
0
  1020
0
  1030
0
  0
LWPOLYLINE
  5
2407
  100
AcDbEntity
  8
Bottom-Layer
  100
AcDbPolyline
  90
4
  70
1
  43
0
  10
-0.9000647701295417
  20
0.8999580899161816
  10
-0.1000622301244615
  20
0.8999580899161814
  10
-0.10006223012446183
  20
0.09995554991110123
  10
-0.900064770129542
  20
0.09995554991110152
  0
HATCH
  5
2414
  100
AcDbEntity
  8
Bottom-Layer
  100
AcDbHatch
  10
0
  20
0
  30
0
  210
0
  220
0
  230
1
  2
SOLID
  70
1
  71
0
  91
1
  92
7
  72
0
  73
1
  93
4
  10
-0.9000647701295419
  20
-0.10004191008381971
  10
-0.10006223012446167
  20
-0.10004191008382005
  10
-0.10006223012446197
  20
-0.9000444500889002
  10
-0.9000647701295421
  20
-0.9000444500888998
  97
1
  330
2413
  75
0
  76
1
  47
0.4128176842155181
  98
1
  10
34.90568961886538
  20
22.81183545379326
  450
0
  451
0
  460
0
  461
0
  452
1
  462
1
  453
2
  463
0
  63
5
  421
255
  463
1
  63
7
  421
16777215
  470
LINEAR
  1001
ACAD
  1010
0
  1020
0
  1030
0
  0
LWPOLYLINE
  5
2413
  100
AcDbEntity
  8
Bottom-Layer
  100
AcDbPolyline
  90
4
  70
1
  43
0
  10
-0.9000647701295419
  20
-0.10004191008381971
  10
-0.10006223012446167
  20
-0.10004191008382005
  10
-0.10006223012446197
  20
-0.9000444500889002
  10
-0.9000647701295421
  20
-0.9000444500888998
  0
HATCH
  5
2512
  100
AcDbEntity
  8
Bottom-Layer
  100
AcDbHatch
  10
0
  20
0
  30
0
  210
0
  220
0
  230
1
  2
SOLID
  70
1
  71
0
  91
1
  92
7
  72
0
  73
1
  93
54
  10
-6.882936245872494
  20
0.1302794005588005
  10
-6.9793416666664445
  20
-0.1908530819119456
  10
-7.220635493790803
  20
-0.42365635819465375
  10
-7.5450139700279415
  20
-0.5085013970027941
  10
-7.876264922529847
  20
-0.4197429717878683
  10
-8.118757449816826
  20
-0.17725044450088925
  10
-8.207515875031751
  20
0.15400050800101597
  10
-8.207409981376419
  20
0.16586296073276635
  10
-8.207091694183392
  20
0.17772161544323364
  10
-8.064039573012433
  20
1.4432149388491475
  10
-7.729180368147151
  20
2.671956805098299
  10
-7.2103884532293785
  20
3.8350527641543035
  10
-6.519863467155306
  20
4.905152060744978
  10
-5.673843433758124
  20
5.857090800395322
  10
-4.692222916946035
  20
6.668483690387595
  10
-3.598085190559372
  20
7.32025044057809
  10
-2.4171594241954204
  20
7.797064445504712
  10
-1.17721564953467
  20
8.087713196812018
  10
0.09258826517653086
  20
8.185361950723902
  10
1.3076691000770773
  20
8.095993188026121
  10
2.4965994679271435
  20
7.829811311309012
  10
3.6337917774629527
  20
7.392544959732139
  10
4.694771919189486
  20
6.793604770772773
  10
5.656705985470442
  20
6.0458808489828355
  10
6.498891690977525
  20
5.165465351318085
  10
7.2032039173830125
  20
4.171306159425517
  10
7.754484793495558
  20
3.0847990923885282
  10
8.140869915721021
  20
1.929327436132283
  10
8.354043688087376
  20
0.729758699517399
  10
8.35664900806715
  20
0.6959246223502259
  10
8.35751841503683
  20
0.6620015240030479
  10
8.268759989821906
  20
0.33075057150114273
  10
8.026267462534925
  20
0.08825804421416358
  10
7.695016510033021
  20
-0.0005003810007620086
  10
7.383549332528141
  20
0.07728247887790454
  10
7.145219204759803
  20
0.2923655469043927
  10
7.035989331978666
  20
0.5942443484886968
  10
6.82783118183034
  20
1.7125542274384182
  10
6.440794501274597
  20
2.782203426350895
  10
5.885158435193255
  20
3.7747835807461776
  10
5.175679888840384
  20
4.663933170576106
  10
4.331201605384483
  20
5.426037644779669
  10
3.3741517293950154
  20
6.040856590241061
  10
2.3299481471567978
  20
6.492061288433122
  10
1.2263234236880216
  20
6.767668383004685
  10
0.09258826517652992
  20
6.860358140716282
  10
-1.092113275120889
  20
6.759084313229276
  10
-2.2424369385490466
  20
6.458202946118979
  10
-3.325002543008129
  20
5.9664450384458245
  10
-4.308396115056828
  20
5.298080459663973
  10
-5.164081463052395
  20
4.472503865432615
  10
-5.86722824259322
  20
3.513671901980052
  10
-6.3974324853961395
  20
2.4494080302683727
  10
-6.739308683245036
  20
1.3105951426255773
  97
1
  330
2511
  75
0
  76
1
  47
0.4128176842155181
  98
1
  10
34.90568961886538
  20
22.81183545379326
  450
0
  451
0
  460
0
  461
0
  452
1
  462
1
  453
2
  463
0
  63
5
  421
255
  463
1
  63
7
  421
16777215
  470
LINEAR
  1001
ACAD
  1010
0
  1020
0
  1030
0
  0
LWPOLYLINE
  5
2511
  100
AcDbEntity
  8
Bottom-Layer
  100
AcDbPolyline
  90
54
  70
1
  43
0
  10
-6.882936245872494
  20
0.1302794005588005
  10
-6.9793416666664445
  20
-0.1908530819119456
  10
-7.220635493790803
  20
-0.42365635819465375
  10
-7.5450139700279415
  20
-0.5085013970027941
  10
-7.876264922529847
  20
-0.4197429717878683
  10
-8.118757449816826
  20
-0.17725044450088925
  10
-8.207515875031751
  20
0.15400050800101597
  10
-8.207409981376419
  20
0.16586296073276635
  10
-8.207091694183392
  20
0.17772161544323364
  10
-8.064039573012433
  20
1.4432149388491475
  10
-7.729180368147151
  20
2.671956805098299
  10
-7.2103884532293785
  20
3.8350527641543035
  10
-6.519863467155306
  20
4.905152060744978
  10
-5.673843433758124
  20
5.857090800395322
  10
-4.692222916946035
  20
6.668483690387595
  10
-3.598085190559372
  20
7.32025044057809
  10
-2.4171594241954204
  20
7.797064445504712
  10
-1.17721564953467
  20
8.087713196812018
  10
0.09258826517653086
  20
8.185361950723902
  10
1.3076691000770773
  20
8.095993188026121
  10
2.4965994679271435
  20
7.829811311309012
  10
3.6337917774629527
  20
7.392544959732139
  10
4.694771919189486
  20
6.793604770772773
  10
5.656705985470442
  20
6.0458808489828355
  10
6.498891690977525
  20
5.165465351318085
  10
7.2032039173830125
  20
4.171306159425517
  10
7.754484793495558
  20
3.0847990923885282
  10
8.140869915721021
  20
1.929327436132283
  10
8.354043688087376
  20
0.729758699517399
  10
8.35664900806715
  20
0.6959246223502259
  10
8.35751841503683
  20
0.6620015240030479
  10
8.268759989821906
  20
0.33075057150114273
  10
8.026267462534925
  20
0.08825804421416358
  10
7.695016510033021
  20
-0.0005003810007620086
  10
7.383549332528141
  20
0.07728247887790454
  10
7.145219204759803
  20
0.2923655469043927
  10
7.035989331978666
  20
0.5942443484886968
  10
6.82783118183034
  20
1.7125542274384182
  10
6.440794501274597
  20
2.782203426350895
  10
5.885158435193255
  20
3.7747835807461776
  10
5.175679888840384
  20
4.663933170576106
  10
4.331201605384483
  20
5.426037644779669
  10
3.3741517293950154
  20
6.040856590241061
  10
2.3299481471567978
  20
6.492061288433122
  10
1.2263234236880216
  20
6.767668383004685
  10
0.09258826517652992
  20
6.860358140716282
  10
-1.092113275120889
  20
6.759084313229276
  10
-2.2424369385490466
  20
6.458202946118979
  10
-3.325002543008129
  20
5.9664450384458245
  10
-4.308396115056828
  20
5.298080459663973
  10
-5.164081463052395
  20
4.472503865432615
  10
-5.86722824259322
  20
3.513671901980052
  10
-6.3974324853961395
  20
2.4494080302683727
  10
-6.739308683245036
  20
1.3105951426255773
  0
HATCH
  5
2518
  100
AcDbEntity
  8
Bottom-Layer
  100
AcDbHatch
  10
0
  20
0
  30
0
  210
0
  220
0
  230
1
  2
SOLID
  70
1
  71
0
  91
1
  92
7
  72
0
  73
1
  93
61
  10
8.364117348234696
  20
-0.16316992633985042
  10
8.279767698915679
  20
-1.34253466684726
  10
8.028435505094055
  20
-2.4978909680985866
  10
7.6152371654538324
  20
-3.6057191075728015
  10
7.04858420662447
  20
-4.643466899062758
  10
6.340012048755545
  20
-5.590008790151215
  10
5.503945177627898
  20
-6.426075917537027
  10
4.557403503719929
  20
-7.134648365525119
  10
3.519655885911621
  20
-7.701301642428657
  10
2.411827873084544
  20
-8.114500321622996
  10
1.2564716488676804
  20
-8.365832869566335
  10
0.07710693421386094
  20
-8.45018288036576
  10
-1.1987752253324517
  20
-8.351374948561402
  10
-2.4442321869601393
  20
-8.057308205849537
  10
-3.629564348044247
  20
-7.574995070702137
  10
-4.726505862997656
  20
-6.915936950952631
  10
-5.708898680518173
  20
-6.09584997719917
  10
-6.553316317635391
  20
-5.134290230453597
  10
-7.2396224958229825
  20
-4.054187400988935
  10
-7.751451317744298
  20
-2.8812979989195524
  10
-8.07659753416841
  20
-1.6435911554460578
  10
-8.207307594615191
  20
-0.3705816611633217
  10
-8.207463616917794
  20
-0.36229173628739697
  10
-8.207515875031751
  20
-0.3540005080010158
  10
-8.118757449816826
  20
-0.02274955549911086
  10
-7.876264922529846
  20
0.21974297178786859
  10
-7.5450139700279415
  20
0.30850139700279416
  10
-7.218561852041348
  20
0.22248656812272558
  10
-6.976878333649989
  20
-0.013222178136663498
  10
-6.882720345440691
  20
-0.33741935483869506
  10
-6.7729092758692975
  20
-1.4068884169986597
  10
-6.49975028759869
  20
-2.446699319540415
  10
-6.069757225470579
  20
-3.4320563677414295
  10
-5.493183854544815
  20
-4.339462392548973
  10
-4.783779345228899
  20
-5.147279072297521
  10
-3.95846040574813
  20
-5.836242927700739
  10
-3.036907880400323
  20
-6.389924685520886
  10
-2.0410974332542593
  20
-6.795121056768791
  10
-0.994775508772661
  20
-7.042169586954338
  10
0.07710693421387108
  20
-7.125179070358142
  10
1.1662048959555609
  20
-7.039465001967121
  10
2.2284856200985868
  20
-6.784433758970871
  10
3.2377922297069492
  20
-6.366365056972125
  10
4.169272246355494
  20
-5.79555313490457
  10
4.9999895406294135
  20
-5.086053276705657
  10
5.709489095751032
  20
-4.255335723579283
  10
6.2803006779792385
  20
-3.32385549867691
  10
6.698369011744543
  20
-2.314548736541262
  10
6.953399867180393
  20
-1.252267919353223
  10
7.039113538227077
  20
-0.16316992633986288
  10
7.037607502015585
  20
-0.018332898331029555
  10
7.033088646177293
  20
0.1264414528829068
  10
7.032658277537339
  20
0.14021799457441436
  10
7.0325146050292116
  20
0.15400050800101625
  10
7.1212730302441365
  20
0.48525146050292123
  10
7.363765557531116
  20
0.7277439877899007
  10
7.695016510033021
  20
0.8165024130048263
  10
8.018277762924923
  20
0.7322830565570735
  10
8.259351031039571
  20
0.5010376954744388
  10
8.356944373888748
  20
0.18155956311912275
  10
8.362323967006947
  20
0.0092321285221813
  97
1
  330
2517
  75
0
  76
1
  47
0.4128176842155181
  98
1
  10
34.90568961886538
  20
22.81183545379326
  450
0
  451
0
  460
0
  461
0
  452
1
  462
1
  453
2
  463
0
  63
5
  421
255
  463
1
  63
7
  421
16777215
  470
LINEAR
  1001
ACAD
  1010
0
  1020
0
  1030
0
  0
LWPOLYLINE
  5
2517
  100
AcDbEntity
  8
Bottom-Layer
  100
AcDbPolyline
  90
61
  70
1
  43
0
  10
8.364117348234696
  20
-0.16316992633985042
  10
8.279767698915679
  20
-1.34253466684726
  10
8.028435505094055
  20
-2.4978909680985866
  10
7.6152371654538324
  20
-3.6057191075728015
  10
7.04858420662447
  20
-4.643466899062758
  10
6.340012048755545
  20
-5.590008790151215
  10
5.503945177627898
  20
-6.426075917537027
  10
4.557403503719929
  20
-7.134648365525119
  10
3.519655885911621
  20
-7.701301642428657
  10
2.411827873084544
  20
-8.114500321622996
  10
1.2564716488676804
  20
-8.365832869566335
  10
0.07710693421386094
  20
-8.45018288036576
  10
-1.1987752253324517
  20
-8.351374948561402
  10
-2.4442321869601393
  20
-8.057308205849537
  10
-3.629564348044247
  20
-7.574995070702137
  10
-4.726505862997656
  20
-6.915936950952631
  10
-5.708898680518173
  20
-6.09584997719917
  10
-6.553316317635391
  20
-5.134290230453597
  10
-7.2396224958229825
  20
-4.054187400988935
  10
-7.751451317744298
  20
-2.8812979989195524
  10
-8.07659753416841
  20
-1.6435911554460578
  10
-8.207307594615191
  20
-0.3705816611633217
  10
-8.207463616917794
  20
-0.36229173628739697
  10
-8.207515875031751
  20
-0.3540005080010158
  10
-8.118757449816826
  20
-0.02274955549911086
  10
-7.876264922529846
  20
0.21974297178786859
  10
-7.5450139700279415
  20
0.30850139700279416
  10
-7.218561852041348
  20
0.22248656812272558
  10
-6.976878333649989
  20
-0.013222178136663498
  10
-6.882720345440691
  20
-0.33741935483869506
  10
-6.7729092758692975
  20
-1.4068884169986597
  10
-6.49975028759869
  20
-2.446699319540415
  10
-6.069757225470579
  20
-3.4320563677414295
  10
-5.493183854544815
  20
-4.339462392548973
  10
-4.783779345228899
  20
-5.147279072297521
  10
-3.95846040574813
  20
-5.836242927700739
  10
-3.036907880400323
  20
-6.389924685520886
  10
-2.0410974332542593
  20
-6.795121056768791
  10
-0.994775508772661
  20
-7.042169586954338
  10
0.07710693421387108
  20
-7.125179070358142
  10
1.1662048959555609
  20
-7.039465001967121
  10
2.2284856200985868
  20
-6.784433758970871
  10
3.2377922297069492
  20
-6.366365056972125
  10
4.169272246355494
  20
-5.79555313490457
  10
4.9999895406294135
  20
-5.086053276705657
  10
5.709489095751032
  20
-4.255335723579283
  10
6.2803006779792385
  20
-3.32385549867691
  10
6.698369011744543
  20
-2.314548736541262
  10
6.953399867180393
  20
-1.252267919353223
  10
7.039113538227077
  20
-0.16316992633986288
  10
7.037607502015585
  20
-0.018332898331029555
  10
7.033088646177293
  20
0.1264414528829068
  10
7.032658277537339
  20
0.14021799457441436
  10
7.0325146050292116
  20
0.15400050800101625
  10
7.1212730302441365
  20
0.48525146050292123
  10
7.363765557531116
  20
0.7277439877899007
  10
7.695016510033021
  20
0.8165024130048263
  10
8.018277762924923
  20
0.7322830565570735
  10
8.259351031039571
  20
0.5010376954744388
  10
8.356944373888748
  20
0.18155956311912275
  10
8.362323967006947
  20
0.0092321285221813
  0
LWPOLYLINE
  5
1445
  100
AcDbEntity
  8
Bottom-Silkscreen-Layer
  100
AcDbPolyline
  90
2
  70
0
  43
0.1
  10
1.9999415798831601
  20
-4.000050800101601
  10
-2.000068580137161
  20
-4.000050800101601
  0
LWPOLYLINE
  5
1446
  100
AcDbEntity
  8
Bottom-Silkscreen-Layer
  100
AcDbPolyline
  90
2
  70
0
  43
0.1
  10
-4.00007112014224
  20
-2.0000482600965195
  10
-4.00007112014224
  20
1.9999618999238007
  0
LWPOLYLINE
  5
1447
  100
AcDbEntity
  8
Bottom-Silkscreen-Layer
  100
AcDbPolyline
  90
2
  70
0
  43
0.1
  10
3.9999441198882395
  20
-2.00004826009652
  10
3.9999441198882395
  20
1.9999593599187195
  0
LWPOLYLINE
  5
1448
  100
AcDbEntity
  8
Bottom-Silkscreen-Layer
  100
AcDbPolyline
  90
2
  70
0
  43
0.1
  10
1.9999415798831606
  20
3.9999644399288803
  10
-2.0000685801371607
  20
3.9999644399288803
  0
LWPOLYLINE
  5
1449
  100
AcDbEntity
  8
Bottom-Silkscreen-Layer
  100
AcDbPolyline
  90
2
  70
0
  43
0.1
  10
-2.9000685801371593
  20
3.3999644399288798
  42
0.101
  10
-3.9970713741427493
  20
1.9984607569215136
  0
LWPOLYLINE
  5
1450
  100
AcDbEntity
  8
Bottom-Silkscreen-Layer
  100
AcDbPolyline
  90
2
  70
0
  43
0.1
  10
-2.000068580137161
  20
3.999964439928881
  42
0.061
  10
-2.9022479044958103
  20
3.402517145034293
  0
LWPOLYLINE
  5
1451
  100
AcDbEntity
  8
Bottom-Silkscreen-Layer
  100
AcDbPolyline
  90
2
  70
0
  43
0.1
  10
-4.000820421640844
  20
-2.001549403098808
  42
0.061
  10
-3.403373126746255
  20
-2.9037261874523743
  0
LWPOLYLINE
  5
1452
  100
AcDbEntity
  8
Bottom-Silkscreen-Layer
  100
AcDbPolyline
  90
2
  70
0
  43
0.1
  10
2.9014427228854447
  20
-3.4008001016002054
  42
0.101
  10
3.9984429768859506
  20
-1.9992964185928435
  0
LWPOLYLINE
  5
1453
  100
AcDbEntity
  8
Bottom-Silkscreen-Layer
  100
AcDbPolyline
  90
2
  70
0
  43
0.1
  10
3.400693421386842
  20
2.901463042926086
  42
0.101
  10
1.9991897383794761
  20
3.998463296926594
  0
LWPOLYLINE
  5
1454
  100
AcDbEntity
  8
Bottom-Silkscreen-Layer
  100
AcDbPolyline
  90
2
  70
0
  43
0.1
  10
4.000693421386843
  20
2.001463042926088
  42
0.061
  10
3.403246126492253
  20
2.903639827279656
  0
LWPOLYLINE
  5
1455
  100
AcDbEntity
  8
Bottom-Silkscreen-Layer
  100
AcDbPolyline
  90
2
  70
0
  43
0.1
  10
-3.4008204216408444
  20
-2.9015494030988043
  42
0.101
  10
-1.99931673863348
  20
-3.9985496570993146
  0
LWPOLYLINE
  5
1456
  100
AcDbEntity
  8
Bottom-Silkscreen-Layer
  100
AcDbPolyline
  90
2
  70
0
  43
0.1
  10
2.001442722885449
  20
-4.0008001016002
  42
0.061
  10
2.903619507239009
  20
-3.403352806705615
  0
LWPOLYLINE
  5
1457
  100
AcDbEntity
  8
Bottom-Silkscreen-Layer
  100
AcDbPolyline
  90
4
  70
1
  43
0.1
  10
2.4999415798831603
  20
-3.200050800101601
  10
2.4999415798831603
  20
-2.70004826009652
  10
2.9602006604013202
  20
-2.70004826009652
  10
2.9602006604013202
  20
-2.73979171958344
  0
TEXT
  5
2603
  100
AcDbEntity
  8
Bottom-Silkscreen-Layer
  7
default
  461
0.8001016002032005
  100
AcDbText
  10
-3.50000762001524
  20
-4.25000762001524
  11
-3.50000762001524
  21
-4.25000762001524
  40
0.8001016002032005
  1
U1
  50
360
  71
2
  72
0
  41
1.1
  100
AcDbText
  73
1
  0
TEXT
  5
2613
  100
AcDbEntity
  8
Bottom-Silkscreen-Layer
  7
default
  461
0.8001016002032005
  100
AcDbText
  10
0.8
  20
5.200012700025401
  11
0.8
  21
5.200012700025401
  40
0.8001016002032005
  1
JP1
  50
0
  71
2
  72
0
  41
1.1
  100
AcDbText
  73
1
  0
LWPOLYLINE
  5
2808
  100
AcDbEntity
  8
Bottom-Silkscreen-Layer
  100
AcDbPolyline
  90
2
  70
0
  43
0.1
  10
1.9999415798831601
  20
-4.000050800101601
  10
-2.000068580137161
  20
-4.000050800101601
  0
LWPOLYLINE
  5
2809
  100
AcDbEntity
  8
Bottom-Silkscreen-Layer
  100
AcDbPolyline
  90
2
  70
0
  43
0.1
  10
-4.00007112014224
  20
-2.0000482600965195
  10
-4.00007112014224
  20
1.9999618999238007
  0
LWPOLYLINE
  5
2810
  100
AcDbEntity
  8
Bottom-Silkscreen-Layer
  100
AcDbPolyline
  90
2
  70
0
  43
0.1
  10
3.9999441198882395
  20
-2.00004826009652
  10
3.9999441198882395
  20
1.9999593599187195
  0
LWPOLYLINE
  5
2811
  100
AcDbEntity
  8
Bottom-Silkscreen-Layer
  100
AcDbPolyline
  90
2
  70
0
  43
0.1
  10
1.9999415798831606
  20
3.9999644399288803
  10
-2.0000685801371607
  20
3.9999644399288803
  0
LWPOLYLINE
  5
2812
  100
AcDbEntity
  8
Bottom-Silkscreen-Layer
  100
AcDbPolyline
  90
2
  70
0
  43
0.1
  10
-2.9000685801371593
  20
3.3999644399288798
  42
0.101
  10
-3.9970713741427493
  20
1.9984607569215136
  0
LWPOLYLINE
  5
2813
  100
AcDbEntity
  8
Bottom-Silkscreen-Layer
  100
AcDbPolyline
  90
2
  70
0
  43
0.1
  10
-2.000068580137161
  20
3.999964439928881
  42
0.061
  10
-2.9022479044958103
  20
3.402517145034293
  0
LWPOLYLINE
  5
2814
  100
AcDbEntity
  8
Bottom-Silkscreen-Layer
  100
AcDbPolyline
  90
2
  70
0
  43
0.1
  10
-4.000820421640844
  20
-2.001549403098808
  42
0.061
  10
-3.403373126746255
  20
-2.9037261874523743
  0
LWPOLYLINE
  5
2815
  100
AcDbEntity
  8
Bottom-Silkscreen-Layer
  100
AcDbPolyline
  90
2
  70
0
  43
0.1
  10
2.9014427228854447
  20
-3.4008001016002054
  42
0.101
  10
3.9984429768859506
  20
-1.9992964185928435
  0
LWPOLYLINE
  5
2816
  100
AcDbEntity
  8
Bottom-Silkscreen-Layer
  100
AcDbPolyline
  90
2
  70
0
  43
0.1
  10
3.400693421386842
  20
2.901463042926086
  42
0.101
  10
1.9991897383794761
  20
3.998463296926594
  0
LWPOLYLINE
  5
2817
  100
AcDbEntity
  8
Bottom-Silkscreen-Layer
  100
AcDbPolyline
  90
2
  70
0
  43
0.1
  10
4.000693421386843
  20
2.001463042926088
  42
0.061
  10
3.403246126492253
  20
2.903639827279656
  0
LWPOLYLINE
  5
2818
  100
AcDbEntity
  8
Bottom-Silkscreen-Layer
  100
AcDbPolyline
  90
2
  70
0
  43
0.1
  10
-3.4008204216408444
  20
-2.9015494030988043
  42
0.101
  10
-1.99931673863348
  20
-3.9985496570993146
  0
LWPOLYLINE
  5
2819
  100
AcDbEntity
  8
Bottom-Silkscreen-Layer
  100
AcDbPolyline
  90
2
  70
0
  43
0.1
  10
2.001442722885449
  20
-4.0008001016002
  42
0.061
  10
2.903619507239009
  20
-3.403352806705615
  0
LWPOLYLINE
  5
2820
  100
AcDbEntity
  8
Bottom-Silkscreen-Layer
  100
AcDbPolyline
  90
4
  70
1
  43
0.1
  10
2.4999415798831603
  20
-3.200050800101601
  10
2.4999415798831603
  20
-2.70004826009652
  10
2.9602006604013202
  20
-2.70004826009652
  10
2.9602006604013202
  20
-2.73979171958344
  0
HATCH
  5
2278
  100
AcDbEntity
  8
Bottom-Solder-Mask-Layer
  100
AcDbHatch
  10
0
  20
0
  30
0
  210
0
  220
0
  230
1
  2
SOLID
  70
1
  71
0
  91
1
  92
7
  72
0
  73
1
  93
4
  10
1.3007391414782816
  20
-2.5992468884937776
  10
1.3007391414782814
  20
-3.500849631699264
  10
0.6991389382778749
  20
-3.500849631699264
  10
0.6991389382778751
  20
-2.5992468884937776
  97
1
  330
2277
  75
0
  76
1
  47
0.4128176842155181
  98
1
  10
34.90568961886538
  20
22.81183545379326
  450
0
  451
0
  460
0
  461
0
  452
1
  462
1
  453
2
  463
0
  63
5
  421
255
  463
1
  63
7
  421
16777215
  470
LINEAR
  1001
ACAD
  1010
0
  1020
0
  1030
0
  0
LWPOLYLINE
  5
2277
  100
AcDbEntity
  8
Bottom-Solder-Mask-Layer
  100
AcDbPolyline
  90
4
  70
1
  43
0
  10
1.3007391414782816
  20
-2.5992468884937776
  10
1.3007391414782814
  20
-3.500849631699264
  10
0.6991389382778749
  20
-3.500849631699264
  10
0.6991389382778751
  20
-2.5992468884937776
  0
HATCH
  5
2284
  100
AcDbEntity
  8
Bottom-Solder-Mask-Layer
  100
AcDbHatch
  10
0
  20
0
  30
0
  210
0
  220
0
  230
1
  2
SOLID
  70
1
  71
0
  91
1
  92
7
  72
0
  73
1
  93
10
  10
1.6991414782829568
  20
-2.9000469900939803
  10
1.7872437882600538
  20
-2.687349198470874
  10
1.9999415798831601
  20
-2.599246888493777
  10
2.212639371506266
  20
-2.687349198470874
  10
2.3007416814833634
  20
-2.9000469900939807
  10
2.3007416814833634
  20
-3.2000495300990606
  10
2.212639371506266
  20
-3.4127473217221667
  10
1.9999415798831601
  20
-3.5008496316992637
  10
1.7872437882600538
  20
-3.4127473217221667
  10
1.6991414782829568
  20
-3.2000495300990606
  97
1
  330
2283
  75
0
  76
1
  47
0.4128176842155181
  98
1
  10
34.90568961886538
  20
22.81183545379326
  450
0
  451
0
  460
0
  461
0
  452
1
  462
1
  453
2
  463
0
  63
5
  421
255
  463
1
  63
7
  421
16777215
  470
LINEAR
  1001
ACAD
  1010
0
  1020
0
  1030
0
  0
LWPOLYLINE
  5
2283
  100
AcDbEntity
  8
Bottom-Solder-Mask-Layer
  100
AcDbPolyline
  90
10
  70
1
  43
0
  10
1.6991414782829568
  20
-2.9000469900939803
  10
1.7872437882600538
  20
-2.687349198470874
  10
1.9999415798831601
  20
-2.599246888493777
  10
2.212639371506266
  20
-2.687349198470874
  10
2.3007416814833634
  20
-2.9000469900939807
  10
2.3007416814833634
  20
-3.2000495300990606
  10
2.212639371506266
  20
-3.4127473217221667
  10
1.9999415798831601
  20
-3.5008496316992637
  10
1.7872437882600538
  20
-3.4127473217221667
  10
1.6991414782829568
  20
-3.2000495300990606
  0
HATCH
  5
2290
  100
AcDbEntity
  8
Bottom-Solder-Mask-Layer
  100
AcDbHatch
  10
0
  20
0
  30
0
  210
0
  220
0
  230
1
  2
SOLID
  70
1
  71
0
  91
1
  92
7
  72
0
  73
1
  93
4
  10
-0.6992659385318774
  20
-2.5992468884937776
  10
-0.6992659385318776
  20
-3.500849631699264
  10
-1.3008661417322838
  20
-3.500849631699264
  10
-1.3008661417322838
  20
-2.5992468884937776
  97
1
  330
2289
  75
0
  76
1
  47
0.4128176842155181
  98
1
  10
34.90568961886538
  20
22.81183545379326
  450
0
  451
0
  460
0
  461
0
  452
1
  462
1
  453
2
  463
0
  63
5
  421
255
  463
1
  63
7
  421
16777215
  470
LINEAR
  1001
ACAD
  1010
0
  1020
0
  1030
0
  0
LWPOLYLINE
  5
2289
  100
AcDbEntity
  8
Bottom-Solder-Mask-Layer
  100
AcDbPolyline
  90
4
  70
1
  43
0
  10
-0.6992659385318774
  20
-2.5992468884937776
  10
-0.6992659385318776
  20
-3.500849631699264
  10
-1.3008661417322838
  20
-3.500849631699264
  10
-1.3008661417322838
  20
-2.5992468884937776
  0
HATCH
  5
2296
  100
AcDbEntity
  8
Bottom-Solder-Mask-Layer
  100
AcDbHatch
  10
0
  20
0
  30
0
  210
0
  220
0
  230
1
  2
SOLID
  70
1
  71
0
  91
1
  92
7
  72
0
  73
1
  93
4
  10
-1.6992684785369578
  20
-2.599246888493778
  10
-1.6992684785369578
  20
-3.5008496316992646
  10
-2.300868681737365
  20
-3.500849631699264
  10
-2.3008686817373647
  20
-2.5992468884937776
  97
1
  330
2295
  75
0
  76
1
  47
0.4128176842155181
  98
1
  10
34.90568961886538
  20
22.81183545379326
  450
0
  451
0
  460
0
  461
0
  452
1
  462
1
  453
2
  463
0
  63
5
  421
255
  463
1
  63
7
  421
16777215
  470
LINEAR
  1001
ACAD
  1010
0
  1020
0
  1030
0
  0
LWPOLYLINE
  5
2295
  100
AcDbEntity
  8
Bottom-Solder-Mask-Layer
  100
AcDbPolyline
  90
4
  70
1
  43
0
  10
-1.6992684785369578
  20
-2.599246888493778
  10
-1.6992684785369578
  20
-3.5008496316992646
  10
-2.300868681737365
  20
-3.500849631699264
  10
-2.3008686817373647
  20
-2.5992468884937776
  0
HATCH
  5
2302
  100
AcDbEntity
  8
Bottom-Solder-Mask-Layer
  100
AcDbHatch
  10
0
  20
0
  30
0
  210
0
  220
0
  230
1
  2
SOLID
  70
1
  71
0
  91
1
  92
7
  72
0
  73
1
  93
4
  10
0.3007366014732029
  20
-2.5992468884937776
  10
0.3007366014732028
  20
-3.500849631699264
  10
-0.30086360172720367
  20
-3.500849631699264
  10
-0.30086360172720356
  20
-2.5992468884937776
  97
1
  330
2301
  75
0
  76
1
  47
0.4128176842155181
  98
1
  10
34.90568961886538
  20
22.81183545379326
  450
0
  451
0
  460
0
  461
0
  452
1
  462
1
  453
2
  463
0
  63
5
  421
255
  463
1
  63
7
  421
16777215
  470
LINEAR
  1001
ACAD
  1010
0
  1020
0
  1030
0
  0
LWPOLYLINE
  5
2301
  100
AcDbEntity
  8
Bottom-Solder-Mask-Layer
  100
AcDbPolyline
  90
4
  70
1
  43
0
  10
0.3007366014732029
  20
-2.5992468884937776
  10
0.3007366014732028
  20
-3.500849631699264
  10
-0.30086360172720367
  20
-3.500849631699264
  10
-0.30086360172720356
  20
-2.5992468884937776
  0
HATCH
  5
2308
  100
AcDbEntity
  8
Bottom-Solder-Mask-Layer
  100
AcDbHatch
  10
0
  20
0
  30
0
  210
0
  220
0
  230
1
  2
SOLID
  70
1
  71
0
  91
1
  92
7
  72
0
  73
1
  93
4
  10
-3.5008699517399045
  20
-0.6992456184912369
  10
-2.599267208534418
  20
-0.6992456184912373
  10
-2.599267208534418
  20
-1.300845821691644
  10
-3.5008699517399045
  20
-1.3008458216916436
  97
1
  330
2307
  75
0
  76
1
  47
0.4128176842155181
  98
1
  10
34.90568961886538
  20
22.81183545379326
  450
0
  451
0
  460
0
  461
0
  452
1
  462
1
  453
2
  463
0
  63
5
  421
255
  463
1
  63
7
  421
16777215
  470
LINEAR
  1001
ACAD
  1010
0
  1020
0
  1030
0
  0
LWPOLYLINE
  5
2307
  100
AcDbEntity
  8
Bottom-Solder-Mask-Layer
  100
AcDbPolyline
  90
4
  70
1
  43
0
  10
-3.5008699517399045
  20
-0.6992456184912369
  10
-2.599267208534418
  20
-0.6992456184912373
  10
-2.599267208534418
  20
-1.300845821691644
  10
-3.5008699517399045
  20
-1.3008458216916436
  0
HATCH
  5
2314
  100
AcDbEntity
  8
Bottom-Solder-Mask-Layer
  100
AcDbHatch
  10
0
  20
0
  30
0
  210
0
  220
0
  230
1
  2
SOLID
  70
1
  71
0
  91
1
  92
7
  72
0
  73
1
  93
4
  10
-3.5008699517399045
  20
-1.6992481584963164
  10
-2.599267208534418
  20
-1.6992481584963168
  10
-2.5992672085344184
  20
-2.3008483616967235
  10
-3.5008699517399053
  20
-2.300848361696723
  97
1
  330
2313
  75
0
  76
1
  47
0.4128176842155181
  98
1
  10
34.90568961886538
  20
22.81183545379326
  450
0
  451
0
  460
0
  461
0
  452
1
  462
1
  453
2
  463
0
  63
5
  421
255
  463
1
  63
7
  421
16777215
  470
LINEAR
  1001
ACAD
  1010
0
  1020
0
  1030
0
  0
LWPOLYLINE
  5
2313
  100
AcDbEntity
  8
Bottom-Solder-Mask-Layer
  100
AcDbPolyline
  90
4
  70
1
  43
0
  10
-3.5008699517399045
  20
-1.6992481584963164
  10
-2.599267208534418
  20
-1.6992481584963168
  10
-2.5992672085344184
  20
-2.3008483616967235
  10
-3.5008699517399053
  20
-2.300848361696723
  0
HATCH
  5
2320
  100
AcDbEntity
  8
Bottom-Solder-Mask-Layer
  100
AcDbHatch
  10
0
  20
0
  30
0
  210
0
  220
0
  230
1
  2
SOLID
  70
1
  71
0
  91
1
  92
7
  72
0
  73
1
  93
4
  10
-3.5008699517399045
  20
1.3007594615189242
  10
-2.5992672085344175
  20
1.3007594615189237
  10
-2.599267208534418
  20
0.6991592583185171
  10
-3.5008699517399045
  20
0.6991592583185176
  97
1
  330
2319
  75
0
  76
1
  47
0.4128176842155181
  98
1
  10
34.90568961886538
  20
22.81183545379326
  450
0
  451
0
  460
0
  461
0
  452
1
  462
1
  453
2
  463
0
  63
5
  421
255
  463
1
  63
7
  421
16777215
  470
LINEAR
  1001
ACAD
  1010
0
  1020
0
  1030
0
  0
LWPOLYLINE
  5
2319
  100
AcDbEntity
  8
Bottom-Solder-Mask-Layer
  100
AcDbPolyline
  90
4
  70
1
  43
0
  10
-3.5008699517399045
  20
1.3007594615189242
  10
-2.5992672085344175
  20
1.3007594615189237
  10
-2.599267208534418
  20
0.6991592583185171
  10
-3.5008699517399045
  20
0.6991592583185176
  0
HATCH
  5
2326
  100
AcDbEntity
  8
Bottom-Solder-Mask-Layer
  100
AcDbHatch
  10
0
  20
0
  30
0
  210
0
  220
0
  230
1
  2
SOLID
  70
1
  71
0
  91
1
  92
7
  72
0
  73
1
  93
4
  10
-3.5008699517399045
  20
2.3007620015240047
  10
-2.5992672085344175
  20
2.3007620015240042
  10
-2.599267208534418
  20
1.6991617983235974
  10
-3.5008699517399045
  20
1.6991617983235978
  97
1
  330
2325
  75
0
  76
1
  47
0.4128176842155181
  98
1
  10
34.90568961886538
  20
22.81183545379326
  450
0
  451
0
  460
0
  461
0
  452
1
  462
1
  453
2
  463
0
  63
5
  421
255
  463
1
  63
7
  421
16777215
  470
LINEAR
  1001
ACAD
  1010
0
  1020
0
  1030
0
  0
LWPOLYLINE
  5
2325
  100
AcDbEntity
  8
Bottom-Solder-Mask-Layer
  100
AcDbPolyline
  90
4
  70
1
  43
0
  10
-3.5008699517399045
  20
2.3007620015240047
  10
-2.5992672085344175
  20
2.3007620015240042
  10
-2.599267208534418
  20
1.6991617983235974
  10
-3.5008699517399045
  20
1.6991617983235978
  0
HATCH
  5
2332
  100
AcDbEntity
  8
Bottom-Solder-Mask-Layer
  100
AcDbHatch
  10
0
  20
0
  30
0
  210
0
  220
0
  230
1
  2
SOLID
  70
1
  71
0
  91
1
  92
7
  72
0
  73
1
  93
4
  10
2.1007416814833624
  20
3.5007632715265427
  10
2.1007416814833624
  20
2.5991605283210557
  10
1.499141478282956
  20
2.599160528321056
  10
1.499141478282956
  20
3.500763271526543
  97
1
  330
2331
  75
0
  76
1
  47
0.4128176842155181
  98
1
  10
34.90568961886538
  20
22.81183545379326
  450
0
  451
0
  460
0
  461
0
  452
1
  462
1
  453
2
  463
0
  63
5
  421
255
  463
1
  63
7
  421
16777215
  470
LINEAR
  1001
ACAD
  1010
0
  1020
0
  1030
0
  0
LWPOLYLINE
  5
2331
  100
AcDbEntity
  8
Bottom-Solder-Mask-Layer
  100
AcDbPolyline
  90
4
  70
1
  43
0
  10
2.1007416814833624
  20
3.5007632715265427
  10
2.1007416814833624
  20
2.5991605283210557
  10
1.499141478282956
  20
2.599160528321056
  10
1.499141478282956
  20
3.500763271526543
  0
HATCH
  5
2338
  100
AcDbEntity
  8
Bottom-Solder-Mask-Layer
  100
AcDbHatch
  10
0
  20
0
  30
0
  210
0
  220
0
  230
1
  2
SOLID
  70
1
  71
0
  91
1
  92
7
  72
0
  73
1
  93
4
  10
1.1007391414782823
  20
3.5007632715265427
  10
1.1007391414782821
  20
2.5991605283210557
  10
0.49913893827787553
  20
2.5991605283210557
  10
0.49913893827787575
  20
3.5007632715265427
  97
1
  330
2337
  75
0
  76
1
  47
0.4128176842155181
  98
1
  10
34.90568961886538
  20
22.81183545379326
  450
0
  451
0
  460
0
  461
0
  452
1
  462
1
  453
2
  463
0
  63
5
  421
255
  463
1
  63
7
  421
16777215
  470
LINEAR
  1001
ACAD
  1010
0
  1020
0
  1030
0
  0
LWPOLYLINE
  5
2337
  100
AcDbEntity
  8
Bottom-Solder-Mask-Layer
  100
AcDbPolyline
  90
4
  70
1
  43
0
  10
1.1007391414782823
  20
3.5007632715265427
  10
1.1007391414782821
  20
2.5991605283210557
  10
0.49913893827787553
  20
2.5991605283210557
  10
0.49913893827787575
  20
3.5007632715265427
  0
HATCH
  5
2344
  100
AcDbEntity
  8
Bottom-Solder-Mask-Layer
  100
AcDbHatch
  10
0
  20
0
  30
0
  210
0
  220
0
  230
1
  2
SOLID
  70
1
  71
0
  91
1
  92
7
  72
0
  73
1
  93
4
  10
0.10073660147320365
  20
3.5007632715265427
  10
0.10073660147320354
  20
2.5991605283210557
  10
-0.5008636017272029
  20
2.5991605283210557
  10
-0.5008636017272028
  20
3.5007632715265427
  97
1
  330
2343
  75
0
  76
1
  47
0.4128176842155181
  98
1
  10
34.90568961886538
  20
22.81183545379326
  450
0
  451
0
  460
0
  461
0
  452
1
  462
1
  453
2
  463
0
  63
5
  421
255
  463
1
  63
7
  421
16777215
  470
LINEAR
  1001
ACAD
  1010
0
  1020
0
  1030
0
  0
LWPOLYLINE
  5
2343
  100
AcDbEntity
  8
Bottom-Solder-Mask-Layer
  100
AcDbPolyline
  90
4
  70
1
  43
0
  10
0.10073660147320365
  20
3.5007632715265427
  10
0.10073660147320354
  20
2.5991605283210557
  10
-0.5008636017272029
  20
2.5991605283210557
  10
-0.5008636017272028
  20
3.5007632715265427
  0
HATCH
  5
2350
  100
AcDbEntity
  8
Bottom-Solder-Mask-Layer
  100
AcDbHatch
  10
0
  20
0
  30
0
  210
0
  220
0
  230
1
  2
SOLID
  70
1
  71
0
  91
1
  92
7
  72
0
  73
1
  93
4
  10
-0.8992659385318782
  20
3.5007632715265427
  10
-0.8992659385318784
  20
2.5991605283210557
  10
-1.500866141732285
  20
2.5991605283210557
  10
-1.5008661417322848
  20
3.5007632715265427
  97
1
  330
2349
  75
0
  76
1
  47
0.4128176842155181
  98
1
  10
34.90568961886538
  20
22.81183545379326
  450
0
  451
0
  460
0
  461
0
  452
1
  462
1
  453
2
  463
0
  63
5
  421
255
  463
1
  63
7
  421
16777215
  470
LINEAR
  1001
ACAD
  1010
0
  1020
0
  1030
0
  0
LWPOLYLINE
  5
2349
  100
AcDbEntity
  8
Bottom-Solder-Mask-Layer
  100
AcDbPolyline
  90
4
  70
1
  43
0
  10
-0.8992659385318782
  20
3.5007632715265427
  10
-0.8992659385318784
  20
2.5991605283210557
  10
-1.500866141732285
  20
2.5991605283210557
  10
-1.5008661417322848
  20
3.5007632715265427
  0
HATCH
  5
2356
  100
AcDbEntity
  8
Bottom-Solder-Mask-Layer
  100
AcDbHatch
  10
0
  20
0
  30
0
  210
0
  220
0
  230
1
  2
SOLID
  70
1
  71
0
  91
1
  92
7
  72
0
  73
1
  93
4
  10
-1.8992684785369565
  20
3.500763271526542
  10
-1.8992684785369565
  20
2.5991605283210553
  10
-2.500868681737363
  20
2.5991605283210553
  10
-2.5008686817373627
  20
3.500763271526542
  97
1
  330
2355
  75
0
  76
1
  47
0.4128176842155181
  98
1
  10
34.90568961886538
  20
22.81183545379326
  450
0
  451
0
  460
0
  461
0
  452
1
  462
1
  453
2
  463
0
  63
5
  421
255
  463
1
  63
7
  421
16777215
  470
LINEAR
  1001
ACAD
  1010
0
  1020
0
  1030
0
  0
LWPOLYLINE
  5
2355
  100
AcDbEntity
  8
Bottom-Solder-Mask-Layer
  100
AcDbPolyline
  90
4
  70
1
  43
0
  10
-1.8992684785369565
  20
3.500763271526542
  10
-1.8992684785369565
  20
2.5991605283210553
  10
-2.500868681737363
  20
2.5991605283210553
  10
-2.5008686817373627
  20
3.500763271526542
  0
HATCH
  5
2362
  100
AcDbEntity
  8
Bottom-Solder-Mask-Layer
  100
AcDbHatch
  10
0
  20
0
  30
0
  210
0
  220
0
  230
1
  2
SOLID
  70
1
  71
0
  91
1
  92
7
  72
0
  73
1
  93
4
  10
2.5991402082804176
  20
0.30075692151384303
  10
3.5007429514859036
  20
0.30075692151384303
  10
3.5007429514859036
  20
-0.3008432816865637
  10
2.5991402082804176
  20
-0.3008432816865637
  97
1
  330
2361
  75
0
  76
1
  47
0.4128176842155181
  98
1
  10
34.90568961886538
  20
22.81183545379326
  450
0
  451
0
  460
0
  461
0
  452
1
  462
1
  453
2
  463
0
  63
5
  421
255
  463
1
  63
7
  421
16777215
  470
LINEAR
  1001
ACAD
  1010
0
  1020
0
  1030
0
  0
LWPOLYLINE
  5
2361
  100
AcDbEntity
  8
Bottom-Solder-Mask-Layer
  100
AcDbPolyline
  90
4
  70
1
  43
0
  10
2.5991402082804176
  20
0.30075692151384303
  10
3.5007429514859036
  20
0.30075692151384303
  10
3.5007429514859036
  20
-0.3008432816865637
  10
2.5991402082804176
  20
-0.3008432816865637
  0
HATCH
  5
2368
  100
AcDbEntity
  8
Bottom-Solder-Mask-Layer
  100
AcDbHatch
  10
0
  20
0
  30
0
  210
0
  220
0
  230
1
  2
SOLID
  70
1
  71
0
  91
1
  92
7
  72
0
  73
1
  93
4
  10
2.5991402082804176
  20
-0.6992456184912373
  10
3.5007429514859036
  20
-0.6992456184912378
  10
3.5007429514859036
  20
-1.3008458216916445
  10
2.5991402082804176
  20
-1.300845821691644
  97
1
  330
2367
  75
0
  76
1
  47
0.4128176842155181
  98
1
  10
34.90568961886538
  20
22.81183545379326
  450
0
  451
0
  460
0
  461
0
  452
1
  462
1
  453
2
  463
0
  63
5
  421
255
  463
1
  63
7
  421
16777215
  470
LINEAR
  1001
ACAD
  1010
0
  1020
0
  1030
0
  0
LWPOLYLINE
  5
2367
  100
AcDbEntity
  8
Bottom-Solder-Mask-Layer
  100
AcDbPolyline
  90
4
  70
1
  43
0
  10
2.5991402082804176
  20
-0.6992456184912373
  10
3.5007429514859036
  20
-0.6992456184912378
  10
3.5007429514859036
  20
-1.3008458216916445
  10
2.5991402082804176
  20
-1.300845821691644
  0
HATCH
  5
2374
  100
AcDbEntity
  8
Bottom-Solder-Mask-Layer
  100
AcDbHatch
  10
0
  20
0
  30
0
  210
0
  220
0
  230
1
  2
SOLID
  70
1
  71
0
  91
1
  92
7
  72
0
  73
1
  93
4
  10
2.5991402082804176
  20
-1.6992481584963168
  10
3.5007429514859036
  20
-1.6992481584963173
  10
3.500742951485903
  20
-2.300848361696724
  10
2.599140208280417
  20
-2.3008483616967235
  97
1
  330
2373
  75
0
  76
1
  47
0.4128176842155181
  98
1
  10
34.90568961886538
  20
22.81183545379326
  450
0
  451
0
  460
0
  461
0
  452
1
  462
1
  453
2
  463
0
  63
5
  421
255
  463
1
  63
7
  421
16777215
  470
LINEAR
  1001
ACAD
  1010
0
  1020
0
  1030
0
  0
LWPOLYLINE
  5
2373
  100
AcDbEntity
  8
Bottom-Solder-Mask-Layer
  100
AcDbPolyline
  90
4
  70
1
  43
0
  10
2.5991402082804176
  20
-1.6992481584963168
  10
3.5007429514859036
  20
-1.6992481584963173
  10
3.500742951485903
  20
-2.300848361696724
  10
2.599140208280417
  20
-2.3008483616967235
  0
HATCH
  5
2380
  100
AcDbEntity
  8
Bottom-Solder-Mask-Layer
  100
AcDbHatch
  10
0
  20
0
  30
0
  210
0
  220
0
  230
1
  2
SOLID
  70
1
  71
0
  91
1
  92
7
  72
0
  73
1
  93
4
  10
2.5991402082804176
  20
1.3007594615189237
  10
3.5007429514859036
  20
1.3007594615189233
  10
3.500742951485903
  20
0.6991592583185167
  10
2.5991402082804176
  20
0.6991592583185171
  97
1
  330
2379
  75
0
  76
1
  47
0.4128176842155181
  98
1
  10
34.90568961886538
  20
22.81183545379326
  450
0
  451
0
  460
0
  461
0
  452
1
  462
1
  453
2
  463
0
  63
5
  421
255
  463
1
  63
7
  421
16777215
  470
LINEAR
  1001
ACAD
  1010
0
  1020
0
  1030
0
  0
LWPOLYLINE
  5
2379
  100
AcDbEntity
  8
Bottom-Solder-Mask-Layer
  100
AcDbPolyline
  90
4
  70
1
  43
0
  10
2.5991402082804176
  20
1.3007594615189237
  10
3.5007429514859036
  20
1.3007594615189233
  10
3.500742951485903
  20
0.6991592583185167
  10
2.5991402082804176
  20
0.6991592583185171
  0
HATCH
  5
2386
  100
AcDbEntity
  8
Bottom-Solder-Mask-Layer
  100
AcDbHatch
  10
0
  20
0
  30
0
  210
0
  220
0
  230
1
  2
SOLID
  70
1
  71
0
  91
1
  92
7
  72
0
  73
1
  93
4
  10
2.5991402082804176
  20
2.3007620015240047
  10
3.500742951485904
  20
2.3007620015240042
  10
3.500742951485903
  20
1.6991617983235974
  10
2.599140208280417
  20
1.6991617983235978
  97
1
  330
2385
  75
0
  76
1
  47
0.4128176842155181
  98
1
  10
34.90568961886538
  20
22.81183545379326
  450
0
  451
0
  460
0
  461
0
  452
1
  462
1
  453
2
  463
0
  63
5
  421
255
  463
1
  63
7
  421
16777215
  470
LINEAR
  1001
ACAD
  1010
0
  1020
0
  1030
0
  0
LWPOLYLINE
  5
2385
  100
AcDbEntity
  8
Bottom-Solder-Mask-Layer
  100
AcDbPolyline
  90
4
  70
1
  43
0
  10
2.5991402082804176
  20
2.3007620015240047
  10
3.500742951485904
  20
2.3007620015240042
  10
3.500742951485903
  20
1.6991617983235974
  10
2.599140208280417
  20
1.6991617983235978
  0
HATCH
  5
2392
  100
AcDbEntity
  8
Bottom-Solder-Mask-Layer
  100
AcDbHatch
  10
0
  20
0
  30
0
  210
0
  220
0
  230
1
  2
SOLID
  70
1
  71
0
  91
1
  92
7
  72
0
  73
1
  93
4
  10
-3.5008699517399045
  20
0.3007569215138435
  10
-2.599267208534418
  20
0.3007569215138435
  10
-2.599267208534418
  20
-0.30084328168656327
  10
-3.5008699517399045
  20
-0.30084328168656327
  97
1
  330
2391
  75
0
  76
1
  47
0.4128176842155181
  98
1
  10
34.90568961886538
  20
22.81183545379326
  450
0
  451
0
  460
0
  461
0
  452
1
  462
1
  453
2
  463
0
  63
5
  421
255
  463
1
  63
7
  421
16777215
  470
LINEAR
  1001
ACAD
  1010
0
  1020
0
  1030
0
  0
LWPOLYLINE
  5
2391
  100
AcDbEntity
  8
Bottom-Solder-Mask-Layer
  100
AcDbPolyline
  90
4
  70
1
  43
0
  10
-3.5008699517399045
  20
0.3007569215138435
  10
-2.599267208534418
  20
0.3007569215138435
  10
-2.599267208534418
  20
-0.30084328168656327
  10
-3.5008699517399045
  20
-0.30084328168656327
  0
HATCH
  5
2398
  100
AcDbEntity
  8
Bottom-Solder-Mask-Layer
  100
AcDbHatch
  10
0
  20
0
  30
0
  210
0
  220
0
  230
1
  2
SOLID
  70
1
  71
0
  91
1
  92
7
  72
0
  73
1
  93
4
  10
0.049135128270256234
  20
-0.04924180848361654
  10
0.9507378714757427
  20
-0.04924180848361689
  10
0.9507378714757424
  20
-0.9508445516891033
  10
0.049135128270255894
  20
-0.9508445516891031
  97
1
  330
2397
  75
0
  76
1
  47
0.4128176842155181
  98
1
  10
34.90568961886538
  20
22.81183545379326
  450
0
  451
0
  460
0
  461
0
  452
1
  462
1
  453
2
  463
0
  63
5
  421
255
  463
1
  63
7
  421
16777215
  470
LINEAR
  1001
ACAD
  1010
0
  1020
0
  1030
0
  0
LWPOLYLINE
  5
2397
  100
AcDbEntity
  8
Bottom-Solder-Mask-Layer
  100
AcDbPolyline
  90
4
  70
1
  43
0
  10
0.049135128270256234
  20
-0.04924180848361654
  10
0.9507378714757427
  20
-0.04924180848361689
  10
0.9507378714757424
  20
-0.9508445516891033
  10
0.049135128270255894
  20
-0.9508445516891031
  0
HATCH
  5
2404
  100
AcDbEntity
  8
Bottom-Solder-Mask-Layer
  100
AcDbHatch
  10
0
  20
0
  30
0
  210
0
  220
0
  230
1
  2
SOLID
  70
1
  71
0
  91
1
  92
7
  72
0
  73
1
  93
4
  10
0.049135128270256435
  20
0.9507581915163847
  10
0.9507378714757431
  20
0.9507581915163844
  10
0.9507378714757426
  20
0.04915544831089791
  10
0.04913512827025609
  20
0.04915544831089825
  97
1
  330
2403
  75
0
  76
1
  47
0.4128176842155181
  98
1
  10
34.90568961886538
  20
22.81183545379326
  450
0
  451
0
  460
0
  461
0
  452
1
  462
1
  453
2
  463
0
  63
5
  421
255
  463
1
  63
7
  421
16777215
  470
LINEAR
  1001
ACAD
  1010
0
  1020
0
  1030
0
  0
LWPOLYLINE
  5
2403
  100
AcDbEntity
  8
Bottom-Solder-Mask-Layer
  100
AcDbPolyline
  90
4
  70
1
  43
0
  10
0.049135128270256435
  20
0.9507581915163847
  10
0.9507378714757431
  20
0.9507581915163844
  10
0.9507378714757426
  20
0.04915544831089791
  10
0.04913512827025609
  20
0.04915544831089825
  0
HATCH
  5
2410
  100
AcDbEntity
  8
Bottom-Solder-Mask-Layer
  100
AcDbHatch
  10
0
  20
0
  30
0
  210
0
  220
0
  230
1
  2
SOLID
  70
1
  71
0
  91
1
  92
7
  72
0
  73
1
  93
4
  10
-0.9508648717297448
  20
0.9507581915163849
  10
-0.04926212852425836
  20
0.9507581915163846
  10
-0.0492621285242587
  20
0.049155448310898
  10
-0.9508648717297451
  20
0.04915544831089834
  97
1
  330
2409
  75
0
  76
1
  47
0.4128176842155181
  98
1
  10
34.90568961886538
  20
22.81183545379326
  450
0
  451
0
  460
0
  461
0
  452
1
  462
1
  453
2
  463
0
  63
5
  421
255
  463
1
  63
7
  421
16777215
  470
LINEAR
  1001
ACAD
  1010
0
  1020
0
  1030
0
  0
LWPOLYLINE
  5
2409
  100
AcDbEntity
  8
Bottom-Solder-Mask-Layer
  100
AcDbPolyline
  90
4
  70
1
  43
0
  10
-0.9508648717297448
  20
0.9507581915163849
  10
-0.04926212852425836
  20
0.9507581915163846
  10
-0.0492621285242587
  20
0.049155448310898
  10
-0.9508648717297451
  20
0.04915544831089834
  0
HATCH
  5
2416
  100
AcDbEntity
  8
Bottom-Solder-Mask-Layer
  100
AcDbHatch
  10
0
  20
0
  30
0
  210
0
  220
0
  230
1
  2
SOLID
  70
1
  71
0
  91
1
  92
7
  72
0
  73
1
  93
4
  10
-0.9508648717297449
  20
-0.04924180848361657
  10
-0.049262128524258444
  20
-0.04924180848361691
  10
-0.04926212852425879
  20
-0.9508445516891033
  10
-0.9508648717297453
  20
-0.950844551689103
  97
1
  330
2415
  75
0
  76
1
  47
0.4128176842155181
  98
1
  10
34.90568961886538
  20
22.81183545379326
  450
0
  451
0
  460
0
  461
0
  452
1
  462
1
  453
2
  463
0
  63
5
  421
255
  463
1
  63
7
  421
16777215
  470
LINEAR
  1001
ACAD
  1010
0
  1020
0
  1030
0
  0
LWPOLYLINE
  5
2415
  100
AcDbEntity
  8
Bottom-Solder-Mask-Layer
  100
AcDbPolyline
  90
4
  70
1
  43
0
  10
-0.9508648717297449
  20
-0.04924180848361657
  10
-0.049262128524258444
  20
-0.04924180848361691
  10
-0.04926212852425879
  20
-0.9508445516891033
  10
-0.9508648717297453
  20
-0.950844551689103
  0
HATCH
  5
2514
  100
AcDbEntity
  8
Bottom-Solder-Mask-Layer
  100
AcDbHatch
  10
0
  20
0
  30
0
  210
0
  220
0
  230
1
  2
SOLID
  70
1
  71
0
  91
1
  92
7
  72
0
  73
1
  93
70
  10
0.09258828446253439
  20
6.760358140716276
  10
-1.0751404602460986
  20
6.660535221121701
  10
-2.208983846795476
  20
6.363964468562686
  10
-3.2760399192827165
  20
5.8792517962883935
  10
-4.245344761298059
  20
5.220462634461338
  10
-5.088771009268394
  20
4.406713778406921
  10
-5.781844054489156
  20
3.461618655954374
  10
-6.304452249230295
  20
2.412602111144623
  10
-6.6414305081000915
  20
1.2901045879650568
  10
-6.783000369676899
  20
0.1266988071695976
  10
-6.78300037050106
  20
0.12669878416700228
  10
-6.783000371325226
  20
0.12669876116440712
  10
-6.893957496032866
  20
-0.24290635659487025
  10
-7.171672888455086
  20
-0.5108496106786558
  10
-7.545013959360689
  20
-0.6085013970027935
  10
-7.545013964694315
  20
-0.6085013970027939
  10
-7.5450139700279415
  20
-0.608501397002794
  10
-7.836810504608141
  20
-0.5504595246065308
  10
-8.084183760729276
  20
-0.38517023668893663
  10
-8.249473486340017
  20
-0.1377972730251529
  10
-8.307515875030559
  20
0.15399915885737403
  10
-8.307393984851517
  20
0.16765154941854057
  10
-8.30702766493102
  20
0.18129956887069132
  10
-8.30702761753228
  20
0.1813008925217785
  10
-8.30702757011601
  20
0.1813022161722379
  10
-8.162252969037084
  20
1.462033250178944
  10
-7.823361749493119
  20
2.7055703054778415
  10
-7.298323099870914
  20
3.88267101611748
  10
-6.599483554007546
  20
4.965655298423982
  10
-5.743276656568532
  20
5.9290562613482
  10
-4.749836520420384
  20
6.7502190725345
  10
-3.6425243633798976
  20
7.409833697490461
  10
-2.447379158054037
  20
7.892388984242198
  10
-1.1925053130009087
  20
8.186537415458508
  10
0.09258821581907876
  20
8.285361950723889
  10
0.09258826229818533
  20
8.285361950723903
  10
0.09258830877729186
  20
8.285361950723894
  10
1.3222997450807763
  20
8.194917119543145
  10
2.5255458446809214
  20
7.9255302084655535
  10
3.6764309239854556
  20
7.482998832971012
  10
4.750186188086461
  20
6.876846940391054
  10
5.723702792846457
  20
6.120119840096989
  10
6.576029182322671
  20
5.22910344862861
  10
7.288821998072836
  20
4.22297379203467
  10
7.846740856089356
  20
3.1233843086671573
  10
8.237778495162608
  20
1.953999834300019
  10
8.453519191379186
  20
0.7399872989203898
  10
8.453519191374681
  20
0.7399872989199272
  10
8.456517774414806
  20
0.701046097547542
  10
8.457518415032656
  20
0.6620024375893989
  10
8.457518415035787
  20
0.6620019807962233
  10
8.45751841503683
  20
0.6620015240030479
  10
8.399476413566907
  20
0.37020467781126987
  10
8.234186777728874
  20
0.12283125630719312
  10
7.986813356224798
  20
-0.04245837953083752
  10
7.695016510033021
  20
-0.10050038100076202
  10
7.695016428005345
  20
-0.10050038100072838
  10
7.69501634597767
  20
-0.10050038100062744
  10
7.336535462943448
  20
-0.010976775972084992
  10
7.0622311143496175
  20
0.23657148942441605
  10
6.936513733127621
  20
0.5840166785075074
  10
6.936513733127712
  20
0.5840166785075169
  10
6.731337790147171
  20
1.6863049348483623
  10
6.349846045675015
  20
2.740629655484508
  10
5.802170378880978
  20
3.7189894725490706
  10
5.102856277997933
  20
4.595400538174691
  10
4.270476532803124
  20
5.346586618606377
  10
3.3271379676875035
  20
5.952597277927233
  10
2.29789431578263
  20
6.397337733314887
  10
1.2100808273748265
  20
6.668996309625195
  97
1
  330
2513
  75
0
  76
1
  47
0.4128176842155181
  98
1
  10
34.90568961886538
  20
22.81183545379326
  450
0
  451
0
  460
0
  461
0
  452
1
  462
1
  453
2
  463
0
  63
5
  421
255
  463
1
  63
7
  421
16777215
  470
LINEAR
  1001
ACAD
  1010
0
  1020
0
  1030
0
  0
LWPOLYLINE
  5
2513
  100
AcDbEntity
  8
Bottom-Solder-Mask-Layer
  100
AcDbPolyline
  90
70
  70
1
  43
0
  10
0.09258828446253439
  20
6.760358140716276
  10
-1.0751404602460986
  20
6.660535221121701
  10
-2.208983846795476
  20
6.363964468562686
  10
-3.2760399192827165
  20
5.8792517962883935
  10
-4.245344761298059
  20
5.220462634461338
  10
-5.088771009268394
  20
4.406713778406921
  10
-5.781844054489156
  20
3.461618655954374
  10
-6.304452249230295
  20
2.412602111144623
  10
-6.6414305081000915
  20
1.2901045879650568
  10
-6.783000369676899
  20
0.1266988071695976
  10
-6.78300037050106
  20
0.12669878416700228
  10
-6.783000371325226
  20
0.12669876116440712
  10
-6.893957496032866
  20
-0.24290635659487025
  10
-7.171672888455086
  20
-0.5108496106786558
  10
-7.545013959360689
  20
-0.6085013970027935
  10
-7.545013964694315
  20
-0.6085013970027939
  10
-7.5450139700279415
  20
-0.608501397002794
  10
-7.836810504608141
  20
-0.5504595246065308
  10
-8.084183760729276
  20
-0.38517023668893663
  10
-8.249473486340017
  20
-0.1377972730251529
  10
-8.307515875030559
  20
0.15399915885737403
  10
-8.307393984851517
  20
0.16765154941854057
  10
-8.30702766493102
  20
0.18129956887069132
  10
-8.30702761753228
  20
0.1813008925217785
  10
-8.30702757011601
  20
0.1813022161722379
  10
-8.162252969037084
  20
1.462033250178944
  10
-7.823361749493119
  20
2.7055703054778415
  10
-7.298323099870914
  20
3.88267101611748
  10
-6.599483554007546
  20
4.965655298423982
  10
-5.743276656568532
  20
5.9290562613482
  10
-4.749836520420384
  20
6.7502190725345
  10
-3.6425243633798976
  20
7.409833697490461
  10
-2.447379158054037
  20
7.892388984242198
  10
-1.1925053130009087
  20
8.186537415458508
  10
0.09258821581907876
  20
8.285361950723889
  10
0.09258826229818533
  20
8.285361950723903
  10
0.09258830877729186
  20
8.285361950723894
  10
1.3222997450807763
  20
8.194917119543145
  10
2.5255458446809214
  20
7.9255302084655535
  10
3.6764309239854556
  20
7.482998832971012
  10
4.750186188086461
  20
6.876846940391054
  10
5.723702792846457
  20
6.120119840096989
  10
6.576029182322671
  20
5.22910344862861
  10
7.288821998072836
  20
4.22297379203467
  10
7.846740856089356
  20
3.1233843086671573
  10
8.237778495162608
  20
1.953999834300019
  10
8.453519191379186
  20
0.7399872989203898
  10
8.453519191374681
  20
0.7399872989199272
  10
8.456517774414806
  20
0.701046097547542
  10
8.457518415032656
  20
0.6620024375893989
  10
8.457518415035787
  20
0.6620019807962233
  10
8.45751841503683
  20
0.6620015240030479
  10
8.399476413566907
  20
0.37020467781126987
  10
8.234186777728874
  20
0.12283125630719312
  10
7.986813356224798
  20
-0.04245837953083752
  10
7.695016510033021
  20
-0.10050038100076202
  10
7.695016428005345
  20
-0.10050038100072838
  10
7.69501634597767
  20
-0.10050038100062744
  10
7.336535462943448
  20
-0.010976775972084992
  10
7.0622311143496175
  20
0.23657148942441605
  10
6.936513733127621
  20
0.5840166785075074
  10
6.936513733127712
  20
0.5840166785075169
  10
6.731337790147171
  20
1.6863049348483623
  10
6.349846045675015
  20
2.740629655484508
  10
5.802170378880978
  20
3.7189894725490706
  10
5.102856277997933
  20
4.595400538174691
  10
4.270476532803124
  20
5.346586618606377
  10
3.3271379676875035
  20
5.952597277927233
  10
2.29789431578263
  20
6.397337733314887
  10
1.2100808273748265
  20
6.668996309625195
  0
HATCH
  5
2520
  100
AcDbEntity
  8
Bottom-Solder-Mask-Layer
  100
AcDbHatch
  10
0
  20
0
  30
0
  210
0
  220
0
  230
1
  2
SOLID
  70
1
  71
0
  91
1
  92
7
  72
0
  73
1
  93
78
  10
8.456857817854354
  20
0.18571933654222675
  10
8.462302325905815
  20
0.011312453470275478
  10
8.464117348234701
  20
-0.16316995029794557
  10
8.378749840202422
  20
-1.3567661708539613
  10
8.124384797717985
  20
-2.5260642399172553
  10
7.706200359487338
  20
-3.6472606209205827
  10
7.132709554677837
  20
-4.697530988945974
  10
6.415587002194986
  20
-5.6554948681573585
  10
5.569431249109756
  20
-6.501650876629794
  10
4.611467586340716
  20
-7.218773718245765
  10
3.5611973914066555
  20
-7.792264840048388
  10
2.440001136620022
  20
-8.210449616679087
  10
1.2707031443293766
  20
-8.464815012081658
  10
0.07710694953907801
  20
-8.55018288036576
  10
0.07710692533544407
  20
-8.55018288036576
  10
0.07710690113180996
  20
-8.550182880365755
  10
-1.2141709759477082
  20
-8.450182695541052
  10
-2.4746565440740635
  20
-8.152567633178343
  10
-3.674291844123945
  20
-7.664434721284284
  10
-4.784469972755081
  20
-6.997424140027095
  10
-5.778717252161231
  20
-6.167441646119284
  10
-6.633324530219978
  20
-5.194279278839809
  10
-7.327912556839193
  20
-4.101143392466493
  10
-7.845917954349531
  20
-2.914101269814509
  10
-8.174988193330794
  20
-1.6614595131191738
  10
-8.307276155147035
  20
-0.37308903536113885
  10
-8.307276155046182
  20
-0.3730890353586119
  10
-8.307455728570416
  20
-0.363547764650677
  10
-8.30751587493114
  20
-0.35400499378535755
  10
-8.3075158750066
  20
-0.3540027508931872
  10
-8.307515875031752
  20
-0.3540005080010158
  10
-8.249473873561827
  20
-0.06220366180923817
  10
-8.084184237723797
  20
0.18516975969483884
  10
-7.836810816219719
  20
0.3504593955328696
  10
-7.5450139700279415
  20
0.40850139700279414
  10
-7.5450139213336085
  20
0.4085013970027823
  10
-7.5450138726392755
  20
0.4085013970027466
  10
-7.169286119108753
  20
0.30950324551250014
  10
-6.891122172630042
  20
0.03821594825926152
  10
-6.782751672113198
  20
-0.33491648585669775
  10
-6.652468877957183
  20
-1.5047978377271285
  10
-6.324160298269094
  20
-2.6352001822091577
  10
-5.807486802052453
  20
-3.6928600907877924
  10
-5.117652119192369
  20
-4.646654667324386
  10
-4.274955452687225
  20
-5.468517376156222
  10
-3.3041941505458543
  20
-6.13426393316728
  10
-2.2339340144374904
  20
-6.624303957006754
  10
-1.0956687171271249
  20
-6.924217439274942
  10
0.07710693616564439
  20
-7.025179070358139
  10
1.1505614493847782
  20
-6.940696167918181
  10
2.197583918676278
  20
-6.689328107986259
  10
3.19239317607423
  20
-6.277264406417522
  10
4.1104937161704616
  20
-5.714651439067663
  10
4.929278856751334
  20
-5.015342604346428
  10
5.628587390339041
  20
-4.196557206573227
  10
6.191200020029076
  20
-3.278456459558796
  10
6.603263355726011
  20
-2.2836470506117745
  10
6.854631030583122
  20
-1.236624488871985
  10
6.939113538227079
  20
-0.1631699445817632
  10
6.939113538227347
  20
-0.16316969396912415
  10
6.939113538228244
  20
-0.16316944335649128
  10
6.93762916115697
  20
-0.020414090510549453
  10
6.933175293460914
  20
0.12227948749492455
  10
6.933175293495476
  20
0.1222794874963611
  10
6.932679963869958
  20
0.13813549698097446
  10
6.932514605051861
  20
0.15399837959023827
  10
6.932514605034874
  20
0.1539994437956272
  10
6.93251460502921
  20
0.15400050800101625
  10
6.990556606499135
  20
0.44579735419279387
  10
7.155846242337166
  20
0.6931707756968709
  10
7.403219663841243
  20
0.8584604115349016
  10
7.695016510033021
  20
0.9165024130048263
  10
7.695016530492569
  20
0.9165024130048242
  10
7.695016550952118
  20
0.9165024130048178
  10
8.067071839090504
  20
0.819570731123116
  10
8.34453343842685
  20
0.5534204929532621
  10
8.456857816833814
  20
0.18571936105448023
  10
8.456857817344085
  20
0.18571934879835353
  97
1
  330
2519
  75
0
  76
1
  47
0.4128176842155181
  98
1
  10
34.90568961886538
  20
22.81183545379326
  450
0
  451
0
  460
0
  461
0
  452
1
  462
1
  453
2
  463
0
  63
5
  421
255
  463
1
  63
7
  421
16777215
  470
LINEAR
  1001
ACAD
  1010
0
  1020
0
  1030
0
  0
LWPOLYLINE
  5
2519
  100
AcDbEntity
  8
Bottom-Solder-Mask-Layer
  100
AcDbPolyline
  90
78
  70
1
  43
0
  10
8.456857817854354
  20
0.18571933654222675
  10
8.462302325905815
  20
0.011312453470275478
  10
8.464117348234701
  20
-0.16316995029794557
  10
8.378749840202422
  20
-1.3567661708539613
  10
8.124384797717985
  20
-2.5260642399172553
  10
7.706200359487338
  20
-3.6472606209205827
  10
7.132709554677837
  20
-4.697530988945974
  10
6.415587002194986
  20
-5.6554948681573585
  10
5.569431249109756
  20
-6.501650876629794
  10
4.611467586340716
  20
-7.218773718245765
  10
3.5611973914066555
  20
-7.792264840048388
  10
2.440001136620022
  20
-8.210449616679087
  10
1.2707031443293766
  20
-8.464815012081658
  10
0.07710694953907801
  20
-8.55018288036576
  10
0.07710692533544407
  20
-8.55018288036576
  10
0.07710690113180996
  20
-8.550182880365755
  10
-1.2141709759477082
  20
-8.450182695541052
  10
-2.4746565440740635
  20
-8.152567633178343
  10
-3.674291844123945
  20
-7.664434721284284
  10
-4.784469972755081
  20
-6.997424140027095
  10
-5.778717252161231
  20
-6.167441646119284
  10
-6.633324530219978
  20
-5.194279278839809
  10
-7.327912556839193
  20
-4.101143392466493
  10
-7.845917954349531
  20
-2.914101269814509
  10
-8.174988193330794
  20
-1.6614595131191738
  10
-8.307276155147035
  20
-0.37308903536113885
  10
-8.307276155046182
  20
-0.3730890353586119
  10
-8.307455728570416
  20
-0.363547764650677
  10
-8.30751587493114
  20
-0.35400499378535755
  10
-8.3075158750066
  20
-0.3540027508931872
  10
-8.307515875031752
  20
-0.3540005080010158
  10
-8.249473873561827
  20
-0.06220366180923817
  10
-8.084184237723797
  20
0.18516975969483884
  10
-7.836810816219719
  20
0.3504593955328696
  10
-7.5450139700279415
  20
0.40850139700279414
  10
-7.5450139213336085
  20
0.4085013970027823
  10
-7.5450138726392755
  20
0.4085013970027466
  10
-7.169286119108753
  20
0.30950324551250014
  10
-6.891122172630042
  20
0.03821594825926152
  10
-6.782751672113198
  20
-0.33491648585669775
  10
-6.652468877957183
  20
-1.5047978377271285
  10
-6.324160298269094
  20
-2.6352001822091577
  10
-5.807486802052453
  20
-3.6928600907877924
  10
-5.117652119192369
  20
-4.646654667324386
  10
-4.274955452687225
  20
-5.468517376156222
  10
-3.3041941505458543
  20
-6.13426393316728
  10
-2.2339340144374904
  20
-6.624303957006754
  10
-1.0956687171271249
  20
-6.924217439274942
  10
0.07710693616564439
  20
-7.025179070358139
  10
1.1505614493847782
  20
-6.940696167918181
  10
2.197583918676278
  20
-6.689328107986259
  10
3.19239317607423
  20
-6.277264406417522
  10
4.1104937161704616
  20
-5.714651439067663
  10
4.929278856751334
  20
-5.015342604346428
  10
5.628587390339041
  20
-4.196557206573227
  10
6.191200020029076
  20
-3.278456459558796
  10
6.603263355726011
  20
-2.2836470506117745
  10
6.854631030583122
  20
-1.236624488871985
  10
6.939113538227079
  20
-0.1631699445817632
  10
6.939113538227347
  20
-0.16316969396912415
  10
6.939113538228244
  20
-0.16316944335649128
  10
6.93762916115697
  20
-0.020414090510549453
  10
6.933175293460914
  20
0.12227948749492455
  10
6.933175293495476
  20
0.1222794874963611
  10
6.932679963869958
  20
0.13813549698097446
  10
6.932514605051861
  20
0.15399837959023827
  10
6.932514605034874
  20
0.1539994437956272
  10
6.93251460502921
  20
0.15400050800101625
  10
6.990556606499135
  20
0.44579735419279387
  10
7.155846242337166
  20
0.6931707756968709
  10
7.403219663841243
  20
0.8584604115349016
  10
7.695016510033021
  20
0.9165024130048263
  10
7.695016530492569
  20
0.9165024130048242
  10
7.695016550952118
  20
0.9165024130048178
  10
8.067071839090504
  20
0.819570731123116
  10
8.34453343842685
  20
0.5534204929532621
  10
8.456857816833814
  20
0.18571936105448023
  10
8.456857817344085
  20
0.18571934879835353
  0
HATCH
  5
2280
  100
AcDbEntity
  8
Bottom-Paste-Mask-Layer
  100
AcDbHatch
  10
0
  20
0
  30
0
  210
0
  220
0
  230
1
  2
SOLID
  70
1
  71
0
  91
1
  92
7
  72
0
  73
1
  93
4
  10
1.2499390398780783
  20
-2.650046990093981
  10
1.2499390398780783
  20
-3.450049530099061
  10
0.7499390398780781
  20
-3.450049530099061
  10
0.7499390398780783
  20
-2.650046990093981
  97
1
  330
2279
  75
0
  76
1
  47
0.4128176842155181
  98
1
  10
34.90568961886538
  20
22.81183545379326
  450
0
  451
0
  460
0
  461
0
  452
1
  462
1
  453
2
  463
0
  63
5
  421
255
  463
1
  63
7
  421
16777215
  470
LINEAR
  1001
ACAD
  1010
0
  1020
0
  1030
0
  0
LWPOLYLINE
  5
2279
  100
AcDbEntity
  8
Bottom-Paste-Mask-Layer
  100
AcDbPolyline
  90
4
  70
1
  43
0
  10
1.2499390398780783
  20
-2.650046990093981
  10
1.2499390398780783
  20
-3.450049530099061
  10
0.7499390398780781
  20
-3.450049530099061
  10
0.7499390398780783
  20
-2.650046990093981
  0
HATCH
  5
2286
  100
AcDbEntity
  8
Bottom-Paste-Mask-Layer
  100
AcDbHatch
  10
0
  20
0
  30
0
  210
0
  220
0
  230
1
  2
SOLID
  70
1
  71
0
  91
1
  92
7
  72
0
  73
1
  93
10
  10
1.74994157988316
  20
-2.9000469900939803
  10
1.8231648845865234
  20
-2.7232702947973437
  10
1.9999415798831601
  20
-2.6500469900939803
  10
2.176718275179797
  20
-2.7232702947973437
  10
2.24994157988316
  20
-2.9000469900939807
  10
2.24994157988316
  20
-3.2000495300990606
  10
2.176718275179797
  20
-3.376826225395697
  10
1.9999415798831601
  20
-3.4500495300990606
  10
1.8231648845865234
  20
-3.376826225395697
  10
1.74994157988316
  20
-3.2000495300990606
  97
1
  330
2285
  75
0
  76
1
  47
0.4128176842155181
  98
1
  10
34.90568961886538
  20
22.81183545379326
  450
0
  451
0
  460
0
  461
0
  452
1
  462
1
  453
2
  463
0
  63
5
  421
255
  463
1
  63
7
  421
16777215
  470
LINEAR
  1001
ACAD
  1010
0
  1020
0
  1030
0
  0
LWPOLYLINE
  5
2285
  100
AcDbEntity
  8
Bottom-Paste-Mask-Layer
  100
AcDbPolyline
  90
10
  70
1
  43
0
  10
1.74994157988316
  20
-2.9000469900939803
  10
1.8231648845865234
  20
-2.7232702947973437
  10
1.9999415798831601
  20
-2.6500469900939803
  10
2.176718275179797
  20
-2.7232702947973437
  10
2.24994157988316
  20
-2.9000469900939807
  10
2.24994157988316
  20
-3.2000495300990606
  10
2.176718275179797
  20
-3.376826225395697
  10
1.9999415798831601
  20
-3.4500495300990606
  10
1.8231648845865234
  20
-3.376826225395697
  10
1.74994157988316
  20
-3.2000495300990606
  0
HATCH
  5
2292
  100
AcDbEntity
  8
Bottom-Paste-Mask-Layer
  100
AcDbHatch
  10
0
  20
0
  30
0
  210
0
  220
0
  230
1
  2
SOLID
  70
1
  71
0
  91
1
  92
7
  72
0
  73
1
  93
4
  10
-0.7500660401320806
  20
-2.650046990093981
  10
-0.7500660401320808
  20
-3.450049530099061
  10
-1.2500660401320807
  20
-3.450049530099061
  10
-1.2500660401320804
  20
-2.650046990093981
  97
1
  330
2291
  75
0
  76
1
  47
0.4128176842155181
  98
1
  10
34.90568961886538
  20
22.81183545379326
  450
0
  451
0
  460
0
  461
0
  452
1
  462
1
  453
2
  463
0
  63
5
  421
255
  463
1
  63
7
  421
16777215
  470
LINEAR
  1001
ACAD
  1010
0
  1020
0
  1030
0
  0
LWPOLYLINE
  5
2291
  100
AcDbEntity
  8
Bottom-Paste-Mask-Layer
  100
AcDbPolyline
  90
4
  70
1
  43
0
  10
-0.7500660401320806
  20
-2.650046990093981
  10
-0.7500660401320808
  20
-3.450049530099061
  10
-1.2500660401320807
  20
-3.450049530099061
  10
-1.2500660401320804
  20
-2.650046990093981
  0
HATCH
  5
2298
  100
AcDbEntity
  8
Bottom-Paste-Mask-Layer
  100
AcDbHatch
  10
0
  20
0
  30
0
  210
0
  220
0
  230
1
  2
SOLID
  70
1
  71
0
  91
1
  92
7
  72
0
  73
1
  93
4
  10
-1.7500685801371614
  20
-2.6500469900939816
  10
-1.7500685801371614
  20
-3.4500495300990615
  10
-2.2500685801371616
  20
-3.450049530099061
  10
-2.250068580137161
  20
-2.650046990093981
  97
1
  330
2297
  75
0
  76
1
  47
0.4128176842155181
  98
1
  10
34.90568961886538
  20
22.81183545379326
  450
0
  451
0
  460
0
  461
0
  452
1
  462
1
  453
2
  463
0
  63
5
  421
255
  463
1
  63
7
  421
16777215
  470
LINEAR
  1001
ACAD
  1010
0
  1020
0
  1030
0
  0
LWPOLYLINE
  5
2297
  100
AcDbEntity
  8
Bottom-Paste-Mask-Layer
  100
AcDbPolyline
  90
4
  70
1
  43
0
  10
-1.7500685801371614
  20
-2.6500469900939816
  10
-1.7500685801371614
  20
-3.4500495300990615
  10
-2.2500685801371616
  20
-3.450049530099061
  10
-2.250068580137161
  20
-2.650046990093981
  0
HATCH
  5
2304
  100
AcDbEntity
  8
Bottom-Paste-Mask-Layer
  100
AcDbHatch
  10
0
  20
0
  30
0
  210
0
  220
0
  230
1
  2
SOLID
  70
1
  71
0
  91
1
  92
7
  72
0
  73
1
  93
4
  10
0.24993649987299962
  20
-2.650046990093981
  10
0.24993649987299954
  20
-3.450049530099061
  10
-0.2500635001270005
  20
-3.450049530099061
  10
-0.2500635001270004
  20
-2.650046990093981
  97
1
  330
2303
  75
0
  76
1
  47
0.4128176842155181
  98
1
  10
34.90568961886538
  20
22.81183545379326
  450
0
  451
0
  460
0
  461
0
  452
1
  462
1
  453
2
  463
0
  63
5
  421
255
  463
1
  63
7
  421
16777215
  470
LINEAR
  1001
ACAD
  1010
0
  1020
0
  1030
0
  0
LWPOLYLINE
  5
2303
  100
AcDbEntity
  8
Bottom-Paste-Mask-Layer
  100
AcDbPolyline
  90
4
  70
1
  43
0
  10
0.24993649987299962
  20
-2.650046990093981
  10
0.24993649987299954
  20
-3.450049530099061
  10
-0.2500635001270005
  20
-3.450049530099061
  10
-0.2500635001270004
  20
-2.650046990093981
  0
HATCH
  5
2310
  100
AcDbEntity
  8
Bottom-Paste-Mask-Layer
  100
AcDbHatch
  10
0
  20
0
  30
0
  210
0
  220
0
  230
1
  2
SOLID
  70
1
  71
0
  91
1
  92
7
  72
0
  73
1
  93
4
  10
-3.450069850139701
  20
-0.7500457200914403
  10
-2.650067310134621
  20
-0.7500457200914403
  10
-2.650067310134621
  20
-1.25004572009144
  10
-3.4500698501397014
  20
-1.25004572009144
  97
1
  330
2309
  75
0
  76
1
  47
0.4128176842155181
  98
1
  10
34.90568961886538
  20
22.81183545379326
  450
0
  451
0
  460
0
  461
0
  452
1
  462
1
  453
2
  463
0
  63
5
  421
255
  463
1
  63
7
  421
16777215
  470
LINEAR
  1001
ACAD
  1010
0
  1020
0
  1030
0
  0
LWPOLYLINE
  5
2309
  100
AcDbEntity
  8
Bottom-Paste-Mask-Layer
  100
AcDbPolyline
  90
4
  70
1
  43
0
  10
-3.450069850139701
  20
-0.7500457200914403
  10
-2.650067310134621
  20
-0.7500457200914403
  10
-2.650067310134621
  20
-1.25004572009144
  10
-3.4500698501397014
  20
-1.25004572009144
  0
HATCH
  5
2316
  100
AcDbEntity
  8
Bottom-Paste-Mask-Layer
  100
AcDbHatch
  10
0
  20
0
  30
0
  210
0
  220
0
  230
1
  2
SOLID
  70
1
  71
0
  91
1
  92
7
  72
0
  73
1
  93
4
  10
-3.4500698501397014
  20
-1.7500482600965197
  10
-2.6500673101346215
  20
-1.7500482600965201
  10
-2.6500673101346215
  20
-2.25004826009652
  10
-3.4500698501397014
  20
-2.2500482600965195
  97
1
  330
2315
  75
0
  76
1
  47
0.4128176842155181
  98
1
  10
34.90568961886538
  20
22.81183545379326
  450
0
  451
0
  460
0
  461
0
  452
1
  462
1
  453
2
  463
0
  63
5
  421
255
  463
1
  63
7
  421
16777215
  470
LINEAR
  1001
ACAD
  1010
0
  1020
0
  1030
0
  0
LWPOLYLINE
  5
2315
  100
AcDbEntity
  8
Bottom-Paste-Mask-Layer
  100
AcDbPolyline
  90
4
  70
1
  43
0
  10
-3.4500698501397014
  20
-1.7500482600965197
  10
-2.6500673101346215
  20
-1.7500482600965201
  10
-2.6500673101346215
  20
-2.25004826009652
  10
-3.4500698501397014
  20
-2.2500482600965195
  0
HATCH
  5
2322
  100
AcDbEntity
  8
Bottom-Paste-Mask-Layer
  100
AcDbHatch
  10
0
  20
0
  30
0
  210
0
  220
0
  230
1
  2
SOLID
  70
1
  71
0
  91
1
  92
7
  72
0
  73
1
  93
4
  10
-3.4500698501397014
  20
1.2499593599187204
  10
-2.650067310134621
  20
1.2499593599187204
  10
-2.6500673101346215
  20
0.7499593599187205
  10
-3.4500698501397014
  20
0.7499593599187205
  97
1
  330
2321
  75
0
  76
1
  47
0.4128176842155181
  98
1
  10
34.90568961886538
  20
22.81183545379326
  450
0
  451
0
  460
0
  461
0
  452
1
  462
1
  453
2
  463
0
  63
5
  421
255
  463
1
  63
7
  421
16777215
  470
LINEAR
  1001
ACAD
  1010
0
  1020
0
  1030
0
  0
LWPOLYLINE
  5
2321
  100
AcDbEntity
  8
Bottom-Paste-Mask-Layer
  100
AcDbPolyline
  90
4
  70
1
  43
0
  10
-3.4500698501397014
  20
1.2499593599187204
  10
-2.650067310134621
  20
1.2499593599187204
  10
-2.6500673101346215
  20
0.7499593599187205
  10
-3.4500698501397014
  20
0.7499593599187205
  0
HATCH
  5
2328
  100
AcDbEntity
  8
Bottom-Paste-Mask-Layer
  100
AcDbHatch
  10
0
  20
0
  30
0
  210
0
  220
0
  230
1
  2
SOLID
  70
1
  71
0
  91
1
  92
7
  72
0
  73
1
  93
4
  10
-3.450069850139701
  20
2.249961899923801
  10
-2.650067310134621
  20
2.2499618999238007
  10
-2.6500673101346215
  20
1.749961899923801
  10
-3.4500698501397014
  20
1.7499618999238014
  97
1
  330
2327
  75
0
  76
1
  47
0.4128176842155181
  98
1
  10
34.90568961886538
  20
22.81183545379326
  450
0
  451
0
  460
0
  461
0
  452
1
  462
1
  453
2
  463
0
  63
5
  421
255
  463
1
  63
7
  421
16777215
  470
LINEAR
  1001
ACAD
  1010
0
  1020
0
  1030
0
  0
LWPOLYLINE
  5
2327
  100
AcDbEntity
  8
Bottom-Paste-Mask-Layer
  100
AcDbPolyline
  90
4
  70
1
  43
0
  10
-3.450069850139701
  20
2.249961899923801
  10
-2.650067310134621
  20
2.2499618999238007
  10
-2.6500673101346215
  20
1.749961899923801
  10
-3.4500698501397014
  20
1.7499618999238014
  0
HATCH
  5
2334
  100
AcDbEntity
  8
Bottom-Paste-Mask-Layer
  100
AcDbHatch
  10
0
  20
0
  30
0
  210
0
  220
0
  230
1
  2
SOLID
  70
1
  71
0
  91
1
  92
7
  72
0
  73
1
  93
4
  10
2.0499415798831597
  20
3.449963169926339
  10
2.0499415798831597
  20
2.6499606299212592
  10
1.5499415798831593
  20
2.6499606299212597
  10
1.5499415798831593
  20
3.4499631699263396
  97
1
  330
2333
  75
0
  76
1
  47
0.4128176842155181
  98
1
  10
34.90568961886538
  20
22.81183545379326
  450
0
  451
0
  460
0
  461
0
  452
1
  462
1
  453
2
  463
0
  63
5
  421
255
  463
1
  63
7
  421
16777215
  470
LINEAR
  1001
ACAD
  1010
0
  1020
0
  1030
0
  0
LWPOLYLINE
  5
2333
  100
AcDbEntity
  8
Bottom-Paste-Mask-Layer
  100
AcDbPolyline
  90
4
  70
1
  43
0
  10
2.0499415798831597
  20
3.449963169926339
  10
2.0499415798831597
  20
2.6499606299212592
  10
1.5499415798831593
  20
2.6499606299212597
  10
1.5499415798831593
  20
3.4499631699263396
  0
HATCH
  5
2340
  100
AcDbEntity
  8
Bottom-Paste-Mask-Layer
  100
AcDbHatch
  10
0
  20
0
  30
0
  210
0
  220
0
  230
1
  2
SOLID
  70
1
  71
0
  91
1
  92
7
  72
0
  73
1
  93
4
  10
1.0499390398780788
  20
3.449963169926339
  10
1.0499390398780788
  20
2.6499606299212592
  10
0.5499390398780788
  20
2.6499606299212592
  10
0.549939039878079
  20
3.449963169926339
  97
1
  330
2339
  75
0
  76
1
  47
0.4128176842155181
  98
1
  10
34.90568961886538
  20
22.81183545379326
  450
0
  451
0
  460
0
  461
0
  452
1
  462
1
  453
2
  463
0
  63
5
  421
255
  463
1
  63
7
  421
16777215
  470
LINEAR
  1001
ACAD
  1010
0
  1020
0
  1030
0
  0
LWPOLYLINE
  5
2339
  100
AcDbEntity
  8
Bottom-Paste-Mask-Layer
  100
AcDbPolyline
  90
4
  70
1
  43
0
  10
1.0499390398780788
  20
3.449963169926339
  10
1.0499390398780788
  20
2.6499606299212592
  10
0.5499390398780788
  20
2.6499606299212592
  10
0.549939039878079
  20
3.449963169926339
  0
HATCH
  5
2346
  100
AcDbEntity
  8
Bottom-Paste-Mask-Layer
  100
AcDbHatch
  10
0
  20
0
  30
0
  210
0
  220
0
  230
1
  2
SOLID
  70
1
  71
0
  91
1
  92
7
  72
0
  73
1
  93
4
  10
0.04993649987300046
  20
3.449963169926339
  10
0.0499364998730004
  20
2.6499606299212592
  10
-0.4500635001269997
  20
2.6499606299212592
  10
-0.4500635001269996
  20
3.449963169926339
  97
1
  330
2345
  75
0
  76
1
  47
0.4128176842155181
  98
1
  10
34.90568961886538
  20
22.81183545379326
  450
0
  451
0
  460
0
  461
0
  452
1
  462
1
  453
2
  463
0
  63
5
  421
255
  463
1
  63
7
  421
16777215
  470
LINEAR
  1001
ACAD
  1010
0
  1020
0
  1030
0
  0
LWPOLYLINE
  5
2345
  100
AcDbEntity
  8
Bottom-Paste-Mask-Layer
  100
AcDbPolyline
  90
4
  70
1
  43
0
  10
0.04993649987300046
  20
3.449963169926339
  10
0.0499364998730004
  20
2.6499606299212592
  10
-0.4500635001269997
  20
2.6499606299212592
  10
-0.4500635001269996
  20
3.449963169926339
  0
HATCH
  5
2352
  100
AcDbEntity
  8
Bottom-Paste-Mask-Layer
  100
AcDbHatch
  10
0
  20
0
  30
0
  210
0
  220
0
  230
1
  2
SOLID
  70
1
  71
0
  91
1
  92
7
  72
0
  73
1
  93
4
  10
-0.9500660401320815
  20
3.449963169926339
  10
-0.9500660401320817
  20
2.6499606299212592
  10
-1.4500660401320817
  20
2.6499606299212592
  10
-1.4500660401320817
  20
3.449963169926339
  97
1
  330
2351
  75
0
  76
1
  47
0.4128176842155181
  98
1
  10
34.90568961886538
  20
22.81183545379326
  450
0
  451
0
  460
0
  461
0
  452
1
  462
1
  453
2
  463
0
  63
5
  421
255
  463
1
  63
7
  421
16777215
  470
LINEAR
  1001
ACAD
  1010
0
  1020
0
  1030
0
  0
LWPOLYLINE
  5
2351
  100
AcDbEntity
  8
Bottom-Paste-Mask-Layer
  100
AcDbPolyline
  90
4
  70
1
  43
0
  10
-0.9500660401320815
  20
3.449963169926339
  10
-0.9500660401320817
  20
2.6499606299212592
  10
-1.4500660401320817
  20
2.6499606299212592
  10
-1.4500660401320817
  20
3.449963169926339
  0
HATCH
  5
2358
  100
AcDbEntity
  8
Bottom-Paste-Mask-Layer
  100
AcDbHatch
  10
0
  20
0
  30
0
  210
0
  220
0
  230
1
  2
SOLID
  70
1
  71
0
  91
1
  92
7
  72
0
  73
1
  93
4
  10
-1.95006858013716
  20
3.4499631699263387
  10
-1.95006858013716
  20
2.649960629921259
  10
-2.4500685801371596
  20
2.649960629921259
  10
-2.4500685801371596
  20
3.4499631699263387
  97
1
  330
2357
  75
0
  76
1
  47
0.4128176842155181
  98
1
  10
34.90568961886538
  20
22.81183545379326
  450
0
  451
0
  460
0
  461
0
  452
1
  462
1
  453
2
  463
0
  63
5
  421
255
  463
1
  63
7
  421
16777215
  470
LINEAR
  1001
ACAD
  1010
0
  1020
0
  1030
0
  0
LWPOLYLINE
  5
2357
  100
AcDbEntity
  8
Bottom-Paste-Mask-Layer
  100
AcDbPolyline
  90
4
  70
1
  43
0
  10
-1.95006858013716
  20
3.4499631699263387
  10
-1.95006858013716
  20
2.649960629921259
  10
-2.4500685801371596
  20
2.649960629921259
  10
-2.4500685801371596
  20
3.4499631699263387
  0
HATCH
  5
2364
  100
AcDbEntity
  8
Bottom-Paste-Mask-Layer
  100
AcDbHatch
  10
0
  20
0
  30
0
  210
0
  220
0
  230
1
  2
SOLID
  70
1
  71
0
  91
1
  92
7
  72
0
  73
1
  93
4
  10
2.6499403098806207
  20
0.24995681991363955
  10
3.449942849885701
  20
0.24995681991363955
  10
3.4499428498857005
  20
-0.25004318008636023
  10
2.6499403098806207
  20
-0.25004318008636023
  97
1
  330
2363
  75
0
  76
1
  47
0.4128176842155181
  98
1
  10
34.90568961886538
  20
22.81183545379326
  450
0
  451
0
  460
0
  461
0
  452
1
  462
1
  453
2
  463
0
  63
5
  421
255
  463
1
  63
7
  421
16777215
  470
LINEAR
  1001
ACAD
  1010
0
  1020
0
  1030
0
  0
LWPOLYLINE
  5
2363
  100
AcDbEntity
  8
Bottom-Paste-Mask-Layer
  100
AcDbPolyline
  90
4
  70
1
  43
0
  10
2.6499403098806207
  20
0.24995681991363955
  10
3.449942849885701
  20
0.24995681991363955
  10
3.4499428498857005
  20
-0.25004318008636023
  10
2.6499403098806207
  20
-0.25004318008636023
  0
HATCH
  5
2370
  100
AcDbEntity
  8
Bottom-Paste-Mask-Layer
  100
AcDbHatch
  10
0
  20
0
  30
0
  210
0
  220
0
  230
1
  2
SOLID
  70
1
  71
0
  91
1
  92
7
  72
0
  73
1
  93
4
  10
2.6499403098806207
  20
-0.7500457200914408
  10
3.449942849885701
  20
-0.7500457200914408
  10
3.4499428498857005
  20
-1.2500457200914405
  10
2.6499403098806207
  20
-1.2500457200914405
  97
1
  330
2369
  75
0
  76
1
  47
0.4128176842155181
  98
1
  10
34.90568961886538
  20
22.81183545379326
  450
0
  451
0
  460
0
  461
0
  452
1
  462
1
  453
2
  463
0
  63
5
  421
255
  463
1
  63
7
  421
16777215
  470
LINEAR
  1001
ACAD
  1010
0
  1020
0
  1030
0
  0
LWPOLYLINE
  5
2369
  100
AcDbEntity
  8
Bottom-Paste-Mask-Layer
  100
AcDbPolyline
  90
4
  70
1
  43
0
  10
2.6499403098806207
  20
-0.7500457200914408
  10
3.449942849885701
  20
-0.7500457200914408
  10
3.4499428498857005
  20
-1.2500457200914405
  10
2.6499403098806207
  20
-1.2500457200914405
  0
HATCH
  5
2376
  100
AcDbEntity
  8
Bottom-Paste-Mask-Layer
  100
AcDbHatch
  10
0
  20
0
  30
0
  210
0
  220
0
  230
1
  2
SOLID
  70
1
  71
0
  91
1
  92
7
  72
0
  73
1
  93
4
  10
2.649940309880621
  20
-1.7500482600965201
  10
3.4499428498857005
  20
-1.7500482600965206
  10
3.4499428498857005
  20
-2.2500482600965204
  10
2.6499403098806207
  20
-2.25004826009652
  97
1
  330
2375
  75
0
  76
1
  47
0.4128176842155181
  98
1
  10
34.90568961886538
  20
22.81183545379326
  450
0
  451
0
  460
0
  461
0
  452
1
  462
1
  453
2
  463
0
  63
5
  421
255
  463
1
  63
7
  421
16777215
  470
LINEAR
  1001
ACAD
  1010
0
  1020
0
  1030
0
  0
LWPOLYLINE
  5
2375
  100
AcDbEntity
  8
Bottom-Paste-Mask-Layer
  100
AcDbPolyline
  90
4
  70
1
  43
0
  10
2.649940309880621
  20
-1.7500482600965201
  10
3.4499428498857005
  20
-1.7500482600965206
  10
3.4499428498857005
  20
-2.2500482600965204
  10
2.6499403098806207
  20
-2.25004826009652
  0
HATCH
  5
2382
  100
AcDbEntity
  8
Bottom-Paste-Mask-Layer
  100
AcDbHatch
  10
0
  20
0
  30
0
  210
0
  220
0
  230
1
  2
SOLID
  70
1
  71
0
  91
1
  92
7
  72
0
  73
1
  93
4
  10
2.6499403098806207
  20
1.24995935991872
  10
3.4499428498857005
  20
1.24995935991872
  10
3.4499428498857005
  20
0.7499593599187201
  10
2.6499403098806207
  20
0.7499593599187201
  97
1
  330
2381
  75
0
  76
1
  47
0.4128176842155181
  98
1
  10
34.90568961886538
  20
22.81183545379326
  450
0
  451
0
  460
0
  461
0
  452
1
  462
1
  453
2
  463
0
  63
5
  421
255
  463
1
  63
7
  421
16777215
  470
LINEAR
  1001
ACAD
  1010
0
  1020
0
  1030
0
  0
LWPOLYLINE
  5
2381
  100
AcDbEntity
  8
Bottom-Paste-Mask-Layer
  100
AcDbPolyline
  90
4
  70
1
  43
0
  10
2.6499403098806207
  20
1.24995935991872
  10
3.4499428498857005
  20
1.24995935991872
  10
3.4499428498857005
  20
0.7499593599187201
  10
2.6499403098806207
  20
0.7499593599187201
  0
HATCH
  5
2388
  100
AcDbEntity
  8
Bottom-Paste-Mask-Layer
  100
AcDbHatch
  10
0
  20
0
  30
0
  210
0
  220
0
  230
1
  2
SOLID
  70
1
  71
0
  91
1
  92
7
  72
0
  73
1
  93
4
  10
2.6499403098806207
  20
2.249961899923801
  10
3.4499428498857005
  20
2.2499618999238007
  10
3.4499428498857005
  20
1.749961899923801
  10
2.6499403098806207
  20
1.7499618999238014
  97
1
  330
2387
  75
0
  76
1
  47
0.4128176842155181
  98
1
  10
34.90568961886538
  20
22.81183545379326
  450
0
  451
0
  460
0
  461
0
  452
1
  462
1
  453
2
  463
0
  63
5
  421
255
  463
1
  63
7
  421
16777215
  470
LINEAR
  1001
ACAD
  1010
0
  1020
0
  1030
0
  0
LWPOLYLINE
  5
2387
  100
AcDbEntity
  8
Bottom-Paste-Mask-Layer
  100
AcDbPolyline
  90
4
  70
1
  43
0
  10
2.6499403098806207
  20
2.249961899923801
  10
3.4499428498857005
  20
2.2499618999238007
  10
3.4499428498857005
  20
1.749961899923801
  10
2.6499403098806207
  20
1.7499618999238014
  0
HATCH
  5
2394
  100
AcDbEntity
  8
Bottom-Paste-Mask-Layer
  100
AcDbHatch
  10
0
  20
0
  30
0
  210
0
  220
0
  230
1
  2
SOLID
  70
1
  71
0
  91
1
  92
7
  72
0
  73
1
  93
4
  10
-3.4500698501397014
  20
0.24995681991364
  10
-2.650067310134621
  20
0.24995681991364
  10
-2.6500673101346215
  20
-0.2500431800863598
  10
-3.4500698501397014
  20
-0.2500431800863598
  97
1
  330
2393
  75
0
  76
1
  47
0.4128176842155181
  98
1
  10
34.90568961886538
  20
22.81183545379326
  450
0
  451
0
  460
0
  461
0
  452
1
  462
1
  453
2
  463
0
  63
5
  421
255
  463
1
  63
7
  421
16777215
  470
LINEAR
  1001
ACAD
  1010
0
  1020
0
  1030
0
  0
LWPOLYLINE
  5
2393
  100
AcDbEntity
  8
Bottom-Paste-Mask-Layer
  100
AcDbPolyline
  90
4
  70
1
  43
0
  10
-3.4500698501397014
  20
0.24995681991364
  10
-2.650067310134621
  20
0.24995681991364
  10
-2.6500673101346215
  20
-0.2500431800863598
  10
-3.4500698501397014
  20
-0.2500431800863598
  0
HATCH
  5
2400
  100
AcDbEntity
  8
Bottom-Paste-Mask-Layer
  100
AcDbHatch
  10
0
  20
0
  30
0
  210
0
  220
0
  230
1
  2
SOLID
  70
1
  71
0
  91
1
  92
7
  72
0
  73
1
  93
4
  10
0.09993522987045948
  20
-0.10004191008381977
  10
0.8999377698755396
  20
-0.10004191008382006
  10
0.8999377698755393
  20
-0.9000444500889003
  10
0.09993522987045915
  20
-0.9000444500888998
  97
1
  330
2399
  75
0
  76
1
  47
0.4128176842155181
  98
1
  10
34.90568961886538
  20
22.81183545379326
  450
0
  451
0
  460
0
  461
0
  452
1
  462
1
  453
2
  463
0
  63
5
  421
255
  463
1
  63
7
  421
16777215
  470
LINEAR
  1001
ACAD
  1010
0
  1020
0
  1030
0
  0
LWPOLYLINE
  5
2399
  100
AcDbEntity
  8
Bottom-Paste-Mask-Layer
  100
AcDbPolyline
  90
4
  70
1
  43
0
  10
0.09993522987045948
  20
-0.10004191008381977
  10
0.8999377698755396
  20
-0.10004191008382006
  10
0.8999377698755393
  20
-0.9000444500889003
  10
0.09993522987045915
  20
-0.9000444500888998
  0
HATCH
  5
2406
  100
AcDbEntity
  8
Bottom-Paste-Mask-Layer
  100
AcDbHatch
  10
0
  20
0
  30
0
  210
0
  220
0
  230
1
  2
SOLID
  70
1
  71
0
  91
1
  92
7
  72
0
  73
1
  93
4
  10
0.09993522987045961
  20
0.8999580899161816
  10
0.8999377698755399
  20
0.8999580899161813
  10
0.8999377698755394
  20
0.09995554991110116
  10
0.09993522987045932
  20
0.0999555499111015
  97
1
  330
2405
  75
0
  76
1
  47
0.4128176842155181
  98
1
  10
34.90568961886538
  20
22.81183545379326
  450
0
  451
0
  460
0
  461
0
  452
1
  462
1
  453
2
  463
0
  63
5
  421
255
  463
1
  63
7
  421
16777215
  470
LINEAR
  1001
ACAD
  1010
0
  1020
0
  1030
0
  0
LWPOLYLINE
  5
2405
  100
AcDbEntity
  8
Bottom-Paste-Mask-Layer
  100
AcDbPolyline
  90
4
  70
1
  43
0
  10
0.09993522987045961
  20
0.8999580899161816
  10
0.8999377698755399
  20
0.8999580899161813
  10
0.8999377698755394
  20
0.09995554991110116
  10
0.09993522987045932
  20
0.0999555499111015
  0
HATCH
  5
2412
  100
AcDbEntity
  8
Bottom-Paste-Mask-Layer
  100
AcDbHatch
  10
0
  20
0
  30
0
  210
0
  220
0
  230
1
  2
SOLID
  70
1
  71
0
  91
1
  92
7
  72
0
  73
1
  93
4
  10
-0.9000647701295417
  20
0.8999580899161816
  10
-0.1000622301244615
  20
0.8999580899161814
  10
-0.10006223012446183
  20
0.09995554991110123
  10
-0.900064770129542
  20
0.09995554991110152
  97
1
  330
2411
  75
0
  76
1
  47
0.4128176842155181
  98
1
  10
34.90568961886538
  20
22.81183545379326
  450
0
  451
0
  460
0
  461
0
  452
1
  462
1
  453
2
  463
0
  63
5
  421
255
  463
1
  63
7
  421
16777215
  470
LINEAR
  1001
ACAD
  1010
0
  1020
0
  1030
0
  0
LWPOLYLINE
  5
2411
  100
AcDbEntity
  8
Bottom-Paste-Mask-Layer
  100
AcDbPolyline
  90
4
  70
1
  43
0
  10
-0.9000647701295417
  20
0.8999580899161816
  10
-0.1000622301244615
  20
0.8999580899161814
  10
-0.10006223012446183
  20
0.09995554991110123
  10
-0.900064770129542
  20
0.09995554991110152
  0
HATCH
  5
2418
  100
AcDbEntity
  8
Bottom-Paste-Mask-Layer
  100
AcDbHatch
  10
0
  20
0
  30
0
  210
0
  220
0
  230
1
  2
SOLID
  70
1
  71
0
  91
1
  92
7
  72
0
  73
1
  93
4
  10
-0.9000647701295419
  20
-0.10004191008381971
  10
-0.10006223012446167
  20
-0.10004191008382005
  10
-0.10006223012446197
  20
-0.9000444500889002
  10
-0.9000647701295421
  20
-0.9000444500888998
  97
1
  330
2417
  75
0
  76
1
  47
0.4128176842155181
  98
1
  10
34.90568961886538
  20
22.81183545379326
  450
0
  451
0
  460
0
  461
0
  452
1
  462
1
  453
2
  463
0
  63
5
  421
255
  463
1
  63
7
  421
16777215
  470
LINEAR
  1001
ACAD
  1010
0
  1020
0
  1030
0
  0
LWPOLYLINE
  5
2417
  100
AcDbEntity
  8
Bottom-Paste-Mask-Layer
  100
AcDbPolyline
  90
4
  70
1
  43
0
  10
-0.9000647701295419
  20
-0.10004191008381971
  10
-0.10006223012446167
  20
-0.10004191008382005
  10
-0.10006223012446197
  20
-0.9000444500889002
  10
-0.9000647701295421
  20
-0.9000444500888998
  0
HATCH
  5
2516
  100
AcDbEntity
  8
Bottom-Paste-Mask-Layer
  100
AcDbHatch
  10
0
  20
0
  30
0
  210
0
  220
0
  230
1
  2
SOLID
  70
1
  71
0
  91
1
  92
7
  72
0
  73
1
  93
54
  10
-6.882936245872494
  20
0.1302794005588005
  10
-6.9793416666664445
  20
-0.1908530819119456
  10
-7.220635493790803
  20
-0.42365635819465375
  10
-7.5450139700279415
  20
-0.5085013970027941
  10
-7.876264922529847
  20
-0.4197429717878683
  10
-8.118757449816826
  20
-0.17725044450088925
  10
-8.207515875031751
  20
0.15400050800101597
  10
-8.207409981376419
  20
0.16586296073276635
  10
-8.207091694183392
  20
0.17772161544323364
  10
-8.064039573012433
  20
1.4432149388491475
  10
-7.729180368147151
  20
2.671956805098299
  10
-7.2103884532293785
  20
3.8350527641543035
  10
-6.519863467155306
  20
4.905152060744978
  10
-5.673843433758124
  20
5.857090800395322
  10
-4.692222916946035
  20
6.668483690387595
  10
-3.598085190559372
  20
7.32025044057809
  10
-2.4171594241954204
  20
7.797064445504712
  10
-1.17721564953467
  20
8.087713196812018
  10
0.09258826517653086
  20
8.185361950723902
  10
1.3076691000770773
  20
8.095993188026121
  10
2.4965994679271435
  20
7.829811311309012
  10
3.6337917774629527
  20
7.392544959732139
  10
4.694771919189486
  20
6.793604770772773
  10
5.656705985470442
  20
6.0458808489828355
  10
6.498891690977525
  20
5.165465351318085
  10
7.2032039173830125
  20
4.171306159425517
  10
7.754484793495558
  20
3.0847990923885282
  10
8.140869915721021
  20
1.929327436132283
  10
8.354043688087376
  20
0.729758699517399
  10
8.35664900806715
  20
0.6959246223502259
  10
8.35751841503683
  20
0.6620015240030479
  10
8.268759989821906
  20
0.33075057150114273
  10
8.026267462534925
  20
0.08825804421416358
  10
7.695016510033021
  20
-0.0005003810007620086
  10
7.383549332528141
  20
0.07728247887790454
  10
7.145219204759803
  20
0.2923655469043927
  10
7.035989331978666
  20
0.5942443484886968
  10
6.82783118183034
  20
1.7125542274384182
  10
6.440794501274597
  20
2.782203426350895
  10
5.885158435193255
  20
3.7747835807461776
  10
5.175679888840384
  20
4.663933170576106
  10
4.331201605384483
  20
5.426037644779669
  10
3.3741517293950154
  20
6.040856590241061
  10
2.3299481471567978
  20
6.492061288433122
  10
1.2263234236880216
  20
6.767668383004685
  10
0.09258826517652992
  20
6.860358140716282
  10
-1.092113275120889
  20
6.759084313229276
  10
-2.2424369385490466
  20
6.458202946118979
  10
-3.325002543008129
  20
5.9664450384458245
  10
-4.308396115056828
  20
5.298080459663973
  10
-5.164081463052395
  20
4.472503865432615
  10
-5.86722824259322
  20
3.513671901980052
  10
-6.3974324853961395
  20
2.4494080302683727
  10
-6.739308683245036
  20
1.3105951426255773
  97
1
  330
2515
  75
0
  76
1
  47
0.4128176842155181
  98
1
  10
34.90568961886538
  20
22.81183545379326
  450
0
  451
0
  460
0
  461
0
  452
1
  462
1
  453
2
  463
0
  63
5
  421
255
  463
1
  63
7
  421
16777215
  470
LINEAR
  1001
ACAD
  1010
0
  1020
0
  1030
0
  0
LWPOLYLINE
  5
2515
  100
AcDbEntity
  8
Bottom-Paste-Mask-Layer
  100
AcDbPolyline
  90
54
  70
1
  43
0
  10
-6.882936245872494
  20
0.1302794005588005
  10
-6.9793416666664445
  20
-0.1908530819119456
  10
-7.220635493790803
  20
-0.42365635819465375
  10
-7.5450139700279415
  20
-0.5085013970027941
  10
-7.876264922529847
  20
-0.4197429717878683
  10
-8.118757449816826
  20
-0.17725044450088925
  10
-8.207515875031751
  20
0.15400050800101597
  10
-8.207409981376419
  20
0.16586296073276635
  10
-8.207091694183392
  20
0.17772161544323364
  10
-8.064039573012433
  20
1.4432149388491475
  10
-7.729180368147151
  20
2.671956805098299
  10
-7.2103884532293785
  20
3.8350527641543035
  10
-6.519863467155306
  20
4.905152060744978
  10
-5.673843433758124
  20
5.857090800395322
  10
-4.692222916946035
  20
6.668483690387595
  10
-3.598085190559372
  20
7.32025044057809
  10
-2.4171594241954204
  20
7.797064445504712
  10
-1.17721564953467
  20
8.087713196812018
  10
0.09258826517653086
  20
8.185361950723902
  10
1.3076691000770773
  20
8.095993188026121
  10
2.4965994679271435
  20
7.829811311309012
  10
3.6337917774629527
  20
7.392544959732139
  10
4.694771919189486
  20
6.793604770772773
  10
5.656705985470442
  20
6.0458808489828355
  10
6.498891690977525
  20
5.165465351318085
  10
7.2032039173830125
  20
4.171306159425517
  10
7.754484793495558
  20
3.0847990923885282
  10
8.140869915721021
  20
1.929327436132283
  10
8.354043688087376
  20
0.729758699517399
  10
8.35664900806715
  20
0.6959246223502259
  10
8.35751841503683
  20
0.6620015240030479
  10
8.268759989821906
  20
0.33075057150114273
  10
8.026267462534925
  20
0.08825804421416358
  10
7.695016510033021
  20
-0.0005003810007620086
  10
7.383549332528141
  20
0.07728247887790454
  10
7.145219204759803
  20
0.2923655469043927
  10
7.035989331978666
  20
0.5942443484886968
  10
6.82783118183034
  20
1.7125542274384182
  10
6.440794501274597
  20
2.782203426350895
  10
5.885158435193255
  20
3.7747835807461776
  10
5.175679888840384
  20
4.663933170576106
  10
4.331201605384483
  20
5.426037644779669
  10
3.3741517293950154
  20
6.040856590241061
  10
2.3299481471567978
  20
6.492061288433122
  10
1.2263234236880216
  20
6.767668383004685
  10
0.09258826517652992
  20
6.860358140716282
  10
-1.092113275120889
  20
6.759084313229276
  10
-2.2424369385490466
  20
6.458202946118979
  10
-3.325002543008129
  20
5.9664450384458245
  10
-4.308396115056828
  20
5.298080459663973
  10
-5.164081463052395
  20
4.472503865432615
  10
-5.86722824259322
  20
3.513671901980052
  10
-6.3974324853961395
  20
2.4494080302683727
  10
-6.739308683245036
  20
1.3105951426255773
  0
HATCH
  5
2522
  100
AcDbEntity
  8
Bottom-Paste-Mask-Layer
  100
AcDbHatch
  10
0
  20
0
  30
0
  210
0
  220
0
  230
1
  2
SOLID
  70
1
  71
0
  91
1
  92
7
  72
0
  73
1
  93
61
  10
8.364117348234696
  20
-0.16316992633985042
  10
8.279767698915679
  20
-1.34253466684726
  10
8.028435505094055
  20
-2.4978909680985866
  10
7.6152371654538324
  20
-3.6057191075728015
  10
7.04858420662447
  20
-4.643466899062758
  10
6.340012048755545
  20
-5.590008790151215
  10
5.503945177627898
  20
-6.426075917537027
  10
4.557403503719929
  20
-7.134648365525119
  10
3.519655885911621
  20
-7.701301642428657
  10
2.411827873084544
  20
-8.114500321622996
  10
1.2564716488676804
  20
-8.365832869566335
  10
0.07710693421386094
  20
-8.45018288036576
  10
-1.1987752253324517
  20
-8.351374948561402
  10
-2.4442321869601393
  20
-8.057308205849537
  10
-3.629564348044247
  20
-7.574995070702137
  10
-4.726505862997656
  20
-6.915936950952631
  10
-5.708898680518173
  20
-6.09584997719917
  10
-6.553316317635391
  20
-5.134290230453597
  10
-7.2396224958229825
  20
-4.054187400988935
  10
-7.751451317744298
  20
-2.8812979989195524
  10
-8.07659753416841
  20
-1.6435911554460578
  10
-8.207307594615191
  20
-0.3705816611633217
  10
-8.207463616917794
  20
-0.36229173628739697
  10
-8.207515875031751
  20
-0.3540005080010158
  10
-8.118757449816826
  20
-0.02274955549911086
  10
-7.876264922529846
  20
0.21974297178786859
  10
-7.5450139700279415
  20
0.30850139700279416
  10
-7.218561852041348
  20
0.22248656812272558
  10
-6.976878333649989
  20
-0.013222178136663498
  10
-6.882720345440691
  20
-0.33741935483869506
  10
-6.7729092758692975
  20
-1.4068884169986597
  10
-6.49975028759869
  20
-2.446699319540415
  10
-6.069757225470579
  20
-3.4320563677414295
  10
-5.493183854544815
  20
-4.339462392548973
  10
-4.783779345228899
  20
-5.147279072297521
  10
-3.95846040574813
  20
-5.836242927700739
  10
-3.036907880400323
  20
-6.389924685520886
  10
-2.0410974332542593
  20
-6.795121056768791
  10
-0.994775508772661
  20
-7.042169586954338
  10
0.07710693421387108
  20
-7.125179070358142
  10
1.1662048959555609
  20
-7.039465001967121
  10
2.2284856200985868
  20
-6.784433758970871
  10
3.2377922297069492
  20
-6.366365056972125
  10
4.169272246355494
  20
-5.79555313490457
  10
4.9999895406294135
  20
-5.086053276705657
  10
5.709489095751032
  20
-4.255335723579283
  10
6.2803006779792385
  20
-3.32385549867691
  10
6.698369011744543
  20
-2.314548736541262
  10
6.953399867180393
  20
-1.252267919353223
  10
7.039113538227077
  20
-0.16316992633986288
  10
7.037607502015585
  20
-0.018332898331029555
  10
7.033088646177293
  20
0.1264414528829068
  10
7.032658277537339
  20
0.14021799457441436
  10
7.0325146050292116
  20
0.15400050800101625
  10
7.1212730302441365
  20
0.48525146050292123
  10
7.363765557531116
  20
0.7277439877899007
  10
7.695016510033021
  20
0.8165024130048263
  10
8.018277762924923
  20
0.7322830565570735
  10
8.259351031039571
  20
0.5010376954744388
  10
8.356944373888748
  20
0.18155956311912275
  10
8.362323967006947
  20
0.0092321285221813
  97
1
  330
2521
  75
0
  76
1
  47
0.4128176842155181
  98
1
  10
34.90568961886538
  20
22.81183545379326
  450
0
  451
0
  460
0
  461
0
  452
1
  462
1
  453
2
  463
0
  63
5
  421
255
  463
1
  63
7
  421
16777215
  470
LINEAR
  1001
ACAD
  1010
0
  1020
0
  1030
0
  0
LWPOLYLINE
  5
2521
  100
AcDbEntity
  8
Bottom-Paste-Mask-Layer
  100
AcDbPolyline
  90
61
  70
1
  43
0
  10
8.364117348234696
  20
-0.16316992633985042
  10
8.279767698915679
  20
-1.34253466684726
  10
8.028435505094055
  20
-2.4978909680985866
  10
7.6152371654538324
  20
-3.6057191075728015
  10
7.04858420662447
  20
-4.643466899062758
  10
6.340012048755545
  20
-5.590008790151215
  10
5.503945177627898
  20
-6.426075917537027
  10
4.557403503719929
  20
-7.134648365525119
  10
3.519655885911621
  20
-7.701301642428657
  10
2.411827873084544
  20
-8.114500321622996
  10
1.2564716488676804
  20
-8.365832869566335
  10
0.07710693421386094
  20
-8.45018288036576
  10
-1.1987752253324517
  20
-8.351374948561402
  10
-2.4442321869601393
  20
-8.057308205849537
  10
-3.629564348044247
  20
-7.574995070702137
  10
-4.726505862997656
  20
-6.915936950952631
  10
-5.708898680518173
  20
-6.09584997719917
  10
-6.553316317635391
  20
-5.134290230453597
  10
-7.2396224958229825
  20
-4.054187400988935
  10
-7.751451317744298
  20
-2.8812979989195524
  10
-8.07659753416841
  20
-1.6435911554460578
  10
-8.207307594615191
  20
-0.3705816611633217
  10
-8.207463616917794
  20
-0.36229173628739697
  10
-8.207515875031751
  20
-0.3540005080010158
  10
-8.118757449816826
  20
-0.02274955549911086
  10
-7.876264922529846
  20
0.21974297178786859
  10
-7.5450139700279415
  20
0.30850139700279416
  10
-7.218561852041348
  20
0.22248656812272558
  10
-6.976878333649989
  20
-0.013222178136663498
  10
-6.882720345440691
  20
-0.33741935483869506
  10
-6.7729092758692975
  20
-1.4068884169986597
  10
-6.49975028759869
  20
-2.446699319540415
  10
-6.069757225470579
  20
-3.4320563677414295
  10
-5.493183854544815
  20
-4.339462392548973
  10
-4.783779345228899
  20
-5.147279072297521
  10
-3.95846040574813
  20
-5.836242927700739
  10
-3.036907880400323
  20
-6.389924685520886
  10
-2.0410974332542593
  20
-6.795121056768791
  10
-0.994775508772661
  20
-7.042169586954338
  10
0.07710693421387108
  20
-7.125179070358142
  10
1.1662048959555609
  20
-7.039465001967121
  10
2.2284856200985868
  20
-6.784433758970871
  10
3.2377922297069492
  20
-6.366365056972125
  10
4.169272246355494
  20
-5.79555313490457
  10
4.9999895406294135
  20
-5.086053276705657
  10
5.709489095751032
  20
-4.255335723579283
  10
6.2803006779792385
  20
-3.32385549867691
  10
6.698369011744543
  20
-2.314548736541262
  10
6.953399867180393
  20
-1.252267919353223
  10
7.039113538227077
  20
-0.16316992633986288
  10
7.037607502015585
  20
-0.018332898331029555
  10
7.033088646177293
  20
0.1264414528829068
  10
7.032658277537339
  20
0.14021799457441436
  10
7.0325146050292116
  20
0.15400050800101625
  10
7.1212730302441365
  20
0.48525146050292123
  10
7.363765557531116
  20
0.7277439877899007
  10
7.695016510033021
  20
0.8165024130048263
  10
8.018277762924923
  20
0.7322830565570735
  10
8.259351031039571
  20
0.5010376954744388
  10
8.356944373888748
  20
0.18155956311912275
  10
8.362323967006947
  20
0.0092321285221813
  0
LWPOLYLINE
  5
1045
  100
AcDbEntity
  8
Top-Layer
  100
AcDbPolyline
  90
4
  70
1
  43
0.005080010160020321
  10
-9.800020320040641
  20
-16.525034290068586
  10
-9.800020320040641
  20
10.45002032004064
  10
9.100017780035564
  20
10.45002032004064
  10
9.100017780035564
  20
-16.525034290068586
  0
LWPOLYLINE
  5
1058
  100
AcDbEntity
  8
Top-Layer
  100
AcDbPolyline
  90
13
  70
1
  43
0.00025400050800101603
  10
-3.25000508001016
  20
-5.936967233934469
  10
-3.4000050800101604
  20
-5.749469138938278
  10
-3.4060426720853445
  20
-5.697574295148591
  10
-3.4198552197104397
  20
-5.649004318008637
  10
-3.4450673101346205
  20
-5.574467868935739
  10
-3.1203073406146817
  20
-5.761965963931929
  10
-3.1444983489966982
  20
-5.773055626111253
  10
-3.167929895859792
  20
-5.7892760985521985
  10
-3.18984251968504
  20
-5.809603759207519
  10
-3.209474218948438
  20
-5.8330124460248935
  10
-3.2260680721361443
  20
-5.858481076962155
  10
-3.238859537719076
  20
-5.88497840995682
  10
-3.2470942341884683
  20
-5.9114833629667265
  0
LWPOLYLINE
  5
1059
  100
AcDbEntity
  8
Top-Layer
  100
AcDbPolyline
  90
10
  70
1
  43
0.00025400050800101603
  10
-3.2750063500127005
  20
-5.1846507493014995
  10
-3.1250063500127
  20
-5.1846507493014995
  10
-3.1153390906781815
  20
-5.213032766065533
  10
-3.08985013970028
  20
-5.257127254254509
  10
-3.0538150876301757
  20
-5.308735077470155
  10
-3.0125069850139705
  20
-5.35965201930404
  10
-3.3875082550165105
  20
-5.35965201930404
  10
-3.3462001524003053
  20
-5.308735077470155
  10
-3.3101651003302015
  20
-5.257127254254509
  10
-3.284676149352299
  20
-5.213032766065533
  0
LWPOLYLINE
  5
1060
  100
AcDbEntity
  8
Top-Layer
  100
AcDbPolyline
  90
10
  70
1
  43
0.00025400050800101603
  10
-2.1500025400050804
  20
-5.890370840741682
  10
-2.3000025400050803
  20
-5.890370840741682
  10
-2.309672339344679
  20
-5.861988823977649
  10
-2.335161290322581
  20
-5.817894335788672
  10
-2.371196342392685
  20
-5.766286512573026
  10
-2.4125044450088904
  20
-5.715369570739142
  10
-2.03750317500635
  20
-5.715369570739142
  10
-2.078811277622555
  20
-5.766286512573026
  10
-2.11484632969266
  20
-5.817894335788672
  10
-2.140335280670562
  20
-5.861988823977649
  0
LWPOLYLINE
  5
1061
  100
AcDbEntity
  8
Top-Layer
  100
AcDbPolyline
  90
10
  70
1
  43
0.00025400050800101603
  10
-2.3000025400050803
  20
-5.209649479298959
  10
-2.1500025400050804
  20
-5.209649479298959
  10
-2.140335280670562
  20
-5.238031496062994
  10
-2.11484632969266
  20
-5.2821259842519686
  10
-2.078811277622555
  20
-5.333733807467616
  10
-2.03750317500635
  20
-5.384650749301499
  10
-2.4125044450088904
  20
-5.384650749301499
  10
-2.371196342392685
  20
-5.333733807467616
  10
-2.335161290322581
  20
-5.2821259842519686
  10
-2.309672339344679
  20
-5.238031496062994
  0
LWPOLYLINE
  5
1062
  100
AcDbEntity
  8
Top-Layer
  100
AcDbPolyline
  90
9
  70
1
  43
0.00025400050800101603
  10
-1.2000000000000002
  20
-5.200492760985523
  10
-1.0500000000000003
  20
-5.275494030988063
  10
-1.0213182626365254
  20
-5.335882651765305
  10
-0.958216916433833
  20
-5.450492760985523
  10
-1.3256413512827028
  20
-5.3754940309880626
  10
-1.2795072390144782
  20
-5.333774447548896
  10
-1.2392633985267973
  20
-5.285232410464822
  10
-1.2107975615951234
  20
-5.238072136144273
  10
-1.2028244856489716
  20
-5.217571755143511
  0
LWPOLYLINE
  5
1063
  100
AcDbEntity
  8
Top-Layer
  100
AcDbPolyline
  90
10
  70
1
  43
0.00025400050800101603
  10
-1.1
  20
-5.915372110744222
  10
-1.25
  20
-5.915372110744222
  10
-1.2596697993395989
  20
-5.886990093980189
  10
-1.2851587503175008
  20
-5.842895605791212
  10
-1.3211938023876049
  20
-5.791287782575566
  10
-1.36250190500381
  20
-5.740370840741682
  10
-0.98750063500127
  20
-5.740370840741682
  10
-1.0288087376174753
  20
-5.791287782575566
  10
-1.0648437896875795
  20
-5.842895605791212
  10
-1.0903327406654817
  20
-5.886990093980189
  0
LWPOLYLINE
  5
1064
  100
AcDbEntity
  8
Top-Layer
  100
AcDbPolyline
  90
10
  70
1
  43
0.00025400050800101603
  10
-0.27499872999746006
  20
-5.259649479298959
  10
-0.12499872999746
  20
-5.259649479298959
  10
-0.11533147066294135
  20
-5.288031496062993
  10
-0.08984251968503938
  20
-5.332125984251969
  10
-0.05380746761493523
  20
-5.383733807467616
  10
-0.012499364998729999
  20
-5.4346507493014995
  10
-0.3875006350012701
  20
-5.4346507493014995
  10
-0.3461925323850648
  20
-5.383733807467616
  10
-0.31015748031496065
  20
-5.332125984251969
  10
-0.2846685293370587
  20
-5.288031496062993
  0
LWPOLYLINE
  5
1065
  100
AcDbEntity
  8
Top-Layer
  100
AcDbPolyline
  90
10
  70
1
  43
0.00025400050800101603
  10
-0.12499872999746
  20
-5.940370840741682
  10
-0.27499872999746006
  20
-5.940370840741682
  10
-0.2846685293370587
  20
-5.911988823977649
  10
-0.31015748031496065
  20
-5.867894335788672
  10
-0.3461925323850648
  20
-5.8162865125730265
  10
-0.3875006350012701
  20
-5.765369570739142
  10
-0.012499364998729999
  20
-5.765369570739142
  10
-0.05380746761493523
  20
-5.8162865125730265
  10
-0.08984251968503938
  20
-5.867894335788672
  10
-0.11533147066294135
  20
-5.911988823977649
  0
LWPOLYLINE
  5
1066
  100
AcDbEntity
  8
Top-Layer
  100
AcDbPolyline
  90
10
  70
1
  43
0.00025400050800101603
  10
0.6250038100076202
  20
-5.259649479298959
  10
0.7750038100076201
  20
-5.259649479298959
  10
0.7846710693421387
  20
-5.288031496062993
  10
0.8101600203200408
  20
-5.332125984251969
  10
0.846195072390145
  20
-5.383733807467616
  10
0.8875031750063502
  20
-5.4346507493014995
  10
0.51250190500381
  20
-5.4346507493014995
  10
0.5538100076200153
  20
-5.383733807467616
  10
0.5898450596901195
  20
-5.332125984251969
  10
0.6153340106680214
  20
-5.288031496062993
  0
LWPOLYLINE
  5
1067
  100
AcDbEntity
  8
Top-Layer
  100
AcDbPolyline
  90
11
  70
1
  43
0.00025400050800101603
  10
0.7020421640843282
  20
-5.987891795783592
  10
0.5520421640843283
  20
-5.878450596901194
  10
0.5492710185420372
  20
-5.8522682245364495
  10
0.5418364236728475
  20
-5.826497332994666
  10
0.5181889763779528
  20
-5.777828295656592
  10
0.4724053848107697
  20
-5.703449326898655
  10
0.8310795021590044
  20
-5.812893065786132
  10
0.7836982473964949
  20
-5.850276860553722
  10
0.7423647447294897
  20
-5.89737363474727
  10
0.7131292862585726
  20
-5.945979171958345
  10
0.7049403098806198
  20
-5.968285496570993
  0
LWPOLYLINE
  5
1068
  100
AcDbEntity
  8
Top-Layer
  100
AcDbPolyline
  90
10
  70
1
  43
0.00025400050800101603
  10
1.70000508001016
  20
-5.915372110744222
  10
1.5500050800101601
  20
-5.915372110744222
  10
1.5403352806705617
  20
-5.886990093980189
  10
1.5148463296926595
  20
-5.842895605791212
  10
1.4788112776225553
  20
-5.791287782575566
  10
1.43750317500635
  20
-5.740370840741682
  10
1.8125044450088903
  20
-5.740370840741682
  10
1.771196342392685
  20
-5.791287782575566
  10
1.7351612903225808
  20
-5.842895605791212
  10
1.7096723393446789
  20
-5.886990093980189
  0
LWPOLYLINE
  5
1069
  100
AcDbEntity
  8
Top-Layer
  100
AcDbPolyline
  90
9
  70
1
  43
0.00025400050800101603
  10
1.57500381000762
  20
-5.216731013462028
  10
1.7250038100076202
  20
-5.254229108458218
  10
1.733863347726696
  20
-5.278092456184913
  10
1.757221234442469
  20
-5.320680721361444
  10
1.8281000762001527
  20
-5.429230378460757
  10
1.4549784099568202
  20
-5.391732283464568
  10
1.4990500381000764
  20
-5.345377190754382
  10
1.5374955549911102
  20
-5.295290830581662
  10
1.564688849377699
  20
-5.24967487934976
  0
LWPOLYLINE
  5
1070
  100
AcDbEntity
  8
Top-Layer
  100
AcDbPolyline
  90
10
  70
1
  43
0.00025400050800101603
  10
2.3404013208026417
  20
-5.896746253492507
  10
2.1282677165354333
  20
-5.68461518923038
  10
2.162969265938532
  20
-5.6453568707137425
  10
2.1937795275590553
  20
-5.60252984505969
  10
2.216141732283465
  20
-5.563182626365254
  10
2.225494030988062
  20
-5.534356108712218
  10
2.490660401320803
  20
-5.799519939039879
  10
2.461833883667768
  20
-5.808874777749557
  10
2.4224866649733303
  20
-5.831234442468886
  10
2.379659639319279
  20
-5.862044704089409
  0
LWPOLYLINE
  5
1071
  100
AcDbEntity
  8
Top-Layer
  100
AcDbPolyline
  90
10
  70
1
  43
0.00025400050800101603
  10
2.3250038100076202
  20
-5.209649479298959
  10
2.6250038100076205
  20
-5.209649479298959
  10
2.628227076454153
  20
-5.261950723901449
  10
2.636723393446787
  20
-5.314018288036577
  10
2.6487350774701555
  20
-5.357653035306072
  10
2.6625044450088904
  20
-5.384650749301499
  10
2.2875031750063504
  20
-5.384650749301499
  10
2.3012725425450853
  20
-5.357653035306072
  10
2.3132842265684537
  20
-5.314018288036577
  10
2.3217805435610877
  20
-5.261950723901449
  0
LWPOLYLINE
  5
1072
  100
AcDbEntity
  8
Top-Layer
  100
AcDbPolyline
  90
10
  70
1
  43
0.00025400050800101603
  10
3.2000076200152408
  20
-5.259649479298959
  10
3.400007620015241
  20
-5.259649479298959
  10
3.407526035052071
  20
-5.296004572009145
  10
3.4273507747015497
  20
-5.342758445516892
  10
3.4553797307594616
  20
-5.391706883413768
  10
3.4875082550165106
  20
-5.4346507493014995
  10
3.1125069850139706
  20
-5.4346507493014995
  10
3.144635509271019
  20
-5.391706883413768
  10
3.1726644653289306
  20
-5.342758445516892
  10
3.1924892049784104
  20
-5.296004572009145
  0
LWPOLYLINE
  5
1073
  100
AcDbEntity
  8
Top-Layer
  100
AcDbPolyline
  90
9
  70
1
  43
0.00025400050800101603
  10
4.449377698755398
  20
-5.855638811277623
  10
4.069377698755398
  20
-5.936850393700788
  10
4.0672517145034295
  20
-5.761849123698248
  10
4.4131648463296935
  20
-5.680640081280163
  10
4.409357378714757
  20
-5.694038608077217
  10
4.4109448818897645
  20
-5.710995681991365
  10
4.424267208534418
  20
-5.753317246634494
  10
4.4410922021844055
  20
-5.803050546101093
  10
4.447056134112269
  20
-5.8292735585471185
  0
LWPOLYLINE
  5
1074
  100
AcDbEntity
  8
Top-Layer
  100
AcDbPolyline
  90
10
  70
1
  43
0.00025400050800101603
  10
4.065402590805182
  20
-5.896746253492507
  10
3.853271526543054
  20
-5.68461518923038
  10
3.8879730759461526
  20
-5.645354330708662
  10
3.918783337566676
  20
-5.60252984505969
  10
3.9411455422910855
  20
-5.563182626365254
  10
3.9504978409956824
  20
-5.534353568707139
  10
4.215664211328423
  20
-5.799519939039879
  10
4.186837693675388
  20
-5.808872237744477
  10
4.14748793497587
  20
-5.831234442468886
  10
4.104663449326899
  20
-5.862044704089409
  0
LWPOLYLINE
  5
1075
  100
AcDbEntity
  8
Top-Layer
  100
AcDbPolyline
  90
8
  70
1
  43
0.00025400050800101603
  10
4.125008890017781
  20
-5.161016002032004
  10
4.42500889001778
  20
-5.2735179070358145
  10
4.428478536957074
  20
-5.448519177038355
  10
4.070751841503683
  20
-5.336017272034544
  10
4.080873761747523
  20
-5.326708153416308
  10
4.090675641351283
  20
-5.311760223520447
  10
4.108054356108713
  20
-5.269039878079758
  10
4.1203454406908815
  20
-5.216057912115826
  0
LWPOLYLINE
  5
1076
  100
AcDbEntity
  8
Top-Layer
  100
AcDbPolyline
  90
4
  70
1
  43
0.00025400050800101603
  10
-0.9451181102362206
  20
4.03000762001524
  10
-1.2451181102362205
  20
4.03000762001524
  42
0.083
  10
-1.3201193802387603
  20
4.4800076200152406
  10
-0.8201193802387606
  20
4.480007620015241
  42
0.136
  0
LWPOLYLINE
  5
1077
  100
AcDbEntity
  8
Top-Layer
  100
AcDbPolyline
  90
4
  70
1
  43
0.00025400050800101603
  10
-1.7701193802387607
  20
4.601562103124207
  10
-1.7701193802387607
  20
4.901562103124207
  42
0.129
  10
-1.3201193802387605
  20
5.020012700025401
  10
-1.3201193802387605
  20
4.480007620015241
  42
0.133
  0
LWPOLYLINE
  5
1078
  100
AcDbEntity
  8
Top-Layer
  100
AcDbPolyline
  90
4
  70
1
  43
0.00025400050800101603
  10
0.1792227584455169
  20
4.528046736093473
  10
-0.02693929387858776
  20
4.3099466598933205
  42
0.182
  10
-0.4798856997713996
  20
4.480007620015241
  10
0.020114300228600463
  20
5.0053416306832625
  42
0.162
  0
LWPOLYLINE
  5
1079
  100
AcDbEntity
  8
Top-Layer
  100
AcDbPolyline
  90
4
  70
1
  43
0.00025400050800101603
  10
-0.47500889001778007
  20
5.470012700025401
  10
-0.17500889001778006
  20
5.470012700025401
  42
0.207
  10
0.020114300228600765
  20
5.020012700025401
  10
-0.4798856997713996
  20
5.020012700025401
  42
0.005
  0
LWPOLYLINE
  5
1080
  100
AcDbEntity
  8
Top-Layer
  100
AcDbPolyline
  90
4
  70
1
  43
0.00025400050800101603
  10
-0.75500127000254
  20
-1.7451206502413008
  10
-0.75500127000254
  20
-2.045120650241301
  42
0.11
  10
-1.2050012700025396
  20
-2.1451206502413007
  10
-1.20500127000254
  20
-1.6451206502413007
  42
0.11
  0
LWPOLYLINE
  5
1081
  100
AcDbEntity
  8
Top-Layer
  100
AcDbPolyline
  90
4
  70
1
  43
0.00025400050800101603
  10
-2.1750038100076203
  20
-2.12500381000762
  10
-2.1750038100076203
  20
-1.82500381000762
  42
0.201
  10
-1.7450063500127004
  20
-1.6451206502413007
  10
-1.7450063500127002
  20
-2.1451206502413007
  42
0.023
  0
LWPOLYLINE
  5
1082
  100
AcDbEntity
  8
Top-Layer
  100
AcDbPolyline
  90
4
  70
1
  43
0.00025400050800101603
  10
-2.1950063500127004
  20
-1.2048869697739397
  10
-2.1950063500127004
  20
-0.9048869697739396
  42
0.11
  10
-1.7450063500126998
  20
-0.8048869697739394
  10
-1.7450063500127002
  20
-1.3048869697739398
  42
0.11
  0
LWPOLYLINE
  5
1083
  100
AcDbEntity
  8
Top-Layer
  100
AcDbPolyline
  90
4
  70
1
  43
0.00025400050800101603
  10
-1.6000025400050804
  20
5.775011430022861
  10
-1.6000025400050804
  20
6.075011430022861
  42
0.136
  10
-1.1500025400050797
  20
6.2000177800355605
  10
-1.15000254000508
  20
5.650005080010161
  42
0.136
  0
LWPOLYLINE
  5
1084
  100
AcDbEntity
  8
Top-Layer
  100
AcDbPolyline
  90
4
  70
1
  43
0.00025400050800101603
  10
-1.12499618999238
  20
6.550020320040641
  10
-0.82499618999238
  20
6.550020320040641
  42
0.036
  10
-0.7999898399796797
  20
6.200017780035561
  10
-1.15000254000508
  20
6.2000177800355605
  42
0.036
  0
LWPOLYLINE
  5
1085
  100
AcDbEntity
  8
Top-Layer
  100
AcDbPolyline
  90
4
  70
1
  43
0.00025400050800101603
  10
-0.17500889001778006
  20
5.20000508001016
  10
-0.47500889001778007
  20
5.20000508001016
  42
0.028
  10
-0.500015240030481
  20
5.650005080010161
  10
-0.15000254000508
  20
5.650005080010161
  42
0.028
  0
LWPOLYLINE
  5
1086
  100
AcDbEntity
  8
Top-Layer
  100
AcDbPolyline
  90
4
  70
1
  43
0.00025400050800101603
  10
-1.05000762001524
  20
-2.045120650241301
  10
-1.05000762001524
  20
-1.7451206502413008
  42
0.077
  10
-0.60000762001524
  20
-1.6749911099822201
  10
-0.6000076200152401
  20
-2.0250038100076204
  42
0.022
  0
LWPOLYLINE
  5
1087
  100
AcDbEntity
  8
Top-Layer
  100
AcDbPolyline
  90
4
  70
1
  43
0.00025400050800101603
  10
0.4000050800101601
  20
-1.0500101600203202
  10
0.4000050800101601
  20
-1.3500101600203203
  42
0.028
  10
-0.04999491998984034
  20
-1.3750165100330205
  10
-0.049994919989839987
  20
-1.02500381000762
  42
0.028
  0
LWPOLYLINE
  5
1088
  100
AcDbEntity
  8
Top-Layer
  100
AcDbPolyline
  90
4
  70
1
  43
0.00025400050800101603
  10
0.5878714757429515
  20
-2.2742621285242572
  10
0.27573787147574297
  20
-2.162128524257049
  42
0.181
  10
0.47499618999237997
  20
-1.7249911099822197
  10
1.02500889001778
  20
-2.0750038100076202
  42
0.181
  0
LWPOLYLINE
  5
1089
  100
AcDbEntity
  8
Top-Layer
  100
AcDbPolyline
  90
4
  70
1
  43
0.00025400050800101603
  10
1.27500889001778
  20
-1.7499974599949204
  10
1.27500889001778
  20
-2.0499974599949202
  42
0.05
  10
1.02500889001778
  20
-2.0750038100076202
  10
1.02500889001778
  20
-1.72499110998222
  42
0.05
  0
LWPOLYLINE
  5
1090
  100
AcDbEntity
  8
Top-Layer
  100
AcDbPolyline
  90
4
  70
1
  43
0.00025400050800101603
  10
0.024996189992379986
  20
-1.3500101600203203
  10
0.024996189992379986
  20
-1.0500101600203202
  42
0.028
  10
0.47499618999237825
  20
-1.0750038100076214
  10
0.4749961899923801
  20
-1.4250165100330203
  42
0.083
  0
LWPOLYLINE
  5
1091
  100
AcDbEntity
  8
Top-Layer
  100
AcDbPolyline
  90
4
  70
1
  43
0.00025400050800101603
  10
-2.8249631699263404
  20
-7.752964185928373
  10
-2.67496062992126
  20
-7.752964185928373
  42
0.162
  10
-2.5999618999238003
  20
-7.977965455930912
  10
-2.8999618999238
  20
-7.977965455930912
  42
0.162
  0
LWPOLYLINE
  5
1092
  100
AcDbEntity
  8
Top-Layer
  100
AcDbPolyline
  90
4
  70
1
  43
0.00025400050800101603
  10
-1.82496062992126
  20
-7.900058420116841
  10
-1.6749606299212603
  20
-7.900058420116841
  42
0.403
  10
-1.5999618999238
  20
-7.977965455930912
  10
-1.8999618999238002
  20
-7.977965455930912
  42
0.403
  0
LWPOLYLINE
  5
1093
  100
AcDbEntity
  8
Top-Layer
  100
AcDbPolyline
  90
4
  70
1
  43
0.00025400050800101603
  10
-0.82496062992126
  20
-7.925054610109222
  10
-0.6749606299212599
  20
-7.925054610109222
  42
0.317
  10
-0.5999618999237999
  20
-7.977965455930912
  10
-0.8999618999237999
  20
-7.977965455930912
  42
0.317
  0
LWPOLYLINE
  5
1094
  100
AcDbEntity
  8
Top-Layer
  100
AcDbPolyline
  90
4
  70
1
  43
0.00025400050800101603
  10
0.17503937007874018
  20
-7.925054610109222
  10
0.3250393700787402
  20
-7.925054610109222
  42
0.317
  10
0.4000381000762001
  20
-7.977965455930912
  10
0.10003810007620016
  20
-7.977965455930912
  42
0.317
  0
LWPOLYLINE
  5
1095
  100
AcDbEntity
  8
Top-Layer
  100
AcDbPolyline
  90
5
  70
0
  43
0.00025400050800101603
  10
0.5520421640843283
  20
-7.752964185928373
  10
0.7020421640843282
  20
-7.752964185928373
  42
0.236
  10
0.8145415290830581
  20
-7.977965455930912
  10
0.5999110998221997
  20
-7.977965455930912
  42
0.105
  10
0.5520421640843282
  20
-7.752966725933453
  0
LWPOLYLINE
  5
1096
  100
AcDbEntity
  8
Top-Layer
  100
AcDbPolyline
  90
4
  70
1
  43
0.00025400050800101603
  10
1.1750393700787403
  20
-7.752964185928373
  10
1.3250393700787404
  20
-7.752964185928373
  42
0.162
  10
1.4000381000762006
  20
-7.977965455930912
  10
1.1000381000762003
  20
-7.977965455930912
  42
0.162
  0
LWPOLYLINE
  5
1097
  100
AcDbEntity
  8
Top-Layer
  100
AcDbPolyline
  90
4
  70
1
  43
0.00025400050800101603
  10
3.118610617221235
  20
-7.690563881127763
  10
3.1873126746253493
  20
-8.159265938531878
  42
0.141
  10
2.8999110998222
  20
-8.677965455930913
  10
2.5999110998222004
  20
-7.977965455930912
  42
0.141
  0
LWPOLYLINE
  5
1098
  100
AcDbEntity
  8
Top-Layer
  100
AcDbPolyline
  90
4
  70
1
  43
0.00025400050800101603
  10
3.2749428498857007
  20
-11.30002286004572
  10
3.2749428498857007
  20
-11.000022860045721
  42
0.236
  10
3.7249428498857
  20
-10.775024130048262
  10
3.7249428498857005
  20
-11.525021590043181
  42
0.236
  0
LWPOLYLINE
  5
1099
  100
AcDbEntity
  8
Top-Layer
  100
AcDbPolyline
  90
4
  70
1
  43
0.00025400050800101603
  10
-4.0819735839471685
  20
3.8449733299466606
  10
-4.188039116078233
  20
3.951038862077725
  42
0.257
  10
-4.223771907543815
  20
4.074404368808738
  10
-3.958608077216155
  20
3.809240538481077
  42
0.257
  0
LWPOLYLINE
  5
1100
  100
AcDbEntity
  8
Top-Layer
  100
AcDbPolyline
  90
4
  70
1
  43
0.00025400050800101603
  10
-5.267155194310389
  20
4.966329692659386
  10
-5.161099822199645
  20
5.266329692659386
  42
0.162
  10
-4.711099822199645
  20
5.491330962661926
  10
-4.817155194310389
  20
4.741330962661927
  42
0.162
  0
LWPOLYLINE
  5
1101
  100
AcDbEntity
  8
Top-Layer
  100
AcDbPolyline
  90
4
  70
1
  43
0.00025400050800101603
  10
-4.231668783337567
  20
5.723261366522734
  10
-4.019537719075439
  20
5.511130302260605
  42
0.264
  10
-4.113812547625097
  20
5.169357378714758
  10
-4.573441706883414
  20
5.628986537973077
  42
0.264
  0
LWPOLYLINE
  5
1102
  100
AcDbEntity
  8
Top-Layer
  100
AcDbPolyline
  90
4
  70
1
  43
0.00025400050800101603
  10
-6.155237490474982
  20
3.49988061976124
  10
-6.261303022606046
  20
3.605946151892305
  42
0.236
  10
-6.181755143510288
  20
3.844594869189739
  10
-5.916588773177548
  20
3.579428498856998
  42
0.236
  0
LWPOLYLINE
  5
1103
  100
AcDbEntity
  8
Top-Layer
  100
AcDbPolyline
  90
4
  70
1
  43
0.00025400050800101603
  10
-5.437546355092711
  20
4.429702819405639
  10
-5.331480822961646
  20
4.323637287274575
  42
0.352
  10
-5.350904241808484
  20
4.14511557023114
  10
-5.616068072136145
  20
4.410279400558801
  42
0.352
  0
LWPOLYLINE
  5
1104
  100
AcDbEntity
  8
Top-Layer
  100
AcDbPolyline
  90
4
  70
1
  43
0.00025400050800101603
  10
-5.263573787147575
  20
2.663373126746254
  10
-5.369641859283719
  20
2.7694386588773177
  42
0.236
  10
-5.290091440182882
  20
3.0080873761747524
  10
-5.02492506985014
  20
2.742923545847092
  42
0.236
  0
LWPOLYLINE
  5
1105
  100
AcDbEntity
  8
Top-Layer
  100
AcDbPolyline
  90
4
  70
1
  43
0.00025400050800101603
  10
-4.271478282956567
  20
3.233347726695454
  10
-4.377538735077471
  20
3.083347726695454
  42
0.162
  10
-4.6025400050800105
  20
2.970845821691644
  10
-4.496479552959106
  20
3.345847091694184
  42
0.162
  0
LWPOLYLINE
  5
1106
  100
AcDbEntity
  8
Top-Layer
  100
AcDbPolyline
  90
4
  70
1
  43
0.00025400050800101603
  10
5.188846837693676
  20
2.4743916687833374
  10
5.082781305562612
  20
2.3683261366522737
  42
0.236
  10
4.844132588265178
  20
2.447876555753112
  10
5.109296418592837
  20
2.713040386080772
  42
0.236
  0
LWPOLYLINE
  5
1107
  100
AcDbEntity
  8
Top-Layer
  100
AcDbPolyline
  90
4
  70
1
  43
0.00025400050800101603
  10
5.525011430022861
  20
4.411584963169927
  10
5.825011430022861
  20
4.126576073152147
  42
0.162
  10
6.050012700025401
  20
3.6765760731521464
  10
5.30001016002032
  20
3.9615849631699267
  42
0.162
  0
LWPOLYLINE
  5
1108
  100
AcDbEntity
  8
Top-Layer
  100
AcDbPolyline
  90
4
  70
1
  43
0.00025400050800101603
  10
6.334173228346457
  20
3.2279806959613926
  10
6.122039624079249
  20
3.0158470916941837
  42
0.236
  10
5.64474218948438
  20
3.1749479298958603
  10
6.098191516383034
  20
3.6283947167894337
  42
0.127
  0
LWPOLYLINE
  5
1109
  100
AcDbEntity
  8
Top-Layer
  100
AcDbPolyline
  90
4
  70
1
  43
0.00025400050800101603
  10
3.969085598171197
  20
5.210190500381002
  10
4.075151130302261
  20
5.316258572517145
  42
0.236
  10
4.313799847599697
  20
5.236708153416307
  10
4.048633477266955
  20
4.971541783083567
  42
0.236
  0
LWPOLYLINE
  5
1110
  100
AcDbEntity
  8
Top-Layer
  100
AcDbPolyline
  90
4
  70
1
  43
0.00025400050800101603
  10
4.539057658115317
  20
4.2180949961899925
  10
4.389060198120397
  20
4.324155448310897
  42
0.162
  10
4.276558293116587
  20
4.549156718313437
  10
4.651559563119126
  20
4.4430962661925335
  42
0.162
  0
LWPOLYLINE
  5
1111
  100
AcDbEntity
  8
Top-Layer
  100
AcDbPolyline
  90
4
  70
1
  43
0.00025400050800101603
  10
3.291673863347727
  20
3.4876733553467107
  10
3.185608331216663
  20
3.5937388874777754
  42
0.236
  10
3.2651562103124214
  20
3.83238760477521
  10
3.5303225806451617
  20
3.567221234442469
  42
0.236
  0
LWPOLYLINE
  5
1112
  100
AcDbEntity
  8
Top-Layer
  100
AcDbPolyline
  90
4
  70
1
  43
0.00025400050800101603
  10
4.00724409448819
  20
3.6559918719837445
  10
3.901178562357125
  20
3.5499263398526804
  42
0.257
  10
3.7778130556261114
  20
3.514193548387097
  10
4.042976885953772
  20
3.779357378714758
  42
0.257
  0
LWPOLYLINE
  5
1113
  100
AcDbEntity
  8
Top-Layer
  100
AcDbPolyline
  90
4
  70
1
  43
0.00025400050800101603
  10
3.616403352806706
  20
-2.663782067564135
  10
3.72246888493777
  20
-2.5577165354330713
  42
0.236
  10
3.9611176022352046
  20
-2.637264414528829
  10
3.6959512319024643
  20
-2.90243078486157
  42
0.236
  0
LWPOLYLINE
  5
1114
  100
AcDbEntity
  8
Top-Layer
  100
AcDbPolyline
  90
4
  70
1
  43
0.00025400050800101603
  10
4.6615341630683265
  20
-2.924660909321819
  10
4.555476250952502
  20
-3.0746609093218193
  42
0.162
  10
4.330474980949963
  20
-3.187162814325629
  10
4.436532893065787
  20
-2.812161544323089
  42
0.162
  0
LWPOLYLINE
  5
1115
  100
AcDbEntity
  8
Top-Layer
  100
AcDbPolyline
  90
4
  70
1
  43
0.00025400050800101603
  10
5.517155194310389
  20
-3.7413258826517657
  10
5.411099822199645
  20
-4.0413258826517655
  42
0.162
  10
4.961099822199644
  20
-4.266327152654306
  10
5.06715519431039
  20
-3.516324612649226
  42
0.162
  0
LWPOLYLINE
  5
1116
  100
AcDbEntity
  8
Top-Layer
  100
AcDbPolyline
  90
4
  70
1
  43
0.00025400050800101603
  10
6.405237490474982
  20
-2.2748768097536196
  10
6.511305562611127
  20
-2.3809423418846842
  42
0.236
  10
6.431755143510288
  20
-2.619591059182119
  10
6.166588773177547
  20
-2.354427228854458
  42
0.236
  0
LWPOLYLINE
  5
1117
  100
AcDbEntity
  8
Top-Layer
  100
AcDbPolyline
  90
4
  70
1
  43
0.00025400050800101603
  10
4.825008890017781
  20
-1.6608712217424435
  10
4.975008890017781
  20
-1.2858724917449835
  42
0.236
  10
5.087510795021591
  20
-1.5108712217424438
  10
4.71250952501905
  20
-1.8858724917449836
  42
0.162
  0
LWPOLYLINE
  5
1118
  100
AcDbEntity
  8
Top-Layer
  100
AcDbPolyline
  90
4
  70
1
  43
0.00025400050800101603
  10
5.513573787147575
  20
-1.4383693167386338
  10
5.619639319278639
  20
-1.544434848869698
  42
0.236
  10
5.540091440182882
  20
-1.7830835661671327
  10
5.27492506985014
  20
-1.5179171958343918
  42
0.236
  0
LWPOLYLINE
  5
1119
  100
AcDbEntity
  8
Top-Layer
  100
AcDbPolyline
  90
4
  70
1
  43
0.00025400050800101603
  10
-1.3500025400050801
  20
2.2750038100076204
  10
-1.0500025400050803
  20
2.2750038100076204
  42
0.04
  10
-1.0843561087122169
  20
1.8450063500126999
  10
-1.57500381000762
  20
1.8450063500127003
  42
0.246
  0
LWPOLYLINE
  5
1120
  100
AcDbEntity
  8
Top-Layer
  100
AcDbPolyline
  90
4
  70
1
  43
0.00025400050800101603
  10
-1.167185674371349
  20
0.8550012700025401
  10
-1.467185674371349
  20
0.8550012700025401
  42
0.195
  10
-1.6500152400304802
  20
1.3050012700025402
  10
-1.0843561087122175
  20
1.3050012700025402
  42
0.091
  0
LWPOLYLINE
  5
1121
  100
AcDbEntity
  8
Top-Layer
  100
AcDbPolyline
  90
4
  70
1
  43
0.00025400050800101603
  10
-2.3750038100076205
  20
2.1500050800101604
  10
-2.0750038100076202
  20
2.1500050800101604
  42
0.197
  10
-1.9499898399796807
  20
1.8450063500127005
  10
-2.5156489712979426
  20
1.8450063500127003
  42
0.219
  0
LWPOLYLINE
  5
1122
  100
AcDbEntity
  8
Top-Layer
  100
AcDbPolyline
  90
4
  70
1
  43
0.00025400050800101603
  10
-3.0043738887477778
  20
5.46719583439167
  10
-3.0043738887477778
  20
5.76719583439167
  42
0.145
  10
-2.554373888747778
  20
5.900025400050801
  10
-2.554373888747778
  20
5.334366268732539
  42
0.145
  0
LWPOLYLINE
  5
1123
  100
AcDbEntity
  8
Top-Layer
  100
AcDbPolyline
  90
4
  70
1
  43
0.00025400050800101603
  10
-2.0826212852425705
  20
6.031076962153925
  10
-1.8704902209804422
  20
5.818945897891797
  42
0.152
  10
-2.014368808737618
  20
5.356868173736349
  10
-2.531871983743968
  20
5.900025400050801
  42
0.143
  0
LWPOLYLINE
  5
1124
  100
AcDbEntity
  8
Top-Layer
  100
AcDbPolyline
  90
4
  70
1
  43
0.00025400050800101603
  10
-1.5643688087376177
  20
4.901562103124207
  10
-1.5643688087376177
  20
4.601562103124207
  42
0.145
  10
-2.0143688087376175
  20
4.468732537465075
  10
-2.014368808737618
  20
5.034391668783338
  42
0.145
  0
LWPOLYLINE
  5
1125
  100
AcDbEntity
  8
Top-Layer
  100
AcDbPolyline
  90
4
  70
1
  43
0.00025400050800101603
  10
-4.00000762001524
  20
1.0171856743713488
  10
-4.00000762001524
  20
0.7171856743713488
  42
0.16
  10
-4.4050063500127
  20
0.5843561087122174
  10
-4.4050063500127
  20
1.1500152400304802
  42
0.16
  0
LWPOLYLINE
  5
1126
  100
AcDbEntity
  8
Top-Layer
  100
AcDbPolyline
  90
4
  70
1
  43
0.00025400050800101603
  10
-3.9550063500127006
  20
2.0750038100076202
  10
-3.9550063500127006
  20
1.7750038100076204
  42
0.236
  10
-4.4050063500127
  20
1.5500050800101601
  10
-4.4050063500127
  20
2.0156489712979426
  42
0.066
  0
LWPOLYLINE
  5
1127
  100
AcDbEntity
  8
Top-Layer
  100
AcDbPolyline
  90
4
  70
1
  43
0.00025400050800101603
  10
4.825008890017781
  20
0.9500025400050802
  10
4.975008890017781
  20
0.9500025400050802
  42
0.248
  10
5.087510795021591
  20
0.8906477012954027
  10
4.71250952501905
  20
0.8906477012954026
  42
0.248
  0
LWPOLYLINE
  5
1128
  100
AcDbEntity
  8
Top-Layer
  100
AcDbPolyline
  90
4
  70
1
  43
0.00025400050800101603
  10
4.975008890017781
  20
-0.7656438912877827
  10
4.825011430022861
  20
-0.7656438912877827
  42
0.236
  10
4.71250952501905
  20
-0.5406451612903224
  10
5.087510795021591
  20
-0.5406451612903227
  42
0.236
  0
LWPOLYLINE
  5
1129
  100
AcDbEntity
  8
Top-Layer
  100
AcDbPolyline
  90
4
  70
1
  43
0.00025400050800101603
  10
2.0563169926339855
  20
5.895207010414022
  10
2.1495580391160787
  20
5.776311912623826
  42
0.162
  10
2.0700076200152404
  20
5.537665735331472
  10
1.817670815341631
  20
5.815656591313183
  42
0.162
  0
LWPOLYLINE
  5
1130
  100
AcDbEntity
  8
Top-Layer
  100
AcDbPolyline
  90
4
  70
1
  43
0.00025400050800101603
  10
1.9250038100076203
  20
4.159364998729997
  10
1.7750038100076204
  20
4.159364998729997
  42
0.236
  10
1.6625019050038101
  20
4.384363728727458
  10
2.03750317500635
  20
4.384363728727458
  42
0.236
  0
LWPOLYLINE
  5
1131
  100
AcDbEntity
  8
Top-Layer
  100
AcDbPolyline
  90
4
  70
1
  43
0.00025400050800101603
  10
1.1606705613411228
  20
-2.950454660909322
  10
1.2795656591313185
  20
-3.043695707391415
  42
0.162
  10
1.20001524003048
  20
-3.28234188468377
  10
0.9220243840487682
  20
-3.030005080010161
  42
0.162
  0
LWPOLYLINE
  5
1132
  100
AcDbEntity
  8
Top-Layer
  100
AcDbPolyline
  90
4
  70
1
  43
0.00025400050800101603
  10
1.5393345186690375
  20
-3.6495605791211587
  10
1.420439420878842
  20
-3.556319532639066
  42
0.162
  10
1.49998983997968
  20
-3.3176733553467113
  10
1.7779806959613922
  20
-3.5700101600203205
  42
0.162
  0
LWPOLYLINE
  5
1133
  100
AcDbEntity
  8
Top-Layer
  100
AcDbPolyline
  90
4
  70
1
  43
0.00025400050800101603
  10
2.2250038100076206
  20
-3.2250063500127006
  10
2.2250038100076206
  20
-3.3750063500127006
  42
0.317
  10
2.065648971297943
  20
-3.4875082550165106
  10
2.065648971297943
  20
-3.1125069850139706
  42
0.317
  0
LWPOLYLINE
  5
1166
  100
AcDbEntity
  8
Top-Layer
  100
AcDbPolyline
  90
4
  70
1
  43
0.00025400050800101603
  10
-2.0750038100076202
  20
-2.2250038100076206
  10
-1.7750038100076204
  20
-2.2250038100076206
  42
0.028
  10
-1.7499974599949206
  20
-2.6749911099822183
  10
-2.1000101600203203
  20
-2.67499110998222
  42
0.028
  0
LWPOLYLINE
  5
1167
  100
AcDbEntity
  8
Top-Layer
  100
AcDbPolyline
  90
4
  70
1
  43
0.00025400050800101603
  10
-1.1250165100330203
  20
-3.496022352044704
  10
-1.4250165100330203
  20
-3.496022352044704
  42
0.046
  10
-1.4500228600457206
  20
-3.2250038100076206
  10
-1.1000101600203203
  20
-3.2250038100076206
  42
0.046
  0
LWPOLYLINE
  5
1168
  100
AcDbEntity
  8
Top-Layer
  100
AcDbPolyline
  90
4
  70
1
  43
0.00025400050800101603
  10
-0.6500101600203202
  20
-2.8999974599949203
  10
-0.6500101600203202
  20
-3.1999974599949206
  42
0.028
  10
-1.1000101600203207
  20
-3.225003810007621
  10
-1.1000101600203203
  20
-2.67499618999238
  42
0.236
  0
LWPOLYLINE
  5
1169
  100
AcDbEntity
  8
Top-Layer
  100
AcDbPolyline
  90
4
  70
1
  43
0.00025400050800101603
  10
-4.0421920243840495
  20
0.62000254000508
  10
-3.7421920243840487
  20
0.62000254000508
  42
0.145
  10
-3.6093624587249176
  20
0.17000254000508025
  10
-4.175021590043181
  20
0.17000254000508003
  42
0.145
  0
LWPOLYLINE
  5
1170
  100
AcDbEntity
  8
Top-Layer
  100
AcDbPolyline
  90
4
  70
1
  43
0.00025400050800101603
  10
-3.7421920243840487
  20
-0.8200025400050801
  10
-4.0421920243840495
  20
-0.8200025400050801
  42
0.145
  10
-4.175021590043181
  20
-0.3700025400050799
  10
-3.6093624587249176
  20
-0.3700025400050801
  42
0.145
  0
LWPOLYLINE
  5
1171
  100
AcDbEntity
  8
Top-Layer
  100
AcDbPolyline
  90
4
  70
1
  43
0.00025400050800101603
  10
-3.4861264922529847
  20
-0.2939344678689358
  10
-3.698257556515114
  20
-0.5060655321310643
  42
0.147
  10
-4.15251968503937
  20
-0.3700025400050802
  10
-3.6093624587249176
  20
0.14750063500127003
  42
0.137
  0
LWPOLYLINE
  5
1172
  100
AcDbEntity
  8
Top-Layer
  100
AcDbPolyline
  90
4
  70
1
  43
0.00025400050800101603
  10
-5.120205740411482
  20
0.15631191262382527
  10
-5.001310642621285
  20
0.24955295910591824
  42
0.162
  10
-4.762664465328932
  20
0.17000254000508014
  10
-5.040655321310643
  20
-0.08233426466852935
  42
0.162
  0
LWPOLYLINE
  5
1173
  100
AcDbEntity
  8
Top-Layer
  100
AcDbPolyline
  90
4
  70
1
  43
0.00025400050800101603
  10
-5.149667259334519
  20
-1.9670053340106683
  10
-4.99966471932944
  20
-2.011216662433325
  42
0.162
  10
-4.887165354330709
  20
-2.2362179324358658
  10
-5.26216662433325
  20
-2.130160020320041
  42
0.091
  0
LWPOLYLINE
  5
1174
  100
AcDbEntity
  8
Top-Layer
  100
AcDbPolyline
  90
4
  70
1
  43
0.00025400050800101603
  10
-6.673436626873255
  20
-2.831493522987046
  10
-6.461305562611126
  20
-2.619362458724918
  42
0.188
  10
-6.0193573787147585
  20
-2.813810007620016
  10
-6.478986537973077
  20
-3.2734391668783345
  42
0.188
  0
LWPOLYLINE
  5
1175
  100
AcDbEntity
  8
Top-Layer
  100
AcDbPolyline
  90
4
  70
1
  43
0.00025400050800101603
  10
-5.22500889001778
  20
-4.113378206756414
  10
-5.075011430022861
  20
-3.8482143764287535
  42
0.126
  10
-5.017426974853951
  20
-4.073213106426214
  10
-5.282593345186691
  20
-4.338379476758954
  42
0.126
  0
LWPOLYLINE
  5
1176
  100
AcDbEntity
  8
Top-Layer
  100
AcDbPolyline
  90
4
  70
1
  43
0.00025400050800101603
  10
-4.083347726695455
  20
-2.9714782829565665
  10
-3.9333477266954535
  20
-3.0775336550673105
  42
0.162
  10
-3.8208483616967235
  20
-3.302534925069851
  10
-4.1958496316992635
  20
-3.1964795529591066
  42
0.162
  0
LWPOLYLINE
  5
1177
  100
AcDbEntity
  8
Top-Layer
  100
AcDbPolyline
  90
4
  70
1
  43
0.00025400050800101603
  10
4.907825755651513
  20
-6.6300127000254
  10
5.407825755651512
  20
-6.6300127000254
  42
0.022
  10
5.4406553213106434
  20
-7.380012700025398
  10
4.87499618999238
  20
-7.380012700025402
  42
0.022
  0
LWPOLYLINE
  5
1178
  100
AcDbEntity
  8
Top-Layer
  100
AcDbPolyline
  90
4
  70
1
  43
0.00025400050800101603
  10
3.439362458724918
  20
-7.840015240030481
  10
3.439362458724918
  20
-7.460015240030481
  42
0.07
  10
4.009362458724917
  20
-7.380012700025403
  10
4.009362458724918
  20
-7.920017780035561
  42
0.07
  0
LWPOLYLINE
  5
1179
  100
AcDbEntity
  8
Top-Layer
  100
AcDbPolyline
  90
4
  70
1
  43
0.00025400050800101603
  10
4.875011430022861
  20
-5.472194564389129
  10
5.375011430022861
  20
-5.472194564389129
  42
0.022
  10
5.407840995681991
  20
-6.222194564389126
  10
4.842181864363729
  20
-6.22219456438913
  42
0.022
  0
LWPOLYLINE
  5
1180
  100
AcDbEntity
  8
Top-Layer
  100
AcDbPolyline
  90
4
  70
1
  43
0.00025400050800101603
  10
5.407825755651512
  20
-7.512199644399289
  10
4.907825755651513
  20
-7.512199644399289
  42
0.044
  10
4.842181864363728
  20
-6.762199644399288
  10
5.407840995681991
  20
-6.762199644399289
  0
LWPOLYLINE
  5
1181
  100
AcDbEntity
  8
Top-Layer
  100
AcDbPolyline
  90
4
  70
1
  43
0.00025400050800101603
  10
4.069377698755398
  20
-5.65219456438913
  10
4.449377698755398
  20
-5.65219456438913
  42
0.081
  10
4.542207264414529
  20
-6.222194564389131
  10
3.9765481330962666
  20
-6.22219456438913
  42
0.081
  0
LWPOLYLINE
  5
1182
  100
AcDbEntity
  8
Top-Layer
  100
AcDbPolyline
  90
4
  70
1
  43
0.00025400050800101603
  10
-1.467185674371349
  20
1.1200025400050801
  10
-1.167185674371349
  20
1.1200025400050801
  42
0.145
  10
-1.0343561087122177
  20
0.6700025400050804
  10
-1.6000152400304803
  20
0.6700025400050801
  42
0.145
  0
LWPOLYLINE
  5
1183
  100
AcDbEntity
  8
Top-Layer
  100
AcDbPolyline
  90
4
  70
1
  43
0.00025400050800101603
  10
-2.6247472694945393
  20
0.6297967995935994
  10
-2.3997891795783595
  20
0.8291008382016765
  42
0.162
  10
-1.9224917449834897
  20
0.67000254000508
  10
-2.465648971297943
  20
0.15249936499873
  42
0.162
  0
LWPOLYLINE
  5
1184
  100
AcDbEntity
  8
Top-Layer
  100
AcDbPolyline
  90
4
  70
1
  43
0.00025400050800101603
  10
-0.3451155702311405
  20
0.9750063500127003
  10
-0.14511557023114047
  20
0.9750063500127003
  42
0.236
  10
0.004884429768859615
  20
0.6750063500126998
  10
-0.30000000000000004
  20
0.6750063500127
  42
0.075
  0
LWPOLYLINE
  5
1185
  100
AcDbEntity
  8
Top-Layer
  100
AcDbPolyline
  90
4
  70
1
  43
0.00025400050800101603
  10
0.15608077216154434
  20
0.07893573787147574
  10
-0.02427736855473711
  20
-0.023548387096774197
  42
0.147
  10
-0.30000000000000004
  20
0.1249936499873001
  10
0.050012700025400064
  20
0.3971348742697486
  42
0.162
  0
LWPOLYLINE
  5
1186
  100
AcDbEntity
  8
Top-Layer
  100
AcDbPolyline
  90
4
  70
1
  43
0.00025400050800101603
  10
0.4451181102362205
  20
1.1250063500127
  10
0.7451181102362207
  20
1.1250063500127
  42
0.05
  10
0.7000000000000002
  20
0.6750063500127013
  10
0.3499872999746
  20
0.6750063500127
  42
0.105
  0
LWPOLYLINE
  5
1187
  100
AcDbEntity
  8
Top-Layer
  100
AcDbPolyline
  90
4
  70
1
  43
0.00025400050800101603
  10
-0.39511557023114047
  20
2.2548895097790203
  10
-0.09511557023114046
  20
2.2548895097790203
  42
0.219
  10
0.10488442976885938
  20
1.8200050800101601
  10
-0.39511557023114047
  20
1.8200050800101601
  0
LWPOLYLINE
  5
1188
  100
AcDbEntity
  8
Top-Layer
  100
AcDbPolyline
  90
4
  70
1
  43
0.00025400050800101603
  10
-0.14511557023114047
  20
0.9800000000000001
  10
-0.3451155702311405
  20
0.9800000000000001
  42
0.083
  10
-0.39511557023114036
  20
1.2800000000000002
  10
0.0048844297688595386
  20
1.2800000000000002
  42
0.236
  0
LWPOLYLINE
  5
1189
  100
AcDbEntity
  8
Top-Layer
  100
AcDbPolyline
  90
4
  70
1
  43
0.00025400050800101603
  10
0.4451181102362205
  20
2.1951206502413005
  10
0.7451181102362207
  20
2.1951206502413005
  42
0.25
  10
0.9451181102362204
  20
1.8200050800101606
  10
0.4451181102362205
  20
1.8200050800101601
  0
LWPOLYLINE
  5
1190
  100
AcDbEntity
  8
Top-Layer
  100
AcDbPolyline
  90
4
  70
1
  43
0.00025400050800101603
  10
0.7451181102362207
  20
0.8300000000000002
  10
0.4451181102362205
  20
1.07500381000762
  10
0.4451181102362205
  20
1.5250038100076202
  10
0.9451181102362206
  20
1.2800000000000002
  42
0.212
  0
LWPOLYLINE
  5
1191
  100
AcDbEntity
  8
Top-Layer
  100
AcDbPolyline
  90
12
  70
1
  43
0.00025400050800101603
  10
1.8613639827279655
  20
-0.5257708915417831
  10
1.6492329184658372
  20
-0.3136398272796546
  10
1.6730734061468124
  20
-0.2867614935229871
  10
1.6939878079756163
  20
-0.25783591567183134
  10
1.7288620777241555
  20
-0.19865379730759464
  10
1.7575107950215905
  20
-0.14569977139954282
  10
1.7835814071628144
  20
-0.10857759715519433
  10
2.066426212852426
  20
-0.39142240284480573
  10
2.0293040386080774
  20
-0.41749301498603
  10
1.9763500127000255
  20
-0.4461417322834646
  10
1.9171678943357888
  20
-0.4810160020320041
  10
1.8882423164846334
  20
-0.5019304038608078
  0
LWPOLYLINE
  5
1192
  100
AcDbEntity
  8
Top-Layer
  100
AcDbPolyline
  90
12
  70
1
  43
0.00025400050800101603
  10
2.0750038100076202
  20
-0.49000000000000005
  10
1.7750038100076204
  20
-0.49000000000000005
  10
1.772854965709932
  20
-0.4541351282702566
  10
1.7671907543815089
  20
-0.4188950977901957
  10
1.7500050800101603
  20
-0.35238760477520964
  10
1.7328168656337317
  20
-0.29468376936753876
  10
1.7250038100076202
  20
-0.25
  10
2.12500381000762
  20
-0.25
  10
2.117190754381509
  20
-0.29468376936753876
  10
2.1000050800101606
  20
-0.35238760477520964
  10
2.0828168656337316
  20
-0.4188950977901957
  10
2.077152654305309
  20
-0.4541351282702566
  0
LWPOLYLINE
  5
1195
  100
AcDbEntity
  8
Top-Layer
  100
AcDbPolyline
  90
12
  70
1
  43
0.00025400050800101603
  10
-4.240007620015241
  20
0.7171856743713488
  10
-4.240007620015241
  20
1.0171856743713488
  10
-4.204142748285497
  20
1.0193345186690375
  10
-4.1689027178054365
  20
1.0249987299974601
  10
-4.102395224790451
  20
1.042186944373889
  10
-4.04469138938278
  20
1.0593726187452377
  10
-4.00000762001524
  20
1.0671856743713488
  10
-4.00000762001524
  20
0.6671856743713489
  10
-4.04469138938278
  20
0.6749987299974601
  10
-4.102395224790451
  20
0.6921869443738888
  10
-4.1689027178054365
  20
0.7093726187452376
  10
-4.204142748285497
  20
0.7150368300736603
  0
LWPOLYLINE
  5
1196
  100
AcDbEntity
  8
Top-Layer
  100
AcDbPolyline
  90
9
  70
1
  43
0.00025400050800101603
  10
-3.7421920243840487
  20
0.6850012700025401
  10
-4.0421920243840495
  20
0.5316840233680469
  10
-4.0421920243840495
  20
0.6716840233680468
  10
-3.8045059690119385
  20
0.8250012700025401
  10
-3.8036855473710953
  20
0.8126822453644909
  10
-3.7974980949961905
  20
0.7983616967233935
  10
-3.775773431546863
  20
0.7647675895351791
  10
-3.752837185674372
  20
0.7262890525781053
  10
-3.745135890271781
  20
0.7058674117348236
  0
LWPOLYLINE
  5
1198
  100
AcDbEntity
  8
Top-Layer
  100
AcDbPolyline
  90
12
  70
1
  43
0.00025400050800101603
  10
-2.0750038100076202
  20
1.9100050800101602
  10
-2.3750038100076205
  20
1.9100050800101602
  10
-2.377152654305309
  20
1.9458699517399038
  10
-2.3828168656337314
  20
1.981109982219965
  10
-2.4000025400050804
  20
2.0476174752349507
  10
-2.417190754381509
  20
2.105321310642622
  10
-2.42500381000762
  20
2.1500050800101604
  10
-2.0250038100076204
  20
2.1500050800101604
  10
-2.0328168656337313
  20
2.105321310642622
  10
-2.0500025400050803
  20
2.0476174752349507
  10
-2.067190754381509
  20
1.981109982219965
  10
-2.072854965709932
  20
1.9458699517399038
  0
LWPOLYLINE
  5
1200
  100
AcDbEntity
  8
Top-Layer
  100
AcDbPolyline
  90
12
  70
1
  43
0.00025400050800101603
  10
-1.0500025400050803
  20
2.03500381000762
  10
-1.3500025400050801
  20
2.03500381000762
  10
-1.3521513843027688
  20
2.070868681737364
  10
-1.3578155956311915
  20
2.106108712217425
  10
-1.3750012700025402
  20
2.1726162052324107
  10
-1.3921894843789688
  20
2.230320040640082
  10
-1.4000025400050802
  20
2.2750038100076204
  10
-1.00000254000508
  20
2.2750038100076204
  10
-1.0078155956311914
  20
2.230320040640082
  10
-1.0250012700025402
  20
2.1726162052324107
  10
-1.0421894843789687
  20
2.106108712217425
  10
-1.0478536957073916
  20
2.070868681737364
  0
LWPOLYLINE
  5
1202
  100
AcDbEntity
  8
Top-Layer
  100
AcDbPolyline
  90
11
  70
1
  43
0.00025400050800101603
  10
0.45629159258318525
  20
3.8815875031750062
  10
0.6720802641605285
  20
4.090060960121921
  10
0.7277139954279909
  20
4.0451181102362215
  10
0.786487172974346
  20
4.009806959613919
  10
0.8389560579121159
  20
3.9806680213360432
  10
0.8756692913385827
  20
3.9542392684785375
  10
0.5891922783845569
  20
3.675080010160021
  10
0.5635509271018543
  20
3.7126771653543313
  10
0.5353771907543816
  20
3.766103632207265
  10
0.5008864617729236
  20
3.825641351282703
  10
0.4800889001778004
  20
3.854671069342139
  0
LWPOLYLINE
  5
1205
  100
AcDbEntity
  8
Top-Layer
  100
AcDbPolyline
  90
11
  70
1
  43
0.00025400050800101603
  10
0.7451181102362207
  20
1.9527787655575313
  10
0.4451181102362205
  20
1.9648945897891799
  10
0.43790957581915174
  20
2.036024892049784
  10
0.42214122428244866
  20
2.1025806451612907
  10
0.40659639319278645
  20
2.1602895605791215
  10
0.4000584201168403
  20
2.20488696977394
  10
0.7998679197358396
  20
2.192773685547371
  10
0.7905638811277623
  20
2.1480162560325122
  10
0.7718262636525275
  20
2.0903251206502413
  10
0.7534213868427737
  20
2.0238582677165358
  10
0.7473964947929896
  20
1.9886360172720348
  0
LWPOLYLINE
  5
1207
  100
AcDbEntity
  8
Top-Layer
  100
AcDbPolyline
  90
11
  70
1
  43
0.00025400050800101603
  10
-0.09511557023114046
  20
2.006934213868428
  10
-0.39511557023114047
  20
2.055199390398781
  10
-0.4003098806197613
  20
2.1264109728219465
  10
-0.4113741427482855
  20
2.193114046228093
  10
-0.4215265430530862
  20
2.250840741681484
  10
-0.42398780797561597
  20
2.295118110236221
  10
-0.026992633985267973
  20
2.246852933705868
  10
-0.040599441198882404
  20
2.2020269240538486
  10
-0.06368808737617476
  20
2.144361188722378
  10
-0.08545847091694185
  20
2.077962915925832
  10
-0.09247650495300992
  20
2.0427711455422917
  0
LWPOLYLINE
  5
1209
  100
AcDbEntity
  8
Top-Layer
  100
AcDbPolyline
  90
12
  70
1
  43
0.00025400050800101603
  10
-1.2451181102362205
  20
4.240007620015241
  10
-0.9451181102362206
  20
4.240007620015241
  10
-0.9429692659385319
  20
4.204142748285497
  10
-0.9373050546101093
  20
4.1689027178054365
  10
-0.9201168402336806
  20
4.102395224790451
  10
-0.9029311658623318
  20
4.04469138938278
  10
-0.8951181102362206
  20
4.00000762001524
  10
-1.2951181102362206
  20
4.00000762001524
  10
-1.2873050546101092
  20
4.04469138938278
  10
-1.2701168402336807
  20
4.102395224790451
  10
-1.2529311658623319
  20
4.1689027178054365
  10
-1.2472669545339092
  20
4.204142748285497
  0
LWPOLYLINE
  5
1211
  100
AcDbEntity
  8
Top-Layer
  100
AcDbPolyline
  90
10
  70
1
  43
0.00025400050800101603
  10
-3.1250063500127
  20
-4.64729743459487
  10
-3.2750063500127005
  20
-4.64729743459487
  10
-3.281452882905766
  20
-4.619809499619
  10
-3.2984455168910345
  20
-4.582936245872493
  10
-3.3224688849377704
  20
-4.543246126492254
  10
-3.3500076200152407
  20
-4.50729743459487
  10
-3.0500076200152404
  20
-4.50729743459487
  10
-3.0775463550927102
  20
-4.543246126492254
  10
-3.1015697231394466
  20
-4.582936245872493
  10
-3.1185623571247145
  20
-4.619809499619
  0
LWPOLYLINE
  5
1213
  100
AcDbEntity
  8
Top-Layer
  100
AcDbPolyline
  90
12
  70
1
  43
0.00025400050800101603
  10
-1.8992329184658372
  20
-2.038643637287275
  10
-2.1113639827279655
  20
-2.2507747015494033
  10
-2.138242316484633
  20
-2.2269342138684283
  10
-2.167167894335789
  20
-2.2060198120396244
  10
-2.2263500127000255
  20
-2.1711455422910846
  10
-2.2793040386080774
  20
-2.1424968249936502
  10
-2.316426212852426
  20
-2.116426212852426
  10
-2.0335814071628144
  20
-1.8335814071628147
  10
-2.0075107950215902
  20
-1.8707035814071633
  10
-1.9788620777241557
  20
-1.9236576073152147
  10
-1.9439878079756163
  20
-1.9828397256794517
  10
-1.9230734061468124
  20
-2.0117653035306073
  0
LWPOLYLINE
  5
1214
  100
AcDbEntity
  8
Top-Layer
  100
AcDbPolyline
  90
12
  70
1
  43
0.00025400050800101603
  10
-1.9350038100076201
  20
-1.82500381000762
  10
-1.9350038100076201
  20
-2.12500381000762
  10
-1.970868681737364
  20
-2.1271526543053088
  10
-2.006108712217425
  20
-2.1328168656337314
  10
-2.072616205232411
  20
-2.1500025400050804
  10
-2.1303200406400813
  20
-2.167190754381509
  10
-2.1750038100076203
  20
-2.1750038100076203
  10
-2.1750038100076203
  20
-1.7750038100076204
  10
-2.1303200406400813
  20
-1.7828168656337313
  10
-2.072616205232411
  20
-1.8000025400050803
  10
-2.006108712217425
  20
-1.817190754381509
  10
-1.970868681737364
  20
-1.8228549657099316
  0
LWPOLYLINE
  5
1216
  100
AcDbEntity
  8
Top-Layer
  100
AcDbPolyline
  90
11
  70
1
  43
0.00025400050800101603
  10
-2.005199390398781
  20
-0.9048869697739396
  10
-1.9569342138684278
  20
-1.2048869697739397
  10
-1.9927711455422912
  20
-1.2075260350520702
  10
-2.027962915925832
  20
-1.2145440690881384
  10
-2.094361188722378
  20
-1.2363144526289052
  10
-2.1520269240538488
  20
-1.259403098806198
  10
-2.196852933705868
  20
-1.2730099060198123
  10
-2.2451181102362208
  20
-0.8760147320294642
  10
-2.2008407416814837
  20
-0.878475996951994
  10
-2.143114046228092
  20
-0.8886283972567947
  10
-2.0764109728219458
  20
-0.899692659385319
  0
LWPOLYLINE
  5
1218
  100
AcDbEntity
  8
Top-Layer
  100
AcDbPolyline
  90
9
  70
1
  43
0.00025400050800101603
  10
3.2000076200152408
  20
-3.4900076200152403
  10
3.0500050800101604
  20
-3.4525095250190505
  10
3.044389128778258
  20
-3.428122936245873
  10
3.0295808991617985
  20
-3.3922834645669298
  10
2.9846456692913392
  20
-3.3125095250190504
  10
3.282293624587249
  20
-3.3500076200152407
  10
3.252077724155449
  20
-3.3824485648971305
  10
3.2257200914401833
  20
-3.4209702819405643
  10
3.2070789941579885
  20
-3.459011938023876
  0
LWPOLYLINE
  5
1220
  100
AcDbEntity
  8
Top-Layer
  100
AcDbPolyline
  90
10
  70
1
  43
0.00025400050800101603
  10
0.7750038100076201
  20
-4.672296164592329
  10
0.6250038100076202
  20
-4.672296164592329
  10
0.6185572771145543
  20
-4.6448082296164594
  10
0.6015646431292864
  20
-4.607934975869952
  10
0.5775412750825503
  20
-4.568244856489714
  10
0.5500025400050801
  20
-4.53229616459233
  10
0.85000254000508
  20
-4.53229616459233
  10
0.8224638049276101
  20
-4.568244856489714
  10
0.7984404368808738
  20
-4.607934975869952
  10
0.7814478028956058
  20
-4.6448082296164594
  0
LWPOLYLINE
  5
1222
  100
AcDbEntity
  8
Top-Layer
  100
AcDbPolyline
  90
10
  70
1
  43
0.00025400050800101603
  10
-0.12499872999746
  20
-4.672296164592329
  10
-0.27499872999746006
  20
-4.672296164592329
  10
-0.2814452628905258
  20
-4.6448082296164594
  10
-0.29843789687579375
  20
-4.607934975869952
  10
-0.3224612649225299
  20
-4.568244856489714
  10
-0.35000000000000003
  20
-4.53229616459233
  10
-0.05
  20
-4.53229616459233
  10
-0.07753873507747018
  20
-4.568244856489714
  10
-0.10156210312420626
  20
-4.607934975869952
  10
-0.11855473710947424
  20
-4.6448082296164594
  0
LWPOLYLINE
  5
1224
  100
AcDbEntity
  8
Top-Layer
  100
AcDbPolyline
  90
10
  70
1
  43
0.00025400050800101603
  10
-1.0500000000000003
  20
-4.64729743459487
  10
-1.2000000000000002
  20
-4.64729743459487
  10
-1.2064465328930658
  20
-4.619809499619
  10
-1.223439166878334
  20
-4.582936245872493
  10
-1.24746253492507
  20
-4.543246126492254
  10
-1.2750012700025402
  20
-4.50729743459487
  10
-0.9750012700025402
  20
-4.50729743459487
  10
-1.0025400050800104
  20
-4.543246126492254
  10
-1.0265633731267463
  20
-4.582936245872493
  10
-1.0435560071120145
  20
-4.619809499619
  0
LWPOLYLINE
  5
1226
  100
AcDbEntity
  8
Top-Layer
  100
AcDbPolyline
  90
8
  70
1
  43
0.00025400050800101603
  10
-2.1719710439420883
  20
-4.603042926085853
  10
-2.278036576073153
  20
-4.496977393954788
  10
-2.2695961391922785
  20
-4.479420878841759
  10
-2.2611582423164847
  20
-4.446951993903989
  10
-2.2496113792227583
  20
-4.36248666497333
  10
-2.03748031496063
  20
-4.574615189230379
  10
-2.1219456438912876
  20
-4.586162052324106
  10
-2.154414528829058
  20
-4.594602489204979
  0
LWPOLYLINE
  5
1228
  100
AcDbEntity
  8
Top-Layer
  100
AcDbPolyline
  90
10
  70
1
  43
0.00025400050800101603
  10
-4.110660401320803
  20
2.329436118872238
  10
-4.216725933451867
  20
2.4355016510033023
  10
-4.201846583693168
  20
2.459497078994158
  10
-4.187790195580392
  20
2.4975844551689104
  10
-4.176710693421387
  20
2.542636525273051
  10
-4.170762001524004
  20
2.58752857505715
  10
-3.9586309372618755
  20
2.3753975107950223
  10
-4.003525527051054
  20
2.3694488188976384
  10
-4.048577597155195
  20
2.3583718567437137
  10
-4.086664973329946
  20
2.344315468630937
  0
LWPOLYLINE
  5
1230
  100
AcDbEntity
  8
Top-Layer
  100
AcDbPolyline
  90
10
  70
1
  43
0.00025400050800101603
  10
2.05000508001016
  20
1.94750571501143
  10
1.8500050800101602
  20
1.9100050800101602
  10
1.8450825501651007
  20
1.947200914401829
  10
1.8321031242062487
  20
1.9873075946151897
  10
1.8137515875031751
  20
2.0237642875285755
  10
1.7927178054356112
  20
2.05000508001016
  10
2.090363220726442
  20
2.0875057150114302
  10
2.0755448310896627
  20
2.058790957581915
  10
2.062616205232411
  20
2.0215113030226064
  10
2.0534721869443744
  20
1.9822275844551691
  0
LWPOLYLINE
  5
1232
  100
AcDbEntity
  8
Top-Layer
  100
AcDbPolyline
  90
10
  70
1
  43
0.00025400050800101603
  10
3.400007620015241
  20
-4.976296672593346
  10
3.2000076200152408
  20
-4.976296672593346
  10
3.1957099314198634
  20
-4.940835661671324
  10
3.184381508763018
  20
-4.901305562611126
  10
3.1683667767335537
  20
-4.864272288544578
  10
3.15000762001524
  20
-4.836296672593346
  10
3.4500076200152403
  20
-4.836296672593346
  10
3.431648463296927
  20
-4.864272288544578
  10
3.415633731267463
  20
-4.901305562611126
  10
3.404305308610618
  20
-4.940835661671324
  0
LWPOLYLINE
  5
1234
  100
AcDbEntity
  8
Top-Layer
  100
AcDbPolyline
  90
12
  70
1
  43
0.00025400050800101603
  10
4.42500889001778
  20
-4.635328930657861
  10
4.125008890017781
  20
-4.635328930657861
  10
4.122860045720092
  20
-4.599464058928119
  10
4.117195834391669
  20
-4.5642240284480575
  10
4.10001016002032
  20
-4.497716535433071
  10
4.082821945643891
  20
-4.4400127000254015
  10
4.07500889001778
  20
-4.395328930657861
  10
4.47500889001778
  20
-4.395328930657861
  10
4.46719583439167
  20
-4.4400127000254015
  10
4.450007620015241
  20
-4.497716535433071
  10
4.432821945643891
  20
-4.5642240284480575
  10
4.427157734315469
  20
-4.599464058928119
  0
LWPOLYLINE
  5
1236
  100
AcDbEntity
  8
Top-Layer
  100
AcDbPolyline
  90
10
  70
1
  43
0.00025400050800101603
  10
-2.0222910845821693
  20
3.926121412242825
  10
-2.0222910845821693
  20
4.076121412242824
  10
-1.9948031496062995
  20
4.082565405130811
  10
-1.957929895859792
  20
4.099558039116078
  10
-1.9182397764795533
  20
4.123581407162815
  10
-1.8822910845821694
  20
4.151120142240284
  10
-1.8822910845821694
  20
3.8511201422402848
  10
-1.9182397764795533
  20
3.878658877317755
  10
-1.957929895859792
  20
3.902682245364491
  10
-1.9948031496062995
  20
3.9196748793497593
  0
LWPOLYLINE
  5
1238
  100
AcDbEntity
  8
Top-Layer
  100
AcDbPolyline
  90
10
  70
1
  43
0.00025400050800101603
  10
0.5116179832359665
  20
5.32984251968504
  10
0.6176860553721109
  20
5.223774447548895
  10
0.6028067056134113
  20
5.199781559563119
  10
0.588750317500635
  20
5.161694183388367
  10
0.5776708153416307
  20
5.116639573279148
  10
0.5717221234442469
  20
5.0717475234950475
  10
0.3595910591821184
  20
5.283878587757177
  10
0.404483108966218
  20
5.289827279654561
  10
0.4495377190754382
  20
5.3009067818135645
  10
0.4876250952501906
  20
5.31496316992634
  0
LWPOLYLINE
  5
1240
  100
AcDbEntity
  8
Top-Layer
  100
AcDbPolyline
  90
10
  70
1
  43
0.00025400050800101603
  10
1.7750038100076204
  20
4.07229616459233
  10
1.9250038100076203
  20
4.07229616459233
  10
1.9314478028956061
  20
4.04480822961646
  10
1.9484404368808739
  20
4.007934975869952
  10
1.9724638049276102
  20
3.968244856489714
  10
2.0000025400050805
  20
3.93229616459233
  10
1.7000025400050802
  20
3.93229616459233
  10
1.7275412750825505
  20
3.968244856489714
  10
1.7515646431292866
  20
4.007934975869952
  10
1.7685572771145546
  20
4.04480822961646
  0
LWPOLYLINE
  5
1242
  100
AcDbEntity
  8
Top-Layer
  100
AcDbPolyline
  90
10
  70
1
  43
0.00025400050800101603
  10
4.645577851155703
  20
1.3105003810007623
  10
4.539512319024638
  20
1.204432308864618
  10
4.515516891033783
  20
1.2193141986283975
  10
4.47742951485903
  20
1.2333705867411737
  10
4.43237744475489
  20
1.244447548895098
  10
4.38748285496571
  20
1.2503962407924818
  10
4.599613919227839
  20
1.4625273050546104
  10
4.605562611125223
  20
1.4176352552705107
  10
4.616642113284228
  20
1.3725806451612905
  10
4.630698501397003
  20
1.334493268986538
  0
LWPOLYLINE
  5
1244
  100
AcDbEntity
  8
Top-Layer
  100
AcDbPolyline
  90
10
  70
1
  43
0.00025400050800101603
  10
4.325008890017781
  20
0.5027127254254509
  10
4.17500889001778
  20
0.5027127254254509
  10
4.168562357124714
  20
0.5302006604013207
  10
4.151569723139447
  20
0.5670739141478284
  10
4.1275463550927105
  20
0.6067640335280672
  10
4.1000076200152415
  20
0.6427127254254509
  10
4.4000076200152405
  20
0.6427127254254509
  10
4.372468884937771
  20
0.6067640335280672
  10
4.348445516891035
  20
0.5670739141478284
  10
4.331452882905766
  20
0.5302006604013207
  0
LWPOLYLINE
  5
1246
  100
AcDbEntity
  8
Top-Layer
  100
AcDbPolyline
  90
10
  70
1
  43
0.00025400050800101603
  10
-5.077030734061469
  20
-1.8585725171450345
  10
-5.205631191262383
  20
-1.9421056642113286
  10
-5.22725171450343
  20
-1.928623317246635
  10
-5.263421386842775
  20
-1.9139065278130558
  10
-5.30728219456439
  20
-1.9003784607569216
  10
-5.351973583947169
  20
-1.890457200914402
  10
-5.1185064770129545
  20
-1.7020599441198883
  10
-5.116301752603506
  20
-1.7465074930149864
  10
-5.10735585471171
  20
-1.7922987045974093
  10
-5.093619507239016
  20
-1.8321005842011686
  0
LWPOLYLINE
  5
1247
  100
AcDbEntity
  8
Top-Layer
  100
AcDbPolyline
  90
10
  70
1
  43
0.00025400050800101603
  10
-5.567112014224029
  20
-1.5806248412496828
  10
-5.4835788671577355
  20
-1.4520243840487685
  10
-5.457106934213869
  20
-1.4686106172212348
  10
-5.41730505461011
  20
-1.4823495046990096
  10
-5.371513843027686
  20
-1.4912928625857254
  10
-5.327066294132588
  20
-1.4935001270002544
  10
-5.515463550927102
  20
-1.7269672339344682
  10
-5.525384810769623
  20
-1.6822758445516894
  10
-5.538912877825756
  20
-1.638415036830074
  10
-5.553629667259336
  20
-1.6022428244856493
  0
LWPOLYLINE
  5
1249
  100
AcDbEntity
  8
Top-Layer
  100
AcDbPolyline
  90
10
  70
1
  43
0.00025400050800101603
  10
-4.3544399288798585
  20
-1.1145034290068583
  10
-4.460505461010922
  20
-1.2205715011430025
  10
-4.484500889001779
  20
-1.2056921513843029
  10
-4.522588265176531
  20
-1.1916357632715269
  10
-4.567640335280672
  20
-1.1805562611125224
  10
-4.61253492506985
  20
-1.1746075692151385
  10
-4.400403860807723
  20
-0.96247650495301
  10
-4.394455168910338
  20
-1.0073685547371096
  10
-4.383375666751334
  20
-1.0524231648463298
  10
-4.369319278638558
  20
-1.090510541021082
  0
LWPOLYLINE
  5
1251
  100
AcDbEntity
  8
Top-Layer
  100
AcDbPolyline
  90
12
  70
1
  43
0.00025400050800101603
  10
-3.7750088900177805
  20
1.6850038100076203
  10
-4.07500889001778
  20
1.6850038100076203
  10
-4.077157734315469
  20
1.720868681737364
  10
-4.082821945643891
  20
1.7561087122174246
  10
-4.10001016002032
  20
1.8226162052324106
  10
-4.117195834391669
  20
1.8803200406400815
  10
-4.125008890017781
  20
1.9250038100076203
  10
-3.7250088900177807
  20
1.9250038100076203
  10
-3.7328219456438916
  20
1.8803200406400815
  10
-3.7500101600203206
  20
1.8226162052324106
  10
-3.767195834391669
  20
1.7561087122174246
  10
-3.772860045720092
  20
1.720868681737364
  0
LWPOLYLINE
  5
1252
  100
AcDbEntity
  8
Top-Layer
  100
AcDbPolyline
  90
12
  70
1
  43
0.00025400050800101603
  10
-4.1650088900177815
  20
1.7750038100076204
  10
-4.1650088900177815
  20
2.0750038100076202
  10
-4.129144018288037
  20
2.077152654305309
  10
-4.093903987807976
  20
2.0828168656337316
  10
-4.02739649479299
  20
2.1000050800101606
  10
-3.969692659385319
  20
2.117190754381509
  10
-3.925008890017781
  20
2.12500381000762
  10
-3.925008890017781
  20
1.7250038100076202
  10
-3.969692659385319
  20
1.7328168656337317
  10
-4.02739649479299
  20
1.7500050800101603
  10
-4.093903987807976
  20
1.7671907543815089
  10
-4.129144018288037
  20
1.772854965709932
  0
LWPOLYLINE
  5
1255
  100
AcDbEntity
  8
Top-Layer
  100
AcDbPolyline
  90
5
  70
1
  43
0.00025400050800101603
  10
2.017927355854712
  20
5.856814833629668
  42
0.151
  10
2.186123952247905
  20
6.17501397002794
  10
2.464381508763018
  20
6.2500127000254
  10
2.6143815087630182
  20
6.1750139700279405
  42
0.043
  10
2.199217678435359
  20
5.8259715519431055
  0
HATCH
  5
1581
  100
AcDbEntity
  8
Top-Layer
  100
AcDbHatch
  10
0
  20
0
  30
0
  210
0
  220
0
  230
1
  2
SOLID
  70
1
  71
0
  91
1
  92
7
  72
0
  73
1
  93
38
  10
6.143286773736544
  20
-6.184589280161831
  10
6.143286766584154
  20
-14.101584963169929
  10
-6.140457200914402
  20
-14.101584963169929
  10
-6.140457200914401
  20
-6.232452498266906
  10
-6.1631332458412675
  20
-6.05044769279041
  10
-6.27225201399311
  20
-5.903026369139156
  10
-7.092154680520881
  20
-4.8956194684083405
  10
-7.751809677880178
  20
-3.7767073491253593
  10
-8.236315033752502
  20
-2.5715668567550956
  10
-8.53472550338071
  20
-1.3074227835436252
  10
-8.64029982871969
  20
-0.012832845359086879
  10
-8.550653027195146
  20
1.2829574529514987
  10
-8.267810269782988
  20
2.5506754897400006
  10
-7.798161131273538
  20
3.761682811318511
  10
-7.152315246232579
  20
4.888622090514635
  10
-6.344862631471053
  20
5.906035143868185
  10
-5.394044089471837
  20
6.790938046117861
  10
-4.321339138542983
  20
7.523340349822701
  10
-3.1509807785839175
  20
8.086696680658996
  10
-1.909408054174969
  20
8.46828050660444
  10
-0.6246687818939116
  20
8.659471637356242
  10
0.6742140654194351
  20
8.655950959211918
  10
1.9578980037194422
  20
8.457798006243767
  10
3.19738390074634
  20
8.069489163580036
  10
4.364671082510543
  20
7.499796543381734
  10
5.433389884050793
  20
6.761589817962769
  10
6.379397354793589
  20
5.871545486753232
  10
7.181322661199385
  20
4.849770144926374
  10
7.821049865747204
  20
3.7193462642599884
  10
8.28412717601264
  20
2.505810747294478
  10
8.560093418675516
  20
1.2365780345384776
  10
8.642714363228265
  20
-0.059679202949753166
  10
8.530123556701417
  20
-1.353677795107048
  10
8.22486448787152
  20
-2.616185595921178
  10
7.733833128438756
  20
-3.8186818538251344
  10
7.068122149200844
  20
-4.93400151129627
  10
6.242770330466327
  20
-5.936948878574872
  10
6.169100320837687
  20
-6.0511564897540735
  97
1
  330
1580
  75
0
  76
1
  47
0.4128176842155181
  98
1
  10
34.90568961886538
  20
22.81183545379326
  450
0
  451
0
  460
0
  461
0
  452
1
  462
1
  453
2
  463
0
  63
5
  421
255
  463
1
  63
7
  421
16777215
  470
LINEAR
  1001
ACAD
  1010
0
  1020
0
  1030
0
  0
LWPOLYLINE
  5
1580
  100
AcDbEntity
  8
Top-Layer
  100
AcDbPolyline
  90
38
  70
1
  43
0.05080010160020321
  10
6.143286773736544
  20
-6.184589280161831
  10
6.143286766584154
  20
-14.101584963169929
  10
-6.140457200914402
  20
-14.101584963169929
  10
-6.140457200914401
  20
-6.232452498266906
  10
-6.1631332458412675
  20
-6.05044769279041
  10
-6.27225201399311
  20
-5.903026369139156
  10
-7.092154680520881
  20
-4.8956194684083405
  10
-7.751809677880178
  20
-3.7767073491253593
  10
-8.236315033752502
  20
-2.5715668567550956
  10
-8.53472550338071
  20
-1.3074227835436252
  10
-8.64029982871969
  20
-0.012832845359086879
  10
-8.550653027195146
  20
1.2829574529514987
  10
-8.267810269782988
  20
2.5506754897400006
  10
-7.798161131273538
  20
3.761682811318511
  10
-7.152315246232579
  20
4.888622090514635
  10
-6.344862631471053
  20
5.906035143868185
  10
-5.394044089471837
  20
6.790938046117861
  10
-4.321339138542983
  20
7.523340349822701
  10
-3.1509807785839175
  20
8.086696680658996
  10
-1.909408054174969
  20
8.46828050660444
  10
-0.6246687818939116
  20
8.659471637356242
  10
0.6742140654194351
  20
8.655950959211918
  10
1.9578980037194422
  20
8.457798006243767
  10
3.19738390074634
  20
8.069489163580036
  10
4.364671082510543
  20
7.499796543381734
  10
5.433389884050793
  20
6.761589817962769
  10
6.379397354793589
  20
5.871545486753232
  10
7.181322661199385
  20
4.849770144926374
  10
7.821049865747204
  20
3.7193462642599884
  10
8.28412717601264
  20
2.505810747294478
  10
8.560093418675516
  20
1.2365780345384776
  10
8.642714363228265
  20
-0.059679202949753166
  10
8.530123556701417
  20
-1.353677795107048
  10
8.22486448787152
  20
-2.616185595921178
  10
7.733833128438756
  20
-3.8186818538251344
  10
7.068122149200844
  20
-4.93400151129627
  10
6.242770330466327
  20
-5.936948878574872
  10
6.169100320837687
  20
-6.0511564897540735
  0
HATCH
  5
1583
  100
AcDbEntity
  8
Top-Layer
  100
AcDbHatch
  10
0
  20
0
  30
0
  210
0
  220
0
  230
1
  2
SOLID
  70
1
  71
0
  91
1
  92
7
  72
0
  73
1
  93
163
  10
-7.015573792179406
  20
-2.995843556467028
  10
-7.082163442064138
  20
-3.2393354301592883
  10
-7.043444986133702
  20
-3.488781526934327
  10
-6.9061782450862
  20
-3.700631275171462
  10
-6.340492820136963
  20
-4.2663167001207
  10
-6.166365995921289
  20
-4.3877083203278255
  10
-5.9609992704609995
  20
-4.441379396725315
  10
-5.910139486410907
  20
-4.657405736813464
  10
-5.784703657225666
  20
-4.840490280131883
  10
-5.219018232276429
  20
-5.406175705081121
  10
-4.948189586029069
  20
-5.562538696896296
  10
-4.635463602398718
  20
-5.562538696896296
  10
-4.364634956151357
  20
-5.406175705081121
  10
-3.9050065681060193
  20
-4.946547317035784
  10
-3.8032263697447277
  20
-4.811201849980352
  10
-3.7430085060342813
  20
-4.6529254679106735
  10
-3.7188673137503656
  20
-4.643265921717144
  10
-3.6951641286840244
  20
-4.6325765337428635
  10
-3.6665520620303034
  20
-4.6813703477699
  10
-3.6331483362966734
  20
-4.7270176669969315
  10
-3.6331483362966734
  20
-4.788842553133516
  10
-3.9216044102948575
  20
-5.068006432610943
  10
-4.050678972053974
  20
-5.44811054431986
  10
-3.991862888604084
  20
-5.845200013531711
  10
-3.758147066294133
  20
-6.171568352427072
  10
-3.758147066294133
  20
-7.100015240030482
  10
-3.725176192482394
  20
-7.265771016034134
  10
-3.6312830877032996
  20
-7.406291977721081
  10
-3.3994532991266437
  20
-7.638121766297737
  10
-3.4773474856504385
  20
-7.8001698523401295
  10
-3.504102108204216
  20
-7.977965455930913
  10
-3.5041021082042163
  20
-8.677965455930913
  10
-3.423162667742263
  20
-8.980035560071121
  10
-3.2020320040640087
  20
-9.201166223749375
  10
-2.8999618999237997
  20
-9.282105664211329
  10
-2.5999618999238
  20
-9.282105664211327
  10
-2.5498206565405734
  20
-9.280021306307841
  10
-2.5000254000508013
  20
-9.273782615178813
  10
-2.4502301435610274
  20
-9.280021306307843
  10
-2.4000889001778
  20
-9.282105664211329
  10
-2.1000889001778
  20
-9.282105664211329
  10
-2.049883490906855
  20
-9.280015958913049
  10
-2.000025400050802
  20
-9.273761299490968
  10
-1.9501673091947467
  20
-9.280015958913049
  10
-1.8999618999238002
  20
-9.282105664211329
  10
-1.5999618999238003
  20
-9.282105664211327
  10
-1.549820656540574
  20
-9.280021306307841
  10
-1.5000254000508009
  20
-9.273782615178813
  10
-1.4502301435610272
  20
-9.280021306307841
  10
-1.4000889001778005
  20
-9.282105664211329
  10
-1.1000889001778007
  20
-9.282105664211329
  10
-1.0498834909068562
  20
-9.280015958913047
  10
-1.0000254000508015
  20
-9.273761299490968
  10
-0.9501673091947462
  20
-9.280015958913049
  10
-0.8999618999237999
  20
-9.282105664211329
  10
-0.5999618999238009
  20
-9.282105664211329
  10
-0.5498206565405745
  20
-9.280021306307843
  10
-0.5000254000508005
  20
-9.273782615178813
  10
-0.4502301435610269
  20
-9.280021306307843
  10
-0.40008890017780036
  20
-9.282105664211329
  10
-0.10008890017780092
  20
-9.282105664211329
  10
-0.04988349090685619
  20
-9.280015958913047
  10
-0.000025400050801635692
  20
-9.273761299490968
  10
0.04983269080525371
  20
-9.280015958913047
  10
0.10003810007620015
  20
-9.282105664211329
  10
0.4000381000762001
  20
-9.282105664211329
  10
0.45017934345942606
  20
-9.280021306307841
  10
0.4999745999491995
  20
-9.273782615178813
  10
0.5497698564389731
  20
-9.280021306307843
  10
0.5999110998221997
  20
-9.282105664211329
  10
0.8999110998221993
  20
-9.282105664211329
  10
0.9501165090931443
  20
-9.280015958913049
  10
0.9999745999491988
  20
-9.273761299490968
  10
1.0498326908052542
  20
-9.280015958913047
  10
1.1000381000762003
  20
-9.282105664211329
  10
1.4000381000762
  20
-9.282105664211327
  10
1.4501793434594263
  20
-9.280021306307841
  10
1.4999745999491996
  20
-9.273782615178813
  10
1.5497698564389732
  20
-9.280021306307841
  10
1.5999110998221997
  20
-9.282105664211329
  10
1.899911099822199
  20
-9.282105664211329
  10
2.0836089528017863
  20
-9.253500415834996
  10
2.2499110998222003
  20
-9.170393512870303
  10
2.4162132468426134
  20
-9.253500415834996
  10
2.5999110998222004
  20
-9.282105664211329
  10
2.8999110998222006
  20
-9.282105664211329
  10
3.2019812039624087
  20
-9.201166223749375
  10
3.4231118676406624
  20
-8.980035560071121
  10
3.504051308102617
  20
-8.677965455930913
  10
3.504051308102617
  20
-8.349013282704599
  10
3.5457208633779143
  20
-8.307343727429298
  10
3.753446773658702
  20
-8.467276706361064
  10
4.009363018726037
  20
-8.5241580483161
  10
4.575022150044299
  20
-8.5241580483161
  10
4.650609758410102
  20
-8.519410786876604
  10
4.7250094500189
  20
-8.50524360938238
  10
4.799409141627698
  20
-8.519410786876604
  10
4.8749967499935005
  20
-8.5241580483161
  10
5.440655881311763
  20
-8.5241580483161
  10
5.742725985451971
  20
-8.443218607854144
  10
5.963856649130226
  20
-8.222087944175891
  10
6.04479608959218
  20
-7.920017840035682
  10
6.044796089592179
  20
-7.380012760025522
  10
6.018644073113878
  20
-7.20418602315531
  10
5.942452160237034
  20
-7.043581659028816
  10
5.994341344095331
  20
-6.907121815124086
  10
6.011981103962209
  20
-6.76219902439805
  10
6.011981103962208
  20
-6.22219394438789
  10
5.940084466709243
  20
-5.936358025789385
  10
5.741506895355557
  20
-5.718554795867036
  10
6.680662267230242
  20
-4.779398601606289
  10
7.480034244425886
  20
-3.980026624410646
  10
7.626396161842325
  20
-3.743961160875778
  10
7.652522999603715
  20
-3.467436112657106
  10
7.5529646212442385
  20
-3.2081354315122614
  10
7.3484892021293895
  20
-3.020150014733311
  10
7.70932465844145
  20
-2.6593145584212508
  10
7.819475784601855
  20
-2.4944617482454947
  10
7.858155716311434
  20
-2.3000046000092014
  10
7.858155716311434
  20
2.000004000008
  10
7.819475784601856
  20
2.1944611482442933
  10
7.70932465844145
  20
2.3593139584200493
  10
6.660680246523481
  20
3.4079594879909356
  10
6.689564619625823
  20
3.751940019738414
  10
6.525383223496157
  20
4.055586825082561
  10
6.1831520663041335
  20
4.397817982274586
  10
6.1831520663041335
  20
4.525009050018101
  10
6.144472157430742
  20
4.719466083449134
  10
6.034321096302292
  20
4.88431879629769
  10
3.709310686281477
  20
7.209329206318512
  10
3.54445797343292
  20
7.319480267446963
  10
3.3500009400018858
  20
7.358160176320355
  10
-0.6749961899923796
  20
7.3581601763203555
  10
-0.8694532234234141
  20
7.319480267446964
  10
-1.034305936271971
  20
7.209329206318513
  10
-1.334305936271972
  20
6.909329206318513
  10
-1.4038605073352106
  20
6.822567409679494
  10
-1.4528769072899954
  20
6.722753381370373
  10
-1.6038325502771766
  20
6.598795554036988
  10
-1.7073478176612034
  20
6.433152146304294
  10
-1.7301835457659613
  20
6.433152146304294
  10
-1.8679070599093663
  20
6.486143432013029
  10
-2.0143688087376175
  20
6.504165608331219
  10
-2.554373888747778
  20
6.504165608331218
  10
-2.7875237850609955
  20
6.457364181323234
  10
-2.984550451353551
  20
6.324211109670758
  10
-3.1149274336178108
  20
6.125336550673102
  10
-4.1256038416992205
  20
6.125336550673103
  10
-4.171644018367377
  20
6.123246513351172
  10
-4.217305458656173
  20
6.116993594481177
  10
-4.47809337457414
  20
6.225554057447135
  10
-4.759727191814331
  20
6.203688463585111
  10
-5.000634115177142
  20
6.05617722508416
  10
-5.4323419434555325
  20
5.624469396805769
  10
-5.883693319519666
  20
5.624469396805769
  10
-6.0781503529507
  20
5.585789487932377
  10
-6.243003065799256
  20
5.475638426803926
  10
-7.284323596307291
  20
4.434317896295892
  10
-7.394474657435742
  20
4.269465183447335
  10
-7.433154566309134
  20
4.075008150016301
  10
-7.433154566309134
  20
-2.3677840060595527
  10
-7.394474657435742
  20
-2.5622410394905866
  10
-7.284323596307291
  20
-2.7270937523391434
  97
1
  330
1582
  75
0
  76
1
  47
0.4128176842155181
  98
1
  10
34.90568961886538
  20
22.81183545379326
  450
0
  451
0
  460
0
  461
0
  452
1
  462
1
  453
2
  463
0
  63
5
  421
255
  463
1
  63
7
  421
16777215
  470
LINEAR
  1001
ACAD
  1010
0
  1020
0
  1030
0
  0
LWPOLYLINE
  5
1582
  100
AcDbEntity
  8
Top-Layer
  100
AcDbPolyline
  90
163
  70
1
  43
0.05080010160020321
  10
-7.015573792179406
  20
-2.995843556467028
  10
-7.082163442064138
  20
-3.2393354301592883
  10
-7.043444986133702
  20
-3.488781526934327
  10
-6.9061782450862
  20
-3.700631275171462
  10
-6.340492820136963
  20
-4.2663167001207
  10
-6.166365995921289
  20
-4.3877083203278255
  10
-5.9609992704609995
  20
-4.441379396725315
  10
-5.910139486410907
  20
-4.657405736813464
  10
-5.784703657225666
  20
-4.840490280131883
  10
-5.219018232276429
  20
-5.406175705081121
  10
-4.948189586029069
  20
-5.562538696896296
  10
-4.635463602398718
  20
-5.562538696896296
  10
-4.364634956151357
  20
-5.406175705081121
  10
-3.9050065681060193
  20
-4.946547317035784
  10
-3.8032263697447277
  20
-4.811201849980352
  10
-3.7430085060342813
  20
-4.6529254679106735
  10
-3.7188673137503656
  20
-4.643265921717144
  10
-3.6951641286840244
  20
-4.6325765337428635
  10
-3.6665520620303034
  20
-4.6813703477699
  10
-3.6331483362966734
  20
-4.7270176669969315
  10
-3.6331483362966734
  20
-4.788842553133516
  10
-3.9216044102948575
  20
-5.068006432610943
  10
-4.050678972053974
  20
-5.44811054431986
  10
-3.991862888604084
  20
-5.845200013531711
  10
-3.758147066294133
  20
-6.171568352427072
  10
-3.758147066294133
  20
-7.100015240030482
  10
-3.725176192482394
  20
-7.265771016034134
  10
-3.6312830877032996
  20
-7.406291977721081
  10
-3.3994532991266437
  20
-7.638121766297737
  10
-3.4773474856504385
  20
-7.8001698523401295
  10
-3.504102108204216
  20
-7.977965455930913
  10
-3.5041021082042163
  20
-8.677965455930913
  10
-3.423162667742263
  20
-8.980035560071121
  10
-3.2020320040640087
  20
-9.201166223749375
  10
-2.8999618999237997
  20
-9.282105664211329
  10
-2.5999618999238
  20
-9.282105664211327
  10
-2.5498206565405734
  20
-9.280021306307841
  10
-2.5000254000508013
  20
-9.273782615178813
  10
-2.4502301435610274
  20
-9.280021306307843
  10
-2.4000889001778
  20
-9.282105664211329
  10
-2.1000889001778
  20
-9.282105664211329
  10
-2.049883490906855
  20
-9.280015958913049
  10
-2.000025400050802
  20
-9.273761299490968
  10
-1.9501673091947467
  20
-9.280015958913049
  10
-1.8999618999238002
  20
-9.282105664211329
  10
-1.5999618999238003
  20
-9.282105664211327
  10
-1.549820656540574
  20
-9.280021306307841
  10
-1.5000254000508009
  20
-9.273782615178813
  10
-1.4502301435610272
  20
-9.280021306307841
  10
-1.4000889001778005
  20
-9.282105664211329
  10
-1.1000889001778007
  20
-9.282105664211329
  10
-1.0498834909068562
  20
-9.280015958913047
  10
-1.0000254000508015
  20
-9.273761299490968
  10
-0.9501673091947462
  20
-9.280015958913049
  10
-0.8999618999237999
  20
-9.282105664211329
  10
-0.5999618999238009
  20
-9.282105664211329
  10
-0.5498206565405745
  20
-9.280021306307843
  10
-0.5000254000508005
  20
-9.273782615178813
  10
-0.4502301435610269
  20
-9.280021306307843
  10
-0.40008890017780036
  20
-9.282105664211329
  10
-0.10008890017780092
  20
-9.282105664211329
  10
-0.04988349090685619
  20
-9.280015958913047
  10
-0.000025400050801635692
  20
-9.273761299490968
  10
0.04983269080525371
  20
-9.280015958913047
  10
0.10003810007620015
  20
-9.282105664211329
  10
0.4000381000762001
  20
-9.282105664211329
  10
0.45017934345942606
  20
-9.280021306307841
  10
0.4999745999491995
  20
-9.273782615178813
  10
0.5497698564389731
  20
-9.280021306307843
  10
0.5999110998221997
  20
-9.282105664211329
  10
0.8999110998221993
  20
-9.282105664211329
  10
0.9501165090931443
  20
-9.280015958913049
  10
0.9999745999491988
  20
-9.273761299490968
  10
1.0498326908052542
  20
-9.280015958913047
  10
1.1000381000762003
  20
-9.282105664211329
  10
1.4000381000762
  20
-9.282105664211327
  10
1.4501793434594263
  20
-9.280021306307841
  10
1.4999745999491996
  20
-9.273782615178813
  10
1.5497698564389732
  20
-9.280021306307841
  10
1.5999110998221997
  20
-9.282105664211329
  10
1.899911099822199
  20
-9.282105664211329
  10
2.0836089528017863
  20
-9.253500415834996
  10
2.2499110998222003
  20
-9.170393512870303
  10
2.4162132468426134
  20
-9.253500415834996
  10
2.5999110998222004
  20
-9.282105664211329
  10
2.8999110998222006
  20
-9.282105664211329
  10
3.2019812039624087
  20
-9.201166223749375
  10
3.4231118676406624
  20
-8.980035560071121
  10
3.504051308102617
  20
-8.677965455930913
  10
3.504051308102617
  20
-8.349013282704599
  10
3.5457208633779143
  20
-8.307343727429298
  10
3.753446773658702
  20
-8.467276706361064
  10
4.009363018726037
  20
-8.5241580483161
  10
4.575022150044299
  20
-8.5241580483161
  10
4.650609758410102
  20
-8.519410786876604
  10
4.7250094500189
  20
-8.50524360938238
  10
4.799409141627698
  20
-8.519410786876604
  10
4.8749967499935005
  20
-8.5241580483161
  10
5.440655881311763
  20
-8.5241580483161
  10
5.742725985451971
  20
-8.443218607854144
  10
5.963856649130226
  20
-8.222087944175891
  10
6.04479608959218
  20
-7.920017840035682
  10
6.044796089592179
  20
-7.380012760025522
  10
6.018644073113878
  20
-7.20418602315531
  10
5.942452160237034
  20
-7.043581659028816
  10
5.994341344095331
  20
-6.907121815124086
  10
6.011981103962209
  20
-6.76219902439805
  10
6.011981103962208
  20
-6.22219394438789
  10
5.940084466709243
  20
-5.936358025789385
  10
5.741506895355557
  20
-5.718554795867036
  10
6.680662267230242
  20
-4.779398601606289
  10
7.480034244425886
  20
-3.980026624410646
  10
7.626396161842325
  20
-3.743961160875778
  10
7.652522999603715
  20
-3.467436112657106
  10
7.5529646212442385
  20
-3.2081354315122614
  10
7.3484892021293895
  20
-3.020150014733311
  10
7.70932465844145
  20
-2.6593145584212508
  10
7.819475784601855
  20
-2.4944617482454947
  10
7.858155716311434
  20
-2.3000046000092014
  10
7.858155716311434
  20
2.000004000008
  10
7.819475784601856
  20
2.1944611482442933
  10
7.70932465844145
  20
2.3593139584200493
  10
6.660680246523481
  20
3.4079594879909356
  10
6.689564619625823
  20
3.751940019738414
  10
6.525383223496157
  20
4.055586825082561
  10
6.1831520663041335
  20
4.397817982274586
  10
6.1831520663041335
  20
4.525009050018101
  10
6.144472157430742
  20
4.719466083449134
  10
6.034321096302292
  20
4.88431879629769
  10
3.709310686281477
  20
7.209329206318512
  10
3.54445797343292
  20
7.319480267446963
  10
3.3500009400018858
  20
7.358160176320355
  10
-0.6749961899923796
  20
7.3581601763203555
  10
-0.8694532234234141
  20
7.319480267446964
  10
-1.034305936271971
  20
7.209329206318513
  10
-1.334305936271972
  20
6.909329206318513
  10
-1.4038605073352106
  20
6.822567409679494
  10
-1.4528769072899954
  20
6.722753381370373
  10
-1.6038325502771766
  20
6.598795554036988
  10
-1.7073478176612034
  20
6.433152146304294
  10
-1.7301835457659613
  20
6.433152146304294
  10
-1.8679070599093663
  20
6.486143432013029
  10
-2.0143688087376175
  20
6.504165608331219
  10
-2.554373888747778
  20
6.504165608331218
  10
-2.7875237850609955
  20
6.457364181323234
  10
-2.984550451353551
  20
6.324211109670758
  10
-3.1149274336178108
  20
6.125336550673102
  10
-4.1256038416992205
  20
6.125336550673103
  10
-4.171644018367377
  20
6.123246513351172
  10
-4.217305458656173
  20
6.116993594481177
  10
-4.47809337457414
  20
6.225554057447135
  10
-4.759727191814331
  20
6.203688463585111
  10
-5.000634115177142
  20
6.05617722508416
  10
-5.4323419434555325
  20
5.624469396805769
  10
-5.883693319519666
  20
5.624469396805769
  10
-6.0781503529507
  20
5.585789487932377
  10
-6.243003065799256
  20
5.475638426803926
  10
-7.284323596307291
  20
4.434317896295892
  10
-7.394474657435742
  20
4.269465183447335
  10
-7.433154566309134
  20
4.075008150016301
  10
-7.433154566309134
  20
-2.3677840060595527
  10
-7.394474657435742
  20
-2.5622410394905866
  10
-7.284323596307291
  20
-2.7270937523391434
  0
HATCH
  5
1585
  100
AcDbEntity
  8
Top-Layer
  100
AcDbHatch
  10
0
  20
0
  30
0
  210
0
  220
0
  230
1
  2
SOLID
  70
1
  71
0
  91
1
  92
7
  72
0
  73
1
  93
16
  10
-3.3668529337058666
  20
-10.075920751841503
  10
-3.4148346915580237
  20
-9.896850393700788
  10
-3.545923291846583
  20
-9.765761793412228
  10
-3.7249936499872995
  20
-9.717780035560072
  10
-5.5249936499873
  20
-9.717780035560072
  10
-5.704064008128015
  20
-9.765761793412228
  10
-5.835152608416575
  20
-9.896850393700788
  10
-5.883134366268732
  20
-10.075920751841503
  10
-5.883134366268734
  20
-11.875920751841505
  10
-5.835152608416577
  20
-12.05499110998222
  10
-5.704064008128017
  20
-12.18607971027078
  10
-5.524993649987301
  20
-12.234061468122936
  10
-3.724993649987301
  20
-12.234061468122936
  10
-3.5459232918465844
  20
-12.18607971027078
  10
-3.414834691558024
  20
-12.054991109982222
  10
-3.366852933705867
  20
-11.875920751841505
  97
1
  330
1584
  75
0
  76
1
  47
0.4128176842155181
  98
1
  10
34.90568961886538
  20
22.81183545379326
  450
0
  451
0
  460
0
  461
0
  452
1
  462
1
  453
2
  463
0
  63
5
  421
255
  463
1
  63
7
  421
16777215
  470
LINEAR
  1001
ACAD
  1010
0
  1020
0
  1030
0
  0
LWPOLYLINE
  5
1584
  100
AcDbEntity
  8
Top-Layer
  100
AcDbPolyline
  90
16
  70
1
  43
0.05080010160020321
  10
-3.3668529337058666
  20
-10.075920751841503
  10
-3.4148346915580237
  20
-9.896850393700788
  10
-3.545923291846583
  20
-9.765761793412228
  10
-3.7249936499872995
  20
-9.717780035560072
  10
-5.5249936499873
  20
-9.717780035560072
  10
-5.704064008128015
  20
-9.765761793412228
  10
-5.835152608416575
  20
-9.896850393700788
  10
-5.883134366268732
  20
-10.075920751841503
  10
-5.883134366268734
  20
-11.875920751841505
  10
-5.835152608416577
  20
-12.05499110998222
  10
-5.704064008128017
  20
-12.18607971027078
  10
-5.524993649987301
  20
-12.234061468122936
  10
-3.724993649987301
  20
-12.234061468122936
  10
-3.5459232918465844
  20
-12.18607971027078
  10
-3.414834691558024
  20
-12.054991109982222
  10
-3.366852933705867
  20
-11.875920751841505
  0
HATCH
  5
1587
  100
AcDbEntity
  8
Top-Layer
  100
AcDbHatch
  10
0
  20
0
  30
0
  210
0
  220
0
  230
1
  2
SOLID
  70
1
  71
0
  91
1
  92
7
  72
0
  73
1
  93
16
  10
3.366802133604269
  20
-11.875666751333503
  10
3.4147838914564255
  20
-12.054737109474218
  10
3.5458724917449853
  20
-12.185825709762778
  10
3.7249428498857013
  20
-12.233807467614934
  10
5.524942849885702
  20
-12.233807467614934
  10
5.704013208026417
  20
-12.185825709762778
  10
5.835101808314977
  20
-12.054737109474218
  10
5.883083566167134
  20
-11.875666751333503
  10
5.883083566167135
  20
-10.0756667513335
  10
5.835101808314978
  20
-9.896596393192786
  10
5.704013208026418
  20
-9.765507792904225
  10
5.524942849885702
  20
-9.71752603505207
  10
3.7249428498857013
  20
-9.71752603505207
  10
3.545872491744985
  20
-9.765507792904225
  10
3.4147838914564255
  20
-9.896596393192786
  10
3.366802133604269
  20
-10.0756667513335
  97
1
  330
1586
  75
0
  76
1
  47
0.4128176842155181
  98
1
  10
34.90568961886538
  20
22.81183545379326
  450
0
  451
0
  460
0
  461
0
  452
1
  462
1
  453
2
  463
0
  63
5
  421
255
  463
1
  63
7
  421
16777215
  470
LINEAR
  1001
ACAD
  1010
0
  1020
0
  1030
0
  0
LWPOLYLINE
  5
1586
  100
AcDbEntity
  8
Top-Layer
  100
AcDbPolyline
  90
16
  70
1
  43
0.05080010160020321
  10
3.366802133604269
  20
-11.875666751333503
  10
3.4147838914564255
  20
-12.054737109474218
  10
3.5458724917449853
  20
-12.185825709762778
  10
3.7249428498857013
  20
-12.233807467614934
  10
5.524942849885702
  20
-12.233807467614934
  10
5.704013208026417
  20
-12.185825709762778
  10
5.835101808314977
  20
-12.054737109474218
  10
5.883083566167134
  20
-11.875666751333503
  10
5.883083566167135
  20
-10.0756667513335
  10
5.835101808314978
  20
-9.896596393192786
  10
5.704013208026418
  20
-9.765507792904225
  10
5.524942849885702
  20
-9.71752603505207
  10
3.7249428498857013
  20
-9.71752603505207
  10
3.545872491744985
  20
-9.765507792904225
  10
3.4147838914564255
  20
-9.896596393192786
  10
3.366802133604269
  20
-10.0756667513335
  0
HATCH
  5
1589
  100
AcDbEntity
  8
Top-Layer
  100
AcDbHatch
  10
0
  20
0
  30
0
  210
0
  220
0
  230
1
  2
SOLID
  70
1
  71
0
  91
1
  92
7
  72
0
  73
1
  93
41
  10
-3.323207819847337
  20
-1.8186624638932378
  10
-3.356178705077169
  20
-1.6529066304869557
  10
-3.4500718423722416
  20
-1.5123856201364083
  10
-4.044824693535149
  20
-0.9176327689735008
  10
-4.052728986683862
  20
-0.8654326693470825
  10
-4.065530058252637
  20
-0.8142129385992554
  10
-4.024931205813718
  20
-0.7730247494146422
  10
-3.9884567582887143
  20
-0.7281432562865128
  10
-3.609362458724918
  20
-0.7281432562865127
  10
-3.4302921005842015
  20
-0.6801614984343558
  10
-3.299203500295642
  20
-0.5490728981457964
  10
-3.2512217424434855
  20
-0.3700025400050801
  10
-3.251221742443485
  20
0.17000254000508025
  10
-3.2839705101897674
  20
0.3196182226291815
  10
-3.376227649169184
  20
0.4418718711772248
  10
-3.374556937004661
  20
0.4418409775360019
  10
-3.372886057805701
  20
0.4418608837217676
  10
-3.069789879579759
  20
0.44186088372176757
  10
-3.069789879579759
  20
0.12999725999451983
  10
-2.988850439117805
  20
-0.17207284414568846
  10
-2.7677197754395513
  20
-0.39320350782394253
  10
-2.4656496712993428
  20
-0.47414294828589665
  10
-2.2505691883533188
  20
-0.47414294828589676
  10
-2.2644745575170293
  20
-0.4964422054265046
  10
-2.2773970020278327
  20
-0.5193250939781547
  10
-2.4955436884812165
  20
-0.5868115186489884
  10
-2.6684074105608255
  20
-0.7360111430259506
  10
-2.7670542387749575
  20
-0.9419509342483723
  10
-2.774972667194025
  20
-1.170160690430739
  10
-2.690837309283445
  20
-1.3824426629924744
  10
-2.528730741099416
  20
-1.543265095746864
  10
-2.668197345009876
  20
-1.7136971009411865
  10
-2.730882940564118
  20
-1.9248096730700972
  10
-2.7070285530504354
  20
-2.1437365334532434
  10
-2.6003478644152307
  20
-2.336394864893109
  10
-2.677617408491533
  20
-2.4979163957598725
  10
-2.704150808301616
  20
-2.674991989983979
  10
-2.7041508083016157
  20
-3.225004690009379
  10
-2.697744437055253
  20
-3.3127523471043294
  10
-2.678661191089848
  20
-3.398639031995661
  10
-3.323207819847339
  20
-2.7540924032381726
  97
1
  330
1588
  75
0
  76
1
  47
0.4128176842155181
  98
1
  10
34.90568961886538
  20
22.81183545379326
  450
0
  451
0
  460
0
  461
0
  452
1
  462
1
  453
2
  463
0
  63
5
  421
255
  463
1
  63
7
  421
16777215
  470
LINEAR
  1001
ACAD
  1010
0
  1020
0
  1030
0
  0
LWPOLYLINE
  5
1588
  100
AcDbEntity
  8
Top-Layer
  100
AcDbPolyline
  90
41
  70
1
  43
0.05080010160020321
  10
-3.323207819847337
  20
-1.8186624638932378
  10
-3.356178705077169
  20
-1.6529066304869557
  10
-3.4500718423722416
  20
-1.5123856201364083
  10
-4.044824693535149
  20
-0.9176327689735008
  10
-4.052728986683862
  20
-0.8654326693470825
  10
-4.065530058252637
  20
-0.8142129385992554
  10
-4.024931205813718
  20
-0.7730247494146422
  10
-3.9884567582887143
  20
-0.7281432562865128
  10
-3.609362458724918
  20
-0.7281432562865127
  10
-3.4302921005842015
  20
-0.6801614984343558
  10
-3.299203500295642
  20
-0.5490728981457964
  10
-3.2512217424434855
  20
-0.3700025400050801
  10
-3.251221742443485
  20
0.17000254000508025
  10
-3.2839705101897674
  20
0.3196182226291815
  10
-3.376227649169184
  20
0.4418718711772248
  10
-3.374556937004661
  20
0.4418409775360019
  10
-3.372886057805701
  20
0.4418608837217676
  10
-3.069789879579759
  20
0.44186088372176757
  10
-3.069789879579759
  20
0.12999725999451983
  10
-2.988850439117805
  20
-0.17207284414568846
  10
-2.7677197754395513
  20
-0.39320350782394253
  10
-2.4656496712993428
  20
-0.47414294828589665
  10
-2.2505691883533188
  20
-0.47414294828589676
  10
-2.2644745575170293
  20
-0.4964422054265046
  10
-2.2773970020278327
  20
-0.5193250939781547
  10
-2.4955436884812165
  20
-0.5868115186489884
  10
-2.6684074105608255
  20
-0.7360111430259506
  10
-2.7670542387749575
  20
-0.9419509342483723
  10
-2.774972667194025
  20
-1.170160690430739
  10
-2.690837309283445
  20
-1.3824426629924744
  10
-2.528730741099416
  20
-1.543265095746864
  10
-2.668197345009876
  20
-1.7136971009411865
  10
-2.730882940564118
  20
-1.9248096730700972
  10
-2.7070285530504354
  20
-2.1437365334532434
  10
-2.6003478644152307
  20
-2.336394864893109
  10
-2.677617408491533
  20
-2.4979163957598725
  10
-2.704150808301616
  20
-2.674991989983979
  10
-2.7041508083016157
  20
-3.225004690009379
  10
-2.697744437055253
  20
-3.3127523471043294
  10
-2.678661191089848
  20
-3.398639031995661
  10
-3.323207819847339
  20
-2.7540924032381726
  0
HATCH
  5
1591
  100
AcDbEntity
  8
Top-Layer
  100
AcDbHatch
  10
0
  20
0
  30
0
  210
0
  220
0
  230
1
  2
SOLID
  70
1
  71
0
  91
1
  92
7
  72
0
  73
1
  93
7
  10
-3.656157265571594
  20
0.5281432562865127
  10
-3.988456758288714
  20
0.528143256286513
  10
-4.016395015172873
  20
0.5632840596767674
  10
-4.046865633731268
  20
0.5962531916839425
  10
-4.046865633731268
  20
0.905361559105269
  10
-3.7321960162177503
  20
0.5906919415917516
  10
-3.6956951705798056
  20
0.5575715633348158
  97
1
  330
1590
  75
0
  76
1
  47
0.4128176842155181
  98
1
  10
34.90568961886538
  20
22.81183545379326
  450
0
  451
0
  460
0
  461
0
  452
1
  462
1
  453
2
  463
0
  63
5
  421
255
  463
1
  63
7
  421
16777215
  470
LINEAR
  1001
ACAD
  1010
0
  1020
0
  1030
0
  0
LWPOLYLINE
  5
1590
  100
AcDbEntity
  8
Top-Layer
  100
AcDbPolyline
  90
7
  70
1
  43
0.05080010160020321
  10
-3.656157265571594
  20
0.5281432562865127
  10
-3.988456758288714
  20
0.528143256286513
  10
-4.016395015172873
  20
0.5632840596767674
  10
-4.046865633731268
  20
0.5962531916839425
  10
-4.046865633731268
  20
0.905361559105269
  10
-3.7321960162177503
  20
0.5906919415917516
  10
-3.6956951705798056
  20
0.5575715633348158
  0
HATCH
  5
1593
  100
AcDbEntity
  8
Top-Layer
  100
AcDbHatch
  10
0
  20
0
  30
0
  210
0
  220
0
  230
1
  2
SOLID
  70
1
  71
0
  91
1
  92
7
  72
0
  73
1
  93
58
  10
-3.4875992949488532
  20
2.853740335135475
  10
-3.2004400795786276
  20
3.1408904914646683
  10
-0.22698874465183927
  20
3.1394421071522842
  10
0.060383256131669755
  20
2.8520701063687723
  10
0.20090426648221682
  20
2.7581769690736992
  10
0.36666009988849974
  20
2.725206083843867
  10
1.7360991654294147
  20
2.7252060838438665
  10
1.5160615078040518
  20
2.5798566992506156
  10
1.387314886734327
  20
2.3497103937447
  10
1.3786003065799228
  20
2.086144329032974
  10
1.491863183726368
  20
1.847996192287371
  10
1.4918631837263678
  20
0.7147681881592747
  10
1.0832291078353165
  20
0.3061341122682246
  10
1.0581411162822327
  20
0.3061341122682246
  10
1.0581411162822327
  20
0.6750071500143001
  10
1.0324908007710887
  20
0.8081045055635011
  10
0.9592140451682639
  20
0.9221367897129278
  10
1.132266255874596
  20
0.974647180719262
  10
1.2576002245949844
  20
1.105015141042278
  10
1.303258826517653
  20
1.28
  10
1.3032588265176532
  20
1.8200050800101601
  10
1.2552770686654964
  20
1.9990754381508764
  10
1.124188468376937
  20
2.130164038439436
  10
0.9451181102362206
  20
2.178145796291593
  10
0.591423861472527
  20
2.178145796291593
  10
0.4716294574697517
  20
2.3000920262165496
  10
0.3224725906436963
  20
2.3836013748065428
  10
0.20784803404863308
  20
2.627370861749928
  10
-0.007599765553566347
  20
2.789063772496894
  10
-0.27368672411484884
  20
2.8310171063675447
  10
-0.5284334186975674
  20
2.7434587067794114
  10
-0.7125019050038103
  20
2.546783481882669
  10
-0.9419416452508826
  20
2.7699034299001934
  10
-1.2562293070760868
  20
2.8303051784877398
  10
-1.5520301527272373
  20
2.7081292180042995
  10
-1.7320877304724294
  20
2.443545820368467
  10
-1.740422187467902
  20
2.44234375476495
  10
-1.7487390805054774
  20
2.4410256404580455
  10
-1.9585817609922782
  20
2.640454211898083
  10
-2.2400975665020013
  20
2.707941669315826
  10
-2.5175528346039324
  20
2.6253324696889973
  10
-2.716306272685715
  20
2.4148502221925128
  10
-2.9271496672895414
  20
2.2873326644679177
  10
-3.069539532440217
  20
2.086233706543012
  10
-3.11978917957836
  20
1.8450063500127003
  10
-3.11978917957836
  20
1.4581429162858328
  10
-3.1624071572636345
  20
1.4581429162858328
  10
-3.410244462908918
  20
1.7059802219311162
  10
-3.407748147198922
  20
1.7156399219928191
  10
-3.3782520435292955
  20
1.8132999536560623
  10
-3.3670165261696985
  20
1.9146965269010072
  10
-3.3668684160667466
  20
1.9245871846288922
  10
-3.3669935141644762
  20
1.934478160180309
  10
-3.3699686417795927
  20
1.9835339823609113
  10
-3.3772457724731004
  20
2.0321381842678523
  10
-3.4209091742485054
  20
2.1645984748658353
  10
-3.496049866817205
  20
2.2820978261840397
  10
-3.413076882982268
  20
2.566754956106113
  97
1
  330
1592
  75
0
  76
1
  47
0.4128176842155181
  98
1
  10
34.90568961886538
  20
22.81183545379326
  450
0
  451
0
  460
0
  461
0
  452
1
  462
1
  453
2
  463
0
  63
5
  421
255
  463
1
  63
7
  421
16777215
  470
LINEAR
  1001
ACAD
  1010
0
  1020
0
  1030
0
  0
LWPOLYLINE
  5
1592
  100
AcDbEntity
  8
Top-Layer
  100
AcDbPolyline
  90
58
  70
1
  43
0.05080010160020321
  10
-3.4875992949488532
  20
2.853740335135475
  10
-3.2004400795786276
  20
3.1408904914646683
  10
-0.22698874465183927
  20
3.1394421071522842
  10
0.060383256131669755
  20
2.8520701063687723
  10
0.20090426648221682
  20
2.7581769690736992
  10
0.36666009988849974
  20
2.725206083843867
  10
1.7360991654294147
  20
2.7252060838438665
  10
1.5160615078040518
  20
2.5798566992506156
  10
1.387314886734327
  20
2.3497103937447
  10
1.3786003065799228
  20
2.086144329032974
  10
1.491863183726368
  20
1.847996192287371
  10
1.4918631837263678
  20
0.7147681881592747
  10
1.0832291078353165
  20
0.3061341122682246
  10
1.0581411162822327
  20
0.3061341122682246
  10
1.0581411162822327
  20
0.6750071500143001
  10
1.0324908007710887
  20
0.8081045055635011
  10
0.9592140451682639
  20
0.9221367897129278
  10
1.132266255874596
  20
0.974647180719262
  10
1.2576002245949844
  20
1.105015141042278
  10
1.303258826517653
  20
1.28
  10
1.3032588265176532
  20
1.8200050800101601
  10
1.2552770686654964
  20
1.9990754381508764
  10
1.124188468376937
  20
2.130164038439436
  10
0.9451181102362206
  20
2.178145796291593
  10
0.591423861472527
  20
2.178145796291593
  10
0.4716294574697517
  20
2.3000920262165496
  10
0.3224725906436963
  20
2.3836013748065428
  10
0.20784803404863308
  20
2.627370861749928
  10
-0.007599765553566347
  20
2.789063772496894
  10
-0.27368672411484884
  20
2.8310171063675447
  10
-0.5284334186975674
  20
2.7434587067794114
  10
-0.7125019050038103
  20
2.546783481882669
  10
-0.9419416452508826
  20
2.7699034299001934
  10
-1.2562293070760868
  20
2.8303051784877398
  10
-1.5520301527272373
  20
2.7081292180042995
  10
-1.7320877304724294
  20
2.443545820368467
  10
-1.740422187467902
  20
2.44234375476495
  10
-1.7487390805054774
  20
2.4410256404580455
  10
-1.9585817609922782
  20
2.640454211898083
  10
-2.2400975665020013
  20
2.707941669315826
  10
-2.5175528346039324
  20
2.6253324696889973
  10
-2.716306272685715
  20
2.4148502221925128
  10
-2.9271496672895414
  20
2.2873326644679177
  10
-3.069539532440217
  20
2.086233706543012
  10
-3.11978917957836
  20
1.8450063500127003
  10
-3.11978917957836
  20
1.4581429162858328
  10
-3.1624071572636345
  20
1.4581429162858328
  10
-3.410244462908918
  20
1.7059802219311162
  10
-3.407748147198922
  20
1.7156399219928191
  10
-3.3782520435292955
  20
1.8132999536560623
  10
-3.3670165261696985
  20
1.9146965269010072
  10
-3.3668684160667466
  20
1.9245871846288922
  10
-3.3669935141644762
  20
1.934478160180309
  10
-3.3699686417795927
  20
1.9835339823609113
  10
-3.3772457724731004
  20
2.0321381842678523
  10
-3.4209091742485054
  20
2.1645984748658353
  10
-3.496049866817205
  20
2.2820978261840397
  10
-3.413076882982268
  20
2.566754956106113
  0
HATCH
  5
1595
  100
AcDbEntity
  8
Top-Layer
  100
AcDbHatch
  10
0
  20
0
  30
0
  210
0
  220
0
  230
1
  2
SOLID
  70
1
  71
0
  91
1
  92
7
  72
0
  73
1
  93
18
  10
-0.6000076200152404
  20
-2.629144018288037
  10
-0.049994919989840535
  20
-2.6291440182880375
  10
0.19792753106020278
  20
-2.5759301658179448
  10
0.40217499225399383
  20
-2.4256629690474556
  10
0.4383939341233337
  20
-2.431269227251386
  10
0.47499618999237975
  20
-2.4331445262890528
  10
0.540846438909662
  20
-2.4331445262890528
  10
0.2797969725360014
  20
-2.5408485665748923
  10
0.09621645495548252
  20
-2.7554299678023417
  10
0.030216060432120793
  20
-3.03000406000812
  10
0.030216060432120793
  20
-3.5148663497326984
  10
-0.8896656669207795
  20
-3.514866349732699
  10
-0.7809511559787671
  20
-3.3876879522889136
  10
-0.7418698837397667
  20
-3.2250046900093796
  10
-0.7418698837397667
  20
-2.6749919899839796
  10
-0.7433217788874661
  20
-2.6427761935976557
  10
-0.7476656924240254
  20
-2.610821601572222
  10
-0.6744028774275691
  20
-2.62454591606495
  97
1
  330
1594
  75
0
  76
1
  47
0.4128176842155181
  98
1
  10
34.90568961886538
  20
22.81183545379326
  450
0
  451
0
  460
0
  461
0
  452
1
  462
1
  453
2
  463
0
  63
5
  421
255
  463
1
  63
7
  421
16777215
  470
LINEAR
  1001
ACAD
  1010
0
  1020
0
  1030
0
  0
LWPOLYLINE
  5
1594
  100
AcDbEntity
  8
Top-Layer
  100
AcDbPolyline
  90
18
  70
1
  43
0.05080010160020321
  10
-0.6000076200152404
  20
-2.629144018288037
  10
-0.049994919989840535
  20
-2.6291440182880375
  10
0.19792753106020278
  20
-2.5759301658179448
  10
0.40217499225399383
  20
-2.4256629690474556
  10
0.4383939341233337
  20
-2.431269227251386
  10
0.47499618999237975
  20
-2.4331445262890528
  10
0.540846438909662
  20
-2.4331445262890528
  10
0.2797969725360014
  20
-2.5408485665748923
  10
0.09621645495548252
  20
-2.7554299678023417
  10
0.030216060432120793
  20
-3.03000406000812
  10
0.030216060432120793
  20
-3.5148663497326984
  10
-0.8896656669207795
  20
-3.514866349732699
  10
-0.7809511559787671
  20
-3.3876879522889136
  10
-0.7418698837397667
  20
-3.2250046900093796
  10
-0.7418698837397667
  20
-2.6749919899839796
  10
-0.7433217788874661
  20
-2.6427761935976557
  10
-0.7476656924240254
  20
-2.610821601572222
  10
-0.6744028774275691
  20
-2.62454591606495
  0
HATCH
  5
1597
  100
AcDbEntity
  8
Top-Layer
  100
AcDbHatch
  10
0
  20
0
  30
0
  210
0
  220
0
  230
1
  2
SOLID
  70
1
  71
0
  91
1
  92
7
  72
0
  73
1
  93
9
  10
-0.7526435548117654
  20
-0.4044398586987233
  10
-0.7104916689838429
  20
-0.37999956600434714
  10
-0.6704464188909047
  20
-0.3522419124502183
  10
-0.616533409509165
  20
-0.38958473604393423
  10
-0.5588902692744852
  20
-0.42086360172720333
  10
-0.6000076200152393
  20
-0.42086360172720344
  10
-0.6642213316516125
  20
-0.42428591407061217
  10
-0.7277075321078419
  20
-0.43451407791006125
  10
-0.7399323818566269
  20
-0.41927535099173907
  97
1
  330
1596
  75
0
  76
1
  47
0.4128176842155181
  98
1
  10
34.90568961886538
  20
22.81183545379326
  450
0
  451
0
  460
0
  461
0
  452
1
  462
1
  453
2
  463
0
  63
5
  421
255
  463
1
  63
7
  421
16777215
  470
LINEAR
  1001
ACAD
  1010
0
  1020
0
  1030
0
  0
LWPOLYLINE
  5
1596
  100
AcDbEntity
  8
Top-Layer
  100
AcDbPolyline
  90
9
  70
1
  43
0.05080010160020321
  10
-0.7526435548117654
  20
-0.4044398586987233
  10
-0.7104916689838429
  20
-0.37999956600434714
  10
-0.6704464188909047
  20
-0.3522419124502183
  10
-0.616533409509165
  20
-0.38958473604393423
  10
-0.5588902692744852
  20
-0.42086360172720333
  10
-0.6000076200152393
  20
-0.42086360172720344
  10
-0.6642213316516125
  20
-0.42428591407061217
  10
-0.7277075321078419
  20
-0.43451407791006125
  10
-0.7399323818566269
  20
-0.41927535099173907
  0
HATCH
  5
1599
  100
AcDbEntity
  8
Top-Layer
  100
AcDbHatch
  10
0
  20
0
  30
0
  210
0
  220
0
  230
1
  2
SOLID
  70
1
  71
0
  91
1
  92
7
  72
0
  73
1
  93
24
  10
0.9273015707173793
  20
5.026902913691967
  10
0.931300309887134
  20
5.030901652861722
  10
0.9272231495075987
  20
4.990553610033542
  10
0.9258620517241005
  20
4.95002294004588
  10
0.9258620517241006
  20
4.384363808727618
  10
0.970995205100859
  20
4.155242653377345
  10
1.0996511924219725
  20
3.9603551414911227
  10
1.2926071567114763
  20
3.828819970499174
  10
1.299500349198318
  20
3.7079906454952694
  10
1.3322773639810415
  20
3.5914878164073323
  10
0.5460729211204258
  20
3.5914878164073323
  10
0.2587883044768926
  20
3.8787724330508686
  10
0.11836475168830772
  20
3.9726251881970622
  10
-0.04727755403394466
  20
4.0056364041897465
  10
-0.4457625819648424
  20
4.005830508413481
  10
-0.3857782745679138
  20
4.060085214503772
  10
-0.3335787085326133
  20
4.121866243732488
  10
0.02011554023108032
  20
4.121866243732488
  10
0.19918589837179668
  20
4.169848001584645
  10
0.330274498660356
  20
4.300936601873204
  10
0.378256256512513
  20
4.480006960013921
  10
0.37825625651251293
  20
4.526165143064074
  10
0.6380415481750779
  20
4.593553001949441
  10
0.8363401033442914
  20
4.774404334007461
  97
1
  330
1598
  75
0
  76
1
  47
0.4128176842155181
  98
1
  10
34.90568961886538
  20
22.81183545379326
  450
0
  451
0
  460
0
  461
0
  452
1
  462
1
  453
2
  463
0
  63
5
  421
255
  463
1
  63
7
  421
16777215
  470
LINEAR
  1001
ACAD
  1010
0
  1020
0
  1030
0
  0
LWPOLYLINE
  5
1598
  100
AcDbEntity
  8
Top-Layer
  100
AcDbPolyline
  90
24
  70
1
  43
0.05080010160020321
  10
0.9273015707173793
  20
5.026902913691967
  10
0.931300309887134
  20
5.030901652861722
  10
0.9272231495075987
  20
4.990553610033542
  10
0.9258620517241005
  20
4.95002294004588
  10
0.9258620517241006
  20
4.384363808727618
  10
0.970995205100859
  20
4.155242653377345
  10
1.0996511924219725
  20
3.9603551414911227
  10
1.2926071567114763
  20
3.828819970499174
  10
1.299500349198318
  20
3.7079906454952694
  10
1.3322773639810415
  20
3.5914878164073323
  10
0.5460729211204258
  20
3.5914878164073323
  10
0.2587883044768926
  20
3.8787724330508686
  10
0.11836475168830772
  20
3.9726251881970622
  10
-0.04727755403394466
  20
4.0056364041897465
  10
-0.4457625819648424
  20
4.005830508413481
  10
-0.3857782745679138
  20
4.060085214503772
  10
-0.3335787085326133
  20
4.121866243732488
  10
0.02011554023108032
  20
4.121866243732488
  10
0.19918589837179668
  20
4.169848001584645
  10
0.330274498660356
  20
4.300936601873204
  10
0.378256256512513
  20
4.480006960013921
  10
0.37825625651251293
  20
4.526165143064074
  10
0.6380415481750779
  20
4.593553001949441
  10
0.8363401033442914
  20
4.774404334007461
  0
HATCH
  5
1601
  100
AcDbEntity
  8
Top-Layer
  100
AcDbHatch
  10
0
  20
0
  30
0
  210
0
  220
0
  230
1
  2
SOLID
  70
1
  71
0
  91
1
  92
7
  72
0
  73
1
  93
9
  10
1.0171700257555858
  20
6.341878743757489
  10
0.31474788320372
  20
5.639456601205626
  10
0.260147291325282
  20
5.631066232516383
  10
0.20664354190843967
  20
5.617319534056136
  10
0.20776432255631772
  20
5.6336452294132995
  10
0.20813817627635273
  20
5.650005080010161
  10
0.20813817627635273
  20
6.2000177800355605
  10
0.20073825674285625
  20
6.272444751221718
  10
0.1788442930805731
  20
6.341878743757489
  97
1
  330
1600
  75
0
  76
1
  47
0.4128176842155181
  98
1
  10
34.90568961886538
  20
22.81183545379326
  450
0
  451
0
  460
0
  461
0
  452
1
  462
1
  453
2
  463
0
  63
5
  421
255
  463
1
  63
7
  421
16777215
  470
LINEAR
  1001
ACAD
  1010
0
  1020
0
  1030
0
  0
LWPOLYLINE
  5
1600
  100
AcDbEntity
  8
Top-Layer
  100
AcDbPolyline
  90
9
  70
1
  43
0.05080010160020321
  10
1.0171700257555858
  20
6.341878743757489
  10
0.31474788320372
  20
5.639456601205626
  10
0.260147291325282
  20
5.631066232516383
  10
0.20664354190843967
  20
5.617319534056136
  10
0.20776432255631772
  20
5.6336452294132995
  10
0.20813817627635273
  20
5.650005080010161
  10
0.20813817627635273
  20
6.2000177800355605
  10
0.20073825674285625
  20
6.272444751221718
  10
0.1788442930805731
  20
6.341878743757489
  0
HATCH
  5
1603
  100
AcDbEntity
  8
Top-Layer
  100
AcDbHatch
  10
0
  20
0
  30
0
  210
0
  220
0
  230
1
  2
SOLID
  70
1
  71
0
  91
1
  92
7
  72
0
  73
1
  93
4
  10
1.2556303358014032
  20
-2.349008411069809
  10
1.1787748951435078
  20
-2.425863851727704
  10
1.0968559761295968
  20
-2.425863851727704
  10
1.1810489261829435
  20
-2.3973642911031665
  97
1
  330
1602
  75
0
  76
1
  47
0.4128176842155181
  98
1
  10
34.90568961886538
  20
22.81183545379326
  450
0
  451
0
  460
0
  461
0
  452
1
  462
1
  453
2
  463
0
  63
5
  421
255
  463
1
  63
7
  421
16777215
  470
LINEAR
  1001
ACAD
  1010
0
  1020
0
  1030
0
  0
LWPOLYLINE
  5
1602
  100
AcDbEntity
  8
Top-Layer
  100
AcDbPolyline
  90
4
  70
1
  43
0.05080010160020321
  10
1.2556303358014032
  20
-2.349008411069809
  10
1.1787748951435078
  20
-2.425863851727704
  10
1.0968559761295968
  20
-2.425863851727704
  10
1.1810489261829435
  20
-2.3973642911031665
  0
HATCH
  5
1605
  100
AcDbEntity
  8
Top-Layer
  100
AcDbHatch
  10
0
  20
0
  30
0
  210
0
  220
0
  230
1
  2
SOLID
  70
1
  71
0
  91
1
  92
7
  72
0
  73
1
  93
41
  10
1.3831496062992126
  20
-2.0750038100076202
  10
1.383149606299213
  20
-1.9115559417366874
  10
1.5641529330104982
  20
-1.6976134508936458
  10
1.6291490982981967
  20
-1.4250165100330203
  10
1.629149098298197
  20
-1.0750038100076205
  10
1.5664419491888706
  20
-0.806982106226489
  10
1.3913379653421296
  20
-0.5945993972124074
  10
1.5019623130506414
  20
-0.5488288509520515
  10
1.5969516132146724
  20
-0.47596101123347173
  10
2.273958307228063
  20
0.20104568277991672
  10
2.3732707307902765
  20
0.3496772281874008
  10
2.4081446162892335
  20
0.5250000900001804
  10
2.4081446162892335
  20
1.9205484277781837
  10
2.4821763545798063
  20
2.2328656147913555
  10
2.3719462866300027
  20
2.534315537163092
  10
2.1139084545858258
  20
2.7252060838438665
  10
2.8562811741782963
  20
2.7252060838438665
  10
3.0220370075845784
  20
2.7581769690736984
  10
3.162558017935125
  20
2.8520701063687706
  10
3.277467198765205
  20
2.9669792871988494
  10
3.3915650138046076
  20
2.8864386035572682
  10
3.5211081007572793
  20
2.8342495075601972
  10
3.521071246206468
  20
2.822302326432024
  10
3.5540421314363
  20
2.656546493025743
  10
3.647935268731372
  20
2.516025482675196
  10
4.194879020474522
  20
1.9690817309320463
  10
4.004595016332608
  20
1.8439178639803468
  10
3.8801546922861636
  20
1.6531598980292546
  10
3.842279654980084
  20
1.4285725489384262
  10
3.8972767959363206
  20
1.2075537481335572
  10
3.758706908395422
  20
1.0398483080373528
  10
3.694776266871338
  20
0.8319069666805224
  10
3.7151973065812625
  20
0.6153204723921564
  10
3.8168676337352685
  20
0.4229929575968051
  10
3.816867633735268
  20
-1.6205907787752758
  10
3.5955947287831758
  20
-1.8418636837273679
  10
1.9421878843757687
  20
-1.8418636837273679
  10
1.7764320509694869
  20
-1.8748345689571995
  10
1.6359110406189399
  20
-1.9687277062522717
  10
1.299013491079971
  20
-2.3056252557912402
  10
1.361458720414081
  20
-2.1977486033182863
  97
1
  330
1604
  75
0
  76
1
  47
0.4128176842155181
  98
1
  10
34.90568961886538
  20
22.81183545379326
  450
0
  451
0
  460
0
  461
0
  452
1
  462
1
  453
2
  463
0
  63
5
  421
255
  463
1
  63
7
  421
16777215
  470
LINEAR
  1001
ACAD
  1010
0
  1020
0
  1030
0
  0
LWPOLYLINE
  5
1604
  100
AcDbEntity
  8
Top-Layer
  100
AcDbPolyline
  90
41
  70
1
  43
0.05080010160020321
  10
1.3831496062992126
  20
-2.0750038100076202
  10
1.383149606299213
  20
-1.9115559417366874
  10
1.5641529330104982
  20
-1.6976134508936458
  10
1.6291490982981967
  20
-1.4250165100330203
  10
1.629149098298197
  20
-1.0750038100076205
  10
1.5664419491888706
  20
-0.806982106226489
  10
1.3913379653421296
  20
-0.5945993972124074
  10
1.5019623130506414
  20
-0.5488288509520515
  10
1.5969516132146724
  20
-0.47596101123347173
  10
2.273958307228063
  20
0.20104568277991672
  10
2.3732707307902765
  20
0.3496772281874008
  10
2.4081446162892335
  20
0.5250000900001804
  10
2.4081446162892335
  20
1.9205484277781837
  10
2.4821763545798063
  20
2.2328656147913555
  10
2.3719462866300027
  20
2.534315537163092
  10
2.1139084545858258
  20
2.7252060838438665
  10
2.8562811741782963
  20
2.7252060838438665
  10
3.0220370075845784
  20
2.7581769690736984
  10
3.162558017935125
  20
2.8520701063687706
  10
3.277467198765205
  20
2.9669792871988494
  10
3.3915650138046076
  20
2.8864386035572682
  10
3.5211081007572793
  20
2.8342495075601972
  10
3.521071246206468
  20
2.822302326432024
  10
3.5540421314363
  20
2.656546493025743
  10
3.647935268731372
  20
2.516025482675196
  10
4.194879020474522
  20
1.9690817309320463
  10
4.004595016332608
  20
1.8439178639803468
  10
3.8801546922861636
  20
1.6531598980292546
  10
3.842279654980084
  20
1.4285725489384262
  10
3.8972767959363206
  20
1.2075537481335572
  10
3.758706908395422
  20
1.0398483080373528
  10
3.694776266871338
  20
0.8319069666805224
  10
3.7151973065812625
  20
0.6153204723921564
  10
3.8168676337352685
  20
0.4229929575968051
  10
3.816867633735268
  20
-1.6205907787752758
  10
3.5955947287831758
  20
-1.8418636837273679
  10
1.9421878843757687
  20
-1.8418636837273679
  10
1.7764320509694869
  20
-1.8748345689571995
  10
1.6359110406189399
  20
-1.9687277062522717
  10
1.299013491079971
  20
-2.3056252557912402
  10
1.361458720414081
  20
-2.1977486033182863
  0
HATCH
  5
1607
  100
AcDbEntity
  8
Top-Layer
  100
AcDbHatch
  10
0
  20
0
  30
0
  210
0
  220
0
  230
1
  2
SOLID
  70
1
  71
0
  91
1
  92
7
  72
0
  73
1
  93
24
  10
2.4843135562872107
  20
-6.6843237163075315
  10
2.581003602857814
  20
-6.549226316841377
  10
2.6289508999048103
  20
-6.3901624015298575
  10
2.737892356880676
  20
-6.362687898933037
  10
2.842285200852029
  20
-6.321152089460489
  10
3.2217233869280313
  20
-6.450555322990082
  10
3.6184073168146336
  20
-6.3925864203759835
  10
3.6184073168146336
  20
-6.76219902439805
  10
3.6251572767158535
  20
-6.8314038579656495
  10
3.6451527203467786
  20
-6.8980000529154335
  10
3.547831459807045
  20
-6.990174317356114
  10
3.4732305025898436
  20
-7.101539572083524
  10
3.456297308796992
  20
-7.1017907837851615
  10
3.4393624587249163
  20
-7.101874523749048
  10
3.4278612557225103
  20
-7.1018745837491695
  10
3.2180968849968727
  20
-7.14359931132211
  10
3.040267238195458
  20
-7.26242128250355
  10
2.928200568272496
  20
-7.374487952426511
  10
2.9140597146203033
  20
-7.37399094656781
  10
2.8999110998222006
  20
-7.373825247650496
  10
2.5999110998222004
  20
-7.373825247650497
  10
2.4209492931434404
  20
-7.40094027189526
  10
2.258051816103633
  20
-7.479851391286545
  10
2.2580518161036336
  20
-6.910585456491109
  97
1
  330
1606
  75
0
  76
1
  47
0.4128176842155181
  98
1
  10
34.90568961886538
  20
22.81183545379326
  450
0
  451
0
  460
0
  461
0
  452
1
  462
1
  453
2
  463
0
  63
5
  421
255
  463
1
  63
7
  421
16777215
  470
LINEAR
  1001
ACAD
  1010
0
  1020
0
  1030
0
  0
LWPOLYLINE
  5
1606
  100
AcDbEntity
  8
Top-Layer
  100
AcDbPolyline
  90
24
  70
1
  43
0.05080010160020321
  10
2.4843135562872107
  20
-6.6843237163075315
  10
2.581003602857814
  20
-6.549226316841377
  10
2.6289508999048103
  20
-6.3901624015298575
  10
2.737892356880676
  20
-6.362687898933037
  10
2.842285200852029
  20
-6.321152089460489
  10
3.2217233869280313
  20
-6.450555322990082
  10
3.6184073168146336
  20
-6.3925864203759835
  10
3.6184073168146336
  20
-6.76219902439805
  10
3.6251572767158535
  20
-6.8314038579656495
  10
3.6451527203467786
  20
-6.8980000529154335
  10
3.547831459807045
  20
-6.990174317356114
  10
3.4732305025898436
  20
-7.101539572083524
  10
3.456297308796992
  20
-7.1017907837851615
  10
3.4393624587249163
  20
-7.101874523749048
  10
3.4278612557225103
  20
-7.1018745837491695
  10
3.2180968849968727
  20
-7.14359931132211
  10
3.040267238195458
  20
-7.26242128250355
  10
2.928200568272496
  20
-7.374487952426511
  10
2.9140597146203033
  20
-7.37399094656781
  10
2.8999110998222006
  20
-7.373825247650496
  10
2.5999110998222004
  20
-7.373825247650497
  10
2.4209492931434404
  20
-7.40094027189526
  10
2.258051816103633
  20
-7.479851391286545
  10
2.2580518161036336
  20
-6.910585456491109
  0
HATCH
  5
1609
  100
AcDbEntity
  8
Top-Layer
  100
AcDbHatch
  10
0
  20
0
  30
0
  210
0
  220
0
  230
1
  2
SOLID
  70
1
  71
0
  91
1
  92
7
  72
0
  73
1
  93
13
  10
3.96454393077552
  20
-4.399466506799989
  10
4.3962514590533095
  20
-4.8311740350777805
  10
4.52537420795838
  20
-4.9294729569471425
  10
4.67600398805391
  20
-4.9898553357827975
  10
4.635539478429885
  20
-5.039105814706663
  10
4.600452276744515
  20
-5.092321174249123
  10
4.390604513890593
  20
-4.972508683966483
  10
4.150664516715441
  20
-4.943874540743546
  10
3.918515014948914
  20
-5.01093962280625
  10
3.868725326586117
  20
-4.962738110080833
  10
3.8151919760844586
  20
-4.9187315278419295
  10
3.8558325530122617
  20
-4.653217350999092
  10
3.767742010581209
  20
-4.399466506799989
  97
1
  330
1608
  75
0
  76
1
  47
0.4128176842155181
  98
1
  10
34.90568961886538
  20
22.81183545379326
  450
0
  451
0
  460
0
  461
0
  452
1
  462
1
  453
2
  463
0
  63
5
  421
255
  463
1
  63
7
  421
16777215
  470
LINEAR
  1001
ACAD
  1010
0
  1020
0
  1030
0
  0
LWPOLYLINE
  5
1608
  100
AcDbEntity
  8
Top-Layer
  100
AcDbPolyline
  90
13
  70
1
  43
0.05080010160020321
  10
3.96454393077552
  20
-4.399466506799989
  10
4.3962514590533095
  20
-4.8311740350777805
  10
4.52537420795838
  20
-4.9294729569471425
  10
4.67600398805391
  20
-4.9898553357827975
  10
4.635539478429885
  20
-5.039105814706663
  10
4.600452276744515
  20
-5.092321174249123
  10
4.390604513890593
  20
-4.972508683966483
  10
4.150664516715441
  20
-4.943874540743546
  10
3.918515014948914
  20
-5.01093962280625
  10
3.868725326586117
  20
-4.962738110080833
  10
3.8151919760844586
  20
-4.9187315278419295
  10
3.8558325530122617
  20
-4.653217350999092
  10
3.767742010581209
  20
-4.399466506799989
  0
LWPOLYLINE
  5
1610
  100
AcDbEntity
  8
Top-Layer
  100
AcDbPolyline
  90
2
  70
0
  43
0.05080010160020321
  10
4.20000762001524
  20
-5.55001016002032
  10
4.20000762001524
  20
-5.043469646939293
  0
LWPOLYLINE
  5
1611
  100
AcDbEntity
  8
Top-Layer
  100
AcDbPolyline
  90
2
  70
0
  43
0.05080010160020321
  10
3.9765480330960665
  20
-6.49219648439297
  10
3.72000752001504
  20
-6.49219648439297
  0
LWPOLYLINE
  5
1612
  100
AcDbEntity
  8
Top-Layer
  100
AcDbPolyline
  90
2
  70
0
  43
0.05080010160020321
  10
0.9451181102362205
  20
1.5500025400050803
  10
1.2016586233172468
  20
1.5500025400050803
  0
LWPOLYLINE
  5
1613
  100
AcDbEntity
  8
Top-Layer
  100
AcDbPolyline
  90
2
  70
0
  43
0.05080010160020321
  10
0.7000004000008001
  20
0.40000080000160004
  10
0.9565409130818262
  20
0.40000080000160004
  0
LWPOLYLINE
  5
1614
  100
AcDbEntity
  8
Top-Layer
  100
AcDbPolyline
  90
2
  70
0
  43
0.05080010160020321
  10
-3.609362458724918
  20
-0.1
  10
-3.3528219456438917
  20
-0.1
  0
LWPOLYLINE
  5
1615
  100
AcDbEntity
  8
Top-Layer
  100
AcDbPolyline
  90
2
  70
0
  43
0.05080010160020321
  10
-0.15000254000507993
  20
5.9250114300228605
  10
0.10653797307594623
  20
5.9250114300228605
  0
LWPOLYLINE
  5
1616
  100
AcDbEntity
  8
Top-Layer
  100
AcDbPolyline
  90
2
  70
0
  43
0.05080010160020321
  10
-1.1000106000211993
  20
-2.9499983399966796
  10
-0.8434700869401732
  20
-2.9499983399966796
  0
LWPOLYLINE
  5
1617
  100
AcDbEntity
  8
Top-Layer
  100
AcDbPolyline
  90
2
  70
0
  43
0.05080010160020321
  10
4.624942849885701
  20
-10.975666751333502
  10
3.468402336804675
  20
-10.975666751333502
  0
LWPOLYLINE
  5
1618
  100
AcDbEntity
  8
Top-Layer
  100
AcDbPolyline
  90
2
  70
0
  43
0.05080010160020321
  10
4.624942849885701
  20
-10.975666751333502
  10
5.7814833629667275
  20
-10.975666751333502
  0
LWPOLYLINE
  5
1619
  100
AcDbEntity
  8
Top-Layer
  100
AcDbPolyline
  90
2
  70
0
  43
0.05080010160020321
  10
4.624942849885701
  20
-10.975666751333502
  10
4.624942849885701
  20
-9.819126238252476
  0
LWPOLYLINE
  5
1620
  100
AcDbEntity
  8
Top-Layer
  100
AcDbPolyline
  90
2
  70
0
  43
0.05080010160020321
  10
4.624942849885701
  20
-10.975666751333502
  10
4.624942849885701
  20
-12.132207264414529
  0
LWPOLYLINE
  5
1621
  100
AcDbEntity
  8
Top-Layer
  100
AcDbPolyline
  90
2
  70
0
  43
0.05080010160020321
  10
-4.6249936499872994
  20
-10.975920751841503
  10
-3.4684531369062728
  20
-10.975920751841503
  0
LWPOLYLINE
  5
1622
  100
AcDbEntity
  8
Top-Layer
  100
AcDbPolyline
  90
2
  70
0
  43
0.05080010160020321
  10
-4.6249936499872994
  20
-10.975920751841503
  10
-5.781534163068324
  20
-10.975920751841503
  0
LWPOLYLINE
  5
1623
  100
AcDbEntity
  8
Top-Layer
  100
AcDbPolyline
  90
2
  70
0
  43
0.05080010160020321
  10
-4.6249936499872994
  20
-10.975920751841503
  10
-4.624993649987299
  20
-12.132461264922531
  0
LWPOLYLINE
  5
1624
  100
AcDbEntity
  8
Top-Layer
  100
AcDbPolyline
  90
2
  70
0
  43
0.05080010160020321
  10
-4.6249936499872994
  20
-10.975920751841503
  10
-4.624993649987298
  20
-9.819380238760477
  0
LWPOLYLINE
  5
1625
  100
AcDbEntity
  8
Top-Layer
  100
AcDbPolyline
  90
2
  70
0
  43
0.15000000000000002
  10
-2.7499618999238002
  20
-8.327965455930913
  10
-2.7499618999238002
  20
-7.675059690119381
  0
LWPOLYLINE
  5
1626
  100
AcDbEntity
  8
Top-Layer
  100
AcDbPolyline
  90
2
  70
0
  43
0.15000000000000002
  10
-3.3250063500127003
  20
-5.6500101600203205
  10
-3.2000076200152408
  20
-5.525011430022861
  0
LWPOLYLINE
  5
1627
  100
AcDbEntity
  8
Top-Layer
  100
AcDbPolyline
  90
2
  70
0
  43
0.15000000000000002
  10
-2.7499618999238002
  20
-7.675059690119381
  10
-3.3250063500127003
  20
-7.100015240030482
  0
LWPOLYLINE
  5
1628
  100
AcDbEntity
  8
Top-Layer
  100
AcDbPolyline
  90
2
  70
0
  43
0.15000000000000002
  10
-3.3250063500127003
  20
-7.100015240030482
  10
-3.3250063500127003
  20
-5.6500101600203205
  0
LWPOLYLINE
  5
1629
  100
AcDbEntity
  8
Top-Layer
  100
AcDbPolyline
  90
2
  70
0
  43
0.15000000000000002
  10
-1.7499618999238
  20
-8.327965455930913
  10
-1.7499618999238
  20
-7.900058420116841
  0
LWPOLYLINE
  5
1630
  100
AcDbEntity
  8
Top-Layer
  100
AcDbPolyline
  90
2
  70
0
  43
0.15000000000000002
  10
-2.2250038100076206
  20
-7.42501397002794
  10
-2.2250038100076206
  20
-5.55001016002032
  0
LWPOLYLINE
  5
1631
  100
AcDbEntity
  8
Top-Layer
  100
AcDbPolyline
  90
2
  70
0
  43
0.15000000000000002
  10
-1.7499618999238
  20
-7.900058420116841
  10
-2.2250038100076206
  20
-7.42501397002794
  0
LWPOLYLINE
  5
1632
  100
AcDbEntity
  8
Top-Layer
  100
AcDbPolyline
  90
2
  70
0
  43
0.15000000000000002
  10
-0.7499618999237999
  20
-8.327965455930913
  10
-0.7499618999237999
  20
-7.925054610109222
  0
LWPOLYLINE
  5
1633
  100
AcDbEntity
  8
Top-Layer
  100
AcDbPolyline
  90
2
  70
0
  43
0.15000000000000002
  10
-0.7499618999237999
  20
-7.925054610109222
  10
-1.1750012700025403
  20
-7.500015240030481
  0
LWPOLYLINE
  5
1634
  100
AcDbEntity
  8
Top-Layer
  100
AcDbPolyline
  90
2
  70
0
  43
0.15000000000000002
  10
-1.1750012700025403
  20
-7.500015240030481
  10
-1.1750012700025403
  20
-5.575011430022861
  0
LWPOLYLINE
  5
1635
  100
AcDbEntity
  8
Top-Layer
  100
AcDbPolyline
  90
2
  70
0
  43
0.15000000000000002
  10
0.25003810007620014
  20
-8.327965455930913
  10
0.25003810007620014
  20
-7.925054610109222
  0
LWPOLYLINE
  5
1636
  100
AcDbEntity
  8
Top-Layer
  100
AcDbPolyline
  90
2
  70
0
  43
0.15000000000000002
  10
0.25003810007620014
  20
-7.925054610109222
  10
-0.2
  20
-7.47501397002794
  0
LWPOLYLINE
  5
1637
  100
AcDbEntity
  8
Top-Layer
  100
AcDbPolyline
  90
2
  70
0
  43
0.15000000000000002
  10
-0.2
  20
-7.47501397002794
  10
-0.2
  20
-5.600010160020321
  0
LWPOLYLINE
  5
1638
  100
AcDbEntity
  8
Top-Layer
  100
AcDbPolyline
  90
2
  70
0
  43
0.30000000000000004
  10
2.12500381000762
  20
-5.900012700025401
  10
2.47500381000762
  20
-5.55001016002032
  0
LWPOLYLINE
  5
1639
  100
AcDbEntity
  8
Top-Layer
  100
AcDbPolyline
  90
2
  70
0
  43
0.15000000000000002
  10
-3.2000076200152408
  20
-4.375008890017781
  10
-3.2000076200152408
  20
-5.525011430022861
  0
LWPOLYLINE
  5
1640
  100
AcDbEntity
  8
Top-Layer
  100
AcDbPolyline
  90
2
  70
0
  43
0.15000000000000002
  10
-2.2250038100076206
  20
-5.55001016002032
  10
-2.2250038100076206
  20
-4.550010160020321
  0
LWPOLYLINE
  5
1641
  100
AcDbEntity
  8
Top-Layer
  100
AcDbPolyline
  90
2
  70
0
  43
0.15000000000000002
  10
-2.2250038100076206
  20
-4.550010160020321
  10
-2.05000508001016
  20
-4.375008890017781
  0
LWPOLYLINE
  5
1648
  100
AcDbEntity
  8
Top-Layer
  100
AcDbPolyline
  90
2
  70
0
  43
0.15000000000000002
  10
-1.1750012700025403
  20
-5.575011430022861
  10
-1.12500127000254
  20
-5.525011430022861
  0
LWPOLYLINE
  5
1649
  100
AcDbEntity
  8
Top-Layer
  100
AcDbPolyline
  90
2
  70
0
  43
0.15000000000000002
  10
-1.12500127000254
  20
-5.525011430022861
  10
-1.12500127000254
  20
-4.375008890017781
  0
LWPOLYLINE
  5
1652
  100
AcDbEntity
  8
Top-Layer
  100
AcDbPolyline
  90
2
  70
0
  43
0.15000000000000002
  10
-0.2
  20
-5.600010160020321
  10
-0.2
  20
-4.4000076200152405
  0
LWPOLYLINE
  5
1655
  100
AcDbEntity
  8
Top-Layer
  100
AcDbPolyline
  90
2
  70
0
  43
0.15000000000000002
  10
0.7000025400050801
  20
-5.600010160020321
  10
0.7000025400050801
  20
-4.4000076200152405
  0
LWPOLYLINE
  5
1658
  100
AcDbEntity
  8
Top-Layer
  100
AcDbPolyline
  90
2
  70
0
  43
0.15000000000000002
  10
1.6250038100076203
  20
-5.575011430022861
  10
1.6500025400050802
  20
-5.55001016002032
  0
LWPOLYLINE
  5
1659
  100
AcDbEntity
  8
Top-Layer
  100
AcDbPolyline
  90
2
  70
0
  43
0.15000000000000002
  10
1.6500025400050802
  20
-5.55001016002032
  10
1.6500025400050802
  20
-4.325008890017781
  0
LWPOLYLINE
  5
1660
  100
AcDbEntity
  8
Top-Layer
  100
AcDbPolyline
  90
2
  70
0
  43
0.15000000000000002
  10
1.6500025400050802
  20
-4.325008890017781
  10
2.1000050800101606
  20
-3.8750088900177806
  0
LWPOLYLINE
  5
1661
  100
AcDbEntity
  8
Top-Layer
  100
AcDbPolyline
  90
2
  70
0
  43
0.15000000000000002
  10
2.1000050800101606
  20
-3.8750088900177806
  10
2.8750063500127
  20
-3.8750088900177806
  0
LWPOLYLINE
  5
1662
  100
AcDbEntity
  8
Top-Layer
  100
AcDbPolyline
  90
2
  70
0
  43
0.15000000000000002
  10
2.8750063500127
  20
-3.8750088900177806
  10
3.1250063500127
  20
-3.6250063500127
  0
LWPOLYLINE
  5
1665
  100
AcDbEntity
  8
Top-Layer
  100
AcDbPolyline
  90
2
  70
0
  43
0.15000000000000002
  10
3.1250063500127
  20
-3.6250063500127
  10
3.1250063500127
  20
-3.2250063500127006
  0
LWPOLYLINE
  5
1666
  100
AcDbEntity
  8
Top-Layer
  100
AcDbPolyline
  90
2
  70
0
  43
0.15000000000000002
  10
3.1250063500127
  20
-3.2250063500127006
  10
3.1500050800101604
  20
-3.2000076200152408
  0
LWPOLYLINE
  5
1667
  100
AcDbEntity
  8
Top-Layer
  100
AcDbPolyline
  90
2
  70
0
  43
0.30000000000000004
  10
-1.0951181102362206
  20
4.750010160020321
  10
-1.0951181102362206
  20
4.00000762001524
  0
LWPOLYLINE
  5
1670
  100
AcDbEntity
  8
Top-Layer
  100
AcDbPolyline
  90
2
  70
0
  43
0.30000000000000004
  10
-0.3250088900177801
  20
5.9250114300228605
  10
-0.3250088900177801
  20
4.820132080264161
  0
LWPOLYLINE
  5
1671
  100
AcDbEntity
  8
Top-Layer
  100
AcDbPolyline
  90
2
  70
0
  43
0.30000000000000004
  10
-2.284371348742698
  20
4.751562103124206
  10
-1.0966700533401068
  20
4.751562103124206
  0
LWPOLYLINE
  5
1672
  100
AcDbEntity
  8
Top-Layer
  100
AcDbPolyline
  90
2
  70
0
  43
0.30000000000000004
  10
-0.2451155702311405
  20
1.70000508001016
  10
-0.2451155702311405
  20
2.2548895097790203
  0
LWPOLYLINE
  5
1673
  100
AcDbEntity
  8
Top-Layer
  100
AcDbPolyline
  90
2
  70
0
  43
0.30000000000000004
  10
-0.2451155702311405
  20
2.2548895097790203
  10
-0.22500127000254003
  20
2.2750038100076204
  0
LWPOLYLINE
  5
1676
  100
AcDbEntity
  8
Top-Layer
  100
AcDbPolyline
  90
2
  70
0
  43
0.30000000000000004
  10
0.5951181102362205
  20
1.5250038100076202
  10
0.5951181102362205
  20
2.1951206502413005
  0
LWPOLYLINE
  5
1677
  100
AcDbEntity
  8
Top-Layer
  100
AcDbPolyline
  90
2
  70
0
  43
0.30000000000000004
  10
0.5951181102362205
  20
2.1951206502413005
  10
0.6000000000000001
  20
2.2000050800101603
  0
LWPOLYLINE
  5
1683
  100
AcDbEntity
  8
Top-Layer
  100
AcDbPolyline
  90
2
  70
0
  43
0.30000000000000004
  10
0.7327914655829313
  20
3.817218694437389
  10
0.7327914655829313
  20
3.8142900685801373
  0
LWPOLYLINE
  5
1684
  100
AcDbEntity
  8
Top-Layer
  100
AcDbPolyline
  90
2
  70
0
  43
0.30000000000000004
  10
-1.5500025400050803
  20
-1.0548869697739398
  10
-2.20488950977902
  20
-1.0548869697739398
  0
LWPOLYLINE
  5
1685
  100
AcDbEntity
  8
Top-Layer
  100
AcDbPolyline
  90
2
  70
0
  43
0.30000000000000004
  10
-2.20488950977902
  20
-1.0548869697739398
  10
-2.2250038100076206
  20
-1.0750012700025402
  0
LWPOLYLINE
  5
1688
  100
AcDbEntity
  8
Top-Layer
  100
AcDbPolyline
  90
2
  70
0
  43
0.30000000000000004
  10
-1.5500025400050803
  20
-1.895120650241301
  10
-1.6298882397764798
  20
-1.9750038100076202
  0
LWPOLYLINE
  5
1689
  100
AcDbEntity
  8
Top-Layer
  100
AcDbPolyline
  90
2
  70
0
  43
0.30000000000000004
  10
-1.6298882397764798
  20
-1.9750038100076202
  10
-2.1750038100076203
  20
-1.9750038100076202
  0
LWPOLYLINE
  5
1692
  100
AcDbEntity
  8
Top-Layer
  100
AcDbPolyline
  90
2
  70
0
  43
0.30000000000000004
  10
-0.32500127000254
  20
-1.8499974599949203
  10
-0.37012446024892054
  20
-1.895120650241301
  0
LWPOLYLINE
  5
1693
  100
AcDbEntity
  8
Top-Layer
  100
AcDbPolyline
  90
2
  70
0
  43
0.30000000000000004
  10
-0.37012446024892054
  20
-1.895120650241301
  10
-1.4750038100076204
  20
-1.895120650241301
  0
LWPOLYLINE
  5
1694
  100
AcDbEntity
  8
Top-Layer
  100
AcDbPolyline
  90
2
  70
0
  43
0.30000000000000004
  10
-0.32500127000254
  20
-1.2000101600203201
  10
0.7000025400050801
  20
-1.2000101600203201
  0
LWPOLYLINE
  5
1695
  100
AcDbEntity
  8
Top-Layer
  100
AcDbPolyline
  90
2
  70
0
  43
0.30000000000000004
  10
0.7000025400050801
  20
-1.2000101600203201
  10
0.7500025400050802
  20
-1.2500101600203202
  0
LWPOLYLINE
  5
1697
  100
AcDbEntity
  8
Top-Layer
  100
AcDbPolyline
  90
2
  70
0
  43
0.30000000000000004
  10
-2.2328194056388115
  20
1.57500381000762
  10
-2.2250038100076206
  20
1.5828194056388114
  0
LWPOLYLINE
  5
1698
  100
AcDbEntity
  8
Top-Layer
  100
AcDbPolyline
  90
2
  70
0
  43
0.30000000000000004
  10
-2.2250038100076206
  20
1.5828194056388114
  10
-2.2250038100076206
  20
2.1500050800101604
  0
LWPOLYLINE
  5
1701
  100
AcDbEntity
  8
Top-Layer
  100
AcDbPolyline
  90
2
  70
0
  43
0.30000000000000004
  10
-4.67500889001778
  20
0.8671856743713489
  10
-4.00000762001524
  20
0.8671856743713489
  0
LWPOLYLINE
  5
1709
  100
AcDbEntity
  8
Top-Layer
  100
AcDbPolyline
  90
2
  70
0
  43
0.30000000000000004
  10
-3.8921920243840495
  20
-0.1
  10
-3.8921920243840495
  20
0.7593700787401576
  0
LWPOLYLINE
  5
1710
  100
AcDbEntity
  8
Top-Layer
  100
AcDbPolyline
  90
2
  70
0
  43
0.30000000000000004
  10
-3.8921920243840495
  20
0.7593700787401576
  10
-4.00000762001524
  20
0.8671856743713489
  0
LWPOLYLINE
  5
1711
  100
AcDbEntity
  8
Top-Layer
  100
AcDbPolyline
  90
2
  70
0
  43
0.30000000000000004
  10
0.5249936499873
  20
0.3750012700025401
  10
0.5951181102362205
  20
0.4451231902463806
  0
LWPOLYLINE
  5
1712
  100
AcDbEntity
  8
Top-Layer
  100
AcDbPolyline
  90
2
  70
0
  43
0.30000000000000004
  10
0.5951181102362205
  20
0.4451231902463806
  10
0.5951181102362205
  20
1.5250038100076202
  0
LWPOLYLINE
  5
1720
  100
AcDbEntity
  8
Top-Layer
  100
AcDbPolyline
  90
2
  70
0
  43
0.2
  10
3.3000076200152404
  20
-5.600010160020321
  10
3.3000076200152404
  20
-4.704008128016257
  0
LWPOLYLINE
  5
1725
  100
AcDbEntity
  8
Top-Layer
  100
AcDbPolyline
  90
2
  70
0
  43
0.15000000000000002
  10
0.7499110998221997
  20
-8.327965455930913
  10
0.6270408940817882
  20
-8.205095250190501
  0
LWPOLYLINE
  5
1726
  100
AcDbEntity
  8
Top-Layer
  100
AcDbPolyline
  90
2
  70
0
  43
0.15000000000000002
  10
0.6270408940817882
  20
-8.205095250190501
  10
0.6270408940817882
  20
-5.672971805943613
  0
LWPOLYLINE
  5
1727
  100
AcDbEntity
  8
Top-Layer
  100
AcDbPolyline
  90
2
  70
0
  43
0.15000000000000002
  10
0.6270408940817882
  20
-5.672971805943613
  10
0.7000025400050801
  20
-5.600010160020321
  0
LWPOLYLINE
  5
1728
  100
AcDbEntity
  8
Top-Layer
  100
AcDbPolyline
  90
2
  70
0
  43
0.15000000000000002
  10
1.2500381000762004
  20
-6.4999771399542805
  10
1.6250038100076203
  20
-6.125011430022861
  0
LWPOLYLINE
  5
1729
  100
AcDbEntity
  8
Top-Layer
  100
AcDbPolyline
  90
2
  70
0
  43
0.15000000000000002
  10
1.6250038100076203
  20
-6.125011430022861
  10
1.6250038100076203
  20
-5.575011430022861
  0
LWPOLYLINE
  5
1730
  100
AcDbEntity
  8
Top-Layer
  100
AcDbPolyline
  90
2
  70
0
  43
0.15000000000000002
  10
1.2500381000762004
  20
-6.4999771399542805
  10
1.2500381000762004
  20
-8.327965455930913
  0
LWPOLYLINE
  5
1731
  100
AcDbEntity
  8
Top-Layer
  100
AcDbPolyline
  90
2
  70
0
  43
0.30000000000000004
  10
2.12500381000762
  20
-6.325013970027942
  10
2.12500381000762
  20
-5.900012700025401
  0
LWPOLYLINE
  5
1732
  100
AcDbEntity
  8
Top-Layer
  100
AcDbPolyline
  90
2
  70
0
  43
0.30000000000000004
  10
4.450586741173483
  20
-11.150022860045722
  10
4.6249428498857
  20
-10.975666751333506
  0
LWPOLYLINE
  5
1733
  100
AcDbEntity
  8
Top-Layer
  100
AcDbPolyline
  90
2
  70
0
  43
0.30000000000000004
  10
2.2500381000762
  20
-8.327965455930913
  10
2.2500381000762
  20
-10.150053340106682
  0
LWPOLYLINE
  5
1734
  100
AcDbEntity
  8
Top-Layer
  100
AcDbPolyline
  90
2
  70
0
  43
0.30000000000000004
  10
2.2500381000762
  20
-10.150053340106682
  10
3.2500076200152406
  20
-11.150022860045722
  0
LWPOLYLINE
  5
1735
  100
AcDbEntity
  8
Top-Layer
  100
AcDbPolyline
  90
2
  70
0
  43
0.30000000000000004
  10
3.2500076200152406
  20
-11.150022860045722
  10
4.450586741173483
  20
-11.150022860045722
  0
LWPOLYLINE
  5
1736
  100
AcDbEntity
  8
Top-Layer
  100
AcDbPolyline
  90
2
  70
0
  43
0.30000000000000004
  10
4.876471932943867
  20
-3.891325882651766
  10
5.781579883159767
  20
-3.891325882651766
  0
LWPOLYLINE
  5
1737
  100
AcDbEntity
  8
Top-Layer
  100
AcDbPolyline
  90
2
  70
0
  43
0.30000000000000004
  10
5.781579883159767
  20
-3.891325882651766
  10
6.830990601981205
  20
-2.841915163830328
  0
LWPOLYLINE
  5
1738
  100
AcDbEntity
  8
Top-Layer
  100
AcDbPolyline
  90
2
  70
0
  43
0.30000000000000004
  10
7.35001524003048
  20
-2.30000508001016
  10
7.35001524003048
  20
2.00000508001016
  0
LWPOLYLINE
  5
1739
  100
AcDbEntity
  8
Top-Layer
  100
AcDbPolyline
  90
2
  70
0
  43
0.30000000000000004
  10
6.830990601981205
  20
-2.841915163830328
  10
6.830990601981205
  20
-2.819029718059437
  0
LWPOLYLINE
  5
1740
  100
AcDbEntity
  8
Top-Layer
  100
AcDbPolyline
  90
2
  70
0
  43
0.30000000000000004
  10
6.830990601981205
  20
-2.819029718059437
  10
7.35001524003048
  20
-2.30000508001016
  0
LWPOLYLINE
  5
1741
  100
AcDbEntity
  8
Top-Layer
  100
AcDbPolyline
  90
2
  70
0
  43
0.30000000000000004
  10
7.35001524003048
  20
2.00000508001016
  10
5.668595377190754
  20
3.6814249428498864
  0
LWPOLYLINE
  5
1742
  100
AcDbEntity
  8
Top-Layer
  100
AcDbPolyline
  90
2
  70
0
  43
0.30000000000000004
  10
5.668595377190754
  20
3.6814249428498864
  10
5.585534671069342
  20
3.6814249428498864
  0
LWPOLYLINE
  5
1743
  100
AcDbEntity
  8
Top-Layer
  100
AcDbPolyline
  90
2
  70
0
  43
0.30000000000000004
  10
-5.966329692659386
  20
-3.326469392938786
  10
-6.925013970027942
  20
-2.3677851155702316
  0
LWPOLYLINE
  5
1744
  100
AcDbEntity
  8
Top-Layer
  100
AcDbPolyline
  90
2
  70
0
  43
0.30000000000000004
  10
-6.925013970027942
  20
-2.3677851155702316
  10
-6.925013970027942
  20
4.07500889001778
  0
LWPOLYLINE
  5
1745
  100
AcDbEntity
  8
Top-Layer
  100
AcDbPolyline
  90
2
  70
0
  43
0.30000000000000004
  10
-6.925013970027942
  20
4.07500889001778
  10
-5.883693167386335
  20
5.116329692659386
  0
LWPOLYLINE
  5
1746
  100
AcDbEntity
  8
Top-Layer
  100
AcDbPolyline
  90
2
  70
0
  43
0.30000000000000004
  10
-5.883693167386335
  20
5.116329692659386
  10
-4.626471932943867
  20
5.116329692659386
  0
LWPOLYLINE
  5
1747
  100
AcDbEntity
  8
Top-Layer
  100
AcDbPolyline
  90
2
  70
0
  43
0.30000000000000004
  10
5.6750114300228605
  20
4.52500889001778
  10
5.6750114300228605
  20
3.7708991617983236
  0
LWPOLYLINE
  5
1748
  100
AcDbEntity
  8
Top-Layer
  100
AcDbPolyline
  90
2
  70
0
  43
0.30000000000000004
  10
5.6750114300228605
  20
3.7708991617983236
  10
5.585534671069342
  20
3.6814249428498864
  0
LWPOLYLINE
  5
1749
  100
AcDbEntity
  8
Top-Layer
  100
AcDbPolyline
  90
2
  70
0
  43
0.30000000000000004
  10
-2.284371348742698
  20
5.617195834391669
  10
-1.976555753111506
  20
5.9250114300228605
  0
LWPOLYLINE
  5
1750
  100
AcDbEntity
  8
Top-Layer
  100
AcDbPolyline
  90
2
  70
0
  43
0.30000000000000004
  10
-1.976555753111506
  20
5.9250114300228605
  10
-0.97499618999238
  20
5.9250114300228605
  0
LWPOLYLINE
  5
1751
  100
AcDbEntity
  8
Top-Layer
  100
AcDbPolyline
  90
2
  70
0
  43
0.30000000000000004
  10
-4.626471932943867
  20
5.116329692659386
  10
-4.125603251206503
  20
5.617195834391669
  0
LWPOLYLINE
  5
1752
  100
AcDbEntity
  8
Top-Layer
  100
AcDbPolyline
  90
2
  70
0
  43
0.30000000000000004
  10
-4.125603251206503
  20
5.617195834391669
  10
-2.284371348742698
  20
5.617195834391669
  0
LWPOLYLINE
  5
1754
  100
AcDbEntity
  8
Top-Layer
  100
AcDbPolyline
  90
2
  70
0
  43
0.15000000000000002
  10
-6.4000127000254015
  20
-1.9636550673101347
  10
-6.4000127000254015
  20
3.361170942341885
  0
LWPOLYLINE
  5
1755
  100
AcDbEntity
  8
Top-Layer
  100
AcDbPolyline
  90
2
  70
0
  43
0.15000000000000002
  10
-6.4000127000254015
  20
3.361170942341885
  10
-5.766329692659386
  20
3.9948539497079003
  0
LWPOLYLINE
  5
1756
  100
AcDbEntity
  8
Top-Layer
  100
AcDbPolyline
  90
2
  70
0
  43
0.15000000000000002
  10
-4.87466598933198
  20
3.1583464566929136
  10
-3.7955372110744223
  20
3.1583464566929136
  0
LWPOLYLINE
  5
1757
  100
AcDbEntity
  8
Top-Layer
  100
AcDbPolyline
  90
2
  70
0
  43
0.15000000000000002
  10
-5.766329692659386
  20
3.9948539497079003
  10
-5.384513589027179
  20
4.376670053340107
  0
LWPOLYLINE
  5
1758
  100
AcDbEntity
  8
Top-Layer
  100
AcDbPolyline
  90
2
  70
0
  43
0.15000000000000002
  10
-5.384513589027179
  20
4.376670053340107
  10
-4.585471170942343
  20
4.376670053340107
  0
LWPOLYLINE
  5
1759
  100
AcDbEntity
  8
Top-Layer
  100
AcDbPolyline
  90
2
  70
0
  43
0.15000000000000002
  10
-4.585471170942343
  20
4.376670053340107
  10
-3.9621336042672093
  20
5.000010160020321
  0
LWPOLYLINE
  5
1760
  100
AcDbEntity
  8
Top-Layer
  100
AcDbPolyline
  90
2
  70
0
  43
0.15000000000000002
  10
-3.9621336042672093
  20
5.000010160020321
  10
-3.50000762001524
  20
5.000010160020321
  0
LWPOLYLINE
  5
1761
  100
AcDbEntity
  8
Top-Layer
  100
AcDbPolyline
  90
2
  70
0
  43
0.15000000000000002
  10
4.900353060706122
  20
-2.999662179324359
  10
4.058348996697994
  20
-2.999662179324359
  0
LWPOLYLINE
  5
1762
  100
AcDbEntity
  8
Top-Layer
  100
AcDbPolyline
  90
2
  70
0
  43
0.15000000000000002
  10
3.6275539751079506
  20
3.929618999237999
  10
3.9542113284226574
  20
3.6029591059182127
  0
LWPOLYLINE
  5
1763
  100
AcDbEntity
  8
Top-Layer
  100
AcDbPolyline
  90
2
  70
0
  43
0.30000000000000004
  10
-0.97499618999238
  20
5.9250114300228605
  10
-0.97499618999238
  20
6.550020320040641
  0
LWPOLYLINE
  5
1764
  100
AcDbEntity
  8
Top-Layer
  100
AcDbPolyline
  90
2
  70
0
  43
0.30000000000000004
  10
-0.97499618999238
  20
6.550020320040641
  10
-0.6749961899923801
  20
6.85002032004064
  0
LWPOLYLINE
  5
1765
  100
AcDbEntity
  8
Top-Layer
  100
AcDbPolyline
  90
2
  70
0
  43
0.30000000000000004
  10
-0.6749961899923801
  20
6.85002032004064
  10
3.3500000000000005
  20
6.85002032004064
  0
LWPOLYLINE
  5
1766
  100
AcDbEntity
  8
Top-Layer
  100
AcDbPolyline
  90
2
  70
0
  43
0.30000000000000004
  10
3.3500000000000005
  20
6.85002032004064
  10
5.6750114300228605
  20
4.52500889001778
  0
LWPOLYLINE
  5
1767
  100
AcDbEntity
  8
Top-Layer
  100
AcDbPolyline
  90
2
  70
0
  43
0.15000000000000002
  10
-4.1350063500127
  20
3.898006096012192
  10
-3.8083489966979935
  20
4.224663449326899
  0
LWPOLYLINE
  5
1768
  100
AcDbEntity
  8
Top-Layer
  100
AcDbPolyline
  90
2
  70
0
  43
0.15000000000000002
  10
-4.915664211328423
  20
3.898006096012192
  10
-4.1350063500127
  20
3.898006096012192
  0
LWPOLYLINE
  5
1771
  100
AcDbEntity
  8
Top-Layer
  100
AcDbPolyline
  90
2
  70
0
  43
0.15000000000000002
  10
1.8500025400050801
  20
3.8000076200152404
  10
1.8500025400050801
  20
4.617193294386589
  0
LWPOLYLINE
  5
1772
  100
AcDbEntity
  8
Top-Layer
  100
AcDbPolyline
  90
2
  70
0
  43
0.15000000000000002
  10
1.8500025400050801
  20
4.617193294386589
  10
1.8000050800101604
  20
4.667193294386589
  0
LWPOLYLINE
  5
1773
  100
AcDbEntity
  8
Top-Layer
  100
AcDbPolyline
  90
2
  70
0
  43
0.15000000000000002
  10
4.464058928117857
  20
4.821282702565405
  10
4.464058928117857
  20
3.9859563119126245
  0
LWPOLYLINE
  5
1774
  100
AcDbEntity
  8
Top-Layer
  100
AcDbPolyline
  90
2
  70
0
  43
0.15000000000000002
  10
4.464058928117857
  20
3.9859563119126245
  10
6.675013970027941
  20
1.7750038100076204
  0
LWPOLYLINE
  5
1775
  100
AcDbEntity
  8
Top-Layer
  100
AcDbPolyline
  90
2
  70
0
  43
0.15000000000000002
  10
6.675013970027941
  20
1.7750038100076204
  10
6.675013970027941
  20
-2.111168402336805
  0
LWPOLYLINE
  5
1776
  100
AcDbEntity
  8
Top-Layer
  100
AcDbPolyline
  90
2
  70
0
  43
0.15000000000000002
  10
6.675013970027941
  20
-2.111168402336805
  10
6.016329692659386
  20
-2.76985013970028
  0
LWPOLYLINE
  5
1777
  100
AcDbEntity
  8
Top-Layer
  100
AcDbPolyline
  90
2
  70
0
  43
0.15000000000000002
  10
4.693870967741936
  20
2.8633020066040133
  10
6.375013970027941
  20
1.1821590043180088
  0
LWPOLYLINE
  5
1778
  100
AcDbEntity
  8
Top-Layer
  100
AcDbPolyline
  90
2
  70
0
  43
0.15000000000000002
  10
6.375013970027941
  20
1.1821590043180088
  10
6.375013970027941
  20
-1.5250038100076202
  0
LWPOLYLINE
  5
1779
  100
AcDbEntity
  8
Top-Layer
  100
AcDbPolyline
  90
2
  70
0
  43
0.15000000000000002
  10
6.375013970027941
  20
-1.5250038100076202
  10
4.900353060706122
  20
-2.999662179324359
  0
LWPOLYLINE
  5
1780
  100
AcDbEntity
  8
Top-Layer
  100
AcDbPolyline
  90
2
  70
0
  43
0.15000000000000002
  10
5.975011430022861
  20
-1.082997205994412
  10
5.12466598933198
  20
-1.9333426466852937
  0
LWPOLYLINE
  5
1781
  100
AcDbEntity
  8
Top-Layer
  100
AcDbPolyline
  90
2
  70
0
  43
0.15000000000000002
  10
3.9542113284226574
  20
3.6029591059182127
  10
3.9542113284226574
  20
2.8223012446024893
  0
LWPOLYLINE
  5
1782
  100
AcDbEntity
  8
Top-Layer
  100
AcDbPolyline
  90
2
  70
0
  43
0.15000000000000002
  10
3.9542113284226574
  20
2.8223012446024893
  10
5.975011430022861
  20
0.8015036830073662
  0
LWPOLYLINE
  5
1783
  100
AcDbEntity
  8
Top-Layer
  100
AcDbPolyline
  90
2
  70
0
  43
0.15000000000000002
  10
5.975011430022861
  20
0.8015036830073662
  10
5.975011430022861
  20
-1.082997205994412
  0
LWPOLYLINE
  5
1786
  100
AcDbEntity
  8
Top-Layer
  100
AcDbPolyline
  90
2
  70
0
  43
0.15000000000000002
  10
4.4000076200152405
  20
1.4500025400050802
  10
4.9000101600203205
  20
0.9500025400050802
  0
LWPOLYLINE
  5
1787
  100
AcDbEntity
  8
Top-Layer
  100
AcDbPolyline
  90
2
  70
0
  43
0.15000000000000002
  10
4.9000101600203205
  20
0.9500025400050802
  10
4.9000101600203205
  20
0.6078181356362714
  0
LWPOLYLINE
  5
1789
  100
AcDbEntity
  8
Top-Layer
  100
AcDbPolyline
  90
2
  70
0
  43
0.15000000000000002
  10
4.9000101600203205
  20
-0.25781559563119133
  10
4.9000101600203205
  20
-1.708686817373635
  0
LWPOLYLINE
  5
1790
  100
AcDbEntity
  8
Top-Layer
  100
AcDbPolyline
  90
2
  70
0
  43
0.15000000000000002
  10
4.9000101600203205
  20
-1.708686817373635
  10
5.12466598933198
  20
-1.9333426466852937
  0
LWPOLYLINE
  5
1791
  100
AcDbEntity
  8
Top-Layer
  100
AcDbPolyline
  90
2
  70
0
  43
0.15000000000000002
  10
1.7828194056388114
  20
-3.3000076200152404
  10
2.2250038100076206
  20
-3.3000076200152404
  0
LWPOLYLINE
  5
1792
  100
AcDbEntity
  8
Top-Layer
  100
AcDbPolyline
  90
2
  70
0
  43
0.15000000000000002
  10
3.6586918973837954
  20
-2.60000508001016
  10
4.058348996697994
  20
-2.999662179324359
  0
LWPOLYLINE
  5
1793
  100
AcDbEntity
  8
Top-Layer
  100
AcDbPolyline
  90
2
  70
0
  43
0.15000000000000002
  10
2.2250038100076206
  20
-3.3000076200152404
  10
2.9250063500127004
  20
-2.60000508001016
  0
LWPOLYLINE
  5
1794
  100
AcDbEntity
  8
Top-Layer
  100
AcDbPolyline
  90
2
  70
0
  43
0.15000000000000002
  10
2.9250063500127004
  20
-2.60000508001016
  10
3.6586918973837954
  20
-2.60000508001016
  0
LWPOLYLINE
  5
1795
  100
AcDbEntity
  8
Top-Layer
  100
AcDbPolyline
  90
2
  70
0
  43
0.15000000000000002
  10
0.9171856743713488
  20
-3.3000076200152404
  10
1.2729895859791722
  20
-2.9442037084074175
  0
LWPOLYLINE
  5
1796
  100
AcDbEntity
  8
Top-Layer
  100
AcDbPolyline
  90
2
  70
0
  43
0.15000000000000002
  10
1.2729895859791722
  20
-2.9442037084074175
  10
1.2729895859791722
  20
-2.935976631953264
  0
LWPOLYLINE
  5
1797
  100
AcDbEntity
  8
Top-Layer
  100
AcDbPolyline
  90
2
  70
0
  43
0.15000000000000002
  10
1.2729895859791722
  20
-2.935976631953264
  10
1.405963931927864
  20
-2.8030022860045722
  0
LWPOLYLINE
  5
1798
  100
AcDbEntity
  8
Top-Layer
  100
AcDbPolyline
  90
2
  70
0
  43
0.15000000000000002
  10
1.405963931927864
  20
-2.8030022860045722
  10
1.4141910083820168
  20
-2.8030022860045722
  0
LWPOLYLINE
  5
1799
  100
AcDbEntity
  8
Top-Layer
  100
AcDbPolyline
  90
2
  70
0
  43
0.15000000000000002
  10
1.4141910083820168
  20
-2.8030022860045722
  10
1.9421869443738888
  20
-2.2750038100076204
  0
LWPOLYLINE
  5
1800
  100
AcDbEntity
  8
Top-Layer
  100
AcDbPolyline
  90
2
  70
0
  43
0.15000000000000002
  10
3.775006350012701
  20
-2.2750038100076204
  10
4.25000762001524
  20
-1.8000025400050803
  0
LWPOLYLINE
  5
1803
  100
AcDbEntity
  8
Top-Layer
  100
AcDbPolyline
  90
2
  70
0
  43
0.15000000000000002
  10
1.9421869443738888
  20
-2.2750038100076204
  10
3.775006350012701
  20
-2.2750038100076204
  0
LWPOLYLINE
  5
1804
  100
AcDbEntity
  8
Top-Layer
  100
AcDbPolyline
  90
2
  70
0
  43
0.15000000000000002
  10
4.25000762001524
  20
-1.8000025400050803
  10
4.25000762001524
  20
0.7750012700025402
  0
LWPOLYLINE
  5
1805
  100
AcDbEntity
  8
Top-Layer
  100
AcDbPolyline
  90
2
  70
0
  43
0.15000000000000002
  10
-5.150010160020321
  20
-3.213657607315215
  10
-6.4000127000254015
  20
-1.9636550673101347
  0
LWPOLYLINE
  5
1806
  100
AcDbEntity
  8
Top-Layer
  100
AcDbPolyline
  90
2
  70
0
  43
0.15000000000000002
  10
-4.8448539497078995
  20
-4.466327152654307
  10
-5.150010160020321
  20
-4.466327152654307
  0
LWPOLYLINE
  5
1807
  100
AcDbEntity
  8
Top-Layer
  100
AcDbPolyline
  90
2
  70
0
  43
0.15000000000000002
  10
-5.150010160020321
  20
-4.466327152654307
  10
-5.150010160020321
  20
-3.213657607315215
  0
LWPOLYLINE
  5
1808
  100
AcDbEntity
  8
Top-Layer
  100
AcDbPolyline
  90
2
  70
0
  43
0.15000000000000002
  10
1.7828194056388114
  20
-3.3000076200152404
  10
1.4270180340360683
  20
-3.6558089916179837
  0
LWPOLYLINE
  5
1809
  100
AcDbEntity
  8
Top-Layer
  100
AcDbPolyline
  90
2
  70
0
  43
0.15000000000000002
  10
1.4270180340360683
  20
-3.6558089916179837
  10
1.4270180340360683
  20
-3.6640360680721367
  0
LWPOLYLINE
  5
1810
  100
AcDbEntity
  8
Top-Layer
  100
AcDbPolyline
  90
2
  70
0
  43
0.15000000000000002
  10
-5.562512065024132
  20
2.470502921005842
  10
-4.87466598933198
  20
3.1583464566929136
  0
LWPOLYLINE
  5
1811
  100
AcDbEntity
  8
Top-Layer
  100
AcDbPolyline
  90
2
  70
0
  43
0.15000000000000002
  10
-3.9711557023114055
  20
2.5750038100076202
  10
-4.221158242316485
  20
2.3250038100076202
  0
LWPOLYLINE
  5
1812
  100
AcDbEntity
  8
Top-Layer
  100
AcDbPolyline
  90
2
  70
0
  43
0.15000000000000002
  10
-4.221158242316485
  20
2.3250038100076202
  10
-4.95001016002032
  20
2.3250038100076202
  0
LWPOLYLINE
  5
1813
  100
AcDbEntity
  8
Top-Layer
  100
AcDbPolyline
  90
2
  70
0
  43
0.15000000000000002
  10
-4.95001016002032
  20
2.3250038100076202
  10
-5.03236474472949
  20
2.2426517653035307
  0
LWPOLYLINE
  5
1814
  100
AcDbEntity
  8
Top-Layer
  100
AcDbPolyline
  90
2
  70
0
  43
0.15000000000000002
  10
-5.03236474472949
  20
2.2426517653035307
  10
-5.039037338074677
  20
2.2426517653035307
  0
LWPOLYLINE
  5
1815
  100
AcDbEntity
  8
Top-Layer
  100
AcDbPolyline
  90
2
  70
0
  43
0.15000000000000002
  10
-5.039037338074677
  20
2.2426517653035307
  10
-5.172014224028449
  20
2.109674879349759
  0
LWPOLYLINE
  5
1816
  100
AcDbEntity
  8
Top-Layer
  100
AcDbPolyline
  90
2
  70
0
  43
0.15000000000000002
  10
-5.172014224028449
  20
2.109674879349759
  10
-5.172014224028449
  20
2.103002286004572
  0
LWPOLYLINE
  5
1817
  100
AcDbEntity
  8
Top-Layer
  100
AcDbPolyline
  90
2
  70
0
  43
0.15000000000000002
  10
-5.22501143002286
  20
0.36718567437134875
  10
-4.757825755651512
  20
-0.1
  0
LWPOLYLINE
  5
1818
  100
AcDbEntity
  8
Top-Layer
  100
AcDbPolyline
  90
2
  70
0
  43
0.15000000000000002
  10
-5.172014224028449
  20
2.103002286004572
  10
-5.22501143002286
  20
2.05000508001016
  0
LWPOLYLINE
  5
1819
  100
AcDbEntity
  8
Top-Layer
  100
AcDbPolyline
  90
2
  70
0
  43
0.15000000000000002
  10
-5.22501143002286
  20
2.05000508001016
  10
-5.22501143002286
  20
0.36718567437134875
  0
LWPOLYLINE
  5
1820
  100
AcDbEntity
  8
Top-Layer
  100
AcDbPolyline
  90
2
  70
0
  43
0.15000000000000002
  10
0.3666598933197867
  20
3.1583464566929136
  10
2.8562814325628656
  20
3.1583464566929136
  0
LWPOLYLINE
  5
1821
  100
AcDbEntity
  8
Top-Layer
  100
AcDbPolyline
  90
2
  70
0
  43
0.15000000000000002
  10
2.8562814325628656
  20
3.1583464566929136
  10
3.6275539751079506
  20
3.929618999237999
  0
LWPOLYLINE
  5
1822
  100
AcDbEntity
  8
Top-Layer
  100
AcDbPolyline
  90
2
  70
0
  43
0.15000000000000002
  10
-3.7955372110744223
  20
3.1583464566929136
  10
-3.3797663195326395
  20
3.574119888239777
  0
LWPOLYLINE
  5
1823
  100
AcDbEntity
  8
Top-Layer
  100
AcDbPolyline
  90
2
  70
0
  43
0.15000000000000002
  10
-3.3797663195326395
  20
3.574119888239777
  10
-0.04748793497586996
  20
3.572496824993651
  0
LWPOLYLINE
  5
1824
  100
AcDbEntity
  8
Top-Layer
  100
AcDbPolyline
  90
2
  70
0
  43
0.15000000000000002
  10
-0.04748793497586996
  20
3.572496824993651
  10
0.3666598933197867
  20
3.1583464566929136
  0
LWPOLYLINE
  5
1825
  100
AcDbEntity
  8
Top-Layer
  100
AcDbPolyline
  90
2
  70
0
  43
0.2
  10
1.2729972059944121
  20
-0.15200660401320804
  10
0.24560579121158244
  20
-0.15200660401320804
  0
LWPOLYLINE
  5
1826
  100
AcDbEntity
  8
Top-Layer
  100
AcDbPolyline
  90
2
  70
0
  43
0.2
  10
1.2729972059944121
  20
-0.15200660401320804
  10
1.95000508001016
  20
0.5250012700025402
  0
LWPOLYLINE
  5
1827
  100
AcDbEntity
  8
Top-Layer
  100
AcDbPolyline
  90
2
  70
0
  43
0.2
  10
1.95000508001016
  20
0.5250012700025402
  10
1.95000508001016
  20
2.1750038100076203
  0
LWPOLYLINE
  5
1828
  100
AcDbEntity
  8
Top-Layer
  100
AcDbPolyline
  90
2
  70
0
  43
0.2
  10
1.95000508001016
  20
2.1750038100076203
  10
1.9250038100076203
  20
2.2000050800101603
  0
LWPOLYLINE
  5
1829
  100
AcDbEntity
  8
Top-Layer
  100
AcDbPolyline
  90
2
  70
0
  43
0.2
  10
-0.2451155702311405
  20
1.5250038100076202
  10
-0.2451155702311405
  20
0.33870713741427483
  0
LWPOLYLINE
  5
1830
  100
AcDbEntity
  8
Top-Layer
  100
AcDbPolyline
  90
2
  70
0
  43
0.2
  10
-0.2451155702311405
  20
0.33870713741427483
  10
0.24560579121158244
  20
-0.15200660401320804
  0
LWPOLYLINE
  5
1831
  100
AcDbEntity
  8
Top-Layer
  100
AcDbPolyline
  90
2
  70
0
  43
0.5
  10
5.20001016002032
  20
-5.4000101600203205
  10
6.2500127000254
  20
-4.350007620015241
  0
LWPOLYLINE
  5
1832
  100
AcDbEntity
  8
Top-Layer
  100
AcDbPolyline
  90
2
  70
0
  43
0.5
  10
6.2500127000254
  20
-4.350007620015241
  10
7.050012700025402
  20
-3.5500050800101604
  0
LWPOLYLINE
  5
1833
  100
AcDbEntity
  8
Top-Layer
  100
AcDbPolyline
  90
2
  70
0
  43
0.30000000000000004
  10
-1.3671856743713489
  20
1.57500381000762
  10
-1.2000025400050804
  20
1.742186944373889
  0
LWPOLYLINE
  5
1834
  100
AcDbEntity
  8
Top-Layer
  100
AcDbPolyline
  90
2
  70
0
  43
0.30000000000000004
  10
-1.2000025400050804
  20
1.742186944373889
  10
-1.2000025400050804
  20
2.2750038100076204
  0
LWPOLYLINE
  5
1835
  100
AcDbEntity
  8
Top-Layer
  100
AcDbPolyline
  90
2
  70
0
  43
0.30000000000000004
  10
-1.317185674371349
  20
0.4
  10
-1.317185674371349
  20
1.5250038100076202
  0
LWPOLYLINE
  5
1836
  100
AcDbEntity
  8
Top-Layer
  100
AcDbPolyline
  90
2
  70
0
  43
0.30000000000000004
  10
-1.317185674371349
  20
1.5250038100076202
  10
-1.3671856743713489
  20
1.57500381000762
  0
LWPOLYLINE
  5
1839
  100
AcDbEntity
  8
Top-Layer
  100
AcDbPolyline
  90
2
  70
0
  43
0.30000000000000004
  10
-3.925008890017781
  20
1.9250038100076203
  10
-4.482824485648972
  20
1.9250038100076203
  0
LWPOLYLINE
  5
1840
  100
AcDbEntity
  8
Top-Layer
  100
AcDbPolyline
  90
2
  70
0
  43
0.30000000000000004
  10
-4.482824485648972
  20
1.9250038100076203
  10
-4.67500889001778
  20
1.7328194056388115
  0
LWPOLYLINE
  5
1841
  100
AcDbEntity
  8
Top-Layer
  100
AcDbPolyline
  90
2
  70
0
  43
0.30000000000000004
  10
-2.1828194056388113
  20
0.4
  10
-2.7328219456438916
  20
0.9500025400050802
  0
LWPOLYLINE
  5
1842
  100
AcDbEntity
  8
Top-Layer
  100
AcDbPolyline
  90
2
  70
0
  43
0.30000000000000004
  10
-2.7328219456438916
  20
0.9500025400050802
  10
-3.3728854457708923
  20
0.9500025400050802
  0
LWPOLYLINE
  5
1843
  100
AcDbEntity
  8
Top-Layer
  100
AcDbPolyline
  90
2
  70
0
  43
0.30000000000000004
  10
-3.3728854457708923
  20
0.9500025400050802
  10
-3.925008890017781
  20
1.5021234442468887
  0
LWPOLYLINE
  5
1844
  100
AcDbEntity
  8
Top-Layer
  100
AcDbPolyline
  90
2
  70
0
  43
0.30000000000000004
  10
-3.925008890017781
  20
1.5021234442468887
  10
-3.925008890017781
  20
1.9250038100076203
  0
LWPOLYLINE
  5
1847
  100
AcDbEntity
  8
Top-Layer
  100
AcDbPolyline
  90
2
  70
0
  43
0.15000000000000002
  10
-3.50000762001524
  20
5.000010160020321
  10
-2.5011176022352046
  20
4.001120142240286
  0
LWPOLYLINE
  5
1848
  100
AcDbEntity
  8
Top-Layer
  100
AcDbPolyline
  90
2
  70
0
  43
0.15000000000000002
  10
-2.5011176022352046
  20
4.001120142240286
  10
-1.7500025400050803
  20
4.001120142240286
  0
LWPOLYLINE
  5
1849
  100
AcDbEntity
  8
Top-Layer
  100
AcDbPolyline
  90
2
  70
0
  43
0.30000000000000004
  10
-0.3250088900177801
  20
4.820132080264161
  10
0.07912369824739651
  20
4.416014732029464
  0
LWPOLYLINE
  5
1850
  100
AcDbEntity
  8
Top-Layer
  100
AcDbPolyline
  90
2
  70
0
  43
0.30000000000000004
  10
0.07912369824739651
  20
4.416014732029464
  10
0.133995427990856
  20
4.416014732029464
  0
LWPOLYLINE
  5
1851
  100
AcDbEntity
  8
Top-Layer
  100
AcDbPolyline
  90
2
  70
0
  43
0.30000000000000004
  10
0.133995427990856
  20
4.416014732029464
  10
0.7327914655829313
  20
3.817218694437389
  0
LWPOLYLINE
  5
1854
  100
AcDbEntity
  8
Top-Layer
  100
AcDbPolyline
  90
2
  70
0
  43
0.15000000000000002
  10
0.3721158242316485
  20
5.084272288544578
  10
1.5378562357124717
  20
6.2500127000254
  0
LWPOLYLINE
  5
1869
  100
AcDbEntity
  8
Top-Layer
  100
AcDbPolyline
  90
2
  70
0
  43
0.5
  10
5.157825755651512
  20
-7.6500152400304815
  10
5.157825755651512
  20
-6.525011430022861
  0
LWPOLYLINE
  5
1870
  100
AcDbEntity
  8
Top-Layer
  100
AcDbPolyline
  90
2
  70
0
  43
0.5
  10
5.157825755651512
  20
-6.525011430022861
  10
5.125011430022861
  20
-6.49219710439421
  0
LWPOLYLINE
  5
1871
  100
AcDbEntity
  8
Top-Layer
  100
AcDbPolyline
  90
2
  70
0
  43
0.38000000000000006
  10
2.7499110998222
  20
-8.327965455930913
  10
3.427861315722632
  20
-7.6500152400304815
  0
LWPOLYLINE
  5
1872
  100
AcDbEntity
  8
Top-Layer
  100
AcDbPolyline
  90
2
  70
0
  43
0.38000000000000006
  10
3.427861315722632
  20
-7.6500152400304815
  10
4.2921920243840495
  20
-7.6500152400304815
  0
LWPOLYLINE
  5
1873
  100
AcDbEntity
  8
Top-Layer
  100
AcDbPolyline
  90
2
  70
0
  43
0.5
  10
5.125011430022861
  20
-6.49219710439421
  10
5.125011430022861
  20
-5.4000101600203205
  0
LWPOLYLINE
  5
1874
  100
AcDbEntity
  8
Top-Layer
  100
AcDbPolyline
  90
2
  70
0
  43
0.38000000000000006
  10
4.259377698755398
  20
-6.49219710439421
  10
4.259377698755398
  20
-5.609380238760478
  0
LWPOLYLINE
  5
1875
  100
AcDbEntity
  8
Top-Layer
  100
AcDbPolyline
  90
2
  70
0
  43
0.30000000000000004
  10
3.3211353822707643
  20
-3.891325882651766
  10
4.876471932943867
  20
-3.891325882651766
  0
LWPOLYLINE
  5
1876
  100
AcDbEntity
  8
Top-Layer
  100
AcDbPolyline
  90
2
  70
0
  43
0.30000000000000004
  10
2.47500381000762
  20
-5.55001016002032
  10
2.47500381000762
  20
-4.73745745491491
  0
LWPOLYLINE
  5
1877
  100
AcDbEntity
  8
Top-Layer
  100
AcDbPolyline
  90
2
  70
0
  43
0.30000000000000004
  10
2.47500381000762
  20
-4.73745745491491
  10
3.3211353822707643
  20
-3.891325882651766
  0
LWPOLYLINE
  5
1881
  100
AcDbEntity
  8
Top-Layer
  100
AcDbPolyline
  90
2
  70
0
  43
0.15000000000000002
  10
-4.008348996697993
  20
-3.574663449326899
  10
-4.008348996697993
  20
-2.320535941071882
  0
LWPOLYLINE
  5
1882
  100
AcDbEntity
  8
Top-Layer
  100
AcDbPolyline
  90
2
  70
0
  43
0.15000000000000002
  10
-4.008348996697993
  20
-2.320535941071882
  10
-5.562512065024132
  20
-0.7663728727457456
  0
LWPOLYLINE
  5
1883
  100
AcDbEntity
  8
Top-Layer
  100
AcDbPolyline
  90
2
  70
0
  43
0.15000000000000002
  10
-5.562512065024132
  20
-0.7663728727457456
  10
-5.562512065024132
  20
2.470502921005842
  0
LWPOLYLINE
  5
1886
  100
AcDbEntity
  8
Top-Layer
  100
AcDbPolyline
  90
2
  70
0
  43
0.15000000000000002
  10
-5.074665989331979
  20
-2.5083464566929137
  10
-5.074665989331979
  20
-1.9670053340106683
  0
LWPOLYLINE
  5
1887
  100
AcDbEntity
  8
Top-Layer
  100
AcDbPolyline
  90
2
  70
0
  43
0.15000000000000002
  10
4.464058928117857
  20
4.821282702565405
  10
3.0353314706629417
  20
6.2500127000254
  0
LWPOLYLINE
  5
1888
  100
AcDbEntity
  8
Top-Layer
  100
AcDbPolyline
  90
2
  70
0
  43
0.15000000000000002
  10
1.8000050800101604
  20
5.532827025654052
  10
2.464381508763018
  20
6.1972034544069095
  0
LWPOLYLINE
  5
1889
  100
AcDbEntity
  8
Top-Layer
  100
AcDbPolyline
  90
2
  70
0
  43
0.15000000000000002
  10
2.464381508763018
  20
6.1972034544069095
  10
2.464381508763018
  20
6.2500127000254
  0
LWPOLYLINE
  5
1890
  100
AcDbEntity
  8
Top-Layer
  100
AcDbPolyline
  90
2
  70
0
  43
0.15000000000000002
  10
1.5378562357124717
  20
6.2500127000254
  10
2.464381508763018
  20
6.2500127000254
  0
LWPOLYLINE
  5
1891
  100
AcDbEntity
  8
Top-Layer
  100
AcDbPolyline
  90
2
  70
0
  43
0.15000000000000002
  10
2.464381508763018
  20
6.2500127000254
  10
3.0353314706629417
  20
6.2500127000254
  0
LWPOLYLINE
  5
1892
  100
AcDbEntity
  8
Top-Layer
  100
AcDbPolyline
  90
2
  70
0
  43
0.15000000000000002
  10
-5.975011430022861
  20
-1.0666573533147068
  10
-5.975011430022861
  20
2.8386588773177546
  0
LWPOLYLINE
  5
1893
  100
AcDbEntity
  8
Top-Layer
  100
AcDbPolyline
  90
2
  70
0
  43
0.15000000000000002
  10
-5.975011430022861
  20
2.8386588773177546
  10
-4.915664211328423
  20
3.898006096012192
  0
LWPOLYLINE
  5
1897
  100
AcDbEntity
  8
Top-Layer
  100
AcDbPolyline
  90
2
  70
0
  43
0.15000000000000002
  10
-5.074665989331979
  20
-1.9670053340106683
  10
-5.975011430022861
  20
-1.0666573533147068
  0
LWPOLYLINE
  5
1898
  100
AcDbEntity
  8
Top-Layer
  100
AcDbPolyline
  90
2
  70
0
  43
0.30000000000000004
  10
1.9250038100076203
  20
-1.2500025400050803
  10
1.9250038100076203
  20
-0.25
  0
LWPOLYLINE
  5
1899
  100
AcDbEntity
  8
Top-Layer
  100
AcDbPolyline
  90
2
  70
0
  43
0.30000000000000004
  10
0.7500025400050802
  20
-1.89999745999492
  10
1.27500889001778
  20
-1.89999745999492
  0
LWPOLYLINE
  5
1900
  100
AcDbEntity
  8
Top-Layer
  100
AcDbPolyline
  90
2
  70
0
  43
0.30000000000000004
  10
1.27500889001778
  20
-1.89999745999492
  10
1.9250038100076203
  20
-1.2500025400050803
  0
LWPOLYLINE
  5
1901
  100
AcDbEntity
  8
Top-Layer
  100
AcDbPolyline
  90
2
  70
0
  43
0.30000000000000004
  10
1.7499110998221998
  20
-8.327965455930913
  10
1.7499110998221998
  20
-6.700106680213362
  0
LWPOLYLINE
  5
1902
  100
AcDbEntity
  8
Top-Layer
  100
AcDbPolyline
  90
2
  70
0
  43
0.30000000000000004
  10
1.7499110998221998
  20
-6.700106680213362
  10
2.12500381000762
  20
-6.325013970027942
  0
LWPOLYLINE
  5
1903
  100
AcDbEntity
  8
Top-Layer
  100
AcDbPolyline
  90
2
  70
0
  43
0.30000000000000004
  10
2.2500381000762
  20
-8.327965455930913
  10
2.2500381000762
  20
-7.4999847599695215
  0
LWPOLYLINE
  5
1904
  100
AcDbEntity
  8
Top-Layer
  100
AcDbPolyline
  90
2
  70
0
  43
0.30000000000000004
  10
2.2500381000762
  20
-7.4999847599695215
  10
4.20000762001524
  20
-5.55001016002032
  0
LWPOLYLINE
  5
1905
  100
AcDbEntity
  8
Top-Layer
  100
AcDbPolyline
  90
2
  70
0
  43
0.30000000000000004
  10
4.275008890017781
  20
-5.47500889001778
  10
4.275008890017781
  20
-4.395328930657861
  0
LWPOLYLINE
  5
1906
  100
AcDbEntity
  8
Top-Layer
  100
AcDbPolyline
  90
2
  70
0
  43
0.30000000000000004
  10
-2.1750038100076203
  20
-1.9750038100076202
  10
-1.9250038100076203
  20
-2.2250038100076206
  0
LWPOLYLINE
  5
1907
  100
AcDbEntity
  8
Top-Layer
  100
AcDbPolyline
  90
2
  70
0
  43
0.30000000000000004
  10
-1.9250038100076203
  20
-2.2250038100076206
  10
-1.9250038100076203
  20
-3.0499974599949202
  0
LWPOLYLINE
  5
1908
  100
AcDbEntity
  8
Top-Layer
  100
AcDbPolyline
  90
2
  70
0
  43
0.15000000000000002
  10
-3.756347472694946
  20
-1.8186614173228348
  10
-4.60001016002032
  20
-0.9750012700025402
  0
LWPOLYLINE
  5
1909
  100
AcDbEntity
  8
Top-Layer
  100
AcDbPolyline
  90
2
  70
0
  43
0.30000000000000004
  10
-1.2750165100330204
  20
-3.0499974599949202
  10
-0.39999745999492003
  20
-3.0499974599949202
  0
LWPOLYLINE
  5
1910
  100
AcDbEntity
  8
Top-Layer
  100
AcDbPolyline
  90
2
  70
0
  43
0.30000000000000004
  10
-0.39999745999492003
  20
-3.0499974599949202
  10
0.7500025400050802
  20
-1.89999745999492
  0
LWPOLYLINE
  5
1911
  100
AcDbEntity
  8
Top-Layer
  100
AcDbPolyline
  90
2
  70
0
  43
0.30000000000000004
  10
0.09980187960375922
  20
-0.5040055880111761
  10
-0.004201168402336805
  20
-0.4
  0
LWPOLYLINE
  5
1912
  100
AcDbEntity
  8
Top-Layer
  100
AcDbPolyline
  90
2
  70
0
  43
0.30000000000000004
  10
1.9250038100076203
  20
-0.25
  10
1.670998221996444
  20
-0.5040055880111761
  0
LWPOLYLINE
  5
1913
  100
AcDbEntity
  8
Top-Layer
  100
AcDbPolyline
  90
2
  70
0
  43
0.30000000000000004
  10
1.670998221996444
  20
-0.5040055880111761
  10
0.09980187960375922
  20
-0.5040055880111761
  0
LWPOLYLINE
  5
1914
  100
AcDbEntity
  8
Top-Layer
  100
AcDbPolyline
  90
2
  70
0
  43
0.30000000000000004
  10
-3.5921920243840493
  20
-0.4
  10
-3.8921920243840495
  20
-0.1
  0
LWPOLYLINE
  5
1915
  100
AcDbEntity
  8
Top-Layer
  100
AcDbPolyline
  90
2
  70
0
  43
0.30000000000000004
  10
-0.004201168402336805
  20
-0.4
  10
-3.5921920243840493
  20
-0.4
  0
LWPOLYLINE
  5
1916
  100
AcDbEntity
  8
Top-Layer
  100
AcDbPolyline
  90
2
  70
0
  43
0.15000000000000002
  10
1.4270180340360683
  20
-3.6640360680721367
  10
1.1430454660909322
  20
-3.9480060960121923
  0
LWPOLYLINE
  5
1917
  100
AcDbEntity
  8
Top-Layer
  100
AcDbPolyline
  90
2
  70
0
  43
0.15000000000000002
  10
1.1430454660909322
  20
-3.9480060960121923
  10
-2.741846583693168
  20
-3.9480060960121923
  0
LWPOLYLINE
  5
1918
  100
AcDbEntity
  8
Top-Layer
  100
AcDbPolyline
  90
2
  70
0
  43
0.15000000000000002
  10
-2.741846583693168
  20
-3.9480060960121923
  10
-3.756347472694946
  20
-2.933505207010414
  0
LWPOLYLINE
  5
1919
  100
AcDbEntity
  8
Top-Layer
  100
AcDbPolyline
  90
2
  70
0
  43
0.15000000000000002
  10
-3.756347472694946
  20
-2.933505207010414
  10
-3.756347472694946
  20
-1.8186614173228348
  0
LWPOLYLINE
  5
1920
  100
AcDbEntity
  8
Top-Layer
  100
AcDbPolyline
  90
2
  70
0
  43
0.30000000000000004
  10
-1.2750165100330204
  20
-3.496022352044704
  10
-1.4000025400050802
  20
-3.6210083820167647
  0
LWPOLYLINE
  5
1921
  100
AcDbEntity
  8
Top-Layer
  100
AcDbPolyline
  90
2
  70
0
  43
0.30000000000000004
  10
-1.4000025400050802
  20
-3.6210083820167647
  10
-2.525003810007621
  20
-3.6210083820167647
  0
LWPOLYLINE
  5
1922
  100
AcDbEntity
  8
Top-Layer
  100
AcDbPolyline
  90
2
  70
0
  43
0.30000000000000004
  10
-2.525003810007621
  20
-3.6210083820167647
  10
-3.335506731013463
  20
-2.810505461010923
  0
LWPOLYLINE
  5
1923
  100
AcDbEntity
  8
Top-Layer
  100
AcDbPolyline
  90
2
  70
0
  43
0.30000000000000004
  10
-3.335506731013463
  20
-2.810505461010923
  10
-3.335506731013463
  20
-1.6500025400050802
  0
LWPOLYLINE
  5
1924
  100
AcDbEntity
  8
Top-Layer
  100
AcDbPolyline
  90
2
  70
0
  43
0.30000000000000004
  10
-3.8921920243840495
  20
-1.0933172466344934
  10
-3.8921920243840495
  20
-0.1
  0
LWPOLYLINE
  5
1925
  100
AcDbEntity
  8
Top-Layer
  100
AcDbPolyline
  90
2
  70
0
  43
0.30000000000000004
  10
-1.2750165100330204
  20
-2.9499974599949206
  10
-1.2750165100330204
  20
-3.0499974599949202
  0
LWPOLYLINE
  5
1926
  100
AcDbEntity
  8
Top-Layer
  100
AcDbPolyline
  90
2
  70
0
  43
0.30000000000000004
  10
-1.2750165100330204
  20
-3.0499974599949202
  10
-1.2750165100330204
  20
-3.496022352044704
  0
LWPOLYLINE
  5
1927
  100
AcDbEntity
  8
Top-Layer
  100
AcDbPolyline
  90
2
  70
0
  43
0.30000000000000004
  10
-3.335506731013463
  20
-1.6500025400050802
  10
-3.8921920243840495
  20
-1.0933172466344934
  0
LWPOLYLINE
  5
1928
  100
AcDbEntity
  8
Top-Layer
  100
AcDbPolyline
  90
2
  70
0
  43
0.30000000000000004
  10
-1.4750038100076204
  20
-1.0548869697739398
  10
-0.4701244602489206
  20
-1.0548869697739398
  0
LWPOLYLINE
  5
1929
  100
AcDbEntity
  8
Top-Layer
  100
AcDbPolyline
  90
2
  70
0
  43
0.30000000000000004
  10
-0.4701244602489206
  20
-1.0548869697739398
  10
-0.32500127000254
  20
-1.2000101600203201
  0
HATCH
  5
1931
  100
AcDbEntity
  8
Top-Layer
  100
AcDbHatch
  10
0
  20
0
  30
0
  210
0
  220
0
  230
1
  2
SOLID
  70
1
  71
0
  91
1
  92
7
  72
1
  73
1
  93
2
  10
-3.4500076200152408
  20
-5.525011430022861
  42
1
  10
-2.9500076200152408
  20
-5.525011430022861
  42
1
  97
1
  330
1930
  75
0
  76
1
  47
0.8681437583925616
  98
1
  10
3.629517071192367
  20
33.92795499968543
  450
0
  451
0
  460
0
  461
0
  452
1
  462
1
  453
2
  463
0
  63
5
  421
255
  463
1
  63
7
  421
16777215
  470
LINEAR
  1001
ACAD
  1010
0
  1020
0
  1030
0
  0
LWPOLYLINE
  5
1932
  100
AcDbEntity
  8
Top-Layer
  100
AcDbPolyline
  90
4
  70
0
  43
0
  10
-3.4500076200152403
  20
-5.525011429754134
  42
1
  10
-2.9500076200152408
  20
-5.525011430165553
  10
-2.9500076200152408
  20
-5.525011430291587
  42
1
  10
-3.4500076200152403
  20
-5.525011429880167
  0
HATCH
  5
1940
  100
AcDbEntity
  8
Top-Layer
  100
AcDbHatch
  10
0
  20
0
  30
0
  210
0
  220
0
  230
1
  2
SOLID
  70
1
  71
0
  91
1
  92
7
  72
1
  73
1
  93
2
  10
-2.4750038100076206
  20
-5.55001016002032
  42
1
  10
-1.9750038100076206
  20
-5.55001016002032
  42
1
  97
1
  330
1939
  75
0
  76
1
  47
0.8681437583925616
  98
1
  10
3.629517071192367
  20
33.92795499968543
  450
0
  451
0
  460
0
  461
0
  452
1
  462
1
  453
2
  463
0
  63
5
  421
255
  463
1
  63
7
  421
16777215
  470
LINEAR
  1001
ACAD
  1010
0
  1020
0
  1030
0
  0
LWPOLYLINE
  5
1941
  100
AcDbEntity
  8
Top-Layer
  100
AcDbPolyline
  90
4
  70
0
  43
0
  10
-2.47500381000762
  20
-5.550010159900142
  42
1
  10
-1.9750038100076206
  20
-5.550010159900142
  10
-1.9750038100076206
  20
-5.550010160140498
  42
1
  10
-2.47500381000762
  20
-5.550010160140498
  0
HATCH
  5
1949
  100
AcDbEntity
  8
Top-Layer
  100
AcDbHatch
  10
0
  20
0
  30
0
  210
0
  220
0
  230
1
  2
SOLID
  70
1
  71
0
  91
1
  92
7
  72
1
  73
1
  93
2
  10
-1.4250012700025403
  20
-5.575011430022861
  42
1
  10
-0.9250012700025403
  20
-5.575011430022861
  42
1
  97
1
  330
1948
  75
0
  76
1
  47
0.8681437583925616
  98
1
  10
3.629517071192367
  20
33.92795499968543
  450
0
  451
0
  460
0
  461
0
  452
1
  462
1
  453
2
  463
0
  63
5
  421
255
  463
1
  63
7
  421
16777215
  470
LINEAR
  1001
ACAD
  1010
0
  1020
0
  1030
0
  0
LWPOLYLINE
  5
1950
  100
AcDbEntity
  8
Top-Layer
  100
AcDbPolyline
  90
2
  70
1
  43
0
  10
-1.4250012700025403
  20
-5.575011430022861
  42
1
  10
-0.9250012700025402
  20
-5.575011430022861
  42
1
  0
HATCH
  5
1958
  100
AcDbEntity
  8
Top-Layer
  100
AcDbHatch
  10
0
  20
0
  30
0
  210
0
  220
0
  230
1
  2
SOLID
  70
1
  71
0
  91
1
  92
7
  72
1
  73
1
  93
2
  10
-0.45
  20
-5.600010160020321
  42
1
  10
0.04999999999999999
  20
-5.600010160020321
  42
1
  97
1
  330
1957
  75
0
  76
1
  47
0.8681437583925616
  98
1
  10
3.629517071192367
  20
33.92795499968543
  450
0
  451
0
  460
0
  461
0
  452
1
  462
1
  453
2
  463
0
  63
5
  421
255
  463
1
  63
7
  421
16777215
  470
LINEAR
  1001
ACAD
  1010
0
  1020
0
  1030
0
  0
LWPOLYLINE
  5
1959
  100
AcDbEntity
  8
Top-Layer
  100
AcDbPolyline
  90
2
  70
1
  43
0
  10
-0.45000000000000007
  20
-5.600010160020321
  42
1
  10
0.049999999999999996
  20
-5.600010160020321
  42
1
  0
HATCH
  5
1967
  100
AcDbEntity
  8
Top-Layer
  100
AcDbHatch
  10
0
  20
0
  30
0
  210
0
  220
0
  230
1
  2
SOLID
  70
1
  71
0
  91
1
  92
7
  72
1
  73
1
  93
2
  10
0.4500025400050801
  20
-5.600010160020321
  42
1
  10
0.9500025400050801
  20
-5.600010160020321
  42
1
  97
1
  330
1966
  75
0
  76
1
  47
0.8681437583925616
  98
1
  10
3.629517071192367
  20
33.92795499968543
  450
0
  451
0
  460
0
  461
0
  452
1
  462
1
  453
2
  463
0
  63
5
  421
255
  463
1
  63
7
  421
16777215
  470
LINEAR
  1001
ACAD
  1010
0
  1020
0
  1030
0
  0
LWPOLYLINE
  5
1968
  100
AcDbEntity
  8
Top-Layer
  100
AcDbPolyline
  90
4
  70
0
  43
0
  10
0.4500025400050801
  20
-5.600010159900143
  42
1
  10
0.9500025400050801
  20
-5.600010159900143
  10
0.9500025400050801
  20
-5.600010160140498
  42
1
  10
0.4500025400050801
  20
-5.600010160140498
  0
HATCH
  5
1976
  100
AcDbEntity
  8
Top-Layer
  100
AcDbHatch
  10
0
  20
0
  30
0
  210
0
  220
0
  230
1
  2
SOLID
  70
1
  71
0
  91
1
  92
7
  72
1
  73
1
  93
2
  10
1.3750038100076203
  20
-5.575011430022861
  42
1
  10
1.8750038100076203
  20
-5.575011430022861
  42
1
  97
1
  330
1975
  75
0
  76
1
  47
0.8681437583925616
  98
1
  10
3.629517071192367
  20
33.92795499968543
  450
0
  451
0
  460
0
  461
0
  452
1
  462
1
  453
2
  463
0
  63
5
  421
255
  463
1
  63
7
  421
16777215
  470
LINEAR
  1001
ACAD
  1010
0
  1020
0
  1030
0
  0
LWPOLYLINE
  5
1977
  100
AcDbEntity
  8
Top-Layer
  100
AcDbPolyline
  90
2
  70
1
  43
0
  10
1.37500381000762
  20
-5.575011430022861
  42
1
  10
1.8750038100076203
  20
-5.575011430022861
  42
1
  0
HATCH
  5
1985
  100
AcDbEntity
  8
Top-Layer
  100
AcDbHatch
  10
0
  20
0
  30
0
  210
0
  220
0
  230
1
  2
SOLID
  70
1
  71
0
  91
1
  92
7
  72
1
  73
1
  93
2
  10
2.22500381000762
  20
-5.55001016002032
  42
1
  10
2.72500381000762
  20
-5.55001016002032
  42
1
  97
1
  330
1984
  75
0
  76
1
  47
0.8681437583925616
  98
1
  10
3.629517071192367
  20
33.92795499968543
  450
0
  451
0
  460
0
  461
0
  452
1
  462
1
  453
2
  463
0
  63
5
  421
255
  463
1
  63
7
  421
16777215
  470
LINEAR
  1001
ACAD
  1010
0
  1020
0
  1030
0
  0
LWPOLYLINE
  5
1986
  100
AcDbEntity
  8
Top-Layer
  100
AcDbPolyline
  90
4
  70
0
  43
0
  10
2.2250038100076206
  20
-5.550010159751594
  42
1
  10
2.72500381000762
  20
-5.550010160163012
  10
2.72500381000762
  20
-5.550010160289046
  42
1
  10
2.2250038100076206
  20
-5.550010159877627
  0
HATCH
  5
1994
  100
AcDbEntity
  8
Top-Layer
  100
AcDbHatch
  10
0
  20
0
  30
0
  210
0
  220
0
  230
1
  2
SOLID
  70
1
  71
0
  91
1
  92
7
  72
1
  73
1
  93
2
  10
3.0500076200152404
  20
-5.600010160020321
  42
1
  10
3.5500076200152404
  20
-5.600010160020321
  42
1
  97
1
  330
1993
  75
0
  76
1
  47
0.8681437583925616
  98
1
  10
3.629517071192367
  20
33.92795499968543
  450
0
  451
0
  460
0
  461
0
  452
1
  462
1
  453
2
  463
0
  63
5
  421
255
  463
1
  63
7
  421
16777215
  470
LINEAR
  1001
ACAD
  1010
0
  1020
0
  1030
0
  0
LWPOLYLINE
  5
1995
  100
AcDbEntity
  8
Top-Layer
  100
AcDbPolyline
  90
4
  70
0
  43
0
  10
3.0500076200152404
  20
-5.600010159751593
  42
1
  10
3.5500076200152404
  20
-5.600010160163013
  10
3.5500076200152404
  20
-5.600010160289047
  42
1
  10
3.0500076200152404
  20
-5.600010159877627
  0
HATCH
  5
2003
  100
AcDbEntity
  8
Top-Layer
  100
AcDbHatch
  10
0
  20
0
  30
0
  210
0
  220
0
  230
1
  2
SOLID
  70
1
  71
0
  91
1
  92
7
  72
1
  73
1
  93
2
  10
3.9500076200152403
  20
-5.55001016002032
  42
1
  10
4.45000762001524
  20
-5.55001016002032
  42
1
  97
1
  330
2002
  75
0
  76
1
  47
0.8681437583925616
  98
1
  10
3.629517071192367
  20
33.92795499968543
  450
0
  451
0
  460
0
  461
0
  452
1
  462
1
  453
2
  463
0
  63
5
  421
255
  463
1
  63
7
  421
16777215
  470
LINEAR
  1001
ACAD
  1010
0
  1020
0
  1030
0
  0
LWPOLYLINE
  5
2004
  100
AcDbEntity
  8
Top-Layer
  100
AcDbPolyline
  90
4
  70
0
  43
0
  10
3.9500076200152403
  20
-5.550010159751594
  42
1
  10
4.45000762001524
  20
-5.550010160163012
  10
4.45000762001524
  20
-5.550010160289046
  42
1
  10
3.9500076200152403
  20
-5.550010159877627
  0
HATCH
  5
2012
  100
AcDbEntity
  8
Top-Layer
  100
AcDbHatch
  10
0
  20
0
  30
0
  210
0
  220
0
  230
1
  2
SOLID
  70
1
  71
0
  91
1
  92
7
  72
0
  73
1
  93
4
  10
-0.8201193802387604
  20
5.020012700025401
  10
-0.8201193802387606
  20
4.480007620015241
  10
-1.3201193802387605
  20
4.480007620015241
  10
-1.3201193802387605
  20
5.020012700025401
  97
1
  330
2011
  75
0
  76
1
  47
0.4128176842155181
  98
1
  10
34.90568961886538
  20
22.81183545379326
  450
0
  451
0
  460
0
  461
0
  452
1
  462
1
  453
2
  463
0
  63
5
  421
255
  463
1
  63
7
  421
16777215
  470
LINEAR
  1001
ACAD
  1010
0
  1020
0
  1030
0
  0
LWPOLYLINE
  5
2011
  100
AcDbEntity
  8
Top-Layer
  100
AcDbPolyline
  90
4
  70
1
  43
0
  10
-0.8201193802387604
  20
5.020012700025401
  10
-0.8201193802387606
  20
4.480007620015241
  10
-1.3201193802387605
  20
4.480007620015241
  10
-1.3201193802387605
  20
5.020012700025401
  0
HATCH
  5
2018
  100
AcDbEntity
  8
Top-Layer
  100
AcDbHatch
  10
0
  20
0
  30
0
  210
0
  220
0
  230
1
  2
SOLID
  70
1
  71
0
  91
1
  92
7
  72
0
  73
1
  93
4
  10
0.020114300228600484
  20
5.020012700025401
  10
0.02011430022860043
  20
4.480007620015241
  10
-0.47988569977139955
  20
4.480007620015241
  10
-0.4798856997713995
  20
5.020012700025401
  97
1
  330
2017
  75
0
  76
1
  47
0.4128176842155181
  98
1
  10
34.90568961886538
  20
22.81183545379326
  450
0
  451
0
  460
0
  461
0
  452
1
  462
1
  453
2
  463
0
  63
5
  421
255
  463
1
  63
7
  421
16777215
  470
LINEAR
  1001
ACAD
  1010
0
  1020
0
  1030
0
  0
LWPOLYLINE
  5
2017
  100
AcDbEntity
  8
Top-Layer
  100
AcDbPolyline
  90
4
  70
1
  43
0
  10
0.020114300228600484
  20
5.020012700025401
  10
0.02011430022860043
  20
4.480007620015241
  10
-0.47988569977139955
  20
4.480007620015241
  10
-0.4798856997713995
  20
5.020012700025401
  0
HATCH
  5
2024
  100
AcDbEntity
  8
Top-Layer
  100
AcDbHatch
  10
0
  20
0
  30
0
  210
0
  220
0
  230
1
  2
SOLID
  70
1
  71
0
  91
1
  92
7
  72
0
  73
1
  93
4
  10
-1.7450063500127007
  20
-1.6451206502413007
  10
-1.20500127000254
  20
-1.645120650241301
  10
-1.2050012700025403
  20
-2.145120650241301
  10
-1.7450063500127007
  20
-2.145120650241301
  97
1
  330
2023
  75
0
  76
1
  47
0.4128176842155181
  98
1
  10
34.90568961886538
  20
22.81183545379326
  450
0
  451
0
  460
0
  461
0
  452
1
  462
1
  453
2
  463
0
  63
5
  421
255
  463
1
  63
7
  421
16777215
  470
LINEAR
  1001
ACAD
  1010
0
  1020
0
  1030
0
  0
LWPOLYLINE
  5
2023
  100
AcDbEntity
  8
Top-Layer
  100
AcDbPolyline
  90
4
  70
1
  43
0
  10
-1.7450063500127007
  20
-1.6451206502413007
  10
-1.20500127000254
  20
-1.645120650241301
  10
-1.2050012700025403
  20
-2.145120650241301
  10
-1.7450063500127007
  20
-2.145120650241301
  0
HATCH
  5
2030
  100
AcDbEntity
  8
Top-Layer
  100
AcDbHatch
  10
0
  20
0
  30
0
  210
0
  220
0
  230
1
  2
SOLID
  70
1
  71
0
  91
1
  92
7
  72
0
  73
1
  93
4
  10
-1.7450063500127004
  20
-0.8048869697739397
  10
-1.20500127000254
  20
-0.8048869697739399
  10
-1.2050012700025405
  20
-1.3048869697739403
  10
-1.7450063500127007
  20
-1.30488696977394
  97
1
  330
2029
  75
0
  76
1
  47
0.4128176842155181
  98
1
  10
34.90568961886538
  20
22.81183545379326
  450
0
  451
0
  460
0
  461
0
  452
1
  462
1
  453
2
  463
0
  63
5
  421
255
  463
1
  63
7
  421
16777215
  470
LINEAR
  1001
ACAD
  1010
0
  1020
0
  1030
0
  0
LWPOLYLINE
  5
2029
  100
AcDbEntity
  8
Top-Layer
  100
AcDbPolyline
  90
4
  70
1
  43
0
  10
-1.7450063500127004
  20
-0.8048869697739397
  10
-1.20500127000254
  20
-0.8048869697739399
  10
-1.2050012700025405
  20
-1.3048869697739403
  10
-1.7450063500127007
  20
-1.30488696977394
  0
HATCH
  5
2036
  100
AcDbEntity
  8
Top-Layer
  100
AcDbHatch
  10
0
  20
0
  30
0
  210
0
  220
0
  230
1
  2
SOLID
  70
1
  71
0
  91
1
  92
7
  72
0
  73
1
  93
4
  10
-0.7999898399796801
  20
6.2000177800355605
  10
-0.7999898399796801
  20
5.650005080010161
  10
-1.1500025400050802
  20
5.650005080010161
  10
-1.15000254000508
  20
6.2000177800355605
  97
1
  330
2035
  75
0
  76
1
  47
0.4128176842155181
  98
1
  10
34.90568961886538
  20
22.81183545379326
  450
0
  451
0
  460
0
  461
0
  452
1
  462
1
  453
2
  463
0
  63
5
  421
255
  463
1
  63
7
  421
16777215
  470
LINEAR
  1001
ACAD
  1010
0
  1020
0
  1030
0
  0
LWPOLYLINE
  5
2035
  100
AcDbEntity
  8
Top-Layer
  100
AcDbPolyline
  90
4
  70
1
  43
0
  10
-0.7999898399796801
  20
6.2000177800355605
  10
-0.7999898399796801
  20
5.650005080010161
  10
-1.1500025400050802
  20
5.650005080010161
  10
-1.15000254000508
  20
6.2000177800355605
  0
HATCH
  5
2042
  100
AcDbEntity
  8
Top-Layer
  100
AcDbHatch
  10
0
  20
0
  30
0
  210
0
  220
0
  230
1
  2
SOLID
  70
1
  71
0
  91
1
  92
7
  72
0
  73
1
  93
4
  10
-0.1500025400050799
  20
6.2000177800355605
  10
-0.15000254000507995
  20
5.650005080010161
  10
-0.50001524003048
  20
5.650005080010161
  10
-0.50001524003048
  20
6.2000177800355605
  97
1
  330
2041
  75
0
  76
1
  47
0.4128176842155181
  98
1
  10
34.90568961886538
  20
22.81183545379326
  450
0
  451
0
  460
0
  461
0
  452
1
  462
1
  453
2
  463
0
  63
5
  421
255
  463
1
  63
7
  421
16777215
  470
LINEAR
  1001
ACAD
  1010
0
  1020
0
  1030
0
  0
LWPOLYLINE
  5
2041
  100
AcDbEntity
  8
Top-Layer
  100
AcDbPolyline
  90
4
  70
1
  43
0
  10
-0.1500025400050799
  20
6.2000177800355605
  10
-0.15000254000507995
  20
5.650005080010161
  10
-0.50001524003048
  20
5.650005080010161
  10
-0.50001524003048
  20
6.2000177800355605
  0
HATCH
  5
2048
  100
AcDbEntity
  8
Top-Layer
  100
AcDbHatch
  10
0
  20
0
  30
0
  210
0
  220
0
  230
1
  2
SOLID
  70
1
  71
0
  91
1
  92
7
  72
0
  73
1
  93
4
  10
-0.6000076200152407
  20
-1.6749911099822203
  10
-0.049994919989840056
  20
-1.6749911099822206
  10
-0.049994919989840285
  20
-2.0250038100076204
  10
-0.6000076200152407
  20
-2.0250038100076204
  97
1
  330
2047
  75
0
  76
1
  47
0.4128176842155181
  98
1
  10
34.90568961886538
  20
22.81183545379326
  450
0
  451
0
  460
0
  461
0
  452
1
  462
1
  453
2
  463
0
  63
5
  421
255
  463
1
  63
7
  421
16777215
  470
LINEAR
  1001
ACAD
  1010
0
  1020
0
  1030
0
  0
LWPOLYLINE
  5
2047
  100
AcDbEntity
  8
Top-Layer
  100
AcDbPolyline
  90
4
  70
1
  43
0
  10
-0.6000076200152407
  20
-1.6749911099822203
  10
-0.049994919989840056
  20
-1.6749911099822206
  10
-0.049994919989840285
  20
-2.0250038100076204
  10
-0.6000076200152407
  20
-2.0250038100076204
  0
HATCH
  5
2054
  100
AcDbEntity
  8
Top-Layer
  100
AcDbHatch
  10
0
  20
0
  30
0
  210
0
  220
0
  230
1
  2
SOLID
  70
1
  71
0
  91
1
  92
7
  72
0
  73
1
  93
4
  10
-0.60000762001524
  20
-1.02500381000762
  10
-0.049994919989839834
  20
-1.02500381000762
  10
-0.049994919989839945
  20
-1.37501651003302
  10
-0.6000076200152402
  20
-1.3750165100330198
  97
1
  330
2053
  75
0
  76
1
  47
0.4128176842155181
  98
1
  10
34.90568961886538
  20
22.81183545379326
  450
0
  451
0
  460
0
  461
0
  452
1
  462
1
  453
2
  463
0
  63
5
  421
255
  463
1
  63
7
  421
16777215
  470
LINEAR
  1001
ACAD
  1010
0
  1020
0
  1030
0
  0
LWPOLYLINE
  5
2053
  100
AcDbEntity
  8
Top-Layer
  100
AcDbPolyline
  90
4
  70
1
  43
0
  10
-0.60000762001524
  20
-1.02500381000762
  10
-0.049994919989839834
  20
-1.02500381000762
  10
-0.049994919989839945
  20
-1.37501651003302
  10
-0.6000076200152402
  20
-1.3750165100330198
  0
HATCH
  5
2060
  100
AcDbEntity
  8
Top-Layer
  100
AcDbHatch
  10
0
  20
0
  30
0
  210
0
  220
0
  230
1
  2
SOLID
  70
1
  71
0
  91
1
  92
7
  72
0
  73
1
  93
4
  10
0.47499618999238064
  20
-1.7249911099822202
  10
1.0250088900177803
  20
-1.7249911099822202
  10
1.02500889001778
  20
-2.0750038100076202
  10
0.4749961899923802
  20
-2.0750038100076202
  97
1
  330
2059
  75
0
  76
1
  47
0.4128176842155181
  98
1
  10
34.90568961886538
  20
22.81183545379326
  450
0
  451
0
  460
0
  461
0
  452
1
  462
1
  453
2
  463
0
  63
5
  421
255
  463
1
  63
7
  421
16777215
  470
LINEAR
  1001
ACAD
  1010
0
  1020
0
  1030
0
  0
LWPOLYLINE
  5
2059
  100
AcDbEntity
  8
Top-Layer
  100
AcDbPolyline
  90
4
  70
1
  43
0
  10
0.47499618999238064
  20
-1.7249911099822202
  10
1.0250088900177803
  20
-1.7249911099822202
  10
1.02500889001778
  20
-2.0750038100076202
  10
0.4749961899923802
  20
-2.0750038100076202
  0
HATCH
  5
2066
  100
AcDbEntity
  8
Top-Layer
  100
AcDbHatch
  10
0
  20
0
  30
0
  210
0
  220
0
  230
1
  2
SOLID
  70
1
  71
0
  91
1
  92
7
  72
0
  73
1
  93
4
  10
0.4749961899923802
  20
-1.0750038100076198
  10
1.0250088900177803
  20
-1.0750038100076198
  10
1.0250088900177803
  20
-1.42501651003302
  10
0.47499618999237997
  20
-1.42501651003302
  97
1
  330
2065
  75
0
  76
1
  47
0.4128176842155181
  98
1
  10
34.90568961886538
  20
22.81183545379326
  450
0
  451
0
  460
0
  461
0
  452
1
  462
1
  453
2
  463
0
  63
5
  421
255
  463
1
  63
7
  421
16777215
  470
LINEAR
  1001
ACAD
  1010
0
  1020
0
  1030
0
  0
LWPOLYLINE
  5
2065
  100
AcDbEntity
  8
Top-Layer
  100
AcDbPolyline
  90
4
  70
1
  43
0
  10
0.4749961899923802
  20
-1.0750038100076198
  10
1.0250088900177803
  20
-1.0750038100076198
  10
1.0250088900177803
  20
-1.42501651003302
  10
0.47499618999237997
  20
-1.42501651003302
  0
HATCH
  5
2072
  100
AcDbEntity
  8
Top-Layer
  100
AcDbHatch
  10
0
  20
0
  30
0
  210
0
  220
0
  230
1
  2
SOLID
  70
1
  71
0
  91
1
  92
7
  72
0
  73
1
  93
4
  10
-2.8999618999238006
  20
-8.677965455930913
  10
-2.8999618999238006
  20
-7.977965455930913
  10
-2.5999618999238003
  20
-7.977965455930913
  10
-2.5999618999238003
  20
-8.677965455930913
  97
1
  330
2071
  75
0
  76
1
  47
0.4128176842155181
  98
1
  10
34.90568961886538
  20
22.81183545379326
  450
0
  451
0
  460
0
  461
0
  452
1
  462
1
  453
2
  463
0
  63
5
  421
255
  463
1
  63
7
  421
16777215
  470
LINEAR
  1001
ACAD
  1010
0
  1020
0
  1030
0
  0
LWPOLYLINE
  5
2071
  100
AcDbEntity
  8
Top-Layer
  100
AcDbPolyline
  90
4
  70
1
  43
0
  10
-2.8999618999238006
  20
-8.677965455930913
  10
-2.8999618999238006
  20
-7.977965455930913
  10
-2.5999618999238003
  20
-7.977965455930913
  10
-2.5999618999238003
  20
-8.677965455930913
  0
HATCH
  5
2078
  100
AcDbEntity
  8
Top-Layer
  100
AcDbHatch
  10
0
  20
0
  30
0
  210
0
  220
0
  230
1
  2
SOLID
  70
1
  71
0
  91
1
  92
7
  72
0
  73
1
  93
4
  10
-2.4000889001778005
  20
-8.677965455930913
  10
-2.4000889001778005
  20
-7.977965455930913
  10
-2.1000889001778003
  20
-7.977965455930913
  10
-2.1000889001778003
  20
-8.677965455930913
  97
1
  330
2077
  75
0
  76
1
  47
0.4128176842155181
  98
1
  10
34.90568961886538
  20
22.81183545379326
  450
0
  451
0
  460
0
  461
0
  452
1
  462
1
  453
2
  463
0
  63
5
  421
255
  463
1
  63
7
  421
16777215
  470
LINEAR
  1001
ACAD
  1010
0
  1020
0
  1030
0
  0
LWPOLYLINE
  5
2077
  100
AcDbEntity
  8
Top-Layer
  100
AcDbPolyline
  90
4
  70
1
  43
0
  10
-2.4000889001778005
  20
-8.677965455930913
  10
-2.4000889001778005
  20
-7.977965455930913
  10
-2.1000889001778003
  20
-7.977965455930913
  10
-2.1000889001778003
  20
-8.677965455930913
  0
HATCH
  5
2084
  100
AcDbEntity
  8
Top-Layer
  100
AcDbHatch
  10
0
  20
0
  30
0
  210
0
  220
0
  230
1
  2
SOLID
  70
1
  71
0
  91
1
  92
7
  72
0
  73
1
  93
4
  10
-1.8999618999238002
  20
-8.677965455930913
  10
-1.8999618999238002
  20
-7.977965455930913
  10
-1.5999618999238
  20
-7.977965455930913
  10
-1.5999618999238
  20
-8.677965455930913
  97
1
  330
2083
  75
0
  76
1
  47
0.4128176842155181
  98
1
  10
34.90568961886538
  20
22.81183545379326
  450
0
  451
0
  460
0
  461
0
  452
1
  462
1
  453
2
  463
0
  63
5
  421
255
  463
1
  63
7
  421
16777215
  470
LINEAR
  1001
ACAD
  1010
0
  1020
0
  1030
0
  0
LWPOLYLINE
  5
2083
  100
AcDbEntity
  8
Top-Layer
  100
AcDbPolyline
  90
4
  70
1
  43
0
  10
-1.8999618999238002
  20
-8.677965455930913
  10
-1.8999618999238002
  20
-7.977965455930913
  10
-1.5999618999238
  20
-7.977965455930913
  10
-1.5999618999238
  20
-8.677965455930913
  0
HATCH
  5
2090
  100
AcDbEntity
  8
Top-Layer
  100
AcDbHatch
  10
0
  20
0
  30
0
  210
0
  220
0
  230
1
  2
SOLID
  70
1
  71
0
  91
1
  92
7
  72
0
  73
1
  93
4
  10
-1.4000889001778005
  20
-8.677965455930913
  10
-1.4000889001778005
  20
-7.977965455930913
  10
-1.1000889001778003
  20
-7.977965455930913
  10
-1.1000889001778003
  20
-8.677965455930913
  97
1
  330
2089
  75
0
  76
1
  47
0.4128176842155181
  98
1
  10
34.90568961886538
  20
22.81183545379326
  450
0
  451
0
  460
0
  461
0
  452
1
  462
1
  453
2
  463
0
  63
5
  421
255
  463
1
  63
7
  421
16777215
  470
LINEAR
  1001
ACAD
  1010
0
  1020
0
  1030
0
  0
LWPOLYLINE
  5
2089
  100
AcDbEntity
  8
Top-Layer
  100
AcDbPolyline
  90
4
  70
1
  43
0
  10
-1.4000889001778005
  20
-8.677965455930913
  10
-1.4000889001778005
  20
-7.977965455930913
  10
-1.1000889001778003
  20
-7.977965455930913
  10
-1.1000889001778003
  20
-8.677965455930913
  0
HATCH
  5
2096
  100
AcDbEntity
  8
Top-Layer
  100
AcDbHatch
  10
0
  20
0
  30
0
  210
0
  220
0
  230
1
  2
SOLID
  70
1
  71
0
  91
1
  92
7
  72
0
  73
1
  93
4
  10
-0.8999618999237999
  20
-8.677965455930913
  10
-0.8999618999237999
  20
-7.977965455930913
  10
-0.5999618999237999
  20
-7.977965455930913
  10
-0.5999618999237999
  20
-8.677965455930913
  97
1
  330
2095
  75
0
  76
1
  47
0.4128176842155181
  98
1
  10
34.90568961886538
  20
22.81183545379326
  450
0
  451
0
  460
0
  461
0
  452
1
  462
1
  453
2
  463
0
  63
5
  421
255
  463
1
  63
7
  421
16777215
  470
LINEAR
  1001
ACAD
  1010
0
  1020
0
  1030
0
  0
LWPOLYLINE
  5
2095
  100
AcDbEntity
  8
Top-Layer
  100
AcDbPolyline
  90
4
  70
1
  43
0
  10
-0.8999618999237999
  20
-8.677965455930913
  10
-0.8999618999237999
  20
-7.977965455930913
  10
-0.5999618999237999
  20
-7.977965455930913
  10
-0.5999618999237999
  20
-8.677965455930913
  0
HATCH
  5
2102
  100
AcDbEntity
  8
Top-Layer
  100
AcDbHatch
  10
0
  20
0
  30
0
  210
0
  220
0
  230
1
  2
SOLID
  70
1
  71
0
  91
1
  92
7
  72
0
  73
1
  93
4
  10
-0.4000889001778004
  20
-8.677965455930913
  10
-0.4000889001778004
  20
-7.977965455930913
  10
-0.10008890017780037
  20
-7.977965455930913
  10
-0.10008890017780037
  20
-8.677965455930913
  97
1
  330
2101
  75
0
  76
1
  47
0.4128176842155181
  98
1
  10
34.90568961886538
  20
22.81183545379326
  450
0
  451
0
  460
0
  461
0
  452
1
  462
1
  453
2
  463
0
  63
5
  421
255
  463
1
  63
7
  421
16777215
  470
LINEAR
  1001
ACAD
  1010
0
  1020
0
  1030
0
  0
LWPOLYLINE
  5
2101
  100
AcDbEntity
  8
Top-Layer
  100
AcDbPolyline
  90
4
  70
1
  43
0
  10
-0.4000889001778004
  20
-8.677965455930913
  10
-0.4000889001778004
  20
-7.977965455930913
  10
-0.10008890017780037
  20
-7.977965455930913
  10
-0.10008890017780037
  20
-8.677965455930913
  0
HATCH
  5
2108
  100
AcDbEntity
  8
Top-Layer
  100
AcDbHatch
  10
0
  20
0
  30
0
  210
0
  220
0
  230
1
  2
SOLID
  70
1
  71
0
  91
1
  92
7
  72
0
  73
1
  93
4
  10
0.10003810007620015
  20
-8.677965455930913
  10
0.10003810007620015
  20
-7.977965455930913
  10
0.40003810007620016
  20
-7.977965455930913
  10
0.40003810007620016
  20
-8.677965455930913
  97
1
  330
2107
  75
0
  76
1
  47
0.4128176842155181
  98
1
  10
34.90568961886538
  20
22.81183545379326
  450
0
  451
0
  460
0
  461
0
  452
1
  462
1
  453
2
  463
0
  63
5
  421
255
  463
1
  63
7
  421
16777215
  470
LINEAR
  1001
ACAD
  1010
0
  1020
0
  1030
0
  0
LWPOLYLINE
  5
2107
  100
AcDbEntity
  8
Top-Layer
  100
AcDbPolyline
  90
4
  70
1
  43
0
  10
0.10003810007620015
  20
-8.677965455930913
  10
0.10003810007620015
  20
-7.977965455930913
  10
0.40003810007620016
  20
-7.977965455930913
  10
0.40003810007620016
  20
-8.677965455930913
  0
HATCH
  5
2114
  100
AcDbEntity
  8
Top-Layer
  100
AcDbHatch
  10
0
  20
0
  30
0
  210
0
  220
0
  230
1
  2
SOLID
  70
1
  71
0
  91
1
  92
7
  72
0
  73
1
  93
4
  10
0.5999110998221997
  20
-8.677965455930913
  10
0.5999110998221997
  20
-7.977965455930913
  10
0.8999110998221997
  20
-7.977965455930913
  10
0.8999110998221997
  20
-8.677965455930913
  97
1
  330
2113
  75
0
  76
1
  47
0.4128176842155181
  98
1
  10
34.90568961886538
  20
22.81183545379326
  450
0
  451
0
  460
0
  461
0
  452
1
  462
1
  453
2
  463
0
  63
5
  421
255
  463
1
  63
7
  421
16777215
  470
LINEAR
  1001
ACAD
  1010
0
  1020
0
  1030
0
  0
LWPOLYLINE
  5
2113
  100
AcDbEntity
  8
Top-Layer
  100
AcDbPolyline
  90
4
  70
1
  43
0
  10
0.5999110998221997
  20
-8.677965455930913
  10
0.5999110998221997
  20
-7.977965455930913
  10
0.8999110998221997
  20
-7.977965455930913
  10
0.8999110998221997
  20
-8.677965455930913
  0
HATCH
  5
2120
  100
AcDbEntity
  8
Top-Layer
  100
AcDbHatch
  10
0
  20
0
  30
0
  210
0
  220
0
  230
1
  2
SOLID
  70
1
  71
0
  91
1
  92
7
  72
0
  73
1
  93
4
  10
1.1000381000762003
  20
-8.677965455930913
  10
1.1000381000762003
  20
-7.977965455930913
  10
1.4000381000762006
  20
-7.977965455930913
  10
1.4000381000762006
  20
-8.677965455930913
  97
1
  330
2119
  75
0
  76
1
  47
0.4128176842155181
  98
1
  10
34.90568961886538
  20
22.81183545379326
  450
0
  451
0
  460
0
  461
0
  452
1
  462
1
  453
2
  463
0
  63
5
  421
255
  463
1
  63
7
  421
16777215
  470
LINEAR
  1001
ACAD
  1010
0
  1020
0
  1030
0
  0
LWPOLYLINE
  5
2119
  100
AcDbEntity
  8
Top-Layer
  100
AcDbPolyline
  90
4
  70
1
  43
0
  10
1.1000381000762003
  20
-8.677965455930913
  10
1.1000381000762003
  20
-7.977965455930913
  10
1.4000381000762006
  20
-7.977965455930913
  10
1.4000381000762006
  20
-8.677965455930913
  0
HATCH
  5
2126
  100
AcDbEntity
  8
Top-Layer
  100
AcDbHatch
  10
0
  20
0
  30
0
  210
0
  220
0
  230
1
  2
SOLID
  70
1
  71
0
  91
1
  92
7
  72
0
  73
1
  93
4
  10
1.5999110998221997
  20
-8.677965455930913
  10
1.5999110998221997
  20
-7.977965455930913
  10
1.8999110998222
  20
-7.977965455930913
  10
1.8999110998222
  20
-8.677965455930913
  97
1
  330
2125
  75
0
  76
1
  47
0.4128176842155181
  98
1
  10
34.90568961886538
  20
22.81183545379326
  450
0
  451
0
  460
0
  461
0
  452
1
  462
1
  453
2
  463
0
  63
5
  421
255
  463
1
  63
7
  421
16777215
  470
LINEAR
  1001
ACAD
  1010
0
  1020
0
  1030
0
  0
LWPOLYLINE
  5
2125
  100
AcDbEntity
  8
Top-Layer
  100
AcDbPolyline
  90
4
  70
1
  43
0
  10
1.5999110998221997
  20
-8.677965455930913
  10
1.5999110998221997
  20
-7.977965455930913
  10
1.8999110998222
  20
-7.977965455930913
  10
1.8999110998222
  20
-8.677965455930913
  0
HATCH
  5
2132
  100
AcDbEntity
  8
Top-Layer
  100
AcDbHatch
  10
0
  20
0
  30
0
  210
0
  220
0
  230
1
  2
SOLID
  70
1
  71
0
  91
1
  92
7
  72
0
  73
1
  93
4
  10
2.1000381000762003
  20
-8.677965455930913
  10
2.1000381000762003
  20
-7.977965455930913
  10
2.4000381000762006
  20
-7.977965455930913
  10
2.4000381000762006
  20
-8.677965455930913
  97
1
  330
2131
  75
0
  76
1
  47
0.4128176842155181
  98
1
  10
34.90568961886538
  20
22.81183545379326
  450
0
  451
0
  460
0
  461
0
  452
1
  462
1
  453
2
  463
0
  63
5
  421
255
  463
1
  63
7
  421
16777215
  470
LINEAR
  1001
ACAD
  1010
0
  1020
0
  1030
0
  0
LWPOLYLINE
  5
2131
  100
AcDbEntity
  8
Top-Layer
  100
AcDbPolyline
  90
4
  70
1
  43
0
  10
2.1000381000762003
  20
-8.677965455930913
  10
2.1000381000762003
  20
-7.977965455930913
  10
2.4000381000762006
  20
-7.977965455930913
  10
2.4000381000762006
  20
-8.677965455930913
  0
HATCH
  5
2138
  100
AcDbEntity
  8
Top-Layer
  100
AcDbHatch
  10
0
  20
0
  30
0
  210
0
  220
0
  230
1
  2
SOLID
  70
1
  71
0
  91
1
  92
7
  72
0
  73
1
  93
4
  10
2.5999110998222
  20
-8.677965455930913
  10
2.5999110998222
  20
-7.977965455930913
  10
2.8999110998222
  20
-7.977965455930913
  10
2.8999110998222
  20
-8.677965455930913
  97
1
  330
2137
  75
0
  76
1
  47
0.4128176842155181
  98
1
  10
34.90568961886538
  20
22.81183545379326
  450
0
  451
0
  460
0
  461
0
  452
1
  462
1
  453
2
  463
0
  63
5
  421
255
  463
1
  63
7
  421
16777215
  470
LINEAR
  1001
ACAD
  1010
0
  1020
0
  1030
0
  0
LWPOLYLINE
  5
2137
  100
AcDbEntity
  8
Top-Layer
  100
AcDbPolyline
  90
4
  70
1
  43
0
  10
2.5999110998222
  20
-8.677965455930913
  10
2.5999110998222
  20
-7.977965455930913
  10
2.8999110998222
  20
-7.977965455930913
  10
2.8999110998222
  20
-8.677965455930913
  0
HATCH
  5
2144
  100
AcDbEntity
  8
Top-Layer
  100
AcDbHatch
  10
0
  20
0
  30
0
  210
0
  220
0
  230
1
  2
SOLID
  70
1
  71
0
  91
1
  92
7
  72
0
  73
1
  93
4
  10
3.7249428498857005
  20
-11.875666751333505
  10
3.7249428498857005
  20
-10.075666751333502
  10
5.524942849885701
  20
-10.075666751333502
  10
5.524942849885701
  20
-11.875666751333505
  97
1
  330
2143
  75
0
  76
1
  47
0.4128176842155181
  98
1
  10
34.90568961886538
  20
22.81183545379326
  450
0
  451
0
  460
0
  461
0
  452
1
  462
1
  453
2
  463
0
  63
5
  421
255
  463
1
  63
7
  421
16777215
  470
LINEAR
  1001
ACAD
  1010
0
  1020
0
  1030
0
  0
LWPOLYLINE
  5
2143
  100
AcDbEntity
  8
Top-Layer
  100
AcDbPolyline
  90
4
  70
1
  43
0
  10
3.7249428498857005
  20
-11.875666751333505
  10
3.7249428498857005
  20
-10.075666751333502
  10
5.524942849885701
  20
-10.075666751333502
  10
5.524942849885701
  20
-11.875666751333505
  0
HATCH
  5
2150
  100
AcDbEntity
  8
Top-Layer
  100
AcDbHatch
  10
0
  20
0
  30
0
  210
0
  220
0
  230
1
  2
SOLID
  70
1
  71
0
  91
1
  92
7
  72
0
  73
1
  93
4
  10
-3.724993649987301
  20
-10.075920751841505
  10
-3.7249936499873018
  20
-11.875920751841507
  10
-5.524993649987302
  20
-11.875920751841507
  10
-5.524993649987302
  20
-10.075920751841505
  97
1
  330
2149
  75
0
  76
1
  47
0.4128176842155181
  98
1
  10
34.90568961886538
  20
22.81183545379326
  450
0
  451
0
  460
0
  461
0
  452
1
  462
1
  453
2
  463
0
  63
5
  421
255
  463
1
  63
7
  421
16777215
  470
LINEAR
  1001
ACAD
  1010
0
  1020
0
  1030
0
  0
LWPOLYLINE
  5
2149
  100
AcDbEntity
  8
Top-Layer
  100
AcDbPolyline
  90
4
  70
1
  43
0
  10
-3.724993649987301
  20
-10.075920751841505
  10
-3.7249936499873018
  20
-11.875920751841507
  10
-5.524993649987302
  20
-11.875920751841507
  10
-5.524993649987302
  20
-10.075920751841505
  0
HATCH
  5
2156
  100
AcDbEntity
  8
Top-Layer
  100
AcDbHatch
  10
0
  20
0
  30
0
  210
0
  220
0
  230
1
  2
SOLID
  70
1
  71
0
  91
1
  92
7
  72
0
  73
1
  93
4
  10
-3.755319451675687
  20
4.737322621076167
  10
-3.29569106363035
  20
4.27769423303083
  10
-3.8613764885795887
  20
3.712008808081592
  10
-4.321004876624926
  20
4.171637196126929
  97
1
  330
2155
  75
0
  76
1
  47
0.4128176842155181
  98
1
  10
34.90568961886538
  20
22.81183545379326
  450
0
  451
0
  460
0
  461
0
  452
1
  462
1
  453
2
  463
0
  63
5
  421
255
  463
1
  63
7
  421
16777215
  470
LINEAR
  1001
ACAD
  1010
0
  1020
0
  1030
0
  0
LWPOLYLINE
  5
2155
  100
AcDbEntity
  8
Top-Layer
  100
AcDbPolyline
  90
4
  70
1
  43
0
  10
-3.755319451675687
  20
4.737322621076167
  10
-3.29569106363035
  20
4.27769423303083
  10
-3.8613764885795887
  20
3.712008808081592
  10
-4.321004876624926
  20
4.171637196126929
  0
HATCH
  5
2162
  100
AcDbEntity
  8
Top-Layer
  100
AcDbHatch
  10
0
  20
0
  30
0
  210
0
  220
0
  230
1
  2
SOLID
  70
1
  71
0
  91
1
  92
7
  72
0
  73
1
  93
4
  10
-4.573442177114006
  20
5.628986607023665
  10
-4.113813789068669
  20
5.169358218978328
  10
-4.679499214017906
  20
4.603672794029089
  10
-5.139127602063245
  20
5.063301182074427
  97
1
  330
2161
  75
0
  76
1
  47
0.4128176842155181
  98
1
  10
34.90568961886538
  20
22.81183545379326
  450
0
  451
0
  460
0
  461
0
  452
1
  462
1
  453
2
  463
0
  63
5
  421
255
  463
1
  63
7
  421
16777215
  470
LINEAR
  1001
ACAD
  1010
0
  1020
0
  1030
0
  0
LWPOLYLINE
  5
2161
  100
AcDbEntity
  8
Top-Layer
  100
AcDbPolyline
  90
4
  70
1
  43
0
  10
-4.573442177114006
  20
5.628986607023665
  10
-4.113813789068669
  20
5.169358218978328
  10
-4.679499214017906
  20
4.603672794029089
  10
-5.139127602063245
  20
5.063301182074427
  0
HATCH
  5
2168
  100
AcDbEntity
  8
Top-Layer
  100
AcDbHatch
  10
0
  20
0
  30
0
  210
0
  220
0
  230
1
  2
SOLID
  70
1
  71
0
  91
1
  92
7
  72
0
  73
1
  93
4
  10
-5.713301182074428
  20
4.507512019163132
  10
-5.25367279402909
  20
4.047883631117794
  10
-5.819358218978328
  20
3.482198206168556
  10
-6.278986607023666
  20
3.9418265942138935
  97
1
  330
2167
  75
0
  76
1
  47
0.4128176842155181
  98
1
  10
34.90568961886538
  20
22.81183545379326
  450
0
  451
0
  460
0
  461
0
  452
1
  462
1
  453
2
  463
0
  63
5
  421
255
  463
1
  63
7
  421
16777215
  470
LINEAR
  1001
ACAD
  1010
0
  1020
0
  1030
0
  0
LWPOLYLINE
  5
2167
  100
AcDbEntity
  8
Top-Layer
  100
AcDbPolyline
  90
4
  70
1
  43
0
  10
-5.713301182074428
  20
4.507512019163132
  10
-5.25367279402909
  20
4.047883631117794
  10
-5.819358218978328
  20
3.482198206168556
  10
-6.278986607023666
  20
3.9418265942138935
  0
HATCH
  5
2174
  100
AcDbEntity
  8
Top-Layer
  100
AcDbHatch
  10
0
  20
0
  30
0
  210
0
  220
0
  230
1
  2
SOLID
  70
1
  71
0
  91
1
  92
7
  72
0
  73
1
  93
4
  10
-4.821637196126928
  20
3.6710048766249272
  10
-4.36200880808159
  20
3.2113764885795892
  10
-4.927694233030828
  20
2.6456910636303514
  10
-5.387322621076166
  20
3.1053194516756895
  97
1
  330
2173
  75
0
  76
1
  47
0.4128176842155181
  98
1
  10
34.90568961886538
  20
22.81183545379326
  450
0
  451
0
  460
0
  461
0
  452
1
  462
1
  453
2
  463
0
  63
5
  421
255
  463
1
  63
7
  421
16777215
  470
LINEAR
  1001
ACAD
  1010
0
  1020
0
  1030
0
  0
LWPOLYLINE
  5
2173
  100
AcDbEntity
  8
Top-Layer
  100
AcDbPolyline
  90
4
  70
1
  43
0
  10
-4.821637196126928
  20
3.6710048766249272
  10
-4.36200880808159
  20
3.2113764885795892
  10
-4.927694233030828
  20
2.6456910636303514
  10
-5.387322621076166
  20
3.1053194516756895
  0
HATCH
  5
2180
  100
AcDbEntity
  8
Top-Layer
  100
AcDbHatch
  10
0
  20
0
  30
0
  210
0
  220
0
  230
1
  2
SOLID
  70
1
  71
0
  91
1
  92
7
  72
0
  73
1
  93
4
  10
5.206527599486124
  20
2.8102724615817087
  10
4.746899211440787
  20
2.3506440735363707
  10
4.181213786491547
  20
2.9163294984856085
  10
4.6408421745368855
  20
3.3759578865309465
  97
1
  330
2179
  75
0
  76
1
  47
0.4128176842155181
  98
1
  10
34.90568961886538
  20
22.81183545379326
  450
0
  451
0
  460
0
  461
0
  452
1
  462
1
  453
2
  463
0
  63
5
  421
255
  463
1
  63
7
  421
16777215
  470
LINEAR
  1001
ACAD
  1010
0
  1020
0
  1030
0
  0
LWPOLYLINE
  5
2179
  100
AcDbEntity
  8
Top-Layer
  100
AcDbPolyline
  90
4
  70
1
  43
0
  10
5.206527599486124
  20
2.8102724615817087
  10
4.746899211440787
  20
2.3506440735363707
  10
4.181213786491547
  20
2.9163294984856085
  10
4.6408421745368855
  20
3.3759578865309465
  0
HATCH
  5
2186
  100
AcDbEntity
  8
Top-Layer
  100
AcDbHatch
  10
0
  20
0
  30
0
  210
0
  220
0
  230
1
  2
SOLID
  70
1
  71
0
  91
1
  92
7
  72
0
  73
1
  93
4
  10
6.098191585433623
  20
3.6283951870200255
  10
5.638563197388285
  20
3.1687667989746875
  10
5.072877772439048
  20
3.7344522239239257
  10
5.5325061604843855
  20
4.194080611969263
  97
1
  330
2185
  75
0
  76
1
  47
0.4128176842155181
  98
1
  10
34.90568961886538
  20
22.81183545379326
  450
0
  451
0
  460
0
  461
0
  452
1
  462
1
  453
2
  463
0
  63
5
  421
255
  463
1
  63
7
  421
16777215
  470
LINEAR
  1001
ACAD
  1010
0
  1020
0
  1030
0
  0
LWPOLYLINE
  5
2185
  100
AcDbEntity
  8
Top-Layer
  100
AcDbPolyline
  90
4
  70
1
  43
0
  10
6.098191585433623
  20
3.6283951870200255
  10
5.638563197388285
  20
3.1687667989746875
  10
5.072877772439048
  20
3.7344522239239257
  10
5.5325061604843855
  20
4.194080611969263
  0
HATCH
  5
2192
  100
AcDbEntity
  8
Top-Layer
  100
AcDbHatch
  10
0
  20
0
  30
0
  210
0
  220
0
  230
1
  2
SOLID
  70
1
  71
0
  91
1
  92
7
  72
0
  73
1
  93
4
  10
4.976716997573089
  20
4.768254191980446
  10
4.517088609527751
  20
4.308625803935109
  10
3.951403184578512
  20
4.874311228884346
  10
4.411031572623849
  20
5.333939616929683
  97
1
  330
2191
  75
0
  76
1
  47
0.4128176842155181
  98
1
  10
34.90568961886538
  20
22.81183545379326
  450
0
  451
0
  460
0
  461
0
  452
1
  462
1
  453
2
  463
0
  63
5
  421
255
  463
1
  63
7
  421
16777215
  470
LINEAR
  1001
ACAD
  1010
0
  1020
0
  1030
0
  0
LWPOLYLINE
  5
2191
  100
AcDbEntity
  8
Top-Layer
  100
AcDbPolyline
  90
4
  70
1
  43
0
  10
4.976716997573089
  20
4.768254191980446
  10
4.517088609527751
  20
4.308625803935109
  10
3.951403184578512
  20
4.874311228884346
  10
4.411031572623849
  20
5.333939616929683
  0
HATCH
  5
2198
  100
AcDbEntity
  8
Top-Layer
  100
AcDbHatch
  10
0
  20
0
  30
0
  210
0
  220
0
  230
1
  2
SOLID
  70
1
  71
0
  91
1
  92
7
  72
0
  73
1
  93
4
  10
4.140209855034884
  20
3.8765902060329487
  10
3.680581466989547
  20
3.416961817987611
  10
3.1148960420403085
  20
3.9826472429368494
  10
3.574524430085646
  20
4.442275630982187
  97
1
  330
2197
  75
0
  76
1
  47
0.4128176842155181
  98
1
  10
34.90568961886538
  20
22.81183545379326
  450
0
  451
0
  460
0
  461
0
  452
1
  462
1
  453
2
  463
0
  63
5
  421
255
  463
1
  63
7
  421
16777215
  470
LINEAR
  1001
ACAD
  1010
0
  1020
0
  1030
0
  0
LWPOLYLINE
  5
2197
  100
AcDbEntity
  8
Top-Layer
  100
AcDbPolyline
  90
4
  70
1
  43
0
  10
4.140209855034884
  20
3.8765902060329487
  10
3.680581466989547
  20
3.416961817987611
  10
3.1148960420403085
  20
3.9826472429368494
  10
3.574524430085646
  20
4.442275630982187
  0
HATCH
  5
2204
  100
AcDbEntity
  8
Top-Layer
  100
AcDbHatch
  10
0
  20
0
  30
0
  210
0
  220
0
  230
1
  2
SOLID
  70
1
  71
0
  91
1
  92
7
  72
0
  73
1
  93
4
  10
4.00531945167569
  20
-3.512318811068547
  10
3.545691063630352
  20
-3.052690423023209
  10
4.111376488579589
  20
-2.487004998073971
  10
4.571004876624927
  20
-2.9466333861193084
  97
1
  330
2203
  75
0
  76
1
  47
0.4128176842155181
  98
1
  10
34.90568961886538
  20
22.81183545379326
  450
0
  451
0
  460
0
  461
0
  452
1
  462
1
  453
2
  463
0
  63
5
  421
255
  463
1
  63
7
  421
16777215
  470
LINEAR
  1001
ACAD
  1010
0
  1020
0
  1030
0
  0
LWPOLYLINE
  5
2203
  100
AcDbEntity
  8
Top-Layer
  100
AcDbPolyline
  90
4
  70
1
  43
0
  10
4.00531945167569
  20
-3.512318811068547
  10
3.545691063630352
  20
-3.052690423023209
  10
4.111376488579589
  20
-2.487004998073971
  10
4.571004876624927
  20
-2.9466333861193084
  0
HATCH
  5
2210
  100
AcDbEntity
  8
Top-Layer
  100
AcDbHatch
  10
0
  20
0
  30
0
  210
0
  220
0
  230
1
  2
SOLID
  70
1
  71
0
  91
1
  92
7
  72
0
  73
1
  93
4
  10
4.823442177114006
  20
-4.403982797016044
  10
4.363813789068669
  20
-3.9443544089707063
  10
4.929499214017907
  20
-3.3786689840214685
  10
5.389127602063245
  20
-3.838297372066806
  97
1
  330
2209
  75
0
  76
1
  47
0.4128176842155181
  98
1
  10
34.90568961886538
  20
22.81183545379326
  450
0
  451
0
  460
0
  461
0
  452
1
  462
1
  453
2
  463
0
  63
5
  421
255
  463
1
  63
7
  421
16777215
  470
LINEAR
  1001
ACAD
  1010
0
  1020
0
  1030
0
  0
LWPOLYLINE
  5
2209
  100
AcDbEntity
  8
Top-Layer
  100
AcDbPolyline
  90
4
  70
1
  43
0
  10
4.823442177114006
  20
-4.403982797016044
  10
4.363813789068669
  20
-3.9443544089707063
  10
4.929499214017907
  20
-3.3786689840214685
  10
5.389127602063245
  20
-3.838297372066806
  0
HATCH
  5
2216
  100
AcDbEntity
  8
Top-Layer
  100
AcDbHatch
  10
0
  20
0
  30
0
  210
0
  220
0
  230
1
  2
SOLID
  70
1
  71
0
  91
1
  92
7
  72
0
  73
1
  93
4
  10
5.963301182074428
  20
-3.282508209155512
  10
5.50367279402909
  20
-2.822879821110174
  10
6.069358218978328
  20
-2.2571943961609358
  10
6.528986607023667
  20
-2.7168227842062738
  97
1
  330
2215
  75
0
  76
1
  47
0.4128176842155181
  98
1
  10
34.90568961886538
  20
22.81183545379326
  450
0
  451
0
  460
0
  461
0
  452
1
  462
1
  453
2
  463
0
  63
5
  421
255
  463
1
  63
7
  421
16777215
  470
LINEAR
  1001
ACAD
  1010
0
  1020
0
  1030
0
  0
LWPOLYLINE
  5
2215
  100
AcDbEntity
  8
Top-Layer
  100
AcDbPolyline
  90
4
  70
1
  43
0
  10
5.963301182074428
  20
-3.282508209155512
  10
5.50367279402909
  20
-2.822879821110174
  10
6.069358218978328
  20
-2.2571943961609358
  10
6.528986607023667
  20
-2.7168227842062738
  0
HATCH
  5
2222
  100
AcDbEntity
  8
Top-Layer
  100
AcDbHatch
  10
0
  20
0
  30
0
  210
0
  220
0
  230
1
  2
SOLID
  70
1
  71
0
  91
1
  92
7
  72
0
  73
1
  93
4
  10
5.07163719612693
  20
-2.446001066617307
  10
4.612008808081592
  20
-1.9863726785719693
  10
5.177694233030831
  20
-1.4206872536227313
  10
5.637322621076169
  20
-1.8803156416680693
  97
1
  330
2221
  75
0
  76
1
  47
0.4128176842155181
  98
1
  10
34.90568961886538
  20
22.81183545379326
  450
0
  451
0
  460
0
  461
0
  452
1
  462
1
  453
2
  463
0
  63
5
  421
255
  463
1
  63
7
  421
16777215
  470
LINEAR
  1001
ACAD
  1010
0
  1020
0
  1030
0
  0
LWPOLYLINE
  5
2221
  100
AcDbEntity
  8
Top-Layer
  100
AcDbPolyline
  90
4
  70
1
  43
0
  10
5.07163719612693
  20
-2.446001066617307
  10
4.612008808081592
  20
-1.9863726785719693
  10
5.177694233030831
  20
-1.4206872536227313
  10
5.637322621076169
  20
-1.8803156416680693
  0
HATCH
  5
2228
  100
AcDbEntity
  8
Top-Layer
  100
AcDbHatch
  10
0
  20
0
  30
0
  210
0
  220
0
  230
1
  2
SOLID
  70
1
  71
0
  91
1
  92
7
  72
0
  73
1
  93
4
  10
-1.6500152400304804
  20
1.30500127000254
  10
-1.6500152400304804
  20
1.8450063500127003
  10
-1.0843561087122178
  20
1.8450063500127003
  10
-1.0843561087122178
  20
1.30500127000254
  97
1
  330
2227
  75
0
  76
1
  47
0.4128176842155181
  98
1
  10
34.90568961886538
  20
22.81183545379326
  450
0
  451
0
  460
0
  461
0
  452
1
  462
1
  453
2
  463
0
  63
5
  421
255
  463
1
  63
7
  421
16777215
  470
LINEAR
  1001
ACAD
  1010
0
  1020
0
  1030
0
  0
LWPOLYLINE
  5
2227
  100
AcDbEntity
  8
Top-Layer
  100
AcDbPolyline
  90
4
  70
1
  43
0
  10
-1.6500152400304804
  20
1.30500127000254
  10
-1.6500152400304804
  20
1.8450063500127003
  10
-1.0843561087122178
  20
1.8450063500127003
  10
-1.0843561087122178
  20
1.30500127000254
  0
HATCH
  5
2232
  100
AcDbEntity
  8
Top-Layer
  100
AcDbHatch
  10
0
  20
0
  30
0
  210
0
  220
0
  230
1
  2
SOLID
  70
1
  71
0
  91
1
  92
7
  72
0
  73
1
  93
4
  10
-2.515648971297943
  20
1.30500127000254
  10
-2.515648971297943
  20
1.8450063500127003
  10
-1.9499898399796805
  20
1.8450063500127003
  10
-1.9499898399796805
  20
1.30500127000254
  97
1
  330
2231
  75
0
  76
1
  47
0.4128176842155181
  98
1
  10
34.90568961886538
  20
22.81183545379326
  450
0
  451
0
  460
0
  461
0
  452
1
  462
1
  453
2
  463
0
  63
5
  421
255
  463
1
  63
7
  421
16777215
  470
LINEAR
  1001
ACAD
  1010
0
  1020
0
  1030
0
  0
LWPOLYLINE
  5
2231
  100
AcDbEntity
  8
Top-Layer
  100
AcDbPolyline
  90
4
  70
1
  43
0
  10
-2.515648971297943
  20
1.30500127000254
  10
-2.515648971297943
  20
1.8450063500127003
  10
-1.9499898399796805
  20
1.8450063500127003
  10
-1.9499898399796805
  20
1.30500127000254
  0
HATCH
  5
2236
  100
AcDbEntity
  8
Top-Layer
  100
AcDbHatch
  10
0
  20
0
  30
0
  210
0
  220
0
  230
1
  2
SOLID
  70
1
  71
0
  91
1
  92
7
  72
0
  73
1
  93
4
  10
-2.014368808737618
  20
5.3343662687325395
  10
-2.5543738887477776
  20
5.3343662687325395
  10
-2.5543738887477776
  20
5.900025400050801
  10
-2.014368808737618
  20
5.900025400050801
  97
1
  330
2235
  75
0
  76
1
  47
0.4128176842155181
  98
1
  10
34.90568961886538
  20
22.81183545379326
  450
0
  451
0
  460
0
  461
0
  452
1
  462
1
  453
2
  463
0
  63
5
  421
255
  463
1
  63
7
  421
16777215
  470
LINEAR
  1001
ACAD
  1010
0
  1020
0
  1030
0
  0
LWPOLYLINE
  5
2235
  100
AcDbEntity
  8
Top-Layer
  100
AcDbPolyline
  90
4
  70
1
  43
0
  10
-2.014368808737618
  20
5.3343662687325395
  10
-2.5543738887477776
  20
5.3343662687325395
  10
-2.5543738887477776
  20
5.900025400050801
  10
-2.014368808737618
  20
5.900025400050801
  0
HATCH
  5
2240
  100
AcDbEntity
  8
Top-Layer
  100
AcDbHatch
  10
0
  20
0
  30
0
  210
0
  220
0
  230
1
  2
SOLID
  70
1
  71
0
  91
1
  92
7
  72
0
  73
1
  93
4
  10
-2.014368808737618
  20
4.468732537465076
  10
-2.5543738887477776
  20
4.468732537465076
  10
-2.5543738887477776
  20
5.034391668783338
  10
-2.014368808737618
  20
5.034391668783338
  97
1
  330
2239
  75
0
  76
1
  47
0.4128176842155181
  98
1
  10
34.90568961886538
  20
22.81183545379326
  450
0
  451
0
  460
0
  461
0
  452
1
  462
1
  453
2
  463
0
  63
5
  421
255
  463
1
  63
7
  421
16777215
  470
LINEAR
  1001
ACAD
  1010
0
  1020
0
  1030
0
  0
LWPOLYLINE
  5
2239
  100
AcDbEntity
  8
Top-Layer
  100
AcDbPolyline
  90
4
  70
1
  43
0
  10
-2.014368808737618
  20
4.468732537465076
  10
-2.5543738887477776
  20
4.468732537465076
  10
-2.5543738887477776
  20
5.034391668783338
  10
-2.014368808737618
  20
5.034391668783338
  0
HATCH
  5
2244
  100
AcDbEntity
  8
Top-Layer
  100
AcDbHatch
  10
0
  20
0
  30
0
  210
0
  220
0
  230
1
  2
SOLID
  70
1
  71
0
  91
1
  92
7
  72
0
  73
1
  93
4
  10
-4.945011430022861
  20
1.15001524003048
  10
-4.405006350012701
  20
1.15001524003048
  10
-4.405006350012701
  20
0.5843561087122181
  10
-4.945011430022861
  20
0.5843561087122181
  97
1
  330
2243
  75
0
  76
1
  47
0.4128176842155181
  98
1
  10
34.90568961886538
  20
22.81183545379326
  450
0
  451
0
  460
0
  461
0
  452
1
  462
1
  453
2
  463
0
  63
5
  421
255
  463
1
  63
7
  421
16777215
  470
LINEAR
  1001
ACAD
  1010
0
  1020
0
  1030
0
  0
LWPOLYLINE
  5
2243
  100
AcDbEntity
  8
Top-Layer
  100
AcDbPolyline
  90
4
  70
1
  43
0
  10
-4.945011430022861
  20
1.15001524003048
  10
-4.405006350012701
  20
1.15001524003048
  10
-4.405006350012701
  20
0.5843561087122181
  10
-4.945011430022861
  20
0.5843561087122181
  0
HATCH
  5
2248
  100
AcDbEntity
  8
Top-Layer
  100
AcDbHatch
  10
0
  20
0
  30
0
  210
0
  220
0
  230
1
  2
SOLID
  70
1
  71
0
  91
1
  92
7
  72
0
  73
1
  93
4
  10
-4.94501143002286
  20
2.015648971297942
  10
-4.4050063500127
  20
2.015648971297942
  10
-4.405006350012701
  20
1.4499898399796802
  10
-4.94501143002286
  20
1.4499898399796802
  97
1
  330
2247
  75
0
  76
1
  47
0.4128176842155181
  98
1
  10
34.90568961886538
  20
22.81183545379326
  450
0
  451
0
  460
0
  461
0
  452
1
  462
1
  453
2
  463
0
  63
5
  421
255
  463
1
  63
7
  421
16777215
  470
LINEAR
  1001
ACAD
  1010
0
  1020
0
  1030
0
  0
LWPOLYLINE
  5
2247
  100
AcDbEntity
  8
Top-Layer
  100
AcDbPolyline
  90
4
  70
1
  43
0
  10
-4.94501143002286
  20
2.015648971297942
  10
-4.4050063500127
  20
2.015648971297942
  10
-4.405006350012701
  20
1.4499898399796802
  10
-4.94501143002286
  20
1.4499898399796802
  0
HATCH
  5
2252
  100
AcDbEntity
  8
Top-Layer
  100
AcDbHatch
  10
0
  20
0
  30
0
  210
0
  220
0
  230
1
  2
SOLID
  70
1
  71
0
  91
1
  92
7
  72
0
  73
1
  93
4
  10
5.1700127000254
  20
0.32498856997714076
  10
4.630007620015239
  20
0.32498856997714076
  10
4.630007620015239
  20
0.8906477012954026
  10
5.1700127000254
  20
0.8906477012954026
  97
1
  330
2251
  75
0
  76
1
  47
0.4128176842155181
  98
1
  10
34.90568961886538
  20
22.81183545379326
  450
0
  451
0
  460
0
  461
0
  452
1
  462
1
  453
2
  463
0
  63
5
  421
255
  463
1
  63
7
  421
16777215
  470
LINEAR
  1001
ACAD
  1010
0
  1020
0
  1030
0
  0
LWPOLYLINE
  5
2251
  100
AcDbEntity
  8
Top-Layer
  100
AcDbPolyline
  90
4
  70
1
  43
0
  10
5.1700127000254
  20
0.32498856997714076
  10
4.630007620015239
  20
0.32498856997714076
  10
4.630007620015239
  20
0.8906477012954026
  10
5.1700127000254
  20
0.8906477012954026
  0
HATCH
  5
2256
  100
AcDbEntity
  8
Top-Layer
  100
AcDbHatch
  10
0
  20
0
  30
0
  210
0
  220
0
  230
1
  2
SOLID
  70
1
  71
0
  91
1
  92
7
  72
0
  73
1
  93
4
  10
5.170012700025401
  20
-0.5406451612903221
  10
4.63000762001524
  20
-0.5406451612903221
  10
4.63000762001524
  20
0.025013970027939696
  10
5.170012700025401
  20
0.025013970027939696
  97
1
  330
2255
  75
0
  76
1
  47
0.4128176842155181
  98
1
  10
34.90568961886538
  20
22.81183545379326
  450
0
  451
0
  460
0
  461
0
  452
1
  462
1
  453
2
  463
0
  63
5
  421
255
  463
1
  63
7
  421
16777215
  470
LINEAR
  1001
ACAD
  1010
0
  1020
0
  1030
0
  0
LWPOLYLINE
  5
2255
  100
AcDbEntity
  8
Top-Layer
  100
AcDbPolyline
  90
4
  70
1
  43
0
  10
5.170012700025401
  20
-0.5406451612903221
  10
4.63000762001524
  20
-0.5406451612903221
  10
4.63000762001524
  20
0.025013970027939696
  10
5.170012700025401
  20
0.025013970027939696
  0
HATCH
  5
2260
  100
AcDbEntity
  8
Top-Layer
  100
AcDbHatch
  10
0
  20
0
  30
0
  210
0
  220
0
  230
1
  2
SOLID
  70
1
  71
0
  91
1
  92
7
  72
0
  73
1
  93
4
  10
2.07000762001524
  20
5.24999745999492
  10
1.5300025400050805
  20
5.24999745999492
  10
1.5300025400050805
  20
5.815656591313183
  10
2.07000762001524
  20
5.815656591313183
  97
1
  330
2259
  75
0
  76
1
  47
0.4128176842155181
  98
1
  10
34.90568961886538
  20
22.81183545379326
  450
0
  451
0
  460
0
  461
0
  452
1
  462
1
  453
2
  463
0
  63
5
  421
255
  463
1
  63
7
  421
16777215
  470
LINEAR
  1001
ACAD
  1010
0
  1020
0
  1030
0
  0
LWPOLYLINE
  5
2259
  100
AcDbEntity
  8
Top-Layer
  100
AcDbPolyline
  90
4
  70
1
  43
0
  10
2.07000762001524
  20
5.24999745999492
  10
1.5300025400050805
  20
5.24999745999492
  10
1.5300025400050805
  20
5.815656591313183
  10
2.07000762001524
  20
5.815656591313183
  0
HATCH
  5
2264
  100
AcDbEntity
  8
Top-Layer
  100
AcDbHatch
  10
0
  20
0
  30
0
  210
0
  220
0
  230
1
  2
SOLID
  70
1
  71
0
  91
1
  92
7
  72
0
  73
1
  93
4
  10
2.07000762001524
  20
4.384363728727458
  10
1.5300025400050805
  20
4.384363728727458
  10
1.5300025400050805
  20
4.95002286004572
  10
2.07000762001524
  20
4.95002286004572
  97
1
  330
2263
  75
0
  76
1
  47
0.4128176842155181
  98
1
  10
34.90568961886538
  20
22.81183545379326
  450
0
  451
0
  460
0
  461
0
  452
1
  462
1
  453
2
  463
0
  63
5
  421
255
  463
1
  63
7
  421
16777215
  470
LINEAR
  1001
ACAD
  1010
0
  1020
0
  1030
0
  0
LWPOLYLINE
  5
2263
  100
AcDbEntity
  8
Top-Layer
  100
AcDbPolyline
  90
4
  70
1
  43
0
  10
2.07000762001524
  20
4.384363728727458
  10
1.5300025400050805
  20
4.384363728727458
  10
1.5300025400050805
  20
4.95002286004572
  10
2.07000762001524
  20
4.95002286004572
  0
HATCH
  5
2268
  100
AcDbEntity
  8
Top-Layer
  100
AcDbHatch
  10
0
  20
0
  30
0
  210
0
  220
0
  230
1
  2
SOLID
  70
1
  71
0
  91
1
  92
7
  72
0
  73
1
  93
4
  10
1.2000152400304804
  20
-3.0300050800101603
  10
1.2000152400304804
  20
-3.5700101600203205
  10
0.6343561087122176
  20
-3.5700101600203205
  10
0.6343561087122176
  20
-3.0300050800101603
  97
1
  330
2267
  75
0
  76
1
  47
0.4128176842155181
  98
1
  10
34.90568961886538
  20
22.81183545379326
  450
0
  451
0
  460
0
  461
0
  452
1
  462
1
  453
2
  463
0
  63
5
  421
255
  463
1
  63
7
  421
16777215
  470
LINEAR
  1001
ACAD
  1010
0
  1020
0
  1030
0
  0
LWPOLYLINE
  5
2267
  100
AcDbEntity
  8
Top-Layer
  100
AcDbPolyline
  90
4
  70
1
  43
0
  10
1.2000152400304804
  20
-3.0300050800101603
  10
1.2000152400304804
  20
-3.5700101600203205
  10
0.6343561087122176
  20
-3.5700101600203205
  10
0.6343561087122176
  20
-3.0300050800101603
  0
HATCH
  5
2272
  100
AcDbEntity
  8
Top-Layer
  100
AcDbHatch
  10
0
  20
0
  30
0
  210
0
  220
0
  230
1
  2
SOLID
  70
1
  71
0
  91
1
  92
7
  72
0
  73
1
  93
4
  10
2.065648971297943
  20
-3.0300050800101603
  10
2.065648971297943
  20
-3.5700101600203205
  10
1.49998983997968
  20
-3.57001016002032
  10
1.49998983997968
  20
-3.03000508001016
  97
1
  330
2271
  75
0
  76
1
  47
0.4128176842155181
  98
1
  10
34.90568961886538
  20
22.81183545379326
  450
0
  451
0
  460
0
  461
0
  452
1
  462
1
  453
2
  463
0
  63
5
  421
255
  463
1
  63
7
  421
16777215
  470
LINEAR
  1001
ACAD
  1010
0
  1020
0
  1030
0
  0
LWPOLYLINE
  5
2271
  100
AcDbEntity
  8
Top-Layer
  100
AcDbPolyline
  90
4
  70
1
  43
0
  10
2.065648971297943
  20
-3.0300050800101603
  10
2.065648971297943
  20
-3.5700101600203205
  10
1.49998983997968
  20
-3.57001016002032
  10
1.49998983997968
  20
-3.03000508001016
  0
HATCH
  5
2420
  100
AcDbEntity
  8
Top-Layer
  100
AcDbHatch
  10
0
  20
0
  30
0
  210
0
  220
0
  230
1
  2
SOLID
  70
1
  71
0
  91
1
  92
7
  72
0
  73
1
  93
4
  10
-1.7499974599949202
  20
-2.6749911099822197
  10
-1.7499974599949202
  20
-3.2250038100076206
  10
-2.1000101600203203
  20
-3.22500381000762
  10
-2.1000101600203203
  20
-2.6749911099822192
  97
1
  330
2419
  75
0
  76
1
  47
0.4128176842155181
  98
1
  10
34.90568961886538
  20
22.81183545379326
  450
0
  451
0
  460
0
  461
0
  452
1
  462
1
  453
2
  463
0
  63
5
  421
255
  463
1
  63
7
  421
16777215
  470
LINEAR
  1001
ACAD
  1010
0
  1020
0
  1030
0
  0
LWPOLYLINE
  5
2419
  100
AcDbEntity
  8
Top-Layer
  100
AcDbPolyline
  90
4
  70
1
  43
0
  10
-1.7499974599949202
  20
-2.6749911099822197
  10
-1.7499974599949202
  20
-3.2250038100076206
  10
-2.1000101600203203
  20
-3.22500381000762
  10
-2.1000101600203203
  20
-2.6749911099822192
  0
HATCH
  5
2426
  100
AcDbEntity
  8
Top-Layer
  100
AcDbHatch
  10
0
  20
0
  30
0
  210
0
  220
0
  230
1
  2
SOLID
  70
1
  71
0
  91
1
  92
7
  72
0
  73
1
  93
4
  10
-1.1000101600203203
  20
-2.67499110998222
  10
-1.1000101600203205
  20
-3.225003810007621
  10
-1.4500228600457206
  20
-3.225003810007621
  10
-1.4500228600457203
  20
-2.67499110998222
  97
1
  330
2425
  75
0
  76
1
  47
0.4128176842155181
  98
1
  10
34.90568961886538
  20
22.81183545379326
  450
0
  451
0
  460
0
  461
0
  452
1
  462
1
  453
2
  463
0
  63
5
  421
255
  463
1
  63
7
  421
16777215
  470
LINEAR
  1001
ACAD
  1010
0
  1020
0
  1030
0
  0
LWPOLYLINE
  5
2425
  100
AcDbEntity
  8
Top-Layer
  100
AcDbPolyline
  90
4
  70
1
  43
0
  10
-1.1000101600203203
  20
-2.67499110998222
  10
-1.1000101600203205
  20
-3.225003810007621
  10
-1.4500228600457206
  20
-3.225003810007621
  10
-1.4500228600457203
  20
-2.67499110998222
  0
HATCH
  5
2432
  100
AcDbEntity
  8
Top-Layer
  100
AcDbHatch
  10
0
  20
0
  30
0
  210
0
  220
0
  230
1
  2
SOLID
  70
1
  71
0
  91
1
  92
7
  72
0
  73
1
  93
4
  10
-4.175021590043181
  20
-0.3700025400050801
  10
-4.175021590043181
  20
0.17000254000508008
  10
-3.609362458724918
  20
0.17000254000508008
  10
-3.609362458724918
  20
-0.3700025400050801
  97
1
  330
2431
  75
0
  76
1
  47
0.4128176842155181
  98
1
  10
34.90568961886538
  20
22.81183545379326
  450
0
  451
0
  460
0
  461
0
  452
1
  462
1
  453
2
  463
0
  63
5
  421
255
  463
1
  63
7
  421
16777215
  470
LINEAR
  1001
ACAD
  1010
0
  1020
0
  1030
0
  0
LWPOLYLINE
  5
2431
  100
AcDbEntity
  8
Top-Layer
  100
AcDbPolyline
  90
4
  70
1
  43
0
  10
-4.175021590043181
  20
-0.3700025400050801
  10
-4.175021590043181
  20
0.17000254000508008
  10
-3.609362458724918
  20
0.17000254000508008
  10
-3.609362458724918
  20
-0.3700025400050801
  0
HATCH
  5
2436
  100
AcDbEntity
  8
Top-Layer
  100
AcDbHatch
  10
0
  20
0
  30
0
  210
0
  220
0
  230
1
  2
SOLID
  70
1
  71
0
  91
1
  92
7
  72
0
  73
1
  93
4
  10
-5.040655321310643
  20
-0.3700025400050801
  10
-5.040655321310643
  20
0.17000254000508008
  10
-4.474996189992382
  20
0.17000254000508008
  10
-4.474996189992382
  20
-0.3700025400050801
  97
1
  330
2435
  75
0
  76
1
  47
0.4128176842155181
  98
1
  10
34.90568961886538
  20
22.81183545379326
  450
0
  451
0
  460
0
  461
0
  452
1
  462
1
  453
2
  463
0
  63
5
  421
255
  463
1
  63
7
  421
16777215
  470
LINEAR
  1001
ACAD
  1010
0
  1020
0
  1030
0
  0
LWPOLYLINE
  5
2435
  100
AcDbEntity
  8
Top-Layer
  100
AcDbPolyline
  90
4
  70
1
  43
0
  10
-5.040655321310643
  20
-0.3700025400050801
  10
-5.040655321310643
  20
0.17000254000508008
  10
-4.474996189992382
  20
0.17000254000508008
  10
-4.474996189992382
  20
-0.3700025400050801
  0
HATCH
  5
2440
  100
AcDbEntity
  8
Top-Layer
  100
AcDbHatch
  10
0
  20
0
  30
0
  210
0
  220
0
  230
1
  2
SOLID
  70
1
  71
0
  91
1
  92
7
  72
0
  73
1
  93
4
  10
-5.587322621076167
  20
-2.4553169116706095
  10
-5.127694233030829
  20
-1.995688523625272
  10
-4.5620088080815915
  20
-2.5613739485745097
  10
-5.021637196126929
  20
-3.0210023366198473
  97
1
  330
2439
  75
0
  76
1
  47
0.4128176842155181
  98
1
  10
34.90568961886538
  20
22.81183545379326
  450
0
  451
0
  460
0
  461
0
  452
1
  462
1
  453
2
  463
0
  63
5
  421
255
  463
1
  63
7
  421
16777215
  470
LINEAR
  1001
ACAD
  1010
0
  1020
0
  1030
0
  0
LWPOLYLINE
  5
2439
  100
AcDbEntity
  8
Top-Layer
  100
AcDbPolyline
  90
4
  70
1
  43
0
  10
-5.587322621076167
  20
-2.4553169116706095
  10
-5.127694233030829
  20
-1.995688523625272
  10
-4.5620088080815915
  20
-2.5613739485745097
  10
-5.021637196126929
  20
-3.0210023366198473
  0
HATCH
  5
2446
  100
AcDbEntity
  8
Top-Layer
  100
AcDbHatch
  10
0
  20
0
  30
0
  210
0
  220
0
  230
1
  2
SOLID
  70
1
  71
0
  91
1
  92
7
  72
0
  73
1
  93
4
  10
-6.478986607023665
  20
-3.2734396371089267
  10
-6.0193582189783275
  20
-2.813811249063589
  10
-5.453672794029089
  20
-3.379496674012827
  10
-5.913301182074426
  20
-3.8391250620581645
  97
1
  330
2445
  75
0
  76
1
  47
0.4128176842155181
  98
1
  10
34.90568961886538
  20
22.81183545379326
  450
0
  451
0
  460
0
  461
0
  452
1
  462
1
  453
2
  463
0
  63
5
  421
255
  463
1
  63
7
  421
16777215
  470
LINEAR
  1001
ACAD
  1010
0
  1020
0
  1030
0
  0
LWPOLYLINE
  5
2445
  100
AcDbEntity
  8
Top-Layer
  100
AcDbPolyline
  90
4
  70
1
  43
0
  10
-6.478986607023665
  20
-3.2734396371089267
  10
-6.0193582189783275
  20
-2.813811249063589
  10
-5.453672794029089
  20
-3.379496674012827
  10
-5.913301182074426
  20
-3.8391250620581645
  0
HATCH
  5
2452
  100
AcDbEntity
  8
Top-Layer
  100
AcDbHatch
  10
0
  20
0
  30
0
  210
0
  220
0
  230
1
  2
SOLID
  70
1
  71
0
  91
1
  92
7
  72
0
  73
1
  93
4
  10
-5.357512019163131
  20
-4.413298642069348
  10
-4.897883631117794
  20
-3.9536702540240105
  10
-4.332198206168556
  20
-4.519355678973248
  10
-4.791826594213894
  20
-4.978984067018586
  97
1
  330
2451
  75
0
  76
1
  47
0.4128176842155181
  98
1
  10
34.90568961886538
  20
22.81183545379326
  450
0
  451
0
  460
0
  461
0
  452
1
  462
1
  453
2
  463
0
  63
5
  421
255
  463
1
  63
7
  421
16777215
  470
LINEAR
  1001
ACAD
  1010
0
  1020
0
  1030
0
  0
LWPOLYLINE
  5
2451
  100
AcDbEntity
  8
Top-Layer
  100
AcDbPolyline
  90
4
  70
1
  43
0
  10
-5.357512019163131
  20
-4.413298642069348
  10
-4.897883631117794
  20
-3.9536702540240105
  10
-4.332198206168556
  20
-4.519355678973248
  10
-4.791826594213894
  20
-4.978984067018586
  0
HATCH
  5
2458
  100
AcDbEntity
  8
Top-Layer
  100
AcDbHatch
  10
0
  20
0
  30
0
  210
0
  220
0
  230
1
  2
SOLID
  70
1
  71
0
  91
1
  92
7
  72
0
  73
1
  93
4
  10
-4.521004876624928
  20
-3.5216346561218494
  10
-4.061376488579589
  20
-3.0620062680765114
  10
-3.4956910636303515
  20
-3.62769169302575
  10
-3.955319451675689
  20
-4.087320081071089
  97
1
  330
2457
  75
0
  76
1
  47
0.4128176842155181
  98
1
  10
34.90568961886538
  20
22.81183545379326
  450
0
  451
0
  460
0
  461
0
  452
1
  462
1
  453
2
  463
0
  63
5
  421
255
  463
1
  63
7
  421
16777215
  470
LINEAR
  1001
ACAD
  1010
0
  1020
0
  1030
0
  0
LWPOLYLINE
  5
2457
  100
AcDbEntity
  8
Top-Layer
  100
AcDbPolyline
  90
4
  70
1
  43
0
  10
-4.521004876624928
  20
-3.5216346561218494
  10
-4.061376488579589
  20
-3.0620062680765114
  10
-3.4956910636303515
  20
-3.62769169302575
  10
-3.955319451675689
  20
-4.087320081071089
  0
HATCH
  5
2464
  100
AcDbEntity
  8
Top-Layer
  100
AcDbHatch
  10
0
  20
0
  30
0
  210
0
  220
0
  230
1
  2
SOLID
  70
1
  71
0
  91
1
  92
7
  72
0
  73
1
  93
4
  10
4.87499618999238
  20
-7.920017780035561
  10
4.87499618999238
  20
-7.380012700025402
  10
5.440655321310643
  20
-7.380012700025402
  10
5.440655321310643
  20
-7.920017780035561
  97
1
  330
2463
  75
0
  76
1
  47
0.4128176842155181
  98
1
  10
34.90568961886538
  20
22.81183545379326
  450
0
  451
0
  460
0
  461
0
  452
1
  462
1
  453
2
  463
0
  63
5
  421
255
  463
1
  63
7
  421
16777215
  470
LINEAR
  1001
ACAD
  1010
0
  1020
0
  1030
0
  0
LWPOLYLINE
  5
2463
  100
AcDbEntity
  8
Top-Layer
  100
AcDbPolyline
  90
4
  70
1
  43
0
  10
4.87499618999238
  20
-7.920017780035561
  10
4.87499618999238
  20
-7.380012700025402
  10
5.440655321310643
  20
-7.380012700025402
  10
5.440655321310643
  20
-7.920017780035561
  0
HATCH
  5
2468
  100
AcDbEntity
  8
Top-Layer
  100
AcDbHatch
  10
0
  20
0
  30
0
  210
0
  220
0
  230
1
  2
SOLID
  70
1
  71
0
  91
1
  92
7
  72
0
  73
1
  93
4
  10
4.009362458724917
  20
-7.920017780035561
  10
4.009362458724917
  20
-7.380012700025402
  10
4.575021590043179
  20
-7.380012700025402
  10
4.575021590043179
  20
-7.920017780035561
  97
1
  330
2467
  75
0
  76
1
  47
0.4128176842155181
  98
1
  10
34.90568961886538
  20
22.81183545379326
  450
0
  451
0
  460
0
  461
0
  452
1
  462
1
  453
2
  463
0
  63
5
  421
255
  463
1
  63
7
  421
16777215
  470
LINEAR
  1001
ACAD
  1010
0
  1020
0
  1030
0
  0
LWPOLYLINE
  5
2467
  100
AcDbEntity
  8
Top-Layer
  100
AcDbPolyline
  90
4
  70
1
  43
0
  10
4.009362458724917
  20
-7.920017780035561
  10
4.009362458724917
  20
-7.380012700025402
  10
4.575021590043179
  20
-7.380012700025402
  10
4.575021590043179
  20
-7.920017780035561
  0
HATCH
  5
2472
  100
AcDbEntity
  8
Top-Layer
  100
AcDbHatch
  10
0
  20
0
  30
0
  210
0
  220
0
  230
1
  2
SOLID
  70
1
  71
0
  91
1
  92
7
  72
0
  73
1
  93
4
  10
4.84218186436373
  20
-6.762199644399289
  10
4.84218186436373
  20
-6.22219456438913
  10
5.407840995681991
  20
-6.22219456438913
  10
5.407840995681991
  20
-6.762199644399289
  97
1
  330
2471
  75
0
  76
1
  47
0.4128176842155181
  98
1
  10
34.90568961886538
  20
22.81183545379326
  450
0
  451
0
  460
0
  461
0
  452
1
  462
1
  453
2
  463
0
  63
5
  421
255
  463
1
  63
7
  421
16777215
  470
LINEAR
  1001
ACAD
  1010
0
  1020
0
  1030
0
  0
LWPOLYLINE
  5
2471
  100
AcDbEntity
  8
Top-Layer
  100
AcDbPolyline
  90
4
  70
1
  43
0
  10
4.84218186436373
  20
-6.762199644399289
  10
4.84218186436373
  20
-6.22219456438913
  10
5.407840995681991
  20
-6.22219456438913
  10
5.407840995681991
  20
-6.762199644399289
  0
HATCH
  5
2476
  100
AcDbEntity
  8
Top-Layer
  100
AcDbHatch
  10
0
  20
0
  30
0
  210
0
  220
0
  230
1
  2
SOLID
  70
1
  71
0
  91
1
  92
7
  72
0
  73
1
  93
4
  10
3.976548133096266
  20
-6.762199644399289
  10
3.976548133096266
  20
-6.22219456438913
  10
4.542207264414529
  20
-6.22219456438913
  10
4.542207264414529
  20
-6.762199644399289
  97
1
  330
2475
  75
0
  76
1
  47
0.4128176842155181
  98
1
  10
34.90568961886538
  20
22.81183545379326
  450
0
  451
0
  460
0
  461
0
  452
1
  462
1
  453
2
  463
0
  63
5
  421
255
  463
1
  63
7
  421
16777215
  470
LINEAR
  1001
ACAD
  1010
0
  1020
0
  1030
0
  0
LWPOLYLINE
  5
2475
  100
AcDbEntity
  8
Top-Layer
  100
AcDbPolyline
  90
4
  70
1
  43
0
  10
3.976548133096266
  20
-6.762199644399289
  10
3.976548133096266
  20
-6.22219456438913
  10
4.542207264414529
  20
-6.22219456438913
  10
4.542207264414529
  20
-6.762199644399289
  0
HATCH
  5
2480
  100
AcDbEntity
  8
Top-Layer
  100
AcDbHatch
  10
0
  20
0
  30
0
  210
0
  220
0
  230
1
  2
SOLID
  70
1
  71
0
  91
1
  92
7
  72
0
  73
1
  93
4
  10
-1.6000152400304803
  20
0.12999745999491996
  10
-1.6000152400304803
  20
0.6700025400050802
  10
-1.0343561087122175
  20
0.6700025400050802
  10
-1.0343561087122175
  20
0.12999745999491996
  97
1
  330
2479
  75
0
  76
1
  47
0.4128176842155181
  98
1
  10
34.90568961886538
  20
22.81183545379326
  450
0
  451
0
  460
0
  461
0
  452
1
  462
1
  453
2
  463
0
  63
5
  421
255
  463
1
  63
7
  421
16777215
  470
LINEAR
  1001
ACAD
  1010
0
  1020
0
  1030
0
  0
LWPOLYLINE
  5
2479
  100
AcDbEntity
  8
Top-Layer
  100
AcDbPolyline
  90
4
  70
1
  43
0
  10
-1.6000152400304803
  20
0.12999745999491996
  10
-1.6000152400304803
  20
0.6700025400050802
  10
-1.0343561087122175
  20
0.6700025400050802
  10
-1.0343561087122175
  20
0.12999745999491996
  0
HATCH
  5
2484
  100
AcDbEntity
  8
Top-Layer
  100
AcDbHatch
  10
0
  20
0
  30
0
  210
0
  220
0
  230
1
  2
SOLID
  70
1
  71
0
  91
1
  92
7
  72
0
  73
1
  93
4
  10
-2.465648971297943
  20
0.12999745999491996
  10
-2.465648971297943
  20
0.6700025400050802
  10
-1.89998983997968
  20
0.6700025400050802
  10
-1.89998983997968
  20
0.12999745999491996
  97
1
  330
2483
  75
0
  76
1
  47
0.4128176842155181
  98
1
  10
34.90568961886538
  20
22.81183545379326
  450
0
  451
0
  460
0
  461
0
  452
1
  462
1
  453
2
  463
0
  63
5
  421
255
  463
1
  63
7
  421
16777215
  470
LINEAR
  1001
ACAD
  1010
0
  1020
0
  1030
0
  0
LWPOLYLINE
  5
2483
  100
AcDbEntity
  8
Top-Layer
  100
AcDbPolyline
  90
4
  70
1
  43
0
  10
-2.465648971297943
  20
0.12999745999491996
  10
-2.465648971297943
  20
0.6700025400050802
  10
-1.89998983997968
  20
0.6700025400050802
  10
-1.89998983997968
  20
0.12999745999491996
  0
HATCH
  5
2488
  100
AcDbEntity
  8
Top-Layer
  100
AcDbHatch
  10
0
  20
0
  30
0
  210
0
  220
0
  230
1
  2
SOLID
  70
1
  71
0
  91
1
  92
7
  72
0
  73
1
  93
4
  10
0.05001270002540008
  20
0.6750063500127002
  10
0.05001270002540002
  20
0.12499364998730005
  10
-0.3000000000000001
  20
0.12499364998730005
  10
-0.3
  20
0.6750063500127002
  97
1
  330
2487
  75
0
  76
1
  47
0.4128176842155181
  98
1
  10
34.90568961886538
  20
22.81183545379326
  450
0
  451
0
  460
0
  461
0
  452
1
  462
1
  453
2
  463
0
  63
5
  421
255
  463
1
  63
7
  421
16777215
  470
LINEAR
  1001
ACAD
  1010
0
  1020
0
  1030
0
  0
LWPOLYLINE
  5
2487
  100
AcDbEntity
  8
Top-Layer
  100
AcDbPolyline
  90
4
  70
1
  43
0
  10
0.05001270002540008
  20
0.6750063500127002
  10
0.05001270002540002
  20
0.12499364998730005
  10
-0.3000000000000001
  20
0.12499364998730005
  10
-0.3
  20
0.6750063500127002
  0
HATCH
  5
2494
  100
AcDbEntity
  8
Top-Layer
  100
AcDbHatch
  10
0
  20
0
  30
0
  210
0
  220
0
  230
1
  2
SOLID
  70
1
  71
0
  91
1
  92
7
  72
0
  73
1
  93
4
  10
0.7000000000000001
  20
0.6750063500127
  10
0.7
  20
0.12499364998729993
  10
0.3499872999745999
  20
0.12499364998730005
  10
0.3499872999746
  20
0.6750063500127002
  97
1
  330
2493
  75
0
  76
1
  47
0.4128176842155181
  98
1
  10
34.90568961886538
  20
22.81183545379326
  450
0
  451
0
  460
0
  461
0
  452
1
  462
1
  453
2
  463
0
  63
5
  421
255
  463
1
  63
7
  421
16777215
  470
LINEAR
  1001
ACAD
  1010
0
  1020
0
  1030
0
  0
LWPOLYLINE
  5
2493
  100
AcDbEntity
  8
Top-Layer
  100
AcDbPolyline
  90
4
  70
1
  43
0
  10
0.7000000000000001
  20
0.6750063500127
  10
0.7
  20
0.12499364998729993
  10
0.3499872999745999
  20
0.12499364998730005
  10
0.3499872999746
  20
0.6750063500127002
  0
HATCH
  5
2500
  100
AcDbEntity
  8
Top-Layer
  100
AcDbHatch
  10
0
  20
0
  30
0
  210
0
  220
0
  230
1
  2
SOLID
  70
1
  71
0
  91
1
  92
7
  72
0
  73
1
  93
4
  10
0.10488442976885967
  20
1.8200050800101601
  10
0.10488442976885962
  20
1.2800000000000002
  10
-0.39511557023114047
  20
1.2800000000000002
  10
-0.39511557023114036
  20
1.8200050800101601
  97
1
  330
2499
  75
0
  76
1
  47
0.4128176842155181
  98
1
  10
34.90568961886538
  20
22.81183545379326
  450
0
  451
0
  460
0
  461
0
  452
1
  462
1
  453
2
  463
0
  63
5
  421
255
  463
1
  63
7
  421
16777215
  470
LINEAR
  1001
ACAD
  1010
0
  1020
0
  1030
0
  0
LWPOLYLINE
  5
2499
  100
AcDbEntity
  8
Top-Layer
  100
AcDbPolyline
  90
4
  70
1
  43
0
  10
0.10488442976885967
  20
1.8200050800101601
  10
0.10488442976885962
  20
1.2800000000000002
  10
-0.39511557023114047
  20
1.2800000000000002
  10
-0.39511557023114036
  20
1.8200050800101601
  0
HATCH
  5
2506
  100
AcDbEntity
  8
Top-Layer
  100
AcDbHatch
  10
0
  20
0
  30
0
  210
0
  220
0
  230
1
  2
SOLID
  70
1
  71
0
  91
1
  92
7
  72
0
  73
1
  93
4
  10
0.9451181102362206
  20
1.8200050800101601
  10
0.9451181102362205
  20
1.2800000000000002
  10
0.4451181102362205
  20
1.2800000000000005
  10
0.4451181102362206
  20
1.8200050800101604
  97
1
  330
2505
  75
0
  76
1
  47
0.4128176842155181
  98
1
  10
34.90568961886538
  20
22.81183545379326
  450
0
  451
0
  460
0
  461
0
  452
1
  462
1
  453
2
  463
0
  63
5
  421
255
  463
1
  63
7
  421
16777215
  470
LINEAR
  1001
ACAD
  1010
0
  1020
0
  1030
0
  0
LWPOLYLINE
  5
2505
  100
AcDbEntity
  8
Top-Layer
  100
AcDbPolyline
  90
4
  70
1
  43
0
  10
0.9451181102362206
  20
1.8200050800101601
  10
0.9451181102362205
  20
1.2800000000000002
  10
0.4451181102362205
  20
1.2800000000000005
  10
0.4451181102362206
  20
1.8200050800101604
  0
LWPOLYLINE
  5
1047
  100
AcDbEntity
  8
Top-Silkscreen-Layer
  100
AcDbPolyline
  90
4
  70
0
  43
0.25001270002540005
  10
-3.250088900177801
  20
-8.147117094197167
  42
1
  10
-3.150012700025401
  20
-8.14711709425825
  10
-3.150012700025401
  20
-8.147117094271213
  42
1
  10
-3.250088900177801
  20
-8.14711709421013
  0
LWPOLYLINE
  5
1256
  100
AcDbEntity
  8
Top-Silkscreen-Layer
  100
AcDbPolyline
  90
2
  70
0
  43
0.15240030480060962
  10
0.07138430276860554
  20
4.252473964947931
  10
-0.42861569723139453
  20
4.252473964947931
  0
LWPOLYLINE
  5
1257
  100
AcDbEntity
  8
Top-Silkscreen-Layer
  100
AcDbPolyline
  90
2
  70
0
  43
0.15240030480060962
  10
0.22381000762001532
  20
5.09725425450851
  10
0.22381000762001532
  20
4.40484886969774
  0
LWPOLYLINE
  5
1258
  100
AcDbEntity
  8
Top-Silkscreen-Layer
  100
AcDbPolyline
  90
2
  70
0
  43
0.15240030480060962
  10
-0.4286156972313944
  20
5.2496545593091195
  10
0.07138430276860576
  20
5.2496545593091195
  0
LWPOLYLINE
  5
1259
  100
AcDbEntity
  8
Top-Silkscreen-Layer
  100
AcDbPolyline
  90
2
  70
0
  43
0.15240030480060962
  10
-1.3713893827787655
  20
5.247520955041911
  10
-0.8713893827787655
  20
5.247520955041911
  0
LWPOLYLINE
  5
1260
  100
AcDbEntity
  8
Top-Silkscreen-Layer
  100
AcDbPolyline
  90
2
  70
0
  43
0.15240030480060962
  10
-0.8713893827787655
  20
4.250391160782323
  10
-1.3713893827787658
  20
4.250391160782323
  0
LWPOLYLINE
  5
1261
  100
AcDbEntity
  8
Top-Silkscreen-Layer
  100
AcDbPolyline
  90
2
  70
0
  43
0.15240030480060962
  10
-1.5238150876301753
  20
4.402740665481332
  10
-1.5238150876301753
  20
5.095171450342902
  0
LWPOLYLINE
  5
1262
  100
AcDbEntity
  8
Top-Silkscreen-Layer
  100
AcDbPolyline
  90
2
  70
0
  43
0.15240030480060962
  10
-1.3713893827787658
  20
4.250365760731522
  42
-0.414
  10
-1.5237896875793753
  20
4.4027660655321315
  0
LWPOLYLINE
  5
1263
  100
AcDbEntity
  8
Top-Silkscreen-Layer
  100
AcDbPolyline
  90
2
  70
0
  43
0.15240030480060962
  10
-1.5237896875793753
  20
5.095171450342902
  42
-0.414
  10
-1.3713893827787658
  20
5.247571755143512
  0
LWPOLYLINE
  5
1264
  100
AcDbEntity
  8
Top-Silkscreen-Layer
  100
AcDbPolyline
  90
2
  70
0
  43
0.15240030480060962
  10
0.07138430276860565
  20
5.24965455930912
  42
-0.414
  10
0.22378460756921528
  20
5.09725425450851
  0
LWPOLYLINE
  5
1265
  100
AcDbEntity
  8
Top-Silkscreen-Layer
  100
AcDbPolyline
  90
2
  70
0
  43
0.15240030480060962
  10
0.22378460756921528
  20
4.40484886969774
  42
-0.414
  10
0.07138430276860565
  20
4.25244856489713
  0
LWPOLYLINE
  5
1266
  100
AcDbEntity
  8
Top-Silkscreen-Layer
  100
AcDbPolyline
  90
2
  70
0
  43
0.15240030480060962
  10
-0.97746761493523
  20
-0.7536169672339348
  10
-0.9774676149352302
  20
-1.2536169672339348
  0
LWPOLYLINE
  5
1267
  100
AcDbEntity
  8
Top-Silkscreen-Layer
  100
AcDbPolyline
  90
2
  70
0
  43
0.15240030480060962
  10
-1.822247904495809
  20
-0.6011912623825248
  10
-1.1298425196850397
  20
-0.6011912623825251
  0
LWPOLYLINE
  5
1268
  100
AcDbEntity
  8
Top-Silkscreen-Layer
  100
AcDbPolyline
  90
2
  70
0
  43
0.15240030480060962
  10
-1.9746482092964188
  20
-1.2536169672339348
  10
-1.9746482092964188
  20
-0.7536169672339346
  0
LWPOLYLINE
  5
1269
  100
AcDbEntity
  8
Top-Silkscreen-Layer
  100
AcDbPolyline
  90
2
  70
0
  43
0.15240030480060962
  10
-1.9725146050292106
  20
-2.196390652781306
  10
-1.9725146050292106
  20
-1.696390652781306
  0
LWPOLYLINE
  5
1270
  100
AcDbEntity
  8
Top-Silkscreen-Layer
  100
AcDbPolyline
  90
2
  70
0
  43
0.15240030480060962
  10
-0.9753848107696219
  20
-1.696390652781306
  10
-0.9753848107696219
  20
-2.1963906527813064
  0
LWPOLYLINE
  5
1271
  100
AcDbEntity
  8
Top-Silkscreen-Layer
  100
AcDbPolyline
  90
2
  70
0
  43
0.15240030480060962
  10
-1.1277343154686312
  20
-2.348816357632716
  10
-1.820165100330201
  20
-2.3488163576327152
  0
LWPOLYLINE
  5
1272
  100
AcDbEntity
  8
Top-Silkscreen-Layer
  100
AcDbPolyline
  90
2
  70
0
  43
0.15240030480060962
  10
-0.9753594107188219
  20
-2.1963906527813064
  42
-0.414
  10
-1.1277597155194317
  20
-2.3487909575819157
  0
LWPOLYLINE
  5
1273
  100
AcDbEntity
  8
Top-Silkscreen-Layer
  100
AcDbPolyline
  90
2
  70
0
  43
0.15240030480060962
  10
-1.820165100330201
  20
-2.3487909575819153
  42
-0.414
  10
-1.9725654051308106
  20
-2.196390652781306
  0
LWPOLYLINE
  5
1274
  100
AcDbEntity
  8
Top-Silkscreen-Layer
  100
AcDbPolyline
  90
2
  70
0
  43
0.15240030480060962
  10
-1.9746482092964186
  20
-0.7536169672339345
  42
-0.414
  10
-1.822247904495809
  20
-0.6012166624333249
  0
LWPOLYLINE
  5
1275
  100
AcDbEntity
  8
Top-Silkscreen-Layer
  100
AcDbPolyline
  90
2
  70
0
  43
0.15240030480060962
  10
-1.1298425196850395
  20
-0.6012166624333252
  42
-0.414
  10
-0.97744221488443
  20
-0.7536169672339348
  0
LWPOLYLINE
  5
1276
  100
AcDbEntity
  8
Top-Silkscreen-Layer
  100
AcDbPolyline
  90
2
  70
0
  43
0.15001270002540007
  10
-0.5300635001270001
  20
6.44497586995174
  10
-0.05005334010668
  20
6.44497586995174
  0
LWPOLYLINE
  5
1277
  100
AcDbEntity
  8
Top-Silkscreen-Layer
  100
AcDbPolyline
  90
2
  70
0
  43
0.15001270002540007
  10
-0.05005334010668
  20
6.44497586995174
  10
-0.020081280162560135
  20
6.44497586995174
  0
LWPOLYLINE
  5
1278
  100
AcDbEntity
  8
Top-Silkscreen-Layer
  100
AcDbPolyline
  90
2
  70
0
  43
0.15001270002540007
  10
-0.020081280162560135
  20
6.44497586995174
  10
0.0799441198882399
  20
6.34495046990094
  0
LWPOLYLINE
  5
1279
  100
AcDbEntity
  8
Top-Silkscreen-Layer
  100
AcDbPolyline
  90
2
  70
0
  43
0.15001270002540007
  10
0.0799441198882399
  20
6.34495046990094
  10
0.0799441198882399
  20
5.60497078994158
  0
LWPOLYLINE
  5
1280
  100
AcDbEntity
  8
Top-Silkscreen-Layer
  100
AcDbPolyline
  90
2
  70
0
  43
0.15001270002540007
  10
0.0799441198882399
  20
5.60497078994158
  10
0.0799441198882399
  20
5.49496316992634
  0
LWPOLYLINE
  5
1281
  100
AcDbEntity
  8
Top-Silkscreen-Layer
  100
AcDbPolyline
  90
2
  70
0
  43
0.15001270002540007
  10
0.0799441198882399
  20
5.49496316992634
  10
0.009941579883159699
  20
5.42496062992126
  0
LWPOLYLINE
  5
1282
  100
AcDbEntity
  8
Top-Silkscreen-Layer
  100
AcDbPolyline
  90
2
  70
0
  43
0.15001270002540007
  10
0.009941579883159699
  20
5.42496062992126
  10
-0.5200558801117603
  20
5.42496062992126
  0
LWPOLYLINE
  5
1283
  100
AcDbEntity
  8
Top-Silkscreen-Layer
  100
AcDbPolyline
  90
2
  70
0
  43
0.15001270002540007
  10
0.25995427990856007
  20
6.334993649987301
  10
0.25995427990856007
  20
5.57497332994666
  0
LWPOLYLINE
  5
1284
  100
AcDbEntity
  8
Top-Silkscreen-Layer
  100
AcDbPolyline
  90
2
  70
0
  43
0.15001270002540007
  10
-1.5598831597663196
  20
5.51500381000762
  10
-1.5598831597663196
  20
6.275024130048261
  0
LWPOLYLINE
  5
1285
  100
AcDbEntity
  8
Top-Silkscreen-Layer
  100
AcDbPolyline
  90
2
  70
0
  43
0.15001270002540007
  10
-0.7698653797307595
  20
5.405021590043181
  10
-1.2498755397510795
  20
5.405021590043181
  0
LWPOLYLINE
  5
1286
  100
AcDbEntity
  8
Top-Silkscreen-Layer
  100
AcDbPolyline
  90
2
  70
0
  43
0.15001270002540007
  10
-1.2498755397510795
  20
5.405021590043181
  10
-1.2798475996951995
  20
5.405021590043181
  0
LWPOLYLINE
  5
1287
  100
AcDbEntity
  8
Top-Silkscreen-Layer
  100
AcDbPolyline
  90
2
  70
0
  43
0.15001270002540007
  10
-1.2798475996951995
  20
5.405021590043181
  10
-1.3798729997459995
  20
5.50504699009398
  0
LWPOLYLINE
  5
1288
  100
AcDbEntity
  8
Top-Silkscreen-Layer
  100
AcDbPolyline
  90
2
  70
0
  43
0.15001270002540007
  10
-1.3798729997459995
  20
5.50504699009398
  10
-1.3798729997459995
  20
6.245026670053341
  0
LWPOLYLINE
  5
1289
  100
AcDbEntity
  8
Top-Silkscreen-Layer
  100
AcDbPolyline
  90
2
  70
0
  43
0.15001270002540007
  10
-1.3798729997459995
  20
6.245026670053341
  10
-1.3798729997459995
  20
6.3550342900685814
  0
LWPOLYLINE
  5
1290
  100
AcDbEntity
  8
Top-Silkscreen-Layer
  100
AcDbPolyline
  90
2
  70
0
  43
0.15001270002540007
  10
-1.3798729997459995
  20
6.3550342900685814
  10
-1.3098704597409196
  20
6.425036830073661
  0
LWPOLYLINE
  5
1291
  100
AcDbEntity
  8
Top-Silkscreen-Layer
  100
AcDbPolyline
  90
2
  70
0
  43
0.15001270002540007
  10
-1.3098704597409196
  20
6.425036830073661
  10
-0.7798729997459994
  20
6.425036830073661
  0
LWPOLYLINE
  5
1292
  100
AcDbEntity
  8
Top-Silkscreen-Layer
  100
AcDbPolyline
  90
2
  70
0
  43
0.15001270002540007
  10
-0.84496570993142
  20
-1.4050647701295402
  10
-0.8449657099314198
  20
-0.9250546101092202
  0
LWPOLYLINE
  5
1293
  100
AcDbEntity
  8
Top-Silkscreen-Layer
  100
AcDbPolyline
  90
2
  70
0
  43
0.15001270002540007
  10
-0.8449657099314198
  20
-0.9250546101092202
  10
-0.8449657099314198
  20
-0.8950825501651003
  0
LWPOLYLINE
  5
1294
  100
AcDbEntity
  8
Top-Silkscreen-Layer
  100
AcDbPolyline
  90
2
  70
0
  43
0.15001270002540007
  10
-0.8449657099314198
  20
-0.8950825501651003
  10
-0.7449403098806198
  20
-0.7950571501143002
  0
LWPOLYLINE
  5
1295
  100
AcDbEntity
  8
Top-Silkscreen-Layer
  100
AcDbPolyline
  90
2
  70
0
  43
0.15001270002540007
  10
-0.7449403098806198
  20
-0.7950571501143002
  10
-0.004960629921259686
  20
-0.7950571501143004
  0
LWPOLYLINE
  5
1296
  100
AcDbEntity
  8
Top-Silkscreen-Layer
  100
AcDbPolyline
  90
2
  70
0
  43
0.15001270002540007
  10
-0.004960629921259686
  20
-0.7950571501143004
  10
0.10504699009398037
  20
-0.7950571501143004
  0
LWPOLYLINE
  5
1297
  100
AcDbEntity
  8
Top-Silkscreen-Layer
  100
AcDbPolyline
  90
2
  70
0
  43
0.15001270002540007
  10
0.10504699009398037
  20
-0.7950571501143004
  10
0.1750495300990604
  20
-0.8650596901193806
  0
LWPOLYLINE
  5
1298
  100
AcDbEntity
  8
Top-Silkscreen-Layer
  100
AcDbPolyline
  90
2
  70
0
  43
0.15001270002540007
  10
0.1750495300990604
  20
-0.8650596901193806
  10
0.1750495300990603
  20
-1.3950571501143005
  0
LWPOLYLINE
  5
1299
  100
AcDbEntity
  8
Top-Silkscreen-Layer
  100
AcDbPolyline
  90
2
  70
0
  43
0.15001270002540007
  10
-0.7349834899669798
  20
-0.61504699009398
  10
0.025036830073660386
  20
-0.6150469900939802
  0
LWPOLYLINE
  5
1300
  100
AcDbEntity
  8
Top-Silkscreen-Layer
  100
AcDbPolyline
  90
2
  70
0
  43
0.15001270002540007
  10
0.08500635001269988
  20
-2.43488442976886
  10
-0.6750139700279403
  20
-2.43488442976886
  0
LWPOLYLINE
  5
1301
  100
AcDbEntity
  8
Top-Silkscreen-Layer
  100
AcDbPolyline
  90
2
  70
0
  43
0.15001270002540007
  10
0.19498856997714006
  20
-1.6448666497332998
  10
0.19498856997713995
  20
-2.12487680975362
  0
LWPOLYLINE
  5
1302
  100
AcDbEntity
  8
Top-Silkscreen-Layer
  100
AcDbPolyline
  90
2
  70
0
  43
0.15001270002540007
  10
0.19498856997713995
  20
-2.12487680975362
  10
0.19498856997713995
  20
-2.15484886969774
  0
LWPOLYLINE
  5
1303
  100
AcDbEntity
  8
Top-Silkscreen-Layer
  100
AcDbPolyline
  90
2
  70
0
  43
0.15001270002540007
  10
0.19498856997713995
  20
-2.15484886969774
  10
0.09496316992633978
  20
-2.25487426974854
  0
LWPOLYLINE
  5
1304
  100
AcDbEntity
  8
Top-Silkscreen-Layer
  100
AcDbPolyline
  90
2
  70
0
  43
0.15001270002540007
  10
0.09496316992633978
  20
-2.25487426974854
  10
-0.6450165100330202
  20
-2.25487426974854
  0
LWPOLYLINE
  5
1305
  100
AcDbEntity
  8
Top-Silkscreen-Layer
  100
AcDbPolyline
  90
2
  70
0
  43
0.15001270002540007
  10
-0.6450165100330202
  20
-2.25487426974854
  10
-0.7550241300482603
  20
-2.25487426974854
  0
LWPOLYLINE
  5
1306
  100
AcDbEntity
  8
Top-Silkscreen-Layer
  100
AcDbPolyline
  90
2
  70
0
  43
0.15001270002540007
  10
-0.7550241300482603
  20
-2.25487426974854
  10
-0.8250266700533403
  20
-2.1848717297434597
  0
LWPOLYLINE
  5
1307
  100
AcDbEntity
  8
Top-Silkscreen-Layer
  100
AcDbPolyline
  90
2
  70
0
  43
0.15001270002540007
  10
-0.8250266700533403
  20
-2.1848717297434597
  10
-0.8250266700533402
  20
-1.6548742697485397
  0
LWPOLYLINE
  5
1308
  100
AcDbEntity
  8
Top-Silkscreen-Layer
  100
AcDbPolyline
  90
2
  70
0
  43
0.15001270002540007
  10
0.2300381000762002
  20
-1.45506477012954
  10
0.23003810007620032
  20
-0.9750546101092201
  0
LWPOLYLINE
  5
1309
  100
AcDbEntity
  8
Top-Silkscreen-Layer
  100
AcDbPolyline
  90
2
  70
0
  43
0.15001270002540007
  10
0.23003810007620032
  20
-0.9750546101092201
  10
0.23003810007620032
  20
-0.9450825501651002
  0
LWPOLYLINE
  5
1310
  100
AcDbEntity
  8
Top-Silkscreen-Layer
  100
AcDbPolyline
  90
2
  70
0
  43
0.15001270002540007
  10
0.23003810007620032
  20
-0.9450825501651002
  10
0.33006350012700036
  20
-0.8450571501143
  0
LWPOLYLINE
  5
1311
  100
AcDbEntity
  8
Top-Silkscreen-Layer
  100
AcDbPolyline
  90
2
  70
0
  43
0.15001270002540007
  10
0.33006350012700036
  20
-0.8450571501143
  10
1.0700431800863603
  20
-0.8450571501143003
  0
LWPOLYLINE
  5
1312
  100
AcDbEntity
  8
Top-Silkscreen-Layer
  100
AcDbPolyline
  90
2
  70
0
  43
0.15001270002540007
  10
1.0700431800863603
  20
-0.8450571501143003
  10
1.1800508001016006
  20
-0.8450571501143003
  0
LWPOLYLINE
  5
1313
  100
AcDbEntity
  8
Top-Silkscreen-Layer
  100
AcDbPolyline
  90
2
  70
0
  43
0.15001270002540007
  10
1.1800508001016006
  20
-0.8450571501143003
  10
1.2500533401066805
  20
-0.9150596901193804
  0
LWPOLYLINE
  5
1314
  100
AcDbEntity
  8
Top-Silkscreen-Layer
  100
AcDbPolyline
  90
2
  70
0
  43
0.15001270002540007
  10
1.2500533401066805
  20
-0.9150596901193804
  10
1.2500533401066802
  20
-1.4450571501143004
  0
LWPOLYLINE
  5
1315
  100
AcDbEntity
  8
Top-Silkscreen-Layer
  100
AcDbPolyline
  90
2
  70
0
  43
0.15001270002540007
  10
0.34002032004064037
  20
-0.6650469900939799
  10
1.1000406400812806
  20
-0.6650469900939802
  0
LWPOLYLINE
  5
1316
  100
AcDbEntity
  8
Top-Silkscreen-Layer
  100
AcDbPolyline
  90
2
  70
0
  43
0.15001270002540007
  10
1.1600101600203199
  20
-2.4848844297688597
  10
0.3999898399796799
  20
-2.4848844297688597
  0
LWPOLYLINE
  5
1317
  100
AcDbEntity
  8
Top-Silkscreen-Layer
  100
AcDbPolyline
  90
2
  70
0
  43
0.15001270002540007
  10
1.2699923799847601
  20
-1.6948666497332998
  10
1.2699923799847601
  20
-2.17487680975362
  0
LWPOLYLINE
  5
1318
  100
AcDbEntity
  8
Top-Silkscreen-Layer
  100
AcDbPolyline
  90
2
  70
0
  43
0.15001270002540007
  10
1.2699923799847601
  20
-2.17487680975362
  10
1.2699923799847601
  20
-2.2048488696977397
  0
LWPOLYLINE
  5
1319
  100
AcDbEntity
  8
Top-Silkscreen-Layer
  100
AcDbPolyline
  90
2
  70
0
  43
0.15001270002540007
  10
1.2699923799847601
  20
-2.2048488696977397
  10
1.1699669799339598
  20
-2.30487426974854
  0
LWPOLYLINE
  5
1320
  100
AcDbEntity
  8
Top-Silkscreen-Layer
  100
AcDbPolyline
  90
2
  70
0
  43
0.15001270002540007
  10
1.1699669799339598
  20
-2.30487426974854
  10
0.4299872999745999
  20
-2.30487426974854
  0
LWPOLYLINE
  5
1321
  100
AcDbEntity
  8
Top-Silkscreen-Layer
  100
AcDbPolyline
  90
2
  70
0
  43
0.15001270002540007
  10
0.4299872999745999
  20
-2.30487426974854
  10
0.31997967995935983
  20
-2.30487426974854
  0
LWPOLYLINE
  5
1322
  100
AcDbEntity
  8
Top-Silkscreen-Layer
  100
AcDbPolyline
  90
2
  70
0
  43
0.15001270002540007
  10
0.31997967995935983
  20
-2.30487426974854
  10
0.24997713995427986
  20
-2.2348717297434595
  0
LWPOLYLINE
  5
1323
  100
AcDbEntity
  8
Top-Silkscreen-Layer
  100
AcDbPolyline
  90
2
  70
0
  43
0.15001270002540007
  10
0.24997713995427986
  20
-2.2348717297434595
  10
0.24997713995427998
  20
-1.7048742697485395
  0
LWPOLYLINE
  5
1324
  100
AcDbEntity
  8
Top-Silkscreen-Layer
  100
AcDbPolyline
  90
2
  70
0
  43
0.25400050800101603
  10
-5.400025400050801
  20
-12.10716281432563
  10
-5.400025400050801
  20
-13.397028194056391
  0
LWPOLYLINE
  5
1325
  100
AcDbEntity
  8
Top-Silkscreen-Layer
  100
AcDbPolyline
  90
2
  70
0
  43
0.25400050800101603
  10
-5.400025400050801
  20
-13.397028194056391
  10
-4.800025400050801
  20
-13.397028194056391
  0
LWPOLYLINE
  5
1326
  100
AcDbEntity
  8
Top-Silkscreen-Layer
  100
AcDbPolyline
  90
2
  70
0
  43
0.25400050800101603
  10
-4.800025400050801
  20
-13.397028194056391
  10
-4.800025400050801
  20
-13.997028194056389
  0
LWPOLYLINE
  5
1327
  100
AcDbEntity
  8
Top-Silkscreen-Layer
  100
AcDbPolyline
  90
2
  70
0
  43
0.25400050800101603
  10
-4.800025400050801
  20
-13.997028194056389
  10
4.7999745999492
  20
-13.997028194056389
  0
LWPOLYLINE
  5
1328
  100
AcDbEntity
  8
Top-Silkscreen-Layer
  100
AcDbPolyline
  90
2
  70
0
  43
0.25400050800101603
  10
-4.800025400050801
  20
-13.397028194056391
  10
5.399974599949201
  20
-13.397028194056391
  0
LWPOLYLINE
  5
1329
  100
AcDbEntity
  8
Top-Silkscreen-Layer
  100
AcDbPolyline
  90
2
  70
0
  43
0.25400050800101603
  10
5.399974599949201
  20
-12.106756413512828
  10
5.399974599949201
  20
-13.397028194056391
  0
LWPOLYLINE
  5
1330
  100
AcDbEntity
  8
Top-Silkscreen-Layer
  100
AcDbPolyline
  90
2
  70
0
  43
0.25400050800101603
  10
5.399974599949201
  20
-13.397028194056391
  10
4.786614173228347
  20
-13.397028194056391
  0
LWPOLYLINE
  5
1331
  100
AcDbEntity
  8
Top-Silkscreen-Layer
  100
AcDbPolyline
  90
2
  70
0
  43
0.25400050800101603
  10
4.786614173228347
  20
-13.397028194056391
  10
4.7999745999492
  20
-13.997028194056389
  0
LWPOLYLINE
  5
1332
  100
AcDbEntity
  8
Top-Silkscreen-Layer
  100
AcDbPolyline
  90
2
  70
0
  43
0.25400050800101603
  10
-5.400025400050801
  20
-8.69702819405639
  10
-5.400025400050801
  20
-9.844881889763782
  0
LWPOLYLINE
  5
1333
  100
AcDbEntity
  8
Top-Silkscreen-Layer
  100
AcDbPolyline
  90
2
  70
0
  43
0.25400050800101603
  10
3.1303276606553214
  20
-8.69702819405639
  10
5.399974599949201
  20
-8.69702819405639
  0
LWPOLYLINE
  5
1334
  100
AcDbEntity
  8
Top-Silkscreen-Layer
  100
AcDbPolyline
  90
2
  70
0
  43
0.25400050800101603
  10
-5.400025400050801
  20
-8.69702819405639
  10
-3.1303530607061223
  20
-8.69702819405639
  0
LWPOLYLINE
  5
1335
  100
AcDbEntity
  8
Top-Silkscreen-Layer
  100
AcDbPolyline
  90
2
  70
0
  43
0.25400050800101603
  10
3.1303276606553214
  20
-8.69702819405639
  10
5.399974599949201
  20
-8.69702819405639
  0
LWPOLYLINE
  5
1336
  100
AcDbEntity
  8
Top-Silkscreen-Layer
  100
AcDbPolyline
  90
2
  70
0
  43
0.25400050800101603
  10
5.399974599949201
  20
-8.69702819405639
  10
5.399974599949201
  20
-9.844475488950978
  0
LWPOLYLINE
  5
1343
  100
AcDbEntity
  8
Top-Silkscreen-Layer
  100
AcDbPolyline
  90
2
  70
0
  43
0.25400050800101603
  10
-3.332463489939758
  20
3.7969370561262634
  10
-4.410096379733836
  20
2.719304166332185
  0
LWPOLYLINE
  5
1344
  100
AcDbEntity
  8
Top-Silkscreen-Layer
  100
AcDbPolyline
  90
2
  70
0
  43
0.25400050800101603
  10
-6.159480711655134
  20
4.395150829853935
  10
-5.081847821861056
  20
5.472783719648014
  0
LWPOLYLINE
  5
1357
  100
AcDbEntity
  8
Top-Silkscreen-Layer
  100
AcDbPolyline
  90
2
  70
0
  43
0.25400050800101603
  10
4.2661420345362195
  20
2.387416499845777
  10
3.1885091447421416
  20
3.4650493896398555
  0
LWPOLYLINE
  5
1358
  100
AcDbEntity
  8
Top-Silkscreen-Layer
  100
AcDbPolyline
  90
2
  70
0
  43
0.25400050800101603
  10
4.864355808263892
  20
5.2144337215611545
  10
5.94198869805797
  20
4.136800831767076
  0
LWPOLYLINE
  5
1371
  100
AcDbEntity
  8
Top-Silkscreen-Layer
  100
AcDbPolyline
  90
2
  70
0
  43
0.25400050800101603
  10
3.582463489939758
  20
-2.5719332461186424
  10
4.660096379733836
  20
-1.4943003563245647
  0
LWPOLYLINE
  5
1372
  100
AcDbEntity
  8
Top-Silkscreen-Layer
  100
AcDbPolyline
  90
2
  70
0
  43
0.25400050800101603
  10
6.409480711655134
  20
-3.170147019846315
  10
5.331847821861056
  20
-4.247779909640393
  0
LWPOLYLINE
  5
1385
  100
AcDbEntity
  8
Top-Silkscreen-Layer
  100
AcDbPolyline
  90
2
  70
0
  43
0.15240030480060962
  10
-2.0262153924307853
  20
1.0764008128016256
  10
-2.7442494284988572
  20
1.0764008128016256
  0
LWPOLYLINE
  5
1386
  100
AcDbEntity
  8
Top-Silkscreen-Layer
  100
AcDbPolyline
  90
2
  70
0
  43
0.15240030480060962
  10
-2.7442494284988572
  20
1.0764008128016256
  10
-2.7442494284988572
  20
2.0736068072136145
  0
LWPOLYLINE
  5
1387
  100
AcDbEntity
  8
Top-Silkscreen-Layer
  100
AcDbPolyline
  90
2
  70
0
  43
0.15240030480060962
  10
-2.7442494284988572
  20
2.0736068072136145
  10
-2.0262153924307853
  20
2.0736068072136145
  0
LWPOLYLINE
  5
1388
  100
AcDbEntity
  8
Top-Silkscreen-Layer
  100
AcDbPolyline
  90
2
  70
0
  43
0.15240030480060962
  10
-1.5737896875793753
  20
1.0764008128016256
  10
-0.8557556515113033
  20
1.0764008128016256
  0
LWPOLYLINE
  5
1389
  100
AcDbEntity
  8
Top-Silkscreen-Layer
  100
AcDbPolyline
  90
2
  70
0
  43
0.15240030480060962
  10
-0.8557556515113033
  20
1.0764008128016256
  10
-0.8557556515113033
  20
2.0736068072136145
  0
LWPOLYLINE
  5
1390
  100
AcDbEntity
  8
Top-Silkscreen-Layer
  100
AcDbPolyline
  90
2
  70
0
  43
0.15240030480060962
  10
-0.8557556515113033
  20
2.0736068072136145
  10
-1.5737896875793753
  20
2.0736068072136145
  0
LWPOLYLINE
  5
1395
  100
AcDbEntity
  8
Top-Silkscreen-Layer
  100
AcDbPolyline
  90
2
  70
0
  43
0.15240030480060962
  10
-1.7857683515367033
  20
4.958166116332234
  10
-1.7857683515367035
  20
4.2401320802641616
  0
LWPOLYLINE
  5
1396
  100
AcDbEntity
  8
Top-Silkscreen-Layer
  100
AcDbPolyline
  90
2
  70
0
  43
0.15240030480060962
  10
-1.7857683515367035
  20
4.2401320802641616
  10
-2.782974345948692
  20
4.2401320802641616
  0
LWPOLYLINE
  5
1397
  100
AcDbEntity
  8
Top-Silkscreen-Layer
  100
AcDbPolyline
  90
2
  70
0
  43
0.15240030480060962
  10
-2.782974345948692
  20
4.2401320802641616
  10
-2.782974345948692
  20
4.958166116332234
  0
LWPOLYLINE
  5
1398
  100
AcDbEntity
  8
Top-Silkscreen-Layer
  100
AcDbPolyline
  90
2
  70
0
  43
0.15240030480060962
  10
-1.7857683515367033
  20
5.410591821183643
  10
-1.7857683515367033
  20
6.128625857251716
  0
LWPOLYLINE
  5
1399
  100
AcDbEntity
  8
Top-Silkscreen-Layer
  100
AcDbPolyline
  90
2
  70
0
  43
0.15240030480060962
  10
-1.7857683515367033
  20
6.128625857251716
  10
-2.782974345948692
  20
6.128625857251716
  0
LWPOLYLINE
  5
1400
  100
AcDbEntity
  8
Top-Silkscreen-Layer
  100
AcDbPolyline
  90
2
  70
0
  43
0.15240030480060962
  10
-2.782974345948692
  20
6.128625857251716
  10
-2.782974345948692
  20
5.410591821183643
  0
LWPOLYLINE
  5
1405
  100
AcDbEntity
  8
Top-Silkscreen-Layer
  100
AcDbPolyline
  90
2
  70
0
  43
0.15240030480060962
  10
-5.1736118872237755
  20
1.526215392430785
  10
-5.1736118872237755
  20
2.2442494284988572
  0
LWPOLYLINE
  5
1406
  100
AcDbEntity
  8
Top-Silkscreen-Layer
  100
AcDbPolyline
  90
2
  70
0
  43
0.15240030480060962
  10
-5.1736118872237755
  20
2.2442494284988572
  10
-4.176405892811786
  20
2.2442494284988572
  0
LWPOLYLINE
  5
1407
  100
AcDbEntity
  8
Top-Silkscreen-Layer
  100
AcDbPolyline
  90
2
  70
0
  43
0.15240030480060962
  10
-4.176405892811786
  20
2.2442494284988572
  10
-4.176405892811786
  20
1.526215392430785
  0
LWPOLYLINE
  5
1408
  100
AcDbEntity
  8
Top-Silkscreen-Layer
  100
AcDbPolyline
  90
2
  70
0
  43
0.15240030480060962
  10
-5.1736118872237755
  20
1.0737896875793753
  10
-5.1736118872237755
  20
0.3557556515113032
  0
LWPOLYLINE
  5
1409
  100
AcDbEntity
  8
Top-Silkscreen-Layer
  100
AcDbPolyline
  90
2
  70
0
  43
0.15240030480060962
  10
-5.1736118872237755
  20
0.3557556515113032
  10
-4.176405892811786
  20
0.35575565151130295
  0
LWPOLYLINE
  5
1410
  100
AcDbEntity
  8
Top-Silkscreen-Layer
  100
AcDbPolyline
  90
2
  70
0
  43
0.15240030480060962
  10
-4.176405892811786
  20
0.35575565151130295
  10
-4.176405892811786
  20
1.0737896875793753
  0
LWPOLYLINE
  5
1415
  100
AcDbEntity
  8
Top-Silkscreen-Layer
  100
AcDbPolyline
  90
2
  70
0
  43
0.15240030480060962
  10
5.398613157226315
  20
-0.051211582423164884
  10
5.398613157226315
  20
-0.7692456184912371
  0
LWPOLYLINE
  5
1416
  100
AcDbEntity
  8
Top-Silkscreen-Layer
  100
AcDbPolyline
  90
2
  70
0
  43
0.15240030480060962
  10
5.398613157226315
  20
-0.7692456184912371
  10
4.401407162814325
  20
-0.7692456184912371
  0
LWPOLYLINE
  5
1417
  100
AcDbEntity
  8
Top-Silkscreen-Layer
  100
AcDbPolyline
  90
2
  70
0
  43
0.15240030480060962
  10
4.401407162814325
  20
-0.7692456184912371
  10
4.401407162814325
  20
-0.05121158242316483
  0
LWPOLYLINE
  5
1418
  100
AcDbEntity
  8
Top-Silkscreen-Layer
  100
AcDbPolyline
  90
2
  70
0
  43
0.15240030480060962
  10
5.398613157226315
  20
0.4012141224282449
  10
5.398613157226315
  20
1.1192481584963172
  0
LWPOLYLINE
  5
1419
  100
AcDbEntity
  8
Top-Silkscreen-Layer
  100
AcDbPolyline
  90
2
  70
0
  43
0.15240030480060962
  10
5.398613157226315
  20
1.1192481584963172
  10
4.401407162814325
  20
1.1192481584963172
  0
LWPOLYLINE
  5
1420
  100
AcDbEntity
  8
Top-Silkscreen-Layer
  100
AcDbPolyline
  90
2
  70
0
  43
0.15240030480060962
  10
4.401407162814325
  20
1.1192481584963172
  10
4.401407162814325
  20
0.40121412242824495
  0
LWPOLYLINE
  5
1425
  100
AcDbEntity
  8
Top-Silkscreen-Layer
  100
AcDbPolyline
  90
2
  70
0
  43
0.15240030480060962
  10
2.298608077216155
  20
4.873797307594616
  10
2.298608077216155
  20
4.155763271526543
  0
LWPOLYLINE
  5
1426
  100
AcDbEntity
  8
Top-Silkscreen-Layer
  100
AcDbPolyline
  90
2
  70
0
  43
0.15240030480060962
  10
2.298608077216155
  20
4.155763271526543
  10
1.301402082804166
  20
4.155763271526543
  0
LWPOLYLINE
  5
1427
  100
AcDbEntity
  8
Top-Silkscreen-Layer
  100
AcDbPolyline
  90
2
  70
0
  43
0.15240030480060962
  10
1.301402082804166
  20
4.155763271526543
  10
1.301402082804166
  20
4.873797307594616
  0
LWPOLYLINE
  5
1428
  100
AcDbEntity
  8
Top-Silkscreen-Layer
  100
AcDbPolyline
  90
2
  70
0
  43
0.15240030480060962
  10
2.298608077216155
  20
5.326223012446025
  10
2.298608077216155
  20
6.044257048514098
  0
LWPOLYLINE
  5
1429
  100
AcDbEntity
  8
Top-Silkscreen-Layer
  100
AcDbPolyline
  90
2
  70
0
  43
0.15240030480060962
  10
2.298608077216155
  20
6.044257048514098
  10
1.301402082804166
  20
6.044257048514098
  0
LWPOLYLINE
  5
1430
  100
AcDbEntity
  8
Top-Silkscreen-Layer
  100
AcDbPolyline
  90
2
  70
0
  43
0.15240030480060962
  10
1.301402082804166
  20
6.044257048514098
  10
1.301402082804166
  20
5.326223012446025
  0
LWPOLYLINE
  5
1435
  100
AcDbEntity
  8
Top-Silkscreen-Layer
  100
AcDbPolyline
  90
2
  70
0
  43
0.15240030480060962
  10
1.5762153924307851
  20
-2.801404622809246
  10
2.2942494284988575
  20
-2.801404622809246
  0
LWPOLYLINE
  5
1436
  100
AcDbEntity
  8
Top-Silkscreen-Layer
  100
AcDbPolyline
  90
2
  70
0
  43
0.15240030480060962
  10
2.2942494284988575
  20
-2.801404622809246
  10
2.2942494284988575
  20
-3.798610617221235
  0
LWPOLYLINE
  5
1437
  100
AcDbEntity
  8
Top-Silkscreen-Layer
  100
AcDbPolyline
  90
2
  70
0
  43
0.15240030480060962
  10
2.2942494284988575
  20
-3.798610617221235
  10
1.5762153924307851
  20
-3.7986106172212346
  0
LWPOLYLINE
  5
1438
  100
AcDbEntity
  8
Top-Silkscreen-Layer
  100
AcDbPolyline
  90
2
  70
0
  43
0.15240030480060962
  10
1.1237896875793754
  20
-2.801404622809246
  10
0.4057556515113033
  20
-2.8014046228092457
  0
LWPOLYLINE
  5
1439
  100
AcDbEntity
  8
Top-Silkscreen-Layer
  100
AcDbPolyline
  90
2
  70
0
  43
0.15240030480060962
  10
0.4057556515113033
  20
-2.8014046228092457
  10
0.40575565151130305
  20
-3.7986106172212346
  0
LWPOLYLINE
  5
1440
  100
AcDbEntity
  8
Top-Silkscreen-Layer
  100
AcDbPolyline
  90
2
  70
0
  43
0.15240030480060962
  10
0.40575565151130305
  20
-3.7986106172212346
  10
1.1237896875793754
  20
-3.7986106172212346
  0
LWPOLYLINE
  5
1458
  100
AcDbEntity
  8
Top-Silkscreen-Layer
  100
AcDbPolyline
  90
2
  70
0
  43
0.15001270002540007
  10
-1.4800711201422405
  20
-2.4300330200660407
  10
-1.0000609601219204
  20
-2.430033020066041
  0
LWPOLYLINE
  5
1459
  100
AcDbEntity
  8
Top-Silkscreen-Layer
  100
AcDbPolyline
  90
2
  70
0
  43
0.15001270002540007
  10
-1.0000609601219204
  20
-2.430033020066041
  10
-0.9700889001778004
  20
-2.430033020066041
  0
LWPOLYLINE
  5
1460
  100
AcDbEntity
  8
Top-Silkscreen-Layer
  100
AcDbPolyline
  90
2
  70
0
  43
0.15001270002540007
  10
-0.9700889001778004
  20
-2.430033020066041
  10
-0.8700635001270004
  20
-2.530058420116841
  0
LWPOLYLINE
  5
1461
  100
AcDbEntity
  8
Top-Silkscreen-Layer
  100
AcDbPolyline
  90
2
  70
0
  43
0.15001270002540007
  10
-0.8700635001270004
  20
-2.530058420116841
  10
-0.8700635001270004
  20
-3.2700381000762007
  0
LWPOLYLINE
  5
1462
  100
AcDbEntity
  8
Top-Silkscreen-Layer
  100
AcDbPolyline
  90
2
  70
0
  43
0.15001270002540007
  10
-0.8700635001270004
  20
-3.2700381000762007
  10
-0.8700635001270004
  20
-3.380045720091441
  0
LWPOLYLINE
  5
1463
  100
AcDbEntity
  8
Top-Silkscreen-Layer
  100
AcDbPolyline
  90
2
  70
0
  43
0.15001270002540007
  10
-0.8700635001270004
  20
-3.380045720091441
  10
-0.9400660401320806
  20
-3.450048260096521
  0
LWPOLYLINE
  5
1464
  100
AcDbEntity
  8
Top-Silkscreen-Layer
  100
AcDbPolyline
  90
2
  70
0
  43
0.15001270002540007
  10
-0.9400660401320806
  20
-3.450048260096521
  10
-1.4700635001270006
  20
-3.450048260096521
  0
LWPOLYLINE
  5
1465
  100
AcDbEntity
  8
Top-Silkscreen-Layer
  100
AcDbPolyline
  90
2
  70
0
  43
0.15001270002540007
  10
-0.6900533401066802
  20
-2.5400152400304807
  10
-0.6900533401066802
  20
-3.300035560071121
  0
LWPOLYLINE
  5
1466
  100
AcDbEntity
  8
Top-Silkscreen-Layer
  100
AcDbPolyline
  90
2
  70
0
  43
0.15001270002540007
  10
-2.50989077978156
  20
-3.3600050800101604
  10
-2.50989077978156
  20
-2.5999847599695203
  0
LWPOLYLINE
  5
1467
  100
AcDbEntity
  8
Top-Silkscreen-Layer
  100
AcDbPolyline
  90
2
  70
0
  43
0.15001270002540007
  10
-1.7198729997459998
  20
-3.4699872999746004
  10
-2.19988315976632
  20
-3.4699872999746004
  0
LWPOLYLINE
  5
1468
  100
AcDbEntity
  8
Top-Silkscreen-Layer
  100
AcDbPolyline
  90
2
  70
0
  43
0.15001270002540007
  10
-2.19988315976632
  20
-3.4699872999746004
  10
-2.2298552197104398
  20
-3.4699872999746004
  0
LWPOLYLINE
  5
1469
  100
AcDbEntity
  8
Top-Silkscreen-Layer
  100
AcDbPolyline
  90
2
  70
0
  43
0.15001270002540007
  10
-2.2298552197104398
  20
-3.4699872999746004
  10
-2.3298806197612403
  20
-3.3699618999238004
  0
LWPOLYLINE
  5
1470
  100
AcDbEntity
  8
Top-Silkscreen-Layer
  100
AcDbPolyline
  90
2
  70
0
  43
0.15001270002540007
  10
-2.3298806197612403
  20
-3.3699618999238004
  10
-2.3298806197612403
  20
-2.6299822199644405
  0
LWPOLYLINE
  5
1471
  100
AcDbEntity
  8
Top-Silkscreen-Layer
  100
AcDbPolyline
  90
2
  70
0
  43
0.15001270002540007
  10
-2.3298806197612403
  20
-2.6299822199644405
  10
-2.3298806197612403
  20
-2.5199745999492005
  0
LWPOLYLINE
  5
1472
  100
AcDbEntity
  8
Top-Silkscreen-Layer
  100
AcDbPolyline
  90
2
  70
0
  43
0.15001270002540007
  10
-2.3298806197612403
  20
-2.5199745999492005
  10
-2.25987807975616
  20
-2.44997205994412
  0
LWPOLYLINE
  5
1473
  100
AcDbEntity
  8
Top-Silkscreen-Layer
  100
AcDbPolyline
  90
2
  70
0
  43
0.15001270002540007
  10
-2.25987807975616
  20
-2.44997205994412
  10
-1.7298806197612397
  20
-2.44997205994412
  0
LWPOLYLINE
  5
1474
  100
AcDbEntity
  8
Top-Silkscreen-Layer
  100
AcDbPolyline
  90
2
  70
0
  43
0.15240030480060962
  10
-4.551221742443485
  20
-0.5986029972059945
  10
-5.269255778511559
  20
-0.5986029972059945
  0
LWPOLYLINE
  5
1475
  100
AcDbEntity
  8
Top-Silkscreen-Layer
  100
AcDbPolyline
  90
2
  70
0
  43
0.15240030480060962
  10
-5.269255778511559
  20
-0.5986029972059945
  10
-5.269255778511559
  20
0.39860299720599446
  0
LWPOLYLINE
  5
1476
  100
AcDbEntity
  8
Top-Silkscreen-Layer
  100
AcDbPolyline
  90
2
  70
0
  43
0.15240030480060962
  10
-5.269255778511559
  20
0.39860299720599446
  10
-4.551221742443485
  20
0.39860299720599446
  0
LWPOLYLINE
  5
1477
  100
AcDbEntity
  8
Top-Silkscreen-Layer
  100
AcDbPolyline
  90
2
  70
0
  43
0.15240030480060962
  10
-4.098796037592076
  20
-0.5986029972059945
  10
-3.380762001524004
  20
-0.5986029972059945
  0
LWPOLYLINE
  5
1478
  100
AcDbEntity
  8
Top-Silkscreen-Layer
  100
AcDbPolyline
  90
2
  70
0
  43
0.15240030480060962
  10
-3.380762001524004
  20
-0.5986029972059945
  10
-3.380762001524004
  20
0.39860299720599446
  0
LWPOLYLINE
  5
1479
  100
AcDbEntity
  8
Top-Silkscreen-Layer
  100
AcDbPolyline
  90
2
  70
0
  43
0.15240030480060962
  10
-3.380762001524004
  20
0.39860299720599446
  10
-4.098796037592076
  20
0.39860299720599446
  0
LWPOLYLINE
  5
1484
  100
AcDbEntity
  8
Top-Silkscreen-Layer
  100
AcDbPolyline
  90
2
  70
0
  43
0.25400050800101603
  10
-4.646937056126262
  20
-2.032460949934678
  10
-3.5693041663321843
  20
-3.1100938397287563
  0
LWPOLYLINE
  5
1485
  100
AcDbEntity
  8
Top-Silkscreen-Layer
  100
AcDbPolyline
  90
2
  70
0
  43
0.25400050800101603
  10
-5.245150829853935
  20
-4.859478171650055
  10
-6.3227837196480134
  20
-3.781845281855977
  0
LWPOLYLINE
  5
1498
  100
AcDbEntity
  8
Top-Silkscreen-Layer
  100
AcDbPolyline
  90
2
  70
0
  43
0.15240030480060962
  10
4.498796037592076
  20
-8.148618237236477
  10
3.780762001524003
  20
-8.148618237236477
  0
LWPOLYLINE
  5
1499
  100
AcDbEntity
  8
Top-Silkscreen-Layer
  100
AcDbPolyline
  90
2
  70
0
  43
0.15240030480060962
  10
3.780762001524003
  20
-8.148618237236477
  10
3.780762001524003
  20
-7.151412242824486
  0
LWPOLYLINE
  5
1500
  100
AcDbEntity
  8
Top-Silkscreen-Layer
  100
AcDbPolyline
  90
2
  70
0
  43
0.15240030480060962
  10
3.780762001524003
  20
-7.151412242824486
  10
4.498796037592076
  20
-7.151412242824486
  0
LWPOLYLINE
  5
1501
  100
AcDbEntity
  8
Top-Silkscreen-Layer
  100
AcDbPolyline
  90
2
  70
0
  43
0.15240030480060962
  10
4.951221742443485
  20
-8.148618237236477
  10
5.669255778511557
  20
-8.148618237236477
  0
LWPOLYLINE
  5
1502
  100
AcDbEntity
  8
Top-Silkscreen-Layer
  100
AcDbPolyline
  90
2
  70
0
  43
0.15240030480060962
  10
5.669255778511557
  20
-8.148618237236477
  10
5.669255778511557
  20
-7.151412242824486
  0
LWPOLYLINE
  5
1503
  100
AcDbEntity
  8
Top-Silkscreen-Layer
  100
AcDbPolyline
  90
2
  70
0
  43
0.15240030480060962
  10
5.669255778511557
  20
-7.151412242824486
  10
4.951221742443485
  20
-7.151412242824486
  0
LWPOLYLINE
  5
1508
  100
AcDbEntity
  8
Top-Silkscreen-Layer
  100
AcDbPolyline
  90
2
  70
0
  43
0.15240030480060962
  10
4.465981711963424
  20
-6.990800101600204
  10
3.7479476758953525
  20
-6.990800101600204
  0
LWPOLYLINE
  5
1509
  100
AcDbEntity
  8
Top-Silkscreen-Layer
  100
AcDbPolyline
  90
2
  70
0
  43
0.15240030480060962
  10
3.7479476758953525
  20
-6.990800101600204
  10
3.7479476758953525
  20
-5.993594107188215
  0
LWPOLYLINE
  5
1510
  100
AcDbEntity
  8
Top-Silkscreen-Layer
  100
AcDbPolyline
  90
2
  70
0
  43
0.15240030480060962
  10
3.7479476758953525
  20
-5.993594107188215
  10
4.465981711963424
  20
-5.993594107188215
  0
LWPOLYLINE
  5
1511
  100
AcDbEntity
  8
Top-Silkscreen-Layer
  100
AcDbPolyline
  90
2
  70
0
  43
0.15240030480060962
  10
4.9184074168148335
  20
-6.990800101600204
  10
5.636441452882907
  20
-6.990800101600204
  0
LWPOLYLINE
  5
1512
  100
AcDbEntity
  8
Top-Silkscreen-Layer
  100
AcDbPolyline
  90
2
  70
0
  43
0.15240030480060962
  10
5.636441452882907
  20
-6.990800101600204
  10
5.636441452882907
  20
-5.993594107188215
  0
LWPOLYLINE
  5
1513
  100
AcDbEntity
  8
Top-Silkscreen-Layer
  100
AcDbPolyline
  90
2
  70
0
  43
0.15240030480060962
  10
5.636441452882907
  20
-5.993594107188215
  10
4.9184074168148335
  20
-5.993594107188215
  0
LWPOLYLINE
  5
1518
  100
AcDbEntity
  8
Top-Silkscreen-Layer
  100
AcDbPolyline
  90
2
  70
0
  43
0.15240030480060962
  10
-1.976215392430785
  20
-0.0986029972059944
  10
-2.6942494284988574
  20
-0.0986029972059944
  0
LWPOLYLINE
  5
1519
  100
AcDbEntity
  8
Top-Silkscreen-Layer
  100
AcDbPolyline
  90
2
  70
0
  43
0.15240030480060962
  10
-2.6942494284988574
  20
-0.0986029972059944
  10
-2.6942494284988574
  20
0.8986029972059945
  0
LWPOLYLINE
  5
1520
  100
AcDbEntity
  8
Top-Silkscreen-Layer
  100
AcDbPolyline
  90
2
  70
0
  43
0.15240030480060962
  10
-2.6942494284988574
  20
0.8986029972059945
  10
-1.976215392430785
  20
0.8986029972059945
  0
LWPOLYLINE
  5
1521
  100
AcDbEntity
  8
Top-Silkscreen-Layer
  100
AcDbPolyline
  90
2
  70
0
  43
0.15240030480060962
  10
-1.5237896875793753
  20
-0.0986029972059944
  10
-0.8057556515113031
  20
-0.0986029972059944
  0
LWPOLYLINE
  5
1522
  100
AcDbEntity
  8
Top-Silkscreen-Layer
  100
AcDbPolyline
  90
2
  70
0
  43
0.15240030480060962
  10
-0.8057556515113031
  20
-0.0986029972059944
  10
-0.8057556515113031
  20
0.8986029972059945
  0
LWPOLYLINE
  5
1523
  100
AcDbEntity
  8
Top-Silkscreen-Layer
  100
AcDbPolyline
  90
2
  70
0
  43
0.15240030480060962
  10
-0.8057556515113031
  20
0.8986029972059945
  10
-1.5237896875793753
  20
0.8986029972059945
  0
LWPOLYLINE
  5
1528
  100
AcDbEntity
  8
Top-Silkscreen-Layer
  100
AcDbPolyline
  90
2
  70
0
  43
0.15001270002540007
  10
0.31993903987807987
  20
0.91996443992888
  10
0.7999491998984
  20
0.9199644399288798
  0
LWPOLYLINE
  5
1529
  100
AcDbEntity
  8
Top-Silkscreen-Layer
  100
AcDbPolyline
  90
2
  70
0
  43
0.15001270002540007
  10
0.7999491998984
  20
0.9199644399288798
  10
0.8299212598425199
  20
0.9199644399288798
  0
LWPOLYLINE
  5
1530
  100
AcDbEntity
  8
Top-Silkscreen-Layer
  100
AcDbPolyline
  90
2
  70
0
  43
0.15001270002540007
  10
0.8299212598425199
  20
0.9199644399288798
  10
0.9299466598933199
  20
0.8199390398780797
  0
LWPOLYLINE
  5
1531
  100
AcDbEntity
  8
Top-Silkscreen-Layer
  100
AcDbPolyline
  90
2
  70
0
  43
0.15001270002540007
  10
0.9299466598933199
  20
0.8199390398780797
  10
0.9299466598933199
  20
0.07995935991871973
  0
LWPOLYLINE
  5
1532
  100
AcDbEntity
  8
Top-Silkscreen-Layer
  100
AcDbPolyline
  90
2
  70
0
  43
0.15001270002540007
  10
0.9299466598933199
  20
0.07995935991871973
  10
0.9299466598933199
  20
-0.030048260096520327
  0
LWPOLYLINE
  5
1533
  100
AcDbEntity
  8
Top-Silkscreen-Layer
  100
AcDbPolyline
  90
2
  70
0
  43
0.15001270002540007
  10
0.9299466598933199
  20
-0.030048260096520327
  10
0.8599441198882397
  20
-0.1000508001016003
  0
LWPOLYLINE
  5
1534
  100
AcDbEntity
  8
Top-Silkscreen-Layer
  100
AcDbPolyline
  90
2
  70
0
  43
0.15001270002540007
  10
0.8599441198882397
  20
-0.1000508001016003
  10
0.3299466598933198
  20
-0.10005080010160025
  0
LWPOLYLINE
  5
1535
  100
AcDbEntity
  8
Top-Silkscreen-Layer
  100
AcDbPolyline
  90
2
  70
0
  43
0.15001270002540007
  10
1.10995681991364
  20
0.8099822199644399
  10
1.10995681991364
  20
0.04996189992379971
  0
LWPOLYLINE
  5
1536
  100
AcDbEntity
  8
Top-Silkscreen-Layer
  100
AcDbPolyline
  90
2
  70
0
  43
0.15001270002540007
  10
-0.7098806197612397
  20
-0.010007620015239888
  10
-0.7098806197612397
  20
0.7500127000254002
  0
LWPOLYLINE
  5
1537
  100
AcDbEntity
  8
Top-Silkscreen-Layer
  100
AcDbPolyline
  90
2
  70
0
  43
0.15001270002540007
  10
0.08013716027432047
  20
-0.11998983997968002
  10
-0.39987299974599966
  20
-0.11998983997967991
  0
LWPOLYLINE
  5
1538
  100
AcDbEntity
  8
Top-Silkscreen-Layer
  100
AcDbPolyline
  90
2
  70
0
  43
0.15001270002540007
  10
-0.39987299974599966
  20
-0.11998983997967991
  10
-0.42984505969011966
  20
-0.11998983997967991
  0
LWPOLYLINE
  5
1539
  100
AcDbEntity
  8
Top-Silkscreen-Layer
  100
AcDbPolyline
  90
2
  70
0
  43
0.15001270002540007
  10
-0.42984505969011966
  20
-0.11998983997967991
  10
-0.5298704597409196
  20
-0.019964439928879748
  0
LWPOLYLINE
  5
1540
  100
AcDbEntity
  8
Top-Silkscreen-Layer
  100
AcDbPolyline
  90
2
  70
0
  43
0.15001270002540007
  10
-0.5298704597409196
  20
-0.019964439928879748
  10
-0.5298704597409196
  20
0.7200152400304803
  0
LWPOLYLINE
  5
1541
  100
AcDbEntity
  8
Top-Silkscreen-Layer
  100
AcDbPolyline
  90
2
  70
0
  43
0.15001270002540007
  10
-0.5298704597409196
  20
0.7200152400304803
  10
-0.5298704597409196
  20
0.8300228600457202
  0
LWPOLYLINE
  5
1542
  100
AcDbEntity
  8
Top-Silkscreen-Layer
  100
AcDbPolyline
  90
2
  70
0
  43
0.15001270002540007
  10
-0.5298704597409196
  20
0.8300228600457202
  10
-0.45986791973583946
  20
0.9000254000508002
  0
LWPOLYLINE
  5
1543
  100
AcDbEntity
  8
Top-Silkscreen-Layer
  100
AcDbPolyline
  90
2
  70
0
  43
0.15001270002540007
  10
-0.45986791973583946
  20
0.9000254000508002
  10
0.07012954025908055
  20
0.9000254000508002
  0
LWPOLYLINE
  5
1544
  100
AcDbEntity
  8
Top-Silkscreen-Layer
  100
AcDbPolyline
  90
2
  70
0
  43
0.15240030480060962
  10
0.9963881127762255
  20
1.0524663449326896
  10
0.4963881127762256
  20
1.0524663449326899
  0
LWPOLYLINE
  5
1545
  100
AcDbEntity
  8
Top-Silkscreen-Layer
  100
AcDbPolyline
  90
2
  70
0
  43
0.15240030480060962
  10
1.1488138176276355
  20
1.8972466344932692
  10
1.1488138176276355
  20
1.2048412496824994
  0
LWPOLYLINE
  5
1546
  100
AcDbEntity
  8
Top-Silkscreen-Layer
  100
AcDbPolyline
  90
2
  70
0
  43
0.15240030480060962
  10
0.4963881127762257
  20
2.0496469392938788
  10
0.9963881127762257
  20
2.0496469392938788
  0
LWPOLYLINE
  5
1547
  100
AcDbEntity
  8
Top-Silkscreen-Layer
  100
AcDbPolyline
  90
2
  70
0
  43
0.15240030480060962
  10
-0.4463855727711455
  20
2.0475133350266708
  10
0.05361442722885456
  20
2.0475133350266703
  0
LWPOLYLINE
  5
1548
  100
AcDbEntity
  8
Top-Silkscreen-Layer
  100
AcDbPolyline
  90
2
  70
0
  43
0.15240030480060962
  10
0.05361442722885445
  20
1.0503835407670818
  10
-0.4463855727711457
  20
1.0503835407670818
  0
LWPOLYLINE
  5
1549
  100
AcDbEntity
  8
Top-Silkscreen-Layer
  100
AcDbPolyline
  90
2
  70
0
  43
0.15240030480060962
  10
-0.5988112776225554
  20
1.2027330454660912
  10
-0.5988112776225554
  20
1.895163830327661
  0
LWPOLYLINE
  5
1550
  100
AcDbEntity
  8
Top-Silkscreen-Layer
  100
AcDbPolyline
  90
2
  70
0
  43
0.15240030480060962
  10
-0.4463855727711456
  20
1.0503581407162816
  42
-0.414
  10
-0.5987858775717553
  20
1.202758445516891
  0
LWPOLYLINE
  5
1551
  100
AcDbEntity
  8
Top-Silkscreen-Layer
  100
AcDbPolyline
  90
2
  70
0
  43
0.15240030480060962
  10
-0.5987858775717553
  20
1.895163830327661
  42
-0.414
  10
-0.4463855727711456
  20
2.0475641351282707
  0
LWPOLYLINE
  5
1552
  100
AcDbEntity
  8
Top-Silkscreen-Layer
  100
AcDbPolyline
  90
2
  70
0
  43
0.15240030480060962
  10
0.9963881127762257
  20
2.0496469392938788
  42
-0.414
  10
1.1487884175768355
  20
1.8972466344932692
  0
LWPOLYLINE
  5
1553
  100
AcDbEntity
  8
Top-Silkscreen-Layer
  100
AcDbPolyline
  90
2
  70
0
  43
0.15240030480060962
  10
1.1487884175768355
  20
1.2048412496824994
  42
-0.414
  10
0.9963881127762257
  20
1.0524409448818897
  0
TEXT
  5
2585
  100
AcDbEntity
  8
Top-Silkscreen-Layer
  7
default
  461
0.8001016002032005
  100
AcDbText
  10
1.30000254000508
  20
4.17500889001778
  11
1.30000254000508
  21
4.17500889001778
  40
0.8001016002032005
  1
C1
  50
809.9999999999999
  71
1
  72
0
  41
1.1
  100
AcDbText
  73
1
  0
TEXT
  5
2586
  100
AcDbEntity
  8
Top-Silkscreen-Layer
  7
default
  461
0.8001016002032005
  100
AcDbText
  10
-2.30000508001016
  20
-2.0750038100076202
  11
-2.30000508001016
  21
-2.0750038100076202
  40
0.8001016002032005
  1
C2
  50
809.9999999999999
  71
1
  72
0
  41
1.1
  100
AcDbText
  73
1
  0
TEXT
  5
2587
  100
AcDbEntity
  8
Top-Silkscreen-Layer
  7
default
  461
0.8001016002032005
  100
AcDbText
  10
-1.1000025400050801
  20
6.4000127000254015
  11
-1.1000025400050801
  21
6.4000127000254015
  40
0.8001016002032005
  1
D1
  50
2880
  71
1
  72
0
  41
1.1
  100
AcDbText
  73
1
  0
TEXT
  5
2588
  100
AcDbEntity
  8
Top-Silkscreen-Layer
  7
default
  461
0.8001016002032005
  100
AcDbText
  10
-0.7250012700025401
  20
-2.5500050800101604
  11
-0.7250012700025401
  21
-2.5500050800101604
  40
0.8001016002032005
  1
D2
  50
1349.9999999999998
  71
1
  72
0
  41
1.1
  100
AcDbText
  73
1
  0
TEXT
  5
2589
  100
AcDbEntity
  8
Top-Silkscreen-Layer
  7
default
  461
0.8001016002032005
  100
AcDbText
  10
2.5750063500127003
  20
-2.1750038100076203
  11
2.5750063500127003
  21
-2.1750038100076203
  40
0.8001016002032005
  1
D7
  50
809.9999999999999
  71
1
  72
0
  41
1.1
  100
AcDbText
  73
1
  0
TEXT
  5
2590
  100
AcDbEntity
  8
Top-Silkscreen-Layer
  7
default
  461
0.8001016002032005
  100
AcDbText
  10
-4.02500889001778
  20
-8.12501651003302
  11
-4.02500889001778
  21
-8.12501651003302
  40
0.8001016002032005
  1
J1
  50
0
  71
1
  72
0
  41
1.1
  100
AcDbText
  73
1
  0
TEXT
  5
2591
  100
AcDbEntity
  8
Top-Silkscreen-Layer
  7
default
  461
0.56
  100
AcDbText
  10
-3.8817275857033504
  20
5.999088846694544
  11
-3.8817275857033504
  21
5.999088846694544
  40
0.5599999999999999
  1
+
  50
-135
  71
1
  72
0
  41
1.1
  100
AcDbText
  73
1
  0
TEXT
  5
2592
  100
AcDbEntity
  8
Top-Silkscreen-Layer
  7
default
  461
0.8001016002032005
  100
AcDbText
  10
-6.397068834137669
  20
4.085364490728982
  11
-6.397068834137669
  21
4.085364490728982
  40
0.8001016002032006
  1
LED2
  50
2565
  71
1
  72
0
  41
1.1
  100
AcDbText
  73
1
  0
TEXT
  5
2593
  100
AcDbEntity
  8
Top-Silkscreen-Layer
  7
default
  461
0.56
  100
AcDbText
  10
6.4682938251045
  20
2.93668059560937
  11
6.4682938251045
  21
2.93668059560937
  40
0.5599999999999999
  1
+
  50
135
  71
1
  72
0
  41
1.1
  100
AcDbText
  73
1
  0
TEXT
  5
2594
  100
AcDbEntity
  8
Top-Silkscreen-Layer
  7
default
  461
0.8001016002032005
  100
AcDbText
  10
4.554569469138938
  20
5.522735585471172
  11
4.554569469138938
  21
5.522735585471172
  40
0.8001016002032003
  1
LED3
  50
674.9999999999999
  71
1
  72
0
  41
1.1
  100
AcDbText
  73
1
  0
TEXT
  5
2595
  100
AcDbEntity
  8
Top-Silkscreen-Layer
  7
default
  461
0.56
  100
AcDbText
  10
4.13172758570335
  20
-4.774085036686923
  11
4.13172758570335
  21
-4.774085036686923
  40
0.5599999999999999
  1
+
  50
45
  71
1
  72
0
  41
1.1
  100
AcDbText
  73
1
  0
TEXT
  5
2596
  100
AcDbEntity
  8
Top-Silkscreen-Layer
  7
default
  461
0.8001016002032005
  100
AcDbText
  10
5.250010160020321
  20
-1.37500381000762
  11
5.250010160020321
  21
-1.37500381000762
  40
0.8001016002032003
  1
LED4
  50
3195
  71
1
  72
0
  41
1.1
  100
AcDbText
  73
1
  0
TEXT
  5
2597
  100
AcDbEntity
  8
Top-Silkscreen-Layer
  7
default
  461
0.8001016002032005
  100
AcDbText
  10
-2.5500050800101604
  20
2.05000508001016
  11
-2.5500050800101604
  21
2.05000508001016
  40
0.8001016002032005
  1
R2
  50
1080
  71
1
  72
0
  41
1.1
  100
AcDbText
  73
1
  0
TEXT
  5
2598
  100
AcDbEntity
  8
Top-Silkscreen-Layer
  7
default
  461
0.8001016002032005
  100
AcDbText
  10
-3.0250063500127005
  20
6.1500127000254015
  11
-3.0250063500127005
  21
6.1500127000254015
  40
0.8001016002032005
  1
R5
  50
720
  71
1
  72
0
  41
1.1
  100
AcDbText
  73
1
  0
TEXT
  5
2599
  100
AcDbEntity
  8
Top-Silkscreen-Layer
  7
default
  461
0.8001016002032005
  100
AcDbText
  10
-5.325011430022861
  20
0.7500025400050802
  11
-5.325011430022861
  21
0.7500025400050802
  40
0.8001016002032005
  1
R8
  50
1170.0000000000002
  71
1
  72
0
  41
1.1
  100
AcDbText
  73
1
  0
TEXT
  5
2600
  100
AcDbEntity
  8
Top-Silkscreen-Layer
  7
default
  461
0.8001016002032005
  100
AcDbText
  10
5.375011430022861
  20
1.3500025400050801
  11
5.375011430022861
  21
1.3500025400050801
  40
0.8001016002032005
  1
R14
  50
630
  71
1
  72
0
  41
1.1
  100
AcDbText
  73
1
  0
TEXT
  5
2601
  100
AcDbEntity
  8
Top-Silkscreen-Layer
  7
default
  461
0.8001016002032005
  100
AcDbText
  10
2.3250038100076202
  20
5.900012700025401
  11
2.3250038100076202
  21
5.900012700025401
  40
0.8001016002032005
  1
R15
  50
1349.9999999999998
  71
1
  72
0
  41
1.1
  100
AcDbText
  73
1
  0
TEXT
  5
2602
  100
AcDbEntity
  8
Top-Silkscreen-Layer
  7
default
  461
0.8001016002032005
  100
AcDbText
  10
0.6078181356362714
  20
-5.117193294386589
  11
0.6078181356362714
  21
-5.117193294386589
  40
0.8001016002032005
  1
R16
  50
720
  71
1
  72
0
  41
1.1
  100
AcDbText
  73
1
  0
TEXT
  5
2604
  100
AcDbEntity
  8
Top-Silkscreen-Layer
  7
default
  461
0.8001016002032005
  100
AcDbText
  10
-2.4500050800101603
  20
-3.6000076200152407
  11
-2.4500050800101603
  21
-3.6000076200152407
  40
0.8001016002032005
  1
D3
  50
1890.0000000000002
  71
1
  72
0
  41
1.1
  100
AcDbText
  73
1
  0
TEXT
  5
2605
  100
AcDbEntity
  8
Top-Silkscreen-Layer
  7
default
  461
0.8001016002032005
  100
AcDbText
  10
-6.7000127000254
  20
-0.7000025400050801
  11
-6.7000127000254
  21
-0.7000025400050801
  40
0.8001016002032005
  1
R1
  50
0
  71
1
  72
0
  41
1.1
  100
AcDbText
  73
1
  0
TEXT
  5
2606
  100
AcDbEntity
  8
Top-Silkscreen-Layer
  7
default
  461
0.56
  100
AcDbText
  10
-6.849088846694543
  20
-2.581725045698271
  11
-6.849088846694543
  21
-2.581725045698271
  40
0.5599999999999999
  1
+
  50
-45
  71
1
  72
0
  41
1.1
  100
AcDbText
  73
1
  0
TEXT
  5
2607
  100
AcDbEntity
  8
Top-Silkscreen-Layer
  7
default
  461
0.8001016002032005
  100
AcDbText
  10
-7.6250165100330225
  20
-4.275008890017781
  11
-7.6250165100330225
  21
-4.275008890017781
  40
0.8001016002032003
  1
LED1
  50
1035
  71
1
  72
0
  41
1.1
  100
AcDbText
  73
1
  0
TEXT
  5
2608
  100
AcDbEntity
  8
Top-Silkscreen-Layer
  7
default
  461
0.8001016002032005
  100
AcDbText
  10
3.8750088900177806
  20
-8.550017780035562
  11
3.8750088900177806
  21
-8.550017780035562
  40
0.8001016002032005
  1
R7
  50
1890.0000000000002
  71
1
  72
0
  41
1.1
  100
AcDbText
  73
1
  0
TEXT
  5
2609
  100
AcDbEntity
  8
Top-Silkscreen-Layer
  7
default
  461
0.8001016002032005
  100
AcDbText
  10
3.8000076200152404
  20
-7.225013970027941
  11
3.8000076200152404
  21
-7.225013970027941
  40
0.8001016002032005
  1
R10
  50
450
  71
1
  72
0
  41
1.1
  100
AcDbText
  73
1
  0
TEXT
  5
2610
  100
AcDbEntity
  8
Top-Silkscreen-Layer
  7
default
  461
0.8001016002032005
  100
AcDbText
  10
-2.65000508001016
  20
-0.3750012700025401
  11
-2.65000508001016
  21
-0.3750012700025401
  40
0.8001016002032005
  1
R9
  50
450
  71
1
  72
0
  41
1.1
  100
AcDbText
  73
1
  0
TEXT
  5
2611
  100
AcDbEntity
  8
Top-Silkscreen-Layer
  7
default
  461
0.8001016002032005
  100
AcDbText
  10
1.30000254000508
  20
-0.22500127000254003
  11
1.30000254000508
  21
-0.22500127000254003
  40
0.8001016002032005
  1
D4
  50
1080
  71
1
  72
0
  41
1.1
  100
AcDbText
  73
1
  0
TEXT
  5
2612
  100
AcDbEntity
  8
Top-Silkscreen-Layer
  7
default
  461
0.8001016002032005
  100
AcDbText
  10
-0.5250012700025402
  20
2.1000050800101606
  11
-0.5250012700025402
  21
2.1000050800101606
  40
0.8001016002032005
  1
C3
  50
720
  71
1
  72
0
  41
1.1
  100
AcDbText
  73
1
  0
LWPOLYLINE
  5
2614
  100
AcDbEntity
  8
Top-Silkscreen-Layer
  100
AcDbPolyline
  90
2
  70
0
  43
0.15240030480060962
  10
0.07138430276860554
  20
4.252473964947931
  10
-0.42861569723139453
  20
4.252473964947931
  0
LWPOLYLINE
  5
2615
  100
AcDbEntity
  8
Top-Silkscreen-Layer
  100
AcDbPolyline
  90
2
  70
0
  43
0.15240030480060962
  10
0.22381000762001532
  20
5.09725425450851
  10
0.22381000762001532
  20
4.40484886969774
  0
LWPOLYLINE
  5
2616
  100
AcDbEntity
  8
Top-Silkscreen-Layer
  100
AcDbPolyline
  90
2
  70
0
  43
0.15240030480060962
  10
-0.4286156972313944
  20
5.2496545593091195
  10
0.07138430276860576
  20
5.2496545593091195
  0
LWPOLYLINE
  5
2617
  100
AcDbEntity
  8
Top-Silkscreen-Layer
  100
AcDbPolyline
  90
2
  70
0
  43
0.15240030480060962
  10
-1.3713893827787655
  20
5.247520955041911
  10
-0.8713893827787655
  20
5.247520955041911
  0
LWPOLYLINE
  5
2618
  100
AcDbEntity
  8
Top-Silkscreen-Layer
  100
AcDbPolyline
  90
2
  70
0
  43
0.15240030480060962
  10
-0.8713893827787655
  20
4.250391160782323
  10
-1.3713893827787658
  20
4.250391160782323
  0
LWPOLYLINE
  5
2619
  100
AcDbEntity
  8
Top-Silkscreen-Layer
  100
AcDbPolyline
  90
2
  70
0
  43
0.15240030480060962
  10
-1.5238150876301753
  20
4.402740665481332
  10
-1.5238150876301753
  20
5.095171450342902
  0
LWPOLYLINE
  5
2620
  100
AcDbEntity
  8
Top-Silkscreen-Layer
  100
AcDbPolyline
  90
2
  70
0
  43
0.15240030480060962
  10
-1.3713893827787658
  20
4.250365760731522
  42
-0.414
  10
-1.5237896875793753
  20
4.4027660655321315
  0
LWPOLYLINE
  5
2621
  100
AcDbEntity
  8
Top-Silkscreen-Layer
  100
AcDbPolyline
  90
2
  70
0
  43
0.15240030480060962
  10
-1.5237896875793753
  20
5.095171450342902
  42
-0.414
  10
-1.3713893827787658
  20
5.247571755143512
  0
LWPOLYLINE
  5
2622
  100
AcDbEntity
  8
Top-Silkscreen-Layer
  100
AcDbPolyline
  90
2
  70
0
  43
0.15240030480060962
  10
0.07138430276860565
  20
5.24965455930912
  42
-0.414
  10
0.22378460756921528
  20
5.09725425450851
  0
LWPOLYLINE
  5
2623
  100
AcDbEntity
  8
Top-Silkscreen-Layer
  100
AcDbPolyline
  90
2
  70
0
  43
0.15240030480060962
  10
0.22378460756921528
  20
4.40484886969774
  42
-0.414
  10
0.07138430276860565
  20
4.25244856489713
  0
LWPOLYLINE
  5
2624
  100
AcDbEntity
  8
Top-Silkscreen-Layer
  100
AcDbPolyline
  90
2
  70
0
  43
0.15240030480060962
  10
-0.97746761493523
  20
-0.7536169672339348
  10
-0.9774676149352302
  20
-1.2536169672339348
  0
LWPOLYLINE
  5
2625
  100
AcDbEntity
  8
Top-Silkscreen-Layer
  100
AcDbPolyline
  90
2
  70
0
  43
0.15240030480060962
  10
-1.822247904495809
  20
-0.6011912623825248
  10
-1.1298425196850397
  20
-0.6011912623825251
  0
LWPOLYLINE
  5
2626
  100
AcDbEntity
  8
Top-Silkscreen-Layer
  100
AcDbPolyline
  90
2
  70
0
  43
0.15240030480060962
  10
-1.9746482092964188
  20
-1.2536169672339348
  10
-1.9746482092964188
  20
-0.7536169672339346
  0
LWPOLYLINE
  5
2627
  100
AcDbEntity
  8
Top-Silkscreen-Layer
  100
AcDbPolyline
  90
2
  70
0
  43
0.15240030480060962
  10
-1.9725146050292106
  20
-2.196390652781306
  10
-1.9725146050292106
  20
-1.696390652781306
  0
LWPOLYLINE
  5
2628
  100
AcDbEntity
  8
Top-Silkscreen-Layer
  100
AcDbPolyline
  90
2
  70
0
  43
0.15240030480060962
  10
-0.9753848107696219
  20
-1.696390652781306
  10
-0.9753848107696219
  20
-2.1963906527813064
  0
LWPOLYLINE
  5
2629
  100
AcDbEntity
  8
Top-Silkscreen-Layer
  100
AcDbPolyline
  90
2
  70
0
  43
0.15240030480060962
  10
-1.1277343154686312
  20
-2.348816357632716
  10
-1.820165100330201
  20
-2.3488163576327152
  0
LWPOLYLINE
  5
2630
  100
AcDbEntity
  8
Top-Silkscreen-Layer
  100
AcDbPolyline
  90
2
  70
0
  43
0.15240030480060962
  10
-0.9753594107188219
  20
-2.1963906527813064
  42
-0.414
  10
-1.1277597155194317
  20
-2.3487909575819157
  0
LWPOLYLINE
  5
2631
  100
AcDbEntity
  8
Top-Silkscreen-Layer
  100
AcDbPolyline
  90
2
  70
0
  43
0.15240030480060962
  10
-1.820165100330201
  20
-2.3487909575819153
  42
-0.414
  10
-1.9725654051308106
  20
-2.196390652781306
  0
LWPOLYLINE
  5
2632
  100
AcDbEntity
  8
Top-Silkscreen-Layer
  100
AcDbPolyline
  90
2
  70
0
  43
0.15240030480060962
  10
-1.9746482092964186
  20
-0.7536169672339345
  42
-0.414
  10
-1.822247904495809
  20
-0.6012166624333249
  0
LWPOLYLINE
  5
2633
  100
AcDbEntity
  8
Top-Silkscreen-Layer
  100
AcDbPolyline
  90
2
  70
0
  43
0.15240030480060962
  10
-1.1298425196850395
  20
-0.6012166624333252
  42
-0.414
  10
-0.97744221488443
  20
-0.7536169672339348
  0
LWPOLYLINE
  5
2634
  100
AcDbEntity
  8
Top-Silkscreen-Layer
  100
AcDbPolyline
  90
2
  70
0
  43
0.15001270002540007
  10
-0.5300635001270001
  20
6.44497586995174
  10
-0.05005334010668
  20
6.44497586995174
  0
LWPOLYLINE
  5
2635
  100
AcDbEntity
  8
Top-Silkscreen-Layer
  100
AcDbPolyline
  90
2
  70
0
  43
0.15001270002540007
  10
-0.05005334010668
  20
6.44497586995174
  10
-0.020081280162560135
  20
6.44497586995174
  0
LWPOLYLINE
  5
2636
  100
AcDbEntity
  8
Top-Silkscreen-Layer
  100
AcDbPolyline
  90
2
  70
0
  43
0.15001270002540007
  10
-0.020081280162560135
  20
6.44497586995174
  10
0.0799441198882399
  20
6.34495046990094
  0
LWPOLYLINE
  5
2637
  100
AcDbEntity
  8
Top-Silkscreen-Layer
  100
AcDbPolyline
  90
2
  70
0
  43
0.15001270002540007
  10
0.0799441198882399
  20
6.34495046990094
  10
0.0799441198882399
  20
5.60497078994158
  0
LWPOLYLINE
  5
2638
  100
AcDbEntity
  8
Top-Silkscreen-Layer
  100
AcDbPolyline
  90
2
  70
0
  43
0.15001270002540007
  10
0.0799441198882399
  20
5.60497078994158
  10
0.0799441198882399
  20
5.49496316992634
  0
LWPOLYLINE
  5
2639
  100
AcDbEntity
  8
Top-Silkscreen-Layer
  100
AcDbPolyline
  90
2
  70
0
  43
0.15001270002540007
  10
0.0799441198882399
  20
5.49496316992634
  10
0.009941579883159699
  20
5.42496062992126
  0
LWPOLYLINE
  5
2640
  100
AcDbEntity
  8
Top-Silkscreen-Layer
  100
AcDbPolyline
  90
2
  70
0
  43
0.15001270002540007
  10
0.009941579883159699
  20
5.42496062992126
  10
-0.5200558801117603
  20
5.42496062992126
  0
LWPOLYLINE
  5
2641
  100
AcDbEntity
  8
Top-Silkscreen-Layer
  100
AcDbPolyline
  90
2
  70
0
  43
0.15001270002540007
  10
0.25995427990856007
  20
6.334993649987301
  10
0.25995427990856007
  20
5.57497332994666
  0
LWPOLYLINE
  5
2642
  100
AcDbEntity
  8
Top-Silkscreen-Layer
  100
AcDbPolyline
  90
2
  70
0
  43
0.15001270002540007
  10
-1.5598831597663196
  20
5.51500381000762
  10
-1.5598831597663196
  20
6.275024130048261
  0
LWPOLYLINE
  5
2643
  100
AcDbEntity
  8
Top-Silkscreen-Layer
  100
AcDbPolyline
  90
2
  70
0
  43
0.15001270002540007
  10
-0.7698653797307595
  20
5.405021590043181
  10
-1.2498755397510795
  20
5.405021590043181
  0
LWPOLYLINE
  5
2644
  100
AcDbEntity
  8
Top-Silkscreen-Layer
  100
AcDbPolyline
  90
2
  70
0
  43
0.15001270002540007
  10
-1.2498755397510795
  20
5.405021590043181
  10
-1.2798475996951995
  20
5.405021590043181
  0
LWPOLYLINE
  5
2645
  100
AcDbEntity
  8
Top-Silkscreen-Layer
  100
AcDbPolyline
  90
2
  70
0
  43
0.15001270002540007
  10
-1.2798475996951995
  20
5.405021590043181
  10
-1.3798729997459995
  20
5.50504699009398
  0
LWPOLYLINE
  5
2646
  100
AcDbEntity
  8
Top-Silkscreen-Layer
  100
AcDbPolyline
  90
2
  70
0
  43
0.15001270002540007
  10
-1.3798729997459995
  20
5.50504699009398
  10
-1.3798729997459995
  20
6.245026670053341
  0
LWPOLYLINE
  5
2647
  100
AcDbEntity
  8
Top-Silkscreen-Layer
  100
AcDbPolyline
  90
2
  70
0
  43
0.15001270002540007
  10
-1.3798729997459995
  20
6.245026670053341
  10
-1.3798729997459995
  20
6.3550342900685814
  0
LWPOLYLINE
  5
2648
  100
AcDbEntity
  8
Top-Silkscreen-Layer
  100
AcDbPolyline
  90
2
  70
0
  43
0.15001270002540007
  10
-1.3798729997459995
  20
6.3550342900685814
  10
-1.3098704597409196
  20
6.425036830073661
  0
LWPOLYLINE
  5
2649
  100
AcDbEntity
  8
Top-Silkscreen-Layer
  100
AcDbPolyline
  90
2
  70
0
  43
0.15001270002540007
  10
-1.3098704597409196
  20
6.425036830073661
  10
-0.7798729997459994
  20
6.425036830073661
  0
LWPOLYLINE
  5
2650
  100
AcDbEntity
  8
Top-Silkscreen-Layer
  100
AcDbPolyline
  90
2
  70
0
  43
0.15001270002540007
  10
-0.84496570993142
  20
-1.4050647701295402
  10
-0.8449657099314198
  20
-0.9250546101092202
  0
LWPOLYLINE
  5
2651
  100
AcDbEntity
  8
Top-Silkscreen-Layer
  100
AcDbPolyline
  90
2
  70
0
  43
0.15001270002540007
  10
-0.8449657099314198
  20
-0.9250546101092202
  10
-0.8449657099314198
  20
-0.8950825501651003
  0
LWPOLYLINE
  5
2652
  100
AcDbEntity
  8
Top-Silkscreen-Layer
  100
AcDbPolyline
  90
2
  70
0
  43
0.15001270002540007
  10
-0.8449657099314198
  20
-0.8950825501651003
  10
-0.7449403098806198
  20
-0.7950571501143002
  0
LWPOLYLINE
  5
2653
  100
AcDbEntity
  8
Top-Silkscreen-Layer
  100
AcDbPolyline
  90
2
  70
0
  43
0.15001270002540007
  10
-0.7449403098806198
  20
-0.7950571501143002
  10
-0.004960629921259686
  20
-0.7950571501143004
  0
LWPOLYLINE
  5
2654
  100
AcDbEntity
  8
Top-Silkscreen-Layer
  100
AcDbPolyline
  90
2
  70
0
  43
0.15001270002540007
  10
-0.004960629921259686
  20
-0.7950571501143004
  10
0.10504699009398037
  20
-0.7950571501143004
  0
LWPOLYLINE
  5
2655
  100
AcDbEntity
  8
Top-Silkscreen-Layer
  100
AcDbPolyline
  90
2
  70
0
  43
0.15001270002540007
  10
0.10504699009398037
  20
-0.7950571501143004
  10
0.1750495300990604
  20
-0.8650596901193806
  0
LWPOLYLINE
  5
2656
  100
AcDbEntity
  8
Top-Silkscreen-Layer
  100
AcDbPolyline
  90
2
  70
0
  43
0.15001270002540007
  10
0.1750495300990604
  20
-0.8650596901193806
  10
0.1750495300990603
  20
-1.3950571501143005
  0
LWPOLYLINE
  5
2657
  100
AcDbEntity
  8
Top-Silkscreen-Layer
  100
AcDbPolyline
  90
2
  70
0
  43
0.15001270002540007
  10
-0.7349834899669798
  20
-0.61504699009398
  10
0.025036830073660386
  20
-0.6150469900939802
  0
LWPOLYLINE
  5
2658
  100
AcDbEntity
  8
Top-Silkscreen-Layer
  100
AcDbPolyline
  90
2
  70
0
  43
0.15001270002540007
  10
0.08500635001269988
  20
-2.43488442976886
  10
-0.6750139700279403
  20
-2.43488442976886
  0
LWPOLYLINE
  5
2659
  100
AcDbEntity
  8
Top-Silkscreen-Layer
  100
AcDbPolyline
  90
2
  70
0
  43
0.15001270002540007
  10
0.19498856997714006
  20
-1.6448666497332998
  10
0.19498856997713995
  20
-2.12487680975362
  0
LWPOLYLINE
  5
2660
  100
AcDbEntity
  8
Top-Silkscreen-Layer
  100
AcDbPolyline
  90
2
  70
0
  43
0.15001270002540007
  10
0.19498856997713995
  20
-2.12487680975362
  10
0.19498856997713995
  20
-2.15484886969774
  0
LWPOLYLINE
  5
2661
  100
AcDbEntity
  8
Top-Silkscreen-Layer
  100
AcDbPolyline
  90
2
  70
0
  43
0.15001270002540007
  10
0.19498856997713995
  20
-2.15484886969774
  10
0.09496316992633978
  20
-2.25487426974854
  0
LWPOLYLINE
  5
2662
  100
AcDbEntity
  8
Top-Silkscreen-Layer
  100
AcDbPolyline
  90
2
  70
0
  43
0.15001270002540007
  10
0.09496316992633978
  20
-2.25487426974854
  10
-0.6450165100330202
  20
-2.25487426974854
  0
LWPOLYLINE
  5
2663
  100
AcDbEntity
  8
Top-Silkscreen-Layer
  100
AcDbPolyline
  90
2
  70
0
  43
0.15001270002540007
  10
-0.6450165100330202
  20
-2.25487426974854
  10
-0.7550241300482603
  20
-2.25487426974854
  0
LWPOLYLINE
  5
2664
  100
AcDbEntity
  8
Top-Silkscreen-Layer
  100
AcDbPolyline
  90
2
  70
0
  43
0.15001270002540007
  10
-0.7550241300482603
  20
-2.25487426974854
  10
-0.8250266700533403
  20
-2.1848717297434597
  0
LWPOLYLINE
  5
2665
  100
AcDbEntity
  8
Top-Silkscreen-Layer
  100
AcDbPolyline
  90
2
  70
0
  43
0.15001270002540007
  10
-0.8250266700533403
  20
-2.1848717297434597
  10
-0.8250266700533402
  20
-1.6548742697485397
  0
LWPOLYLINE
  5
2666
  100
AcDbEntity
  8
Top-Silkscreen-Layer
  100
AcDbPolyline
  90
2
  70
0
  43
0.15001270002540007
  10
0.2300381000762002
  20
-1.45506477012954
  10
0.23003810007620032
  20
-0.9750546101092201
  0
LWPOLYLINE
  5
2667
  100
AcDbEntity
  8
Top-Silkscreen-Layer
  100
AcDbPolyline
  90
2
  70
0
  43
0.15001270002540007
  10
0.23003810007620032
  20
-0.9750546101092201
  10
0.23003810007620032
  20
-0.9450825501651002
  0
LWPOLYLINE
  5
2668
  100
AcDbEntity
  8
Top-Silkscreen-Layer
  100
AcDbPolyline
  90
2
  70
0
  43
0.15001270002540007
  10
0.23003810007620032
  20
-0.9450825501651002
  10
0.33006350012700036
  20
-0.8450571501143
  0
LWPOLYLINE
  5
2669
  100
AcDbEntity
  8
Top-Silkscreen-Layer
  100
AcDbPolyline
  90
2
  70
0
  43
0.15001270002540007
  10
0.33006350012700036
  20
-0.8450571501143
  10
1.0700431800863603
  20
-0.8450571501143003
  0
LWPOLYLINE
  5
2670
  100
AcDbEntity
  8
Top-Silkscreen-Layer
  100
AcDbPolyline
  90
2
  70
0
  43
0.15001270002540007
  10
1.0700431800863603
  20
-0.8450571501143003
  10
1.1800508001016006
  20
-0.8450571501143003
  0
LWPOLYLINE
  5
2671
  100
AcDbEntity
  8
Top-Silkscreen-Layer
  100
AcDbPolyline
  90
2
  70
0
  43
0.15001270002540007
  10
1.1800508001016006
  20
-0.8450571501143003
  10
1.2500533401066805
  20
-0.9150596901193804
  0
LWPOLYLINE
  5
2672
  100
AcDbEntity
  8
Top-Silkscreen-Layer
  100
AcDbPolyline
  90
2
  70
0
  43
0.15001270002540007
  10
1.2500533401066805
  20
-0.9150596901193804
  10
1.2500533401066802
  20
-1.4450571501143004
  0
LWPOLYLINE
  5
2673
  100
AcDbEntity
  8
Top-Silkscreen-Layer
  100
AcDbPolyline
  90
2
  70
0
  43
0.15001270002540007
  10
0.34002032004064037
  20
-0.6650469900939799
  10
1.1000406400812806
  20
-0.6650469900939802
  0
LWPOLYLINE
  5
2674
  100
AcDbEntity
  8
Top-Silkscreen-Layer
  100
AcDbPolyline
  90
2
  70
0
  43
0.15001270002540007
  10
1.1600101600203199
  20
-2.4848844297688597
  10
0.3999898399796799
  20
-2.4848844297688597
  0
LWPOLYLINE
  5
2675
  100
AcDbEntity
  8
Top-Silkscreen-Layer
  100
AcDbPolyline
  90
2
  70
0
  43
0.15001270002540007
  10
1.2699923799847601
  20
-1.6948666497332998
  10
1.2699923799847601
  20
-2.17487680975362
  0
LWPOLYLINE
  5
2676
  100
AcDbEntity
  8
Top-Silkscreen-Layer
  100
AcDbPolyline
  90
2
  70
0
  43
0.15001270002540007
  10
1.2699923799847601
  20
-2.17487680975362
  10
1.2699923799847601
  20
-2.2048488696977397
  0
LWPOLYLINE
  5
2677
  100
AcDbEntity
  8
Top-Silkscreen-Layer
  100
AcDbPolyline
  90
2
  70
0
  43
0.15001270002540007
  10
1.2699923799847601
  20
-2.2048488696977397
  10
1.1699669799339598
  20
-2.30487426974854
  0
LWPOLYLINE
  5
2678
  100
AcDbEntity
  8
Top-Silkscreen-Layer
  100
AcDbPolyline
  90
2
  70
0
  43
0.15001270002540007
  10
1.1699669799339598
  20
-2.30487426974854
  10
0.4299872999745999
  20
-2.30487426974854
  0
LWPOLYLINE
  5
2679
  100
AcDbEntity
  8
Top-Silkscreen-Layer
  100
AcDbPolyline
  90
2
  70
0
  43
0.15001270002540007
  10
0.4299872999745999
  20
-2.30487426974854
  10
0.31997967995935983
  20
-2.30487426974854
  0
LWPOLYLINE
  5
2680
  100
AcDbEntity
  8
Top-Silkscreen-Layer
  100
AcDbPolyline
  90
2
  70
0
  43
0.15001270002540007
  10
0.31997967995935983
  20
-2.30487426974854
  10
0.24997713995427986
  20
-2.2348717297434595
  0
LWPOLYLINE
  5
2681
  100
AcDbEntity
  8
Top-Silkscreen-Layer
  100
AcDbPolyline
  90
2
  70
0
  43
0.15001270002540007
  10
0.24997713995427986
  20
-2.2348717297434595
  10
0.24997713995427998
  20
-1.7048742697485395
  0
LWPOLYLINE
  5
2683
  100
AcDbEntity
  8
Top-Silkscreen-Layer
  100
AcDbPolyline
  90
2
  70
0
  43
0.25400050800101603
  10
-5.400025400050801
  20
-12.10716281432563
  10
-5.400025400050801
  20
-13.397028194056391
  0
LWPOLYLINE
  5
2684
  100
AcDbEntity
  8
Top-Silkscreen-Layer
  100
AcDbPolyline
  90
2
  70
0
  43
0.25400050800101603
  10
-5.400025400050801
  20
-13.397028194056391
  10
-4.800025400050801
  20
-13.397028194056391
  0
LWPOLYLINE
  5
2685
  100
AcDbEntity
  8
Top-Silkscreen-Layer
  100
AcDbPolyline
  90
2
  70
0
  43
0.25400050800101603
  10
-4.800025400050801
  20
-13.397028194056391
  10
-4.800025400050801
  20
-13.997028194056389
  0
LWPOLYLINE
  5
2686
  100
AcDbEntity
  8
Top-Silkscreen-Layer
  100
AcDbPolyline
  90
2
  70
0
  43
0.25400050800101603
  10
-4.800025400050801
  20
-13.997028194056389
  10
4.7999745999492
  20
-13.997028194056389
  0
LWPOLYLINE
  5
2687
  100
AcDbEntity
  8
Top-Silkscreen-Layer
  100
AcDbPolyline
  90
2
  70
0
  43
0.25400050800101603
  10
-4.800025400050801
  20
-13.397028194056391
  10
5.399974599949201
  20
-13.397028194056391
  0
LWPOLYLINE
  5
2688
  100
AcDbEntity
  8
Top-Silkscreen-Layer
  100
AcDbPolyline
  90
2
  70
0
  43
0.25400050800101603
  10
5.399974599949201
  20
-12.106756413512828
  10
5.399974599949201
  20
-13.397028194056391
  0
LWPOLYLINE
  5
2689
  100
AcDbEntity
  8
Top-Silkscreen-Layer
  100
AcDbPolyline
  90
2
  70
0
  43
0.25400050800101603
  10
5.399974599949201
  20
-13.397028194056391
  10
4.786614173228347
  20
-13.397028194056391
  0
LWPOLYLINE
  5
2690
  100
AcDbEntity
  8
Top-Silkscreen-Layer
  100
AcDbPolyline
  90
2
  70
0
  43
0.25400050800101603
  10
4.786614173228347
  20
-13.397028194056391
  10
4.7999745999492
  20
-13.997028194056389
  0
LWPOLYLINE
  5
2691
  100
AcDbEntity
  8
Top-Silkscreen-Layer
  100
AcDbPolyline
  90
2
  70
0
  43
0.25400050800101603
  10
-5.400025400050801
  20
-8.69702819405639
  10
-5.400025400050801
  20
-9.844881889763782
  0
LWPOLYLINE
  5
2692
  100
AcDbEntity
  8
Top-Silkscreen-Layer
  100
AcDbPolyline
  90
2
  70
0
  43
0.25400050800101603
  10
3.1303276606553214
  20
-8.69702819405639
  10
5.399974599949201
  20
-8.69702819405639
  0
LWPOLYLINE
  5
2693
  100
AcDbEntity
  8
Top-Silkscreen-Layer
  100
AcDbPolyline
  90
2
  70
0
  43
0.25400050800101603
  10
-5.400025400050801
  20
-8.69702819405639
  10
-3.1303530607061223
  20
-8.69702819405639
  0
LWPOLYLINE
  5
2694
  100
AcDbEntity
  8
Top-Silkscreen-Layer
  100
AcDbPolyline
  90
2
  70
0
  43
0.25400050800101603
  10
3.1303276606553214
  20
-8.69702819405639
  10
5.399974599949201
  20
-8.69702819405639
  0
LWPOLYLINE
  5
2695
  100
AcDbEntity
  8
Top-Silkscreen-Layer
  100
AcDbPolyline
  90
2
  70
0
  43
0.25400050800101603
  10
5.399974599949201
  20
-8.69702819405639
  10
5.399974599949201
  20
-9.844475488950978
  0
LWPOLYLINE
  5
2696
  100
AcDbEntity
  8
Top-Silkscreen-Layer
  100
AcDbPolyline
  90
4
  70
0
  43
0.25001270002540005
  10
-3.250088900177801
  20
-8.147117094197167
  42
1
  10
-3.150012700025401
  20
-8.14711709425825
  10
-3.150012700025401
  20
-8.147117094271213
  42
1
  10
-3.250088900177801
  20
-8.14711709421013
  0
LWPOLYLINE
  5
2703
  100
AcDbEntity
  8
Top-Silkscreen-Layer
  100
AcDbPolyline
  90
2
  70
0
  43
0.25400050800101603
  10
-3.332463489939758
  20
3.7969370561262634
  10
-4.410096379733836
  20
2.719304166332185
  0
LWPOLYLINE
  5
2704
  100
AcDbEntity
  8
Top-Silkscreen-Layer
  100
AcDbPolyline
  90
2
  70
0
  43
0.25400050800101603
  10
-6.159480711655134
  20
4.395150829853935
  10
-5.081847821861056
  20
5.472783719648014
  0
TEXT
  5
2717
  100
AcDbEntity
  8
Top-Silkscreen-Layer
  7
default
  461
0.56
  100
AcDbText
  10
-3.8817275857033504
  20
5.999088846694544
  11
-3.8817275857033504
  21
5.999088846694544
  40
0.5599999999999999
  1
+
  50
-135
  71
1
  72
0
  41
1.1
  100
AcDbText
  73
1
  0
LWPOLYLINE
  5
2718
  100
AcDbEntity
  8
Top-Silkscreen-Layer
  100
AcDbPolyline
  90
2
  70
0
  43
0.25400050800101603
  10
4.2661420345362195
  20
2.387416499845777
  10
3.1885091447421416
  20
3.4650493896398555
  0
LWPOLYLINE
  5
2719
  100
AcDbEntity
  8
Top-Silkscreen-Layer
  100
AcDbPolyline
  90
2
  70
0
  43
0.25400050800101603
  10
4.864355808263892
  20
5.2144337215611545
  10
5.94198869805797
  20
4.136800831767076
  0
TEXT
  5
2732
  100
AcDbEntity
  8
Top-Silkscreen-Layer
  7
default
  461
0.56
  100
AcDbText
  10
6.4682938251045
  20
2.93668059560937
  11
6.4682938251045
  21
2.93668059560937
  40
0.5599999999999999
  1
+
  50
135
  71
1
  72
0
  41
1.1
  100
AcDbText
  73
1
  0
LWPOLYLINE
  5
2733
  100
AcDbEntity
  8
Top-Silkscreen-Layer
  100
AcDbPolyline
  90
2
  70
0
  43
0.25400050800101603
  10
3.582463489939758
  20
-2.5719332461186424
  10
4.660096379733836
  20
-1.4943003563245647
  0
LWPOLYLINE
  5
2734
  100
AcDbEntity
  8
Top-Silkscreen-Layer
  100
AcDbPolyline
  90
2
  70
0
  43
0.25400050800101603
  10
6.409480711655134
  20
-3.170147019846315
  10
5.331847821861056
  20
-4.247779909640393
  0
TEXT
  5
2747
  100
AcDbEntity
  8
Top-Silkscreen-Layer
  7
default
  461
0.56
  100
AcDbText
  10
4.13172758570335
  20
-4.774085036686923
  11
4.13172758570335
  21
-4.774085036686923
  40
0.5599999999999999
  1
+
  50
45
  71
1
  72
0
  41
1.1
  100
AcDbText
  73
1
  0
LWPOLYLINE
  5
2748
  100
AcDbEntity
  8
Top-Silkscreen-Layer
  100
AcDbPolyline
  90
2
  70
0
  43
0.15240030480060962
  10
-2.0262153924307853
  20
1.0764008128016256
  10
-2.7442494284988572
  20
1.0764008128016256
  0
LWPOLYLINE
  5
2749
  100
AcDbEntity
  8
Top-Silkscreen-Layer
  100
AcDbPolyline
  90
2
  70
0
  43
0.15240030480060962
  10
-2.7442494284988572
  20
1.0764008128016256
  10
-2.7442494284988572
  20
2.0736068072136145
  0
LWPOLYLINE
  5
2750
  100
AcDbEntity
  8
Top-Silkscreen-Layer
  100
AcDbPolyline
  90
2
  70
0
  43
0.15240030480060962
  10
-2.7442494284988572
  20
2.0736068072136145
  10
-2.0262153924307853
  20
2.0736068072136145
  0
LWPOLYLINE
  5
2751
  100
AcDbEntity
  8
Top-Silkscreen-Layer
  100
AcDbPolyline
  90
2
  70
0
  43
0.15240030480060962
  10
-1.5737896875793753
  20
1.0764008128016256
  10
-0.8557556515113033
  20
1.0764008128016256
  0
LWPOLYLINE
  5
2752
  100
AcDbEntity
  8
Top-Silkscreen-Layer
  100
AcDbPolyline
  90
2
  70
0
  43
0.15240030480060962
  10
-0.8557556515113033
  20
1.0764008128016256
  10
-0.8557556515113033
  20
2.0736068072136145
  0
LWPOLYLINE
  5
2753
  100
AcDbEntity
  8
Top-Silkscreen-Layer
  100
AcDbPolyline
  90
2
  70
0
  43
0.15240030480060962
  10
-0.8557556515113033
  20
2.0736068072136145
  10
-1.5737896875793753
  20
2.0736068072136145
  0
LWPOLYLINE
  5
2758
  100
AcDbEntity
  8
Top-Silkscreen-Layer
  100
AcDbPolyline
  90
2
  70
0
  43
0.15240030480060962
  10
-1.7857683515367033
  20
4.958166116332234
  10
-1.7857683515367035
  20
4.2401320802641616
  0
LWPOLYLINE
  5
2759
  100
AcDbEntity
  8
Top-Silkscreen-Layer
  100
AcDbPolyline
  90
2
  70
0
  43
0.15240030480060962
  10
-1.7857683515367035
  20
4.2401320802641616
  10
-2.782974345948692
  20
4.2401320802641616
  0
LWPOLYLINE
  5
2760
  100
AcDbEntity
  8
Top-Silkscreen-Layer
  100
AcDbPolyline
  90
2
  70
0
  43
0.15240030480060962
  10
-2.782974345948692
  20
4.2401320802641616
  10
-2.782974345948692
  20
4.958166116332234
  0
LWPOLYLINE
  5
2761
  100
AcDbEntity
  8
Top-Silkscreen-Layer
  100
AcDbPolyline
  90
2
  70
0
  43
0.15240030480060962
  10
-1.7857683515367033
  20
5.410591821183643
  10
-1.7857683515367033
  20
6.128625857251716
  0
LWPOLYLINE
  5
2762
  100
AcDbEntity
  8
Top-Silkscreen-Layer
  100
AcDbPolyline
  90
2
  70
0
  43
0.15240030480060962
  10
-1.7857683515367033
  20
6.128625857251716
  10
-2.782974345948692
  20
6.128625857251716
  0
LWPOLYLINE
  5
2763
  100
AcDbEntity
  8
Top-Silkscreen-Layer
  100
AcDbPolyline
  90
2
  70
0
  43
0.15240030480060962
  10
-2.782974345948692
  20
6.128625857251716
  10
-2.782974345948692
  20
5.410591821183643
  0
LWPOLYLINE
  5
2768
  100
AcDbEntity
  8
Top-Silkscreen-Layer
  100
AcDbPolyline
  90
2
  70
0
  43
0.15240030480060962
  10
-5.1736118872237755
  20
1.526215392430785
  10
-5.1736118872237755
  20
2.2442494284988572
  0
LWPOLYLINE
  5
2769
  100
AcDbEntity
  8
Top-Silkscreen-Layer
  100
AcDbPolyline
  90
2
  70
0
  43
0.15240030480060962
  10
-5.1736118872237755
  20
2.2442494284988572
  10
-4.176405892811786
  20
2.2442494284988572
  0
LWPOLYLINE
  5
2770
  100
AcDbEntity
  8
Top-Silkscreen-Layer
  100
AcDbPolyline
  90
2
  70
0
  43
0.15240030480060962
  10
-4.176405892811786
  20
2.2442494284988572
  10
-4.176405892811786
  20
1.526215392430785
  0
LWPOLYLINE
  5
2771
  100
AcDbEntity
  8
Top-Silkscreen-Layer
  100
AcDbPolyline
  90
2
  70
0
  43
0.15240030480060962
  10
-5.1736118872237755
  20
1.0737896875793753
  10
-5.1736118872237755
  20
0.3557556515113032
  0
LWPOLYLINE
  5
2772
  100
AcDbEntity
  8
Top-Silkscreen-Layer
  100
AcDbPolyline
  90
2
  70
0
  43
0.15240030480060962
  10
-5.1736118872237755
  20
0.3557556515113032
  10
-4.176405892811786
  20
0.35575565151130295
  0
LWPOLYLINE
  5
2773
  100
AcDbEntity
  8
Top-Silkscreen-Layer
  100
AcDbPolyline
  90
2
  70
0
  43
0.15240030480060962
  10
-4.176405892811786
  20
0.35575565151130295
  10
-4.176405892811786
  20
1.0737896875793753
  0
LWPOLYLINE
  5
2778
  100
AcDbEntity
  8
Top-Silkscreen-Layer
  100
AcDbPolyline
  90
2
  70
0
  43
0.15240030480060962
  10
5.398613157226315
  20
-0.051211582423164884
  10
5.398613157226315
  20
-0.7692456184912371
  0
LWPOLYLINE
  5
2779
  100
AcDbEntity
  8
Top-Silkscreen-Layer
  100
AcDbPolyline
  90
2
  70
0
  43
0.15240030480060962
  10
5.398613157226315
  20
-0.7692456184912371
  10
4.401407162814325
  20
-0.7692456184912371
  0
LWPOLYLINE
  5
2780
  100
AcDbEntity
  8
Top-Silkscreen-Layer
  100
AcDbPolyline
  90
2
  70
0
  43
0.15240030480060962
  10
4.401407162814325
  20
-0.7692456184912371
  10
4.401407162814325
  20
-0.05121158242316483
  0
LWPOLYLINE
  5
2781
  100
AcDbEntity
  8
Top-Silkscreen-Layer
  100
AcDbPolyline
  90
2
  70
0
  43
0.15240030480060962
  10
5.398613157226315
  20
0.4012141224282449
  10
5.398613157226315
  20
1.1192481584963172
  0
LWPOLYLINE
  5
2782
  100
AcDbEntity
  8
Top-Silkscreen-Layer
  100
AcDbPolyline
  90
2
  70
0
  43
0.15240030480060962
  10
5.398613157226315
  20
1.1192481584963172
  10
4.401407162814325
  20
1.1192481584963172
  0
LWPOLYLINE
  5
2783
  100
AcDbEntity
  8
Top-Silkscreen-Layer
  100
AcDbPolyline
  90
2
  70
0
  43
0.15240030480060962
  10
4.401407162814325
  20
1.1192481584963172
  10
4.401407162814325
  20
0.40121412242824495
  0
LWPOLYLINE
  5
2788
  100
AcDbEntity
  8
Top-Silkscreen-Layer
  100
AcDbPolyline
  90
2
  70
0
  43
0.15240030480060962
  10
2.298608077216155
  20
4.873797307594616
  10
2.298608077216155
  20
4.155763271526543
  0
LWPOLYLINE
  5
2789
  100
AcDbEntity
  8
Top-Silkscreen-Layer
  100
AcDbPolyline
  90
2
  70
0
  43
0.15240030480060962
  10
2.298608077216155
  20
4.155763271526543
  10
1.301402082804166
  20
4.155763271526543
  0
LWPOLYLINE
  5
2790
  100
AcDbEntity
  8
Top-Silkscreen-Layer
  100
AcDbPolyline
  90
2
  70
0
  43
0.15240030480060962
  10
1.301402082804166
  20
4.155763271526543
  10
1.301402082804166
  20
4.873797307594616
  0
LWPOLYLINE
  5
2791
  100
AcDbEntity
  8
Top-Silkscreen-Layer
  100
AcDbPolyline
  90
2
  70
0
  43
0.15240030480060962
  10
2.298608077216155
  20
5.326223012446025
  10
2.298608077216155
  20
6.044257048514098
  0
LWPOLYLINE
  5
2792
  100
AcDbEntity
  8
Top-Silkscreen-Layer
  100
AcDbPolyline
  90
2
  70
0
  43
0.15240030480060962
  10
2.298608077216155
  20
6.044257048514098
  10
1.301402082804166
  20
6.044257048514098
  0
LWPOLYLINE
  5
2793
  100
AcDbEntity
  8
Top-Silkscreen-Layer
  100
AcDbPolyline
  90
2
  70
0
  43
0.15240030480060962
  10
1.301402082804166
  20
6.044257048514098
  10
1.301402082804166
  20
5.326223012446025
  0
LWPOLYLINE
  5
2798
  100
AcDbEntity
  8
Top-Silkscreen-Layer
  100
AcDbPolyline
  90
2
  70
0
  43
0.15240030480060962
  10
1.5762153924307851
  20
-2.801404622809246
  10
2.2942494284988575
  20
-2.801404622809246
  0
LWPOLYLINE
  5
2799
  100
AcDbEntity
  8
Top-Silkscreen-Layer
  100
AcDbPolyline
  90
2
  70
0
  43
0.15240030480060962
  10
2.2942494284988575
  20
-2.801404622809246
  10
2.2942494284988575
  20
-3.798610617221235
  0
LWPOLYLINE
  5
2800
  100
AcDbEntity
  8
Top-Silkscreen-Layer
  100
AcDbPolyline
  90
2
  70
0
  43
0.15240030480060962
  10
2.2942494284988575
  20
-3.798610617221235
  10
1.5762153924307851
  20
-3.7986106172212346
  0
LWPOLYLINE
  5
2801
  100
AcDbEntity
  8
Top-Silkscreen-Layer
  100
AcDbPolyline
  90
2
  70
0
  43
0.15240030480060962
  10
1.1237896875793754
  20
-2.801404622809246
  10
0.4057556515113033
  20
-2.8014046228092457
  0
LWPOLYLINE
  5
2802
  100
AcDbEntity
  8
Top-Silkscreen-Layer
  100
AcDbPolyline
  90
2
  70
0
  43
0.15240030480060962
  10
0.4057556515113033
  20
-2.8014046228092457
  10
0.40575565151130305
  20
-3.7986106172212346
  0
LWPOLYLINE
  5
2803
  100
AcDbEntity
  8
Top-Silkscreen-Layer
  100
AcDbPolyline
  90
2
  70
0
  43
0.15240030480060962
  10
0.40575565151130305
  20
-3.7986106172212346
  10
1.1237896875793754
  20
-3.7986106172212346
  0
LWPOLYLINE
  5
2821
  100
AcDbEntity
  8
Top-Silkscreen-Layer
  100
AcDbPolyline
  90
2
  70
0
  43
0.15001270002540007
  10
-1.4800711201422405
  20
-2.4300330200660407
  10
-1.0000609601219204
  20
-2.430033020066041
  0
LWPOLYLINE
  5
2822
  100
AcDbEntity
  8
Top-Silkscreen-Layer
  100
AcDbPolyline
  90
2
  70
0
  43
0.15001270002540007
  10
-1.0000609601219204
  20
-2.430033020066041
  10
-0.9700889001778004
  20
-2.430033020066041
  0
LWPOLYLINE
  5
2823
  100
AcDbEntity
  8
Top-Silkscreen-Layer
  100
AcDbPolyline
  90
2
  70
0
  43
0.15001270002540007
  10
-0.9700889001778004
  20
-2.430033020066041
  10
-0.8700635001270004
  20
-2.530058420116841
  0
LWPOLYLINE
  5
2824
  100
AcDbEntity
  8
Top-Silkscreen-Layer
  100
AcDbPolyline
  90
2
  70
0
  43
0.15001270002540007
  10
-0.8700635001270004
  20
-2.530058420116841
  10
-0.8700635001270004
  20
-3.2700381000762007
  0
LWPOLYLINE
  5
2825
  100
AcDbEntity
  8
Top-Silkscreen-Layer
  100
AcDbPolyline
  90
2
  70
0
  43
0.15001270002540007
  10
-0.8700635001270004
  20
-3.2700381000762007
  10
-0.8700635001270004
  20
-3.380045720091441
  0
LWPOLYLINE
  5
2826
  100
AcDbEntity
  8
Top-Silkscreen-Layer
  100
AcDbPolyline
  90
2
  70
0
  43
0.15001270002540007
  10
-0.8700635001270004
  20
-3.380045720091441
  10
-0.9400660401320806
  20
-3.450048260096521
  0
LWPOLYLINE
  5
2827
  100
AcDbEntity
  8
Top-Silkscreen-Layer
  100
AcDbPolyline
  90
2
  70
0
  43
0.15001270002540007
  10
-0.9400660401320806
  20
-3.450048260096521
  10
-1.4700635001270006
  20
-3.450048260096521
  0
LWPOLYLINE
  5
2828
  100
AcDbEntity
  8
Top-Silkscreen-Layer
  100
AcDbPolyline
  90
2
  70
0
  43
0.15001270002540007
  10
-0.6900533401066802
  20
-2.5400152400304807
  10
-0.6900533401066802
  20
-3.300035560071121
  0
LWPOLYLINE
  5
2829
  100
AcDbEntity
  8
Top-Silkscreen-Layer
  100
AcDbPolyline
  90
2
  70
0
  43
0.15001270002540007
  10
-2.50989077978156
  20
-3.3600050800101604
  10
-2.50989077978156
  20
-2.5999847599695203
  0
LWPOLYLINE
  5
2830
  100
AcDbEntity
  8
Top-Silkscreen-Layer
  100
AcDbPolyline
  90
2
  70
0
  43
0.15001270002540007
  10
-1.7198729997459998
  20
-3.4699872999746004
  10
-2.19988315976632
  20
-3.4699872999746004
  0
LWPOLYLINE
  5
2831
  100
AcDbEntity
  8
Top-Silkscreen-Layer
  100
AcDbPolyline
  90
2
  70
0
  43
0.15001270002540007
  10
-2.19988315976632
  20
-3.4699872999746004
  10
-2.2298552197104398
  20
-3.4699872999746004
  0
LWPOLYLINE
  5
2832
  100
AcDbEntity
  8
Top-Silkscreen-Layer
  100
AcDbPolyline
  90
2
  70
0
  43
0.15001270002540007
  10
-2.2298552197104398
  20
-3.4699872999746004
  10
-2.3298806197612403
  20
-3.3699618999238004
  0
LWPOLYLINE
  5
2833
  100
AcDbEntity
  8
Top-Silkscreen-Layer
  100
AcDbPolyline
  90
2
  70
0
  43
0.15001270002540007
  10
-2.3298806197612403
  20
-3.3699618999238004
  10
-2.3298806197612403
  20
-2.6299822199644405
  0
LWPOLYLINE
  5
2834
  100
AcDbEntity
  8
Top-Silkscreen-Layer
  100
AcDbPolyline
  90
2
  70
0
  43
0.15001270002540007
  10
-2.3298806197612403
  20
-2.6299822199644405
  10
-2.3298806197612403
  20
-2.5199745999492005
  0
LWPOLYLINE
  5
2835
  100
AcDbEntity
  8
Top-Silkscreen-Layer
  100
AcDbPolyline
  90
2
  70
0
  43
0.15001270002540007
  10
-2.3298806197612403
  20
-2.5199745999492005
  10
-2.25987807975616
  20
-2.44997205994412
  0
LWPOLYLINE
  5
2836
  100
AcDbEntity
  8
Top-Silkscreen-Layer
  100
AcDbPolyline
  90
2
  70
0
  43
0.15001270002540007
  10
-2.25987807975616
  20
-2.44997205994412
  10
-1.7298806197612397
  20
-2.44997205994412
  0
LWPOLYLINE
  5
2837
  100
AcDbEntity
  8
Top-Silkscreen-Layer
  100
AcDbPolyline
  90
2
  70
0
  43
0.15240030480060962
  10
-4.551221742443485
  20
-0.5986029972059945
  10
-5.269255778511559
  20
-0.5986029972059945
  0
LWPOLYLINE
  5
2838
  100
AcDbEntity
  8
Top-Silkscreen-Layer
  100
AcDbPolyline
  90
2
  70
0
  43
0.15240030480060962
  10
-5.269255778511559
  20
-0.5986029972059945
  10
-5.269255778511559
  20
0.39860299720599446
  0
LWPOLYLINE
  5
2839
  100
AcDbEntity
  8
Top-Silkscreen-Layer
  100
AcDbPolyline
  90
2
  70
0
  43
0.15240030480060962
  10
-5.269255778511559
  20
0.39860299720599446
  10
-4.551221742443485
  20
0.39860299720599446
  0
LWPOLYLINE
  5
2840
  100
AcDbEntity
  8
Top-Silkscreen-Layer
  100
AcDbPolyline
  90
2
  70
0
  43
0.15240030480060962
  10
-4.098796037592076
  20
-0.5986029972059945
  10
-3.380762001524004
  20
-0.5986029972059945
  0
LWPOLYLINE
  5
2841
  100
AcDbEntity
  8
Top-Silkscreen-Layer
  100
AcDbPolyline
  90
2
  70
0
  43
0.15240030480060962
  10
-3.380762001524004
  20
-0.5986029972059945
  10
-3.380762001524004
  20
0.39860299720599446
  0
LWPOLYLINE
  5
2842
  100
AcDbEntity
  8
Top-Silkscreen-Layer
  100
AcDbPolyline
  90
2
  70
0
  43
0.15240030480060962
  10
-3.380762001524004
  20
0.39860299720599446
  10
-4.098796037592076
  20
0.39860299720599446
  0
LWPOLYLINE
  5
2847
  100
AcDbEntity
  8
Top-Silkscreen-Layer
  100
AcDbPolyline
  90
2
  70
0
  43
0.25400050800101603
  10
-4.646937056126262
  20
-2.032460949934678
  10
-3.5693041663321843
  20
-3.1100938397287563
  0
LWPOLYLINE
  5
2848
  100
AcDbEntity
  8
Top-Silkscreen-Layer
  100
AcDbPolyline
  90
2
  70
0
  43
0.25400050800101603
  10
-5.245150829853935
  20
-4.859478171650055
  10
-6.3227837196480134
  20
-3.781845281855977
  0
TEXT
  5
2861
  100
AcDbEntity
  8
Top-Silkscreen-Layer
  7
default
  461
0.56
  100
AcDbText
  10
-6.849088846694543
  20
-2.581725045698271
  11
-6.849088846694543
  21
-2.581725045698271
  40
0.5599999999999999
  1
+
  50
-45
  71
1
  72
0
  41
1.1
  100
AcDbText
  73
1
  0
LWPOLYLINE
  5
2862
  100
AcDbEntity
  8
Top-Silkscreen-Layer
  100
AcDbPolyline
  90
2
  70
0
  43
0.15240030480060962
  10
4.498796037592076
  20
-8.148618237236477
  10
3.780762001524003
  20
-8.148618237236477
  0
LWPOLYLINE
  5
2863
  100
AcDbEntity
  8
Top-Silkscreen-Layer
  100
AcDbPolyline
  90
2
  70
0
  43
0.15240030480060962
  10
3.780762001524003
  20
-8.148618237236477
  10
3.780762001524003
  20
-7.151412242824486
  0
LWPOLYLINE
  5
2864
  100
AcDbEntity
  8
Top-Silkscreen-Layer
  100
AcDbPolyline
  90
2
  70
0
  43
0.15240030480060962
  10
3.780762001524003
  20
-7.151412242824486
  10
4.498796037592076
  20
-7.151412242824486
  0
LWPOLYLINE
  5
2865
  100
AcDbEntity
  8
Top-Silkscreen-Layer
  100
AcDbPolyline
  90
2
  70
0
  43
0.15240030480060962
  10
4.951221742443485
  20
-8.148618237236477
  10
5.669255778511557
  20
-8.148618237236477
  0
LWPOLYLINE
  5
2866
  100
AcDbEntity
  8
Top-Silkscreen-Layer
  100
AcDbPolyline
  90
2
  70
0
  43
0.15240030480060962
  10
5.669255778511557
  20
-8.148618237236477
  10
5.669255778511557
  20
-7.151412242824486
  0
LWPOLYLINE
  5
2867
  100
AcDbEntity
  8
Top-Silkscreen-Layer
  100
AcDbPolyline
  90
2
  70
0
  43
0.15240030480060962
  10
5.669255778511557
  20
-7.151412242824486
  10
4.951221742443485
  20
-7.151412242824486
  0
LWPOLYLINE
  5
2872
  100
AcDbEntity
  8
Top-Silkscreen-Layer
  100
AcDbPolyline
  90
2
  70
0
  43
0.15240030480060962
  10
4.465981711963424
  20
-6.990800101600204
  10
3.7479476758953525
  20
-6.990800101600204
  0
LWPOLYLINE
  5
2873
  100
AcDbEntity
  8
Top-Silkscreen-Layer
  100
AcDbPolyline
  90
2
  70
0
  43
0.15240030480060962
  10
3.7479476758953525
  20
-6.990800101600204
  10
3.7479476758953525
  20
-5.993594107188215
  0
LWPOLYLINE
  5
2874
  100
AcDbEntity
  8
Top-Silkscreen-Layer
  100
AcDbPolyline
  90
2
  70
0
  43
0.15240030480060962
  10
3.7479476758953525
  20
-5.993594107188215
  10
4.465981711963424
  20
-5.993594107188215
  0
LWPOLYLINE
  5
2875
  100
AcDbEntity
  8
Top-Silkscreen-Layer
  100
AcDbPolyline
  90
2
  70
0
  43
0.15240030480060962
  10
4.9184074168148335
  20
-6.990800101600204
  10
5.636441452882907
  20
-6.990800101600204
  0
LWPOLYLINE
  5
2876
  100
AcDbEntity
  8
Top-Silkscreen-Layer
  100
AcDbPolyline
  90
2
  70
0
  43
0.15240030480060962
  10
5.636441452882907
  20
-6.990800101600204
  10
5.636441452882907
  20
-5.993594107188215
  0
LWPOLYLINE
  5
2877
  100
AcDbEntity
  8
Top-Silkscreen-Layer
  100
AcDbPolyline
  90
2
  70
0
  43
0.15240030480060962
  10
5.636441452882907
  20
-5.993594107188215
  10
4.9184074168148335
  20
-5.993594107188215
  0
LWPOLYLINE
  5
2882
  100
AcDbEntity
  8
Top-Silkscreen-Layer
  100
AcDbPolyline
  90
2
  70
0
  43
0.15240030480060962
  10
-1.976215392430785
  20
-0.0986029972059944
  10
-2.6942494284988574
  20
-0.0986029972059944
  0
LWPOLYLINE
  5
2883
  100
AcDbEntity
  8
Top-Silkscreen-Layer
  100
AcDbPolyline
  90
2
  70
0
  43
0.15240030480060962
  10
-2.6942494284988574
  20
-0.0986029972059944
  10
-2.6942494284988574
  20
0.8986029972059945
  0
LWPOLYLINE
  5
2884
  100
AcDbEntity
  8
Top-Silkscreen-Layer
  100
AcDbPolyline
  90
2
  70
0
  43
0.15240030480060962
  10
-2.6942494284988574
  20
0.8986029972059945
  10
-1.976215392430785
  20
0.8986029972059945
  0
LWPOLYLINE
  5
2885
  100
AcDbEntity
  8
Top-Silkscreen-Layer
  100
AcDbPolyline
  90
2
  70
0
  43
0.15240030480060962
  10
-1.5237896875793753
  20
-0.0986029972059944
  10
-0.8057556515113031
  20
-0.0986029972059944
  0
LWPOLYLINE
  5
2886
  100
AcDbEntity
  8
Top-Silkscreen-Layer
  100
AcDbPolyline
  90
2
  70
0
  43
0.15240030480060962
  10
-0.8057556515113031
  20
-0.0986029972059944
  10
-0.8057556515113031
  20
0.8986029972059945
  0
LWPOLYLINE
  5
2887
  100
AcDbEntity
  8
Top-Silkscreen-Layer
  100
AcDbPolyline
  90
2
  70
0
  43
0.15240030480060962
  10
-0.8057556515113031
  20
0.8986029972059945
  10
-1.5237896875793753
  20
0.8986029972059945
  0
LWPOLYLINE
  5
2892
  100
AcDbEntity
  8
Top-Silkscreen-Layer
  100
AcDbPolyline
  90
2
  70
0
  43
0.15001270002540007
  10
0.31993903987807987
  20
0.91996443992888
  10
0.7999491998984
  20
0.9199644399288798
  0
LWPOLYLINE
  5
2893
  100
AcDbEntity
  8
Top-Silkscreen-Layer
  100
AcDbPolyline
  90
2
  70
0
  43
0.15001270002540007
  10
0.7999491998984
  20
0.9199644399288798
  10
0.8299212598425199
  20
0.9199644399288798
  0
LWPOLYLINE
  5
2894
  100
AcDbEntity
  8
Top-Silkscreen-Layer
  100
AcDbPolyline
  90
2
  70
0
  43
0.15001270002540007
  10
0.8299212598425199
  20
0.9199644399288798
  10
0.9299466598933199
  20
0.8199390398780797
  0
LWPOLYLINE
  5
2895
  100
AcDbEntity
  8
Top-Silkscreen-Layer
  100
AcDbPolyline
  90
2
  70
0
  43
0.15001270002540007
  10
0.9299466598933199
  20
0.8199390398780797
  10
0.9299466598933199
  20
0.07995935991871973
  0
LWPOLYLINE
  5
2896
  100
AcDbEntity
  8
Top-Silkscreen-Layer
  100
AcDbPolyline
  90
2
  70
0
  43
0.15001270002540007
  10
0.9299466598933199
  20
0.07995935991871973
  10
0.9299466598933199
  20
-0.030048260096520327
  0
LWPOLYLINE
  5
2897
  100
AcDbEntity
  8
Top-Silkscreen-Layer
  100
AcDbPolyline
  90
2
  70
0
  43
0.15001270002540007
  10
0.9299466598933199
  20
-0.030048260096520327
  10
0.8599441198882397
  20
-0.1000508001016003
  0
LWPOLYLINE
  5
2898
  100
AcDbEntity
  8
Top-Silkscreen-Layer
  100
AcDbPolyline
  90
2
  70
0
  43
0.15001270002540007
  10
0.8599441198882397
  20
-0.1000508001016003
  10
0.3299466598933198
  20
-0.10005080010160025
  0
LWPOLYLINE
  5
2899
  100
AcDbEntity
  8
Top-Silkscreen-Layer
  100
AcDbPolyline
  90
2
  70
0
  43
0.15001270002540007
  10
1.10995681991364
  20
0.8099822199644399
  10
1.10995681991364
  20
0.04996189992379971
  0
LWPOLYLINE
  5
2900
  100
AcDbEntity
  8
Top-Silkscreen-Layer
  100
AcDbPolyline
  90
2
  70
0
  43
0.15001270002540007
  10
-0.7098806197612397
  20
-0.010007620015239888
  10
-0.7098806197612397
  20
0.7500127000254002
  0
LWPOLYLINE
  5
2901
  100
AcDbEntity
  8
Top-Silkscreen-Layer
  100
AcDbPolyline
  90
2
  70
0
  43
0.15001270002540007
  10
0.08013716027432047
  20
-0.11998983997968002
  10
-0.39987299974599966
  20
-0.11998983997967991
  0
LWPOLYLINE
  5
2902
  100
AcDbEntity
  8
Top-Silkscreen-Layer
  100
AcDbPolyline
  90
2
  70
0
  43
0.15001270002540007
  10
-0.39987299974599966
  20
-0.11998983997967991
  10
-0.42984505969011966
  20
-0.11998983997967991
  0
LWPOLYLINE
  5
2903
  100
AcDbEntity
  8
Top-Silkscreen-Layer
  100
AcDbPolyline
  90
2
  70
0
  43
0.15001270002540007
  10
-0.42984505969011966
  20
-0.11998983997967991
  10
-0.5298704597409196
  20
-0.019964439928879748
  0
LWPOLYLINE
  5
2904
  100
AcDbEntity
  8
Top-Silkscreen-Layer
  100
AcDbPolyline
  90
2
  70
0
  43
0.15001270002540007
  10
-0.5298704597409196
  20
-0.019964439928879748
  10
-0.5298704597409196
  20
0.7200152400304803
  0
LWPOLYLINE
  5
2905
  100
AcDbEntity
  8
Top-Silkscreen-Layer
  100
AcDbPolyline
  90
2
  70
0
  43
0.15001270002540007
  10
-0.5298704597409196
  20
0.7200152400304803
  10
-0.5298704597409196
  20
0.8300228600457202
  0
LWPOLYLINE
  5
2906
  100
AcDbEntity
  8
Top-Silkscreen-Layer
  100
AcDbPolyline
  90
2
  70
0
  43
0.15001270002540007
  10
-0.5298704597409196
  20
0.8300228600457202
  10
-0.45986791973583946
  20
0.9000254000508002
  0
LWPOLYLINE
  5
2907
  100
AcDbEntity
  8
Top-Silkscreen-Layer
  100
AcDbPolyline
  90
2
  70
0
  43
0.15001270002540007
  10
-0.45986791973583946
  20
0.9000254000508002
  10
0.07012954025908055
  20
0.9000254000508002
  0
LWPOLYLINE
  5
2908
  100
AcDbEntity
  8
Top-Silkscreen-Layer
  100
AcDbPolyline
  90
2
  70
0
  43
0.15240030480060962
  10
0.9963881127762255
  20
1.0524663449326896
  10
0.4963881127762256
  20
1.0524663449326899
  0
LWPOLYLINE
  5
2909
  100
AcDbEntity
  8
Top-Silkscreen-Layer
  100
AcDbPolyline
  90
2
  70
0
  43
0.15240030480060962
  10
1.1488138176276355
  20
1.8972466344932692
  10
1.1488138176276355
  20
1.2048412496824994
  0
LWPOLYLINE
  5
2910
  100
AcDbEntity
  8
Top-Silkscreen-Layer
  100
AcDbPolyline
  90
2
  70
0
  43
0.15240030480060962
  10
0.4963881127762257
  20
2.0496469392938788
  10
0.9963881127762257
  20
2.0496469392938788
  0
LWPOLYLINE
  5
2911
  100
AcDbEntity
  8
Top-Silkscreen-Layer
  100
AcDbPolyline
  90
2
  70
0
  43
0.15240030480060962
  10
-0.4463855727711455
  20
2.0475133350266708
  10
0.05361442722885456
  20
2.0475133350266703
  0
LWPOLYLINE
  5
2912
  100
AcDbEntity
  8
Top-Silkscreen-Layer
  100
AcDbPolyline
  90
2
  70
0
  43
0.15240030480060962
  10
0.05361442722885445
  20
1.0503835407670818
  10
-0.4463855727711457
  20
1.0503835407670818
  0
LWPOLYLINE
  5
2913
  100
AcDbEntity
  8
Top-Silkscreen-Layer
  100
AcDbPolyline
  90
2
  70
0
  43
0.15240030480060962
  10
-0.5988112776225554
  20
1.2027330454660912
  10
-0.5988112776225554
  20
1.895163830327661
  0
LWPOLYLINE
  5
2914
  100
AcDbEntity
  8
Top-Silkscreen-Layer
  100
AcDbPolyline
  90
2
  70
0
  43
0.15240030480060962
  10
-0.4463855727711456
  20
1.0503581407162816
  42
-0.414
  10
-0.5987858775717553
  20
1.202758445516891
  0
LWPOLYLINE
  5
2915
  100
AcDbEntity
  8
Top-Silkscreen-Layer
  100
AcDbPolyline
  90
2
  70
0
  43
0.15240030480060962
  10
-0.5987858775717553
  20
1.895163830327661
  42
-0.414
  10
-0.4463855727711456
  20
2.0475641351282707
  0
LWPOLYLINE
  5
2916
  100
AcDbEntity
  8
Top-Silkscreen-Layer
  100
AcDbPolyline
  90
2
  70
0
  43
0.15240030480060962
  10
0.9963881127762257
  20
2.0496469392938788
  42
-0.414
  10
1.1487884175768355
  20
1.8972466344932692
  0
LWPOLYLINE
  5
2917
  100
AcDbEntity
  8
Top-Silkscreen-Layer
  100
AcDbPolyline
  90
2
  70
0
  43
0.15240030480060962
  10
1.1487884175768355
  20
1.2048412496824994
  42
-0.414
  10
0.9963881127762257
  20
1.0524409448818897
  0
HATCH
  5
1934
  100
AcDbEntity
  8
Top-Solder-Mask-Layer
  100
AcDbHatch
  10
0
  20
0
  30
0
  210
0
  220
0
  230
1
  2
SOLID
  70
1
  71
0
  91
1
  92
7
  72
1
  73
1
  93
2
  10
-3.500807721615444
  20
-5.525011430022861
  42
1
  10
-2.8992075184150377
  20
-5.525011430022861
  42
1
  97
1
  330
1933
  75
0
  76
1
  47
0.8681437583925616
  98
1
  10
3.629517071192367
  20
33.92795499968543
  450
0
  451
0
  460
0
  461
0
  452
1
  462
1
  453
2
  463
0
  63
5
  421
255
  463
1
  63
7
  421
16777215
  470
LINEAR
  1001
ACAD
  1010
0
  1020
0
  1030
0
  0
LWPOLYLINE
  5
1935
  100
AcDbEntity
  8
Top-Solder-Mask-Layer
  100
AcDbPolyline
  90
2
  70
1
  43
0
  10
-3.500807721615444
  20
-5.525011430022861
  42
1
  10
-2.899207518415037
  20
-5.525011430022861
  42
1
  0
HATCH
  5
1943
  100
AcDbEntity
  8
Top-Solder-Mask-Layer
  100
AcDbHatch
  10
0
  20
0
  30
0
  210
0
  220
0
  230
1
  2
SOLID
  70
1
  71
0
  91
1
  92
7
  72
1
  73
1
  93
2
  10
-2.5258039116078237
  20
-5.55001016002032
  42
1
  10
-1.9242037084074173
  20
-5.55001016002032
  42
1
  97
1
  330
1942
  75
0
  76
1
  47
0.8681437583925616
  98
1
  10
3.629517071192367
  20
33.92795499968543
  450
0
  451
0
  460
0
  461
0
  452
1
  462
1
  453
2
  463
0
  63
5
  421
255
  463
1
  63
7
  421
16777215
  470
LINEAR
  1001
ACAD
  1010
0
  1020
0
  1030
0
  0
LWPOLYLINE
  5
1944
  100
AcDbEntity
  8
Top-Solder-Mask-Layer
  100
AcDbPolyline
  90
2
  70
1
  43
0
  10
-2.5258039116078237
  20
-5.55001016002032
  42
1
  10
-1.924203708407417
  20
-5.55001016002032
  42
1
  0
HATCH
  5
1952
  100
AcDbEntity
  8
Top-Solder-Mask-Layer
  100
AcDbHatch
  10
0
  20
0
  30
0
  210
0
  220
0
  230
1
  2
SOLID
  70
1
  71
0
  91
1
  92
7
  72
1
  73
1
  93
2
  10
-1.4758013716027436
  20
-5.575011430022861
  42
1
  10
-0.874201168402337
  20
-5.575011430022861
  42
1
  97
1
  330
1951
  75
0
  76
1
  47
0.8681437583925616
  98
1
  10
3.629517071192367
  20
33.92795499968543
  450
0
  451
0
  460
0
  461
0
  452
1
  462
1
  453
2
  463
0
  63
5
  421
255
  463
1
  63
7
  421
16777215
  470
LINEAR
  1001
ACAD
  1010
0
  1020
0
  1030
0
  0
LWPOLYLINE
  5
1953
  100
AcDbEntity
  8
Top-Solder-Mask-Layer
  100
AcDbPolyline
  90
2
  70
1
  43
0
  10
-1.4758013716027436
  20
-5.575011430022861
  42
1
  10
-0.8742011684023369
  20
-5.575011430022861
  42
1
  0
HATCH
  5
1961
  100
AcDbEntity
  8
Top-Solder-Mask-Layer
  100
AcDbHatch
  10
0
  20
0
  30
0
  210
0
  220
0
  230
1
  2
SOLID
  70
1
  71
0
  91
1
  92
7
  72
1
  73
1
  93
2
  10
-0.5008001016002033
  20
-5.600010160020321
  42
1
  10
0.10080010160020325
  20
-5.600010160020321
  42
1
  97
1
  330
1960
  75
0
  76
1
  47
0.8681437583925616
  98
1
  10
3.629517071192367
  20
33.92795499968543
  450
0
  451
0
  460
0
  461
0
  452
1
  462
1
  453
2
  463
0
  63
5
  421
255
  463
1
  63
7
  421
16777215
  470
LINEAR
  1001
ACAD
  1010
0
  1020
0
  1030
0
  0
LWPOLYLINE
  5
1962
  100
AcDbEntity
  8
Top-Solder-Mask-Layer
  100
AcDbPolyline
  90
2
  70
1
  43
0
  10
-0.5008001016002033
  20
-5.600010160020321
  42
1
  10
0.10080010160020325
  20
-5.600010160020321
  42
1
  0
HATCH
  5
1970
  100
AcDbEntity
  8
Top-Solder-Mask-Layer
  100
AcDbHatch
  10
0
  20
0
  30
0
  210
0
  220
0
  230
1
  2
SOLID
  70
1
  71
0
  91
1
  92
7
  72
1
  73
1
  93
2
  10
0.39920243840487685
  20
-5.600010160020321
  42
1
  10
1.0008026416052833
  20
-5.600010160020321
  42
1
  97
1
  330
1969
  75
0
  76
1
  47
0.8681437583925616
  98
1
  10
3.629517071192367
  20
33.92795499968543
  450
0
  451
0
  460
0
  461
0
  452
1
  462
1
  453
2
  463
0
  63
5
  421
255
  463
1
  63
7
  421
16777215
  470
LINEAR
  1001
ACAD
  1010
0
  1020
0
  1030
0
  0
LWPOLYLINE
  5
1971
  100
AcDbEntity
  8
Top-Solder-Mask-Layer
  100
AcDbPolyline
  90
2
  70
1
  43
0
  10
0.3992024384048769
  20
-5.600010160020321
  42
1
  10
1.0008026416052833
  20
-5.600010160020321
  42
1
  0
HATCH
  5
1979
  100
AcDbEntity
  8
Top-Solder-Mask-Layer
  100
AcDbHatch
  10
0
  20
0
  30
0
  210
0
  220
0
  230
1
  2
SOLID
  70
1
  71
0
  91
1
  92
7
  72
1
  73
1
  93
2
  10
1.324203708407417
  20
-5.575011430022861
  42
1
  10
1.9258039116078236
  20
-5.575011430022861
  42
1
  97
1
  330
1978
  75
0
  76
1
  47
0.8681437583925616
  98
1
  10
3.629517071192367
  20
33.92795499968543
  450
0
  451
0
  460
0
  461
0
  452
1
  462
1
  453
2
  463
0
  63
5
  421
255
  463
1
  63
7
  421
16777215
  470
LINEAR
  1001
ACAD
  1010
0
  1020
0
  1030
0
  0
LWPOLYLINE
  5
1980
  100
AcDbEntity
  8
Top-Solder-Mask-Layer
  100
AcDbPolyline
  90
4
  70
0
  43
0
  10
1.3242037084074172
  20
-5.575011429215201
  42
1
  10
1.9258039116078234
  20
-5.57501143071161
  10
1.9258039116078234
  20
-5.57501143083052
  42
1
  10
1.3242037084074172
  20
-5.575011429334112
  0
HATCH
  5
1988
  100
AcDbEntity
  8
Top-Solder-Mask-Layer
  100
AcDbHatch
  10
0
  20
0
  30
0
  210
0
  220
0
  230
1
  2
SOLID
  70
1
  71
0
  91
1
  92
7
  72
1
  73
1
  93
2
  10
2.174203708407417
  20
-5.55001016002032
  42
1
  10
2.7758039116078232
  20
-5.55001016002032
  42
1
  97
1
  330
1987
  75
0
  76
1
  47
0.8681437583925616
  98
1
  10
3.629517071192367
  20
33.92795499968543
  450
0
  451
0
  460
0
  461
0
  452
1
  462
1
  453
2
  463
0
  63
5
  421
255
  463
1
  63
7
  421
16777215
  470
LINEAR
  1001
ACAD
  1010
0
  1020
0
  1030
0
  0
LWPOLYLINE
  5
1989
  100
AcDbEntity
  8
Top-Solder-Mask-Layer
  100
AcDbPolyline
  90
2
  70
1
  43
0
  10
2.174203708407417
  20
-5.55001016002032
  42
1
  10
2.7758039116078237
  20
-5.55001016002032
  42
1
  0
HATCH
  5
1997
  100
AcDbEntity
  8
Top-Solder-Mask-Layer
  100
AcDbHatch
  10
0
  20
0
  30
0
  210
0
  220
0
  230
1
  2
SOLID
  70
1
  71
0
  91
1
  92
7
  72
1
  73
1
  93
2
  10
2.9992075184150373
  20
-5.600010160020321
  42
1
  10
3.6008077216154435
  20
-5.600010160020321
  42
1
  97
1
  330
1996
  75
0
  76
1
  47
0.8681437583925616
  98
1
  10
3.629517071192367
  20
33.92795499968543
  450
0
  451
0
  460
0
  461
0
  452
1
  462
1
  453
2
  463
0
  63
5
  421
255
  463
1
  63
7
  421
16777215
  470
LINEAR
  1001
ACAD
  1010
0
  1020
0
  1030
0
  0
LWPOLYLINE
  5
1998
  100
AcDbEntity
  8
Top-Solder-Mask-Layer
  100
AcDbPolyline
  90
2
  70
1
  43
0
  10
2.999207518415037
  20
-5.600010160020321
  42
1
  10
3.6008077216154435
  20
-5.600010160020321
  42
1
  0
HATCH
  5
2006
  100
AcDbEntity
  8
Top-Solder-Mask-Layer
  100
AcDbHatch
  10
0
  20
0
  30
0
  210
0
  220
0
  230
1
  2
SOLID
  70
1
  71
0
  91
1
  92
7
  72
1
  73
1
  93
2
  10
3.899207518415037
  20
-5.55001016002032
  42
1
  10
4.500807721615444
  20
-5.55001016002032
  42
1
  97
1
  330
2005
  75
0
  76
1
  47
0.8681437583925616
  98
1
  10
3.629517071192367
  20
33.92795499968543
  450
0
  451
0
  460
0
  461
0
  452
1
  462
1
  453
2
  463
0
  63
5
  421
255
  463
1
  63
7
  421
16777215
  470
LINEAR
  1001
ACAD
  1010
0
  1020
0
  1030
0
  0
LWPOLYLINE
  5
2007
  100
AcDbEntity
  8
Top-Solder-Mask-Layer
  100
AcDbPolyline
  90
4
  70
0
  43
0
  10
3.8992075184150368
  20
-5.55001015921266
  42
1
  10
4.500807721615443
  20
-5.5500101607090695
  10
4.500807721615443
  20
-5.550010160827979
  42
1
  10
3.899207518415037
  20
-5.550010159331571
  0
HATCH
  5
2014
  100
AcDbEntity
  8
Top-Solder-Mask-Layer
  100
AcDbHatch
  10
0
  20
0
  30
0
  210
0
  220
0
  230
1
  2
SOLID
  70
1
  71
0
  91
1
  92
7
  72
0
  73
1
  93
4
  10
-0.7693192786385574
  20
5.070812801625605
  10
-0.7693192786385576
  20
4.429207518415037
  10
-1.370919481838964
  20
4.429207518415037
  10
-1.3709194818389638
  20
5.070812801625605
  97
1
  330
2013
  75
0
  76
1
  47
0.4128176842155181
  98
1
  10
34.90568961886538
  20
22.81183545379326
  450
0
  451
0
  460
0
  461
0
  452
1
  462
1
  453
2
  463
0
  63
5
  421
255
  463
1
  63
7
  421
16777215
  470
LINEAR
  1001
ACAD
  1010
0
  1020
0
  1030
0
  0
LWPOLYLINE
  5
2013
  100
AcDbEntity
  8
Top-Solder-Mask-Layer
  100
AcDbPolyline
  90
4
  70
1
  43
0
  10
-0.7693192786385574
  20
5.070812801625605
  10
-0.7693192786385576
  20
4.429207518415037
  10
-1.370919481838964
  20
4.429207518415037
  10
-1.3709194818389638
  20
5.070812801625605
  0
HATCH
  5
2020
  100
AcDbEntity
  8
Top-Solder-Mask-Layer
  100
AcDbHatch
  10
0
  20
0
  30
0
  210
0
  220
0
  230
1
  2
SOLID
  70
1
  71
0
  91
1
  92
7
  72
0
  73
1
  93
4
  10
0.07091440182880374
  20
5.070812801625605
  10
0.07091440182880362
  20
4.429207518415037
  10
-0.5306858013716028
  20
4.429207518415037
  10
-0.5306858013716027
  20
5.070812801625605
  97
1
  330
2019
  75
0
  76
1
  47
0.4128176842155181
  98
1
  10
34.90568961886538
  20
22.81183545379326
  450
0
  451
0
  460
0
  461
0
  452
1
  462
1
  453
2
  463
0
  63
5
  421
255
  463
1
  63
7
  421
16777215
  470
LINEAR
  1001
ACAD
  1010
0
  1020
0
  1030
0
  0
LWPOLYLINE
  5
2019
  100
AcDbEntity
  8
Top-Solder-Mask-Layer
  100
AcDbPolyline
  90
4
  70
1
  43
0
  10
0.07091440182880374
  20
5.070812801625605
  10
0.07091440182880362
  20
4.429207518415037
  10
-0.5306858013716028
  20
4.429207518415037
  10
-0.5306858013716027
  20
5.070812801625605
  0
HATCH
  5
2026
  100
AcDbEntity
  8
Top-Solder-Mask-Layer
  100
AcDbHatch
  10
0
  20
0
  30
0
  210
0
  220
0
  230
1
  2
SOLID
  70
1
  71
0
  91
1
  92
7
  72
0
  73
1
  93
4
  10
-1.7958064516129033
  20
-1.5943205486410974
  10
-1.1542011684023372
  20
-1.5943205486410976
  10
-1.1542011684023374
  20
-2.1959207518415043
  10
-1.7958064516129038
  20
-2.1959207518415043
  97
1
  330
2025
  75
0
  76
1
  47
0.4128176842155181
  98
1
  10
34.90568961886538
  20
22.81183545379326
  450
0
  451
0
  460
0
  461
0
  452
1
  462
1
  453
2
  463
0
  63
5
  421
255
  463
1
  63
7
  421
16777215
  470
LINEAR
  1001
ACAD
  1010
0
  1020
0
  1030
0
  0
LWPOLYLINE
  5
2025
  100
AcDbEntity
  8
Top-Solder-Mask-Layer
  100
AcDbPolyline
  90
4
  70
1
  43
0
  10
-1.7958064516129033
  20
-1.5943205486410974
  10
-1.1542011684023372
  20
-1.5943205486410976
  10
-1.1542011684023374
  20
-2.1959207518415043
  10
-1.7958064516129038
  20
-2.1959207518415043
  0
HATCH
  5
2032
  100
AcDbEntity
  8
Top-Solder-Mask-Layer
  100
AcDbHatch
  10
0
  20
0
  30
0
  210
0
  220
0
  230
1
  2
SOLID
  70
1
  71
0
  91
1
  92
7
  72
0
  73
1
  93
4
  10
-1.7958064516129035
  20
-0.7540868681737365
  10
-1.1542011684023372
  20
-0.7540868681737367
  10
-1.1542011684023374
  20
-1.3556870713741433
  10
-1.7958064516129038
  20
-1.3556870713741431
  97
1
  330
2031
  75
0
  76
1
  47
0.4128176842155181
  98
1
  10
34.90568961886538
  20
22.81183545379326
  450
0
  451
0
  460
0
  461
0
  452
1
  462
1
  453
2
  463
0
  63
5
  421
255
  463
1
  63
7
  421
16777215
  470
LINEAR
  1001
ACAD
  1010
0
  1020
0
  1030
0
  0
LWPOLYLINE
  5
2031
  100
AcDbEntity
  8
Top-Solder-Mask-Layer
  100
AcDbPolyline
  90
4
  70
1
  43
0
  10
-1.7958064516129035
  20
-0.7540868681737365
  10
-1.1542011684023372
  20
-0.7540868681737367
  10
-1.1542011684023374
  20
-1.3556870713741433
  10
-1.7958064516129038
  20
-1.3556870713741431
  0
HATCH
  5
2038
  100
AcDbEntity
  8
Top-Solder-Mask-Layer
  100
AcDbHatch
  10
0
  20
0
  30
0
  210
0
  220
0
  230
1
  2
SOLID
  70
1
  71
0
  91
1
  92
7
  72
0
  73
1
  93
4
  10
-0.7491897383794769
  20
6.250817881635764
  10
-0.7491897383794769
  20
5.599204978409958
  10
-1.2008026416052835
  20
5.599204978409958
  10
-1.2008026416052833
  20
6.250817881635764
  97
1
  330
2037
  75
0
  76
1
  47
0.4128176842155181
  98
1
  10
34.90568961886538
  20
22.81183545379326
  450
0
  451
0
  460
0
  461
0
  452
1
  462
1
  453
2
  463
0
  63
5
  421
255
  463
1
  63
7
  421
16777215
  470
LINEAR
  1001
ACAD
  1010
0
  1020
0
  1030
0
  0
LWPOLYLINE
  5
2037
  100
AcDbEntity
  8
Top-Solder-Mask-Layer
  100
AcDbPolyline
  90
4
  70
1
  43
0
  10
-0.7491897383794769
  20
6.250817881635764
  10
-0.7491897383794769
  20
5.599204978409958
  10
-1.2008026416052835
  20
5.599204978409958
  10
-1.2008026416052833
  20
6.250817881635764
  0
HATCH
  5
2044
  100
AcDbEntity
  8
Top-Solder-Mask-Layer
  100
AcDbHatch
  10
0
  20
0
  30
0
  210
0
  220
0
  230
1
  2
SOLID
  70
1
  71
0
  91
1
  92
7
  72
0
  73
1
  93
4
  10
-0.09920243840487677
  20
6.250817881635764
  10
-0.09920243840487689
  20
5.599204978409958
  10
-0.5508153416306832
  20
5.599204978409958
  10
-0.5508153416306832
  20
6.250817881635764
  97
1
  330
2043
  75
0
  76
1
  47
0.4128176842155181
  98
1
  10
34.90568961886538
  20
22.81183545379326
  450
0
  451
0
  460
0
  461
0
  452
1
  462
1
  453
2
  463
0
  63
5
  421
255
  463
1
  63
7
  421
16777215
  470
LINEAR
  1001
ACAD
  1010
0
  1020
0
  1030
0
  0
LWPOLYLINE
  5
2043
  100
AcDbEntity
  8
Top-Solder-Mask-Layer
  100
AcDbPolyline
  90
4
  70
1
  43
0
  10
-0.09920243840487677
  20
6.250817881635764
  10
-0.09920243840487689
  20
5.599204978409958
  10
-0.5508153416306832
  20
5.599204978409958
  10
-0.5508153416306832
  20
6.250817881635764
  0
HATCH
  5
2050
  100
AcDbEntity
  8
Top-Solder-Mask-Layer
  100
AcDbHatch
  10
0
  20
0
  30
0
  210
0
  220
0
  230
1
  2
SOLID
  70
1
  71
0
  91
1
  92
7
  72
0
  73
1
  93
4
  10
-0.6508077216154436
  20
-1.624191008382017
  10
0.0008051816103631942
  20
-1.6241910083820172
  10
0.0008051816103629686
  20
-2.075803911607824
  10
-0.6508077216154436
  20
-2.0758039116078235
  97
1
  330
2049
  75
0
  76
1
  47
0.4128176842155181
  98
1
  10
34.90568961886538
  20
22.81183545379326
  450
0
  451
0
  460
0
  461
0
  452
1
  462
1
  453
2
  463
0
  63
5
  421
255
  463
1
  63
7
  421
16777215
  470
LINEAR
  1001
ACAD
  1010
0
  1020
0
  1030
0
  0
LWPOLYLINE
  5
2049
  100
AcDbEntity
  8
Top-Solder-Mask-Layer
  100
AcDbPolyline
  90
4
  70
1
  43
0
  10
-0.6508077216154436
  20
-1.624191008382017
  10
0.0008051816103631942
  20
-1.6241910083820172
  10
0.0008051816103629686
  20
-2.075803911607824
  10
-0.6508077216154436
  20
-2.0758039116078235
  0
HATCH
  5
2056
  100
AcDbEntity
  8
Top-Solder-Mask-Layer
  100
AcDbHatch
  10
0
  20
0
  30
0
  210
0
  220
0
  230
1
  2
SOLID
  70
1
  71
0
  91
1
  92
7
  72
0
  73
1
  93
4
  10
-0.6508077216154432
  20
-0.9742037084074167
  10
0.0008051816103634198
  20
-0.9742037084074169
  10
0.0008051816103631942
  20
-1.4258166116332234
  10
-0.6508077216154434
  20
-1.4258166116332232
  97
1
  330
2055
  75
0
  76
1
  47
0.4128176842155181
  98
1
  10
34.90568961886538
  20
22.81183545379326
  450
0
  451
0
  460
0
  461
0
  452
1
  462
1
  453
2
  463
0
  63
5
  421
255
  463
1
  63
7
  421
16777215
  470
LINEAR
  1001
ACAD
  1010
0
  1020
0
  1030
0
  0
LWPOLYLINE
  5
2055
  100
AcDbEntity
  8
Top-Solder-Mask-Layer
  100
AcDbPolyline
  90
4
  70
1
  43
0
  10
-0.6508077216154432
  20
-0.9742037084074167
  10
0.0008051816103634198
  20
-0.9742037084074169
  10
0.0008051816103631942
  20
-1.4258166116332234
  10
-0.6508077216154434
  20
-1.4258166116332232
  0
HATCH
  5
2062
  100
AcDbEntity
  8
Top-Solder-Mask-Layer
  100
AcDbHatch
  10
0
  20
0
  30
0
  210
0
  220
0
  230
1
  2
SOLID
  70
1
  71
0
  91
1
  92
7
  72
0
  73
1
  93
4
  10
0.42419608839217715
  20
-1.6741910083820166
  10
1.0758089916179836
  20
-1.674191008382017
  10
1.0758089916179834
  20
-2.125803911607824
  10
0.4241960883921767
  20
-2.1258039116078233
  97
1
  330
2061
  75
0
  76
1
  47
0.4128176842155181
  98
1
  10
34.90568961886538
  20
22.81183545379326
  450
0
  451
0
  460
0
  461
0
  452
1
  462
1
  453
2
  463
0
  63
5
  421
255
  463
1
  63
7
  421
16777215
  470
LINEAR
  1001
ACAD
  1010
0
  1020
0
  1030
0
  0
LWPOLYLINE
  5
2061
  100
AcDbEntity
  8
Top-Solder-Mask-Layer
  100
AcDbPolyline
  90
4
  70
1
  43
0
  10
0.42419608839217715
  20
-1.6741910083820166
  10
1.0758089916179836
  20
-1.674191008382017
  10
1.0758089916179834
  20
-2.125803911607824
  10
0.4241960883921767
  20
-2.1258039116078233
  0
HATCH
  5
2068
  100
AcDbEntity
  8
Top-Solder-Mask-Layer
  100
AcDbHatch
  10
0
  20
0
  30
0
  210
0
  220
0
  230
1
  2
SOLID
  70
1
  71
0
  91
1
  92
7
  72
0
  73
1
  93
4
  10
0.42419608839217693
  20
-1.0242037084074165
  10
1.0758089916179836
  20
-1.024203708407417
  10
1.0758089916179834
  20
-1.4758166116332234
  10
0.4241960883921767
  20
-1.475816611633223
  97
1
  330
2067
  75
0
  76
1
  47
0.4128176842155181
  98
1
  10
34.90568961886538
  20
22.81183545379326
  450
0
  451
0
  460
0
  461
0
  452
1
  462
1
  453
2
  463
0
  63
5
  421
255
  463
1
  63
7
  421
16777215
  470
LINEAR
  1001
ACAD
  1010
0
  1020
0
  1030
0
  0
LWPOLYLINE
  5
2067
  100
AcDbEntity
  8
Top-Solder-Mask-Layer
  100
AcDbPolyline
  90
4
  70
1
  43
0
  10
0.42419608839217693
  20
-1.0242037084074165
  10
1.0758089916179836
  20
-1.024203708407417
  10
1.0758089916179834
  20
-1.4758166116332234
  10
0.4241960883921767
  20
-1.475816611633223
  0
HATCH
  5
2074
  100
AcDbEntity
  8
Top-Solder-Mask-Layer
  100
AcDbHatch
  10
0
  20
0
  30
0
  210
0
  220
0
  230
1
  2
SOLID
  70
1
  71
0
  91
1
  92
7
  72
0
  73
1
  93
4
  10
-2.9499618999238004
  20
-8.727965455930914
  10
-2.9499618999238004
  20
-7.927965455930913
  10
-2.5499618999238005
  20
-7.927965455930913
  10
-2.5499618999238005
  20
-8.727965455930914
  97
1
  330
2073
  75
0
  76
1
  47
0.4128176842155181
  98
1
  10
34.90568961886538
  20
22.81183545379326
  450
0
  451
0
  460
0
  461
0
  452
1
  462
1
  453
2
  463
0
  63
5
  421
255
  463
1
  63
7
  421
16777215
  470
LINEAR
  1001
ACAD
  1010
0
  1020
0
  1030
0
  0
LWPOLYLINE
  5
2073
  100
AcDbEntity
  8
Top-Solder-Mask-Layer
  100
AcDbPolyline
  90
4
  70
1
  43
0
  10
-2.9499618999238004
  20
-8.727965455930914
  10
-2.9499618999238004
  20
-7.927965455930913
  10
-2.5499618999238005
  20
-7.927965455930913
  10
-2.5499618999238005
  20
-8.727965455930914
  0
HATCH
  5
2080
  100
AcDbEntity
  8
Top-Solder-Mask-Layer
  100
AcDbHatch
  10
0
  20
0
  30
0
  210
0
  220
0
  230
1
  2
SOLID
  70
1
  71
0
  91
1
  92
7
  72
0
  73
1
  93
4
  10
-2.4500889001778003
  20
-8.727965455930914
  10
-2.4500889001778003
  20
-7.927965455930913
  10
-2.0500889001778004
  20
-7.927965455930913
  10
-2.0500889001778004
  20
-8.727965455930914
  97
1
  330
2079
  75
0
  76
1
  47
0.4128176842155181
  98
1
  10
34.90568961886538
  20
22.81183545379326
  450
0
  451
0
  460
0
  461
0
  452
1
  462
1
  453
2
  463
0
  63
5
  421
255
  463
1
  63
7
  421
16777215
  470
LINEAR
  1001
ACAD
  1010
0
  1020
0
  1030
0
  0
LWPOLYLINE
  5
2079
  100
AcDbEntity
  8
Top-Solder-Mask-Layer
  100
AcDbPolyline
  90
4
  70
1
  43
0
  10
-2.4500889001778003
  20
-8.727965455930914
  10
-2.4500889001778003
  20
-7.927965455930913
  10
-2.0500889001778004
  20
-7.927965455930913
  10
-2.0500889001778004
  20
-8.727965455930914
  0
HATCH
  5
2086
  100
AcDbEntity
  8
Top-Solder-Mask-Layer
  100
AcDbHatch
  10
0
  20
0
  30
0
  210
0
  220
0
  230
1
  2
SOLID
  70
1
  71
0
  91
1
  92
7
  72
0
  73
1
  93
4
  10
-1.9499618999238
  20
-8.727965455930914
  10
-1.9499618999238
  20
-7.927965455930913
  10
-1.5499618999238
  20
-7.927965455930913
  10
-1.5499618999238
  20
-8.727965455930914
  97
1
  330
2085
  75
0
  76
1
  47
0.4128176842155181
  98
1
  10
34.90568961886538
  20
22.81183545379326
  450
0
  451
0
  460
0
  461
0
  452
1
  462
1
  453
2
  463
0
  63
5
  421
255
  463
1
  63
7
  421
16777215
  470
LINEAR
  1001
ACAD
  1010
0
  1020
0
  1030
0
  0
LWPOLYLINE
  5
2085
  100
AcDbEntity
  8
Top-Solder-Mask-Layer
  100
AcDbPolyline
  90
4
  70
1
  43
0
  10
-1.9499618999238
  20
-8.727965455930914
  10
-1.9499618999238
  20
-7.927965455930913
  10
-1.5499618999238
  20
-7.927965455930913
  10
-1.5499618999238
  20
-8.727965455930914
  0
HATCH
  5
2092
  100
AcDbEntity
  8
Top-Solder-Mask-Layer
  100
AcDbHatch
  10
0
  20
0
  30
0
  210
0
  220
0
  230
1
  2
SOLID
  70
1
  71
0
  91
1
  92
7
  72
0
  73
1
  93
4
  10
-1.4500889001778003
  20
-8.727965455930914
  10
-1.4500889001778003
  20
-7.927965455930913
  10
-1.0500889001778004
  20
-7.927965455930913
  10
-1.0500889001778004
  20
-8.727965455930914
  97
1
  330
2091
  75
0
  76
1
  47
0.4128176842155181
  98
1
  10
34.90568961886538
  20
22.81183545379326
  450
0
  451
0
  460
0
  461
0
  452
1
  462
1
  453
2
  463
0
  63
5
  421
255
  463
1
  63
7
  421
16777215
  470
LINEAR
  1001
ACAD
  1010
0
  1020
0
  1030
0
  0
LWPOLYLINE
  5
2091
  100
AcDbEntity
  8
Top-Solder-Mask-Layer
  100
AcDbPolyline
  90
4
  70
1
  43
0
  10
-1.4500889001778003
  20
-8.727965455930914
  10
-1.4500889001778003
  20
-7.927965455930913
  10
-1.0500889001778004
  20
-7.927965455930913
  10
-1.0500889001778004
  20
-8.727965455930914
  0
HATCH
  5
2098
  100
AcDbEntity
  8
Top-Solder-Mask-Layer
  100
AcDbHatch
  10
0
  20
0
  30
0
  210
0
  220
0
  230
1
  2
SOLID
  70
1
  71
0
  91
1
  92
7
  72
0
  73
1
  93
4
  10
-0.9499618999237999
  20
-8.727965455930914
  10
-0.9499618999237999
  20
-7.927965455930913
  10
-0.5499618999238
  20
-7.927965455930913
  10
-0.5499618999238
  20
-8.727965455930914
  97
1
  330
2097
  75
0
  76
1
  47
0.4128176842155181
  98
1
  10
34.90568961886538
  20
22.81183545379326
  450
0
  451
0
  460
0
  461
0
  452
1
  462
1
  453
2
  463
0
  63
5
  421
255
  463
1
  63
7
  421
16777215
  470
LINEAR
  1001
ACAD
  1010
0
  1020
0
  1030
0
  0
LWPOLYLINE
  5
2097
  100
AcDbEntity
  8
Top-Solder-Mask-Layer
  100
AcDbPolyline
  90
4
  70
1
  43
0
  10
-0.9499618999237999
  20
-8.727965455930914
  10
-0.9499618999237999
  20
-7.927965455930913
  10
-0.5499618999238
  20
-7.927965455930913
  10
-0.5499618999238
  20
-8.727965455930914
  0
HATCH
  5
2104
  100
AcDbEntity
  8
Top-Solder-Mask-Layer
  100
AcDbHatch
  10
0
  20
0
  30
0
  210
0
  220
0
  230
1
  2
SOLID
  70
1
  71
0
  91
1
  92
7
  72
0
  73
1
  93
4
  10
-0.4500889001778004
  20
-8.727965455930914
  10
-0.4500889001778004
  20
-7.927965455930913
  10
-0.05008890017780037
  20
-7.927965455930913
  10
-0.05008890017780037
  20
-8.727965455930914
  97
1
  330
2103
  75
0
  76
1
  47
0.4128176842155181
  98
1
  10
34.90568961886538
  20
22.81183545379326
  450
0
  451
0
  460
0
  461
0
  452
1
  462
1
  453
2
  463
0
  63
5
  421
255
  463
1
  63
7
  421
16777215
  470
LINEAR
  1001
ACAD
  1010
0
  1020
0
  1030
0
  0
LWPOLYLINE
  5
2103
  100
AcDbEntity
  8
Top-Solder-Mask-Layer
  100
AcDbPolyline
  90
4
  70
1
  43
0
  10
-0.4500889001778004
  20
-8.727965455930914
  10
-0.4500889001778004
  20
-7.927965455930913
  10
-0.05008890017780037
  20
-7.927965455930913
  10
-0.05008890017780037
  20
-8.727965455930914
  0
HATCH
  5
2110
  100
AcDbEntity
  8
Top-Solder-Mask-Layer
  100
AcDbHatch
  10
0
  20
0
  30
0
  210
0
  220
0
  230
1
  2
SOLID
  70
1
  71
0
  91
1
  92
7
  72
0
  73
1
  93
4
  10
0.050038100076200145
  20
-8.727965455930914
  10
0.050038100076200145
  20
-7.927965455930913
  10
0.45003810007620015
  20
-7.927965455930913
  10
0.45003810007620015
  20
-8.727965455930914
  97
1
  330
2109
  75
0
  76
1
  47
0.4128176842155181
  98
1
  10
34.90568961886538
  20
22.81183545379326
  450
0
  451
0
  460
0
  461
0
  452
1
  462
1
  453
2
  463
0
  63
5
  421
255
  463
1
  63
7
  421
16777215
  470
LINEAR
  1001
ACAD
  1010
0
  1020
0
  1030
0
  0
LWPOLYLINE
  5
2109
  100
AcDbEntity
  8
Top-Solder-Mask-Layer
  100
AcDbPolyline
  90
4
  70
1
  43
0
  10
0.050038100076200145
  20
-8.727965455930914
  10
0.050038100076200145
  20
-7.927965455930913
  10
0.45003810007620015
  20
-7.927965455930913
  10
0.45003810007620015
  20
-8.727965455930914
  0
HATCH
  5
2116
  100
AcDbEntity
  8
Top-Solder-Mask-Layer
  100
AcDbHatch
  10
0
  20
0
  30
0
  210
0
  220
0
  230
1
  2
SOLID
  70
1
  71
0
  91
1
  92
7
  72
0
  73
1
  93
4
  10
0.5499110998221998
  20
-8.727965455930914
  10
0.5499110998221998
  20
-7.927965455930913
  10
0.9499110998221997
  20
-7.927965455930913
  10
0.9499110998221997
  20
-8.727965455930914
  97
1
  330
2115
  75
0
  76
1
  47
0.4128176842155181
  98
1
  10
34.90568961886538
  20
22.81183545379326
  450
0
  451
0
  460
0
  461
0
  452
1
  462
1
  453
2
  463
0
  63
5
  421
255
  463
1
  63
7
  421
16777215
  470
LINEAR
  1001
ACAD
  1010
0
  1020
0
  1030
0
  0
LWPOLYLINE
  5
2115
  100
AcDbEntity
  8
Top-Solder-Mask-Layer
  100
AcDbPolyline
  90
4
  70
1
  43
0
  10
0.5499110998221998
  20
-8.727965455930914
  10
0.5499110998221998
  20
-7.927965455930913
  10
0.9499110998221997
  20
-7.927965455930913
  10
0.9499110998221997
  20
-8.727965455930914
  0
HATCH
  5
2122
  100
AcDbEntity
  8
Top-Solder-Mask-Layer
  100
AcDbHatch
  10
0
  20
0
  30
0
  210
0
  220
0
  230
1
  2
SOLID
  70
1
  71
0
  91
1
  92
7
  72
0
  73
1
  93
4
  10
1.0500381000762005
  20
-8.727965455930914
  10
1.0500381000762005
  20
-7.927965455930913
  10
1.4500381000762004
  20
-7.927965455930913
  10
1.4500381000762004
  20
-8.727965455930914
  97
1
  330
2121
  75
0
  76
1
  47
0.4128176842155181
  98
1
  10
34.90568961886538
  20
22.81183545379326
  450
0
  451
0
  460
0
  461
0
  452
1
  462
1
  453
2
  463
0
  63
5
  421
255
  463
1
  63
7
  421
16777215
  470
LINEAR
  1001
ACAD
  1010
0
  1020
0
  1030
0
  0
LWPOLYLINE
  5
2121
  100
AcDbEntity
  8
Top-Solder-Mask-Layer
  100
AcDbPolyline
  90
4
  70
1
  43
0
  10
1.0500381000762005
  20
-8.727965455930914
  10
1.0500381000762005
  20
-7.927965455930913
  10
1.4500381000762004
  20
-7.927965455930913
  10
1.4500381000762004
  20
-8.727965455930914
  0
HATCH
  5
2128
  100
AcDbEntity
  8
Top-Solder-Mask-Layer
  100
AcDbHatch
  10
0
  20
0
  30
0
  210
0
  220
0
  230
1
  2
SOLID
  70
1
  71
0
  91
1
  92
7
  72
0
  73
1
  93
4
  10
1.5499110998221999
  20
-8.727965455930914
  10
1.5499110998221999
  20
-7.927965455930913
  10
1.9499110998222
  20
-7.927965455930913
  10
1.9499110998222
  20
-8.727965455930914
  97
1
  330
2127
  75
0
  76
1
  47
0.4128176842155181
  98
1
  10
34.90568961886538
  20
22.81183545379326
  450
0
  451
0
  460
0
  461
0
  452
1
  462
1
  453
2
  463
0
  63
5
  421
255
  463
1
  63
7
  421
16777215
  470
LINEAR
  1001
ACAD
  1010
0
  1020
0
  1030
0
  0
LWPOLYLINE
  5
2127
  100
AcDbEntity
  8
Top-Solder-Mask-Layer
  100
AcDbPolyline
  90
4
  70
1
  43
0
  10
1.5499110998221999
  20
-8.727965455930914
  10
1.5499110998221999
  20
-7.927965455930913
  10
1.9499110998222
  20
-7.927965455930913
  10
1.9499110998222
  20
-8.727965455930914
  0
HATCH
  5
2134
  100
AcDbEntity
  8
Top-Solder-Mask-Layer
  100
AcDbHatch
  10
0
  20
0
  30
0
  210
0
  220
0
  230
1
  2
SOLID
  70
1
  71
0
  91
1
  92
7
  72
0
  73
1
  93
4
  10
2.0500381000762005
  20
-8.727965455930914
  10
2.0500381000762005
  20
-7.927965455930913
  10
2.4500381000762004
  20
-7.927965455930913
  10
2.4500381000762004
  20
-8.727965455930914
  97
1
  330
2133
  75
0
  76
1
  47
0.4128176842155181
  98
1
  10
34.90568961886538
  20
22.81183545379326
  450
0
  451
0
  460
0
  461
0
  452
1
  462
1
  453
2
  463
0
  63
5
  421
255
  463
1
  63
7
  421
16777215
  470
LINEAR
  1001
ACAD
  1010
0
  1020
0
  1030
0
  0
LWPOLYLINE
  5
2133
  100
AcDbEntity
  8
Top-Solder-Mask-Layer
  100
AcDbPolyline
  90
4
  70
1
  43
0
  10
2.0500381000762005
  20
-8.727965455930914
  10
2.0500381000762005
  20
-7.927965455930913
  10
2.4500381000762004
  20
-7.927965455930913
  10
2.4500381000762004
  20
-8.727965455930914
  0
HATCH
  5
2140
  100
AcDbEntity
  8
Top-Solder-Mask-Layer
  100
AcDbHatch
  10
0
  20
0
  30
0
  210
0
  220
0
  230
1
  2
SOLID
  70
1
  71
0
  91
1
  92
7
  72
0
  73
1
  93
4
  10
2.5499110998222
  20
-8.727965455930914
  10
2.5499110998222
  20
-7.927965455930913
  10
2.9499110998222
  20
-7.927965455930913
  10
2.9499110998222
  20
-8.727965455930914
  97
1
  330
2139
  75
0
  76
1
  47
0.4128176842155181
  98
1
  10
34.90568961886538
  20
22.81183545379326
  450
0
  451
0
  460
0
  461
0
  452
1
  462
1
  453
2
  463
0
  63
5
  421
255
  463
1
  63
7
  421
16777215
  470
LINEAR
  1001
ACAD
  1010
0
  1020
0
  1030
0
  0
LWPOLYLINE
  5
2139
  100
AcDbEntity
  8
Top-Solder-Mask-Layer
  100
AcDbPolyline
  90
4
  70
1
  43
0
  10
2.5499110998222
  20
-8.727965455930914
  10
2.5499110998222
  20
-7.927965455930913
  10
2.9499110998222
  20
-7.927965455930913
  10
2.9499110998222
  20
-8.727965455930914
  0
HATCH
  5
2146
  100
AcDbEntity
  8
Top-Solder-Mask-Layer
  100
AcDbHatch
  10
0
  20
0
  30
0
  210
0
  220
0
  230
1
  2
SOLID
  70
1
  71
0
  91
1
  92
7
  72
0
  73
1
  93
4
  10
3.6749428498857006
  20
-11.925666751333504
  10
3.6749428498857006
  20
-10.025666751333503
  10
5.5749428498857005
  20
-10.025666751333503
  10
5.5749428498857005
  20
-11.925666751333504
  97
1
  330
2145
  75
0
  76
1
  47
0.4128176842155181
  98
1
  10
34.90568961886538
  20
22.81183545379326
  450
0
  451
0
  460
0
  461
0
  452
1
  462
1
  453
2
  463
0
  63
5
  421
255
  463
1
  63
7
  421
16777215
  470
LINEAR
  1001
ACAD
  1010
0
  1020
0
  1030
0
  0
LWPOLYLINE
  5
2145
  100
AcDbEntity
  8
Top-Solder-Mask-Layer
  100
AcDbPolyline
  90
4
  70
1
  43
0
  10
3.6749428498857006
  20
-11.925666751333504
  10
3.6749428498857006
  20
-10.025666751333503
  10
5.5749428498857005
  20
-10.025666751333503
  10
5.5749428498857005
  20
-11.925666751333504
  0
HATCH
  5
2152
  100
AcDbEntity
  8
Top-Solder-Mask-Layer
  100
AcDbHatch
  10
0
  20
0
  30
0
  210
0
  220
0
  230
1
  2
SOLID
  70
1
  71
0
  91
1
  92
7
  72
0
  73
1
  93
4
  10
-3.6749936499873006
  20
-10.025920751841506
  10
-3.6749936499873015
  20
-11.925920751841506
  10
-5.574993649987301
  20
-11.925920751841506
  10
-5.574993649987301
  20
-10.025920751841506
  97
1
  330
2151
  75
0
  76
1
  47
0.4128176842155181
  98
1
  10
34.90568961886538
  20
22.81183545379326
  450
0
  451
0
  460
0
  461
0
  452
1
  462
1
  453
2
  463
0
  63
5
  421
255
  463
1
  63
7
  421
16777215
  470
LINEAR
  1001
ACAD
  1010
0
  1020
0
  1030
0
  0
LWPOLYLINE
  5
2151
  100
AcDbEntity
  8
Top-Solder-Mask-Layer
  100
AcDbPolyline
  90
4
  70
1
  43
0
  10
-3.6749936499873006
  20
-10.025920751841506
  10
-3.6749936499873015
  20
-11.925920751841506
  10
-5.574993649987301
  20
-11.925920751841506
  10
-5.574993649987301
  20
-10.025920751841506
  0
HATCH
  5
2158
  100
AcDbEntity
  8
Top-Solder-Mask-Layer
  100
AcDbHatch
  10
0
  20
0
  30
0
  210
0
  220
0
  230
1
  2
SOLID
  70
1
  71
0
  91
1
  92
7
  72
0
  73
1
  93
4
  10
-3.755319451675687
  20
4.808051259742985
  10
-3.224962424963532
  20
4.27769423303083
  10
-3.8613764885795887
  20
3.641280169414774
  10
-4.391733515291744
  20
4.1716371961269285
  97
1
  330
2157
  75
0
  76
1
  47
0.4128176842155181
  98
1
  10
34.90568961886538
  20
22.81183545379326
  450
0
  451
0
  460
0
  461
0
  452
1
  462
1
  453
2
  463
0
  63
5
  421
255
  463
1
  63
7
  421
16777215
  470
LINEAR
  1001
ACAD
  1010
0
  1020
0
  1030
0
  0
LWPOLYLINE
  5
2157
  100
AcDbEntity
  8
Top-Solder-Mask-Layer
  100
AcDbPolyline
  90
4
  70
1
  43
0
  10
-3.755319451675687
  20
4.808051259742985
  10
-3.224962424963532
  20
4.27769423303083
  10
-3.8613764885795887
  20
3.641280169414774
  10
-4.391733515291744
  20
4.1716371961269285
  0
HATCH
  5
2164
  100
AcDbEntity
  8
Top-Solder-Mask-Layer
  100
AcDbHatch
  10
0
  20
0
  30
0
  210
0
  220
0
  230
1
  2
SOLID
  70
1
  71
0
  91
1
  92
7
  72
0
  73
1
  93
4
  10
-4.573442177114006
  20
5.699715245690483
  10
-4.043085150401851
  20
5.169358218978328
  10
-4.679499214017906
  20
4.532944155362272
  10
-5.209856240730062
  20
5.063301182074427
  97
1
  330
2163
  75
0
  76
1
  47
0.4128176842155181
  98
1
  10
34.90568961886538
  20
22.81183545379326
  450
0
  451
0
  460
0
  461
0
  452
1
  462
1
  453
2
  463
0
  63
5
  421
255
  463
1
  63
7
  421
16777215
  470
LINEAR
  1001
ACAD
  1010
0
  1020
0
  1030
0
  0
LWPOLYLINE
  5
2163
  100
AcDbEntity
  8
Top-Solder-Mask-Layer
  100
AcDbPolyline
  90
4
  70
1
  43
0
  10
-4.573442177114006
  20
5.699715245690483
  10
-4.043085150401851
  20
5.169358218978328
  10
-4.679499214017906
  20
4.532944155362272
  10
-5.209856240730062
  20
5.063301182074427
  0
HATCH
  5
2170
  100
AcDbEntity
  8
Top-Solder-Mask-Layer
  100
AcDbHatch
  10
0
  20
0
  30
0
  210
0
  220
0
  230
1
  2
SOLID
  70
1
  71
0
  91
1
  92
7
  72
0
  73
1
  93
4
  10
-5.713301182074428
  20
4.57824065782995
  10
-5.182944155362272
  20
4.047883631117794
  10
-5.819358218978328
  20
3.4114695675017384
  10
-6.349715245690484
  20
3.9418265942138935
  97
1
  330
2169
  75
0
  76
1
  47
0.4128176842155181
  98
1
  10
34.90568961886538
  20
22.81183545379326
  450
0
  451
0
  460
0
  461
0
  452
1
  462
1
  453
2
  463
0
  63
5
  421
255
  463
1
  63
7
  421
16777215
  470
LINEAR
  1001
ACAD
  1010
0
  1020
0
  1030
0
  0
LWPOLYLINE
  5
2169
  100
AcDbEntity
  8
Top-Solder-Mask-Layer
  100
AcDbPolyline
  90
4
  70
1
  43
0
  10
-5.713301182074428
  20
4.57824065782995
  10
-5.182944155362272
  20
4.047883631117794
  10
-5.819358218978328
  20
3.4114695675017384
  10
-6.349715245690484
  20
3.9418265942138935
  0
HATCH
  5
2176
  100
AcDbEntity
  8
Top-Solder-Mask-Layer
  100
AcDbHatch
  10
0
  20
0
  30
0
  210
0
  220
0
  230
1
  2
SOLID
  70
1
  71
0
  91
1
  92
7
  72
0
  73
1
  93
4
  10
-4.821637196126928
  20
3.741733515291745
  10
-4.291280169414773
  20
3.2113764885795892
  10
-4.927694233030828
  20
2.5749624249635334
  10
-5.458051259742983
  20
3.1053194516756895
  97
1
  330
2175
  75
0
  76
1
  47
0.4128176842155181
  98
1
  10
34.90568961886538
  20
22.81183545379326
  450
0
  451
0
  460
0
  461
0
  452
1
  462
1
  453
2
  463
0
  63
5
  421
255
  463
1
  63
7
  421
16777215
  470
LINEAR
  1001
ACAD
  1010
0
  1020
0
  1030
0
  0
LWPOLYLINE
  5
2175
  100
AcDbEntity
  8
Top-Solder-Mask-Layer
  100
AcDbPolyline
  90
4
  70
1
  43
0
  10
-4.821637196126928
  20
3.741733515291745
  10
-4.291280169414773
  20
3.2113764885795892
  10
-4.927694233030828
  20
2.5749624249635334
  10
-5.458051259742983
  20
3.1053194516756895
  0
HATCH
  5
2182
  100
AcDbEntity
  8
Top-Solder-Mask-Layer
  100
AcDbHatch
  10
0
  20
0
  30
0
  210
0
  220
0
  230
1
  2
SOLID
  70
1
  71
0
  91
1
  92
7
  72
0
  73
1
  93
4
  10
5.277256238152941
  20
2.8102724615817087
  10
4.746899211440787
  20
2.2799154348695527
  10
4.11048514782473
  20
2.9163294984856085
  10
4.6408421745368855
  20
3.4466865251977645
  97
1
  330
2181
  75
0
  76
1
  47
0.4128176842155181
  98
1
  10
34.90568961886538
  20
22.81183545379326
  450
0
  451
0
  460
0
  461
0
  452
1
  462
1
  453
2
  463
0
  63
5
  421
255
  463
1
  63
7
  421
16777215
  470
LINEAR
  1001
ACAD
  1010
0
  1020
0
  1030
0
  0
LWPOLYLINE
  5
2181
  100
AcDbEntity
  8
Top-Solder-Mask-Layer
  100
AcDbPolyline
  90
4
  70
1
  43
0
  10
5.277256238152941
  20
2.8102724615817087
  10
4.746899211440787
  20
2.2799154348695527
  10
4.11048514782473
  20
2.9163294984856085
  10
4.6408421745368855
  20
3.4466865251977645
  0
HATCH
  5
2188
  100
AcDbEntity
  8
Top-Solder-Mask-Layer
  100
AcDbHatch
  10
0
  20
0
  30
0
  210
0
  220
0
  230
1
  2
SOLID
  70
1
  71
0
  91
1
  92
7
  72
0
  73
1
  93
4
  10
6.168920224100441
  20
3.6283951870200255
  10
5.638563197388285
  20
3.09803816030787
  10
5.002149133772229
  20
3.7344522239239257
  10
5.5325061604843855
  20
4.264809250636081
  97
1
  330
2187
  75
0
  76
1
  47
0.4128176842155181
  98
1
  10
34.90568961886538
  20
22.81183545379326
  450
0
  451
0
  460
0
  461
0
  452
1
  462
1
  453
2
  463
0
  63
5
  421
255
  463
1
  63
7
  421
16777215
  470
LINEAR
  1001
ACAD
  1010
0
  1020
0
  1030
0
  0
LWPOLYLINE
  5
2187
  100
AcDbEntity
  8
Top-Solder-Mask-Layer
  100
AcDbPolyline
  90
4
  70
1
  43
0
  10
6.168920224100441
  20
3.6283951870200255
  10
5.638563197388285
  20
3.09803816030787
  10
5.002149133772229
  20
3.7344522239239257
  10
5.5325061604843855
  20
4.264809250636081
  0
HATCH
  5
2194
  100
AcDbEntity
  8
Top-Solder-Mask-Layer
  100
AcDbHatch
  10
0
  20
0
  30
0
  210
0
  220
0
  230
1
  2
SOLID
  70
1
  71
0
  91
1
  92
7
  72
0
  73
1
  93
4
  10
5.047445636239906
  20
4.768254191980446
  10
4.517088609527751
  20
4.237897165268292
  10
3.880674545911694
  20
4.874311228884346
  10
4.411031572623849
  20
5.404668255596501
  97
1
  330
2193
  75
0
  76
1
  47
0.4128176842155181
  98
1
  10
34.90568961886538
  20
22.81183545379326
  450
0
  451
0
  460
0
  461
0
  452
1
  462
1
  453
2
  463
0
  63
5
  421
255
  463
1
  63
7
  421
16777215
  470
LINEAR
  1001
ACAD
  1010
0
  1020
0
  1030
0
  0
LWPOLYLINE
  5
2193
  100
AcDbEntity
  8
Top-Solder-Mask-Layer
  100
AcDbPolyline
  90
4
  70
1
  43
0
  10
5.047445636239906
  20
4.768254191980446
  10
4.517088609527751
  20
4.237897165268292
  10
3.880674545911694
  20
4.874311228884346
  10
4.411031572623849
  20
5.404668255596501
  0
HATCH
  5
2200
  100
AcDbEntity
  8
Top-Solder-Mask-Layer
  100
AcDbHatch
  10
0
  20
0
  30
0
  210
0
  220
0
  230
1
  2
SOLID
  70
1
  71
0
  91
1
  92
7
  72
0
  73
1
  93
4
  10
4.210938493701702
  20
3.8765902060329482
  10
3.680581466989547
  20
3.346233179320793
  10
3.0441674033734905
  20
3.98264724293685
  10
3.574524430085646
  20
4.513004269649005
  97
1
  330
2199
  75
0
  76
1
  47
0.4128176842155181
  98
1
  10
34.90568961886538
  20
22.81183545379326
  450
0
  451
0
  460
0
  461
0
  452
1
  462
1
  453
2
  463
0
  63
5
  421
255
  463
1
  63
7
  421
16777215
  470
LINEAR
  1001
ACAD
  1010
0
  1020
0
  1030
0
  0
LWPOLYLINE
  5
2199
  100
AcDbEntity
  8
Top-Solder-Mask-Layer
  100
AcDbPolyline
  90
4
  70
1
  43
0
  10
4.210938493701702
  20
3.8765902060329482
  10
3.680581466989547
  20
3.346233179320793
  10
3.0441674033734905
  20
3.98264724293685
  10
3.574524430085646
  20
4.513004269649005
  0
HATCH
  5
2206
  100
AcDbEntity
  8
Top-Solder-Mask-Layer
  100
AcDbHatch
  10
0
  20
0
  30
0
  210
0
  220
0
  230
1
  2
SOLID
  70
1
  71
0
  91
1
  92
7
  72
0
  73
1
  93
4
  10
4.005319451675689
  20
-3.5830474497353646
  10
3.4749624249635334
  20
-3.052690423023209
  10
4.111376488579589
  20
-2.4162763594071532
  10
4.641733515291745
  20
-2.9466333861193084
  97
1
  330
2205
  75
0
  76
1
  47
0.4128176842155181
  98
1
  10
34.90568961886538
  20
22.81183545379326
  450
0
  451
0
  460
0
  461
0
  452
1
  462
1
  453
2
  463
0
  63
5
  421
255
  463
1
  63
7
  421
16777215
  470
LINEAR
  1001
ACAD
  1010
0
  1020
0
  1030
0
  0
LWPOLYLINE
  5
2205
  100
AcDbEntity
  8
Top-Solder-Mask-Layer
  100
AcDbPolyline
  90
4
  70
1
  43
0
  10
4.005319451675689
  20
-3.5830474497353646
  10
3.4749624249635334
  20
-3.052690423023209
  10
4.111376488579589
  20
-2.4162763594071532
  10
4.641733515291745
  20
-2.9466333861193084
  0
HATCH
  5
2212
  100
AcDbEntity
  8
Top-Solder-Mask-Layer
  100
AcDbHatch
  10
0
  20
0
  30
0
  210
0
  220
0
  230
1
  2
SOLID
  70
1
  71
0
  91
1
  92
7
  72
0
  73
1
  93
4
  10
4.823442177114006
  20
-4.4747114356828614
  10
4.2930851504018515
  20
-3.9443544089707063
  10
4.929499214017907
  20
-3.3079403453546505
  10
5.459856240730062
  20
-3.838297372066806
  97
1
  330
2211
  75
0
  76
1
  47
0.4128176842155181
  98
1
  10
34.90568961886538
  20
22.81183545379326
  450
0
  451
0
  460
0
  461
0
  452
1
  462
1
  453
2
  463
0
  63
5
  421
255
  463
1
  63
7
  421
16777215
  470
LINEAR
  1001
ACAD
  1010
0
  1020
0
  1030
0
  0
LWPOLYLINE
  5
2211
  100
AcDbEntity
  8
Top-Solder-Mask-Layer
  100
AcDbPolyline
  90
4
  70
1
  43
0
  10
4.823442177114006
  20
-4.4747114356828614
  10
4.2930851504018515
  20
-3.9443544089707063
  10
4.929499214017907
  20
-3.3079403453546505
  10
5.459856240730062
  20
-3.838297372066806
  0
HATCH
  5
2218
  100
AcDbEntity
  8
Top-Solder-Mask-Layer
  100
AcDbHatch
  10
0
  20
0
  30
0
  210
0
  220
0
  230
1
  2
SOLID
  70
1
  71
0
  91
1
  92
7
  72
0
  73
1
  93
4
  10
5.963301182074428
  20
-3.3532368478223296
  10
5.432944155362272
  20
-2.822879821110174
  10
6.069358218978328
  20
-2.186465757494118
  10
6.599715245690484
  20
-2.7168227842062738
  97
1
  330
2217
  75
0
  76
1
  47
0.4128176842155181
  98
1
  10
34.90568961886538
  20
22.81183545379326
  450
0
  451
0
  460
0
  461
0
  452
1
  462
1
  453
2
  463
0
  63
5
  421
255
  463
1
  63
7
  421
16777215
  470
LINEAR
  1001
ACAD
  1010
0
  1020
0
  1030
0
  0
LWPOLYLINE
  5
2217
  100
AcDbEntity
  8
Top-Solder-Mask-Layer
  100
AcDbPolyline
  90
4
  70
1
  43
0
  10
5.963301182074428
  20
-3.3532368478223296
  10
5.432944155362272
  20
-2.822879821110174
  10
6.069358218978328
  20
-2.186465757494118
  10
6.599715245690484
  20
-2.7168227842062738
  0
HATCH
  5
2224
  100
AcDbEntity
  8
Top-Solder-Mask-Layer
  100
AcDbHatch
  10
0
  20
0
  30
0
  210
0
  220
0
  230
1
  2
SOLID
  70
1
  71
0
  91
1
  92
7
  72
0
  73
1
  93
4
  10
5.07163719612693
  20
-2.516729705284125
  10
4.541280169414775
  20
-1.9863726785719693
  10
5.177694233030831
  20
-1.3499586149559135
  10
5.708051259742986
  20
-1.8803156416680693
  97
1
  330
2223
  75
0
  76
1
  47
0.4128176842155181
  98
1
  10
34.90568961886538
  20
22.81183545379326
  450
0
  451
0
  460
0
  461
0
  452
1
  462
1
  453
2
  463
0
  63
5
  421
255
  463
1
  63
7
  421
16777215
  470
LINEAR
  1001
ACAD
  1010
0
  1020
0
  1030
0
  0
LWPOLYLINE
  5
2223
  100
AcDbEntity
  8
Top-Solder-Mask-Layer
  100
AcDbPolyline
  90
4
  70
1
  43
0
  10
5.07163719612693
  20
-2.516729705284125
  10
4.541280169414775
  20
-1.9863726785719693
  10
5.177694233030831
  20
-1.3499586149559135
  10
5.708051259742986
  20
-1.8803156416680693
  0
HATCH
  5
2230
  100
AcDbEntity
  8
Top-Solder-Mask-Layer
  100
AcDbHatch
  10
0
  20
0
  30
0
  210
0
  220
0
  230
1
  2
SOLID
  70
1
  71
0
  91
1
  92
7
  72
0
  73
1
  93
4
  10
-1.7008153416306837
  20
1.2542011684023369
  10
-1.7008153416306837
  20
1.8958064516129034
  10
-1.0335560071120145
  20
1.8958064516129034
  10
-1.0335560071120145
  20
1.2542011684023369
  97
1
  330
2229
  75
0
  76
1
  47
0.4128176842155181
  98
1
  10
34.90568961886538
  20
22.81183545379326
  450
0
  451
0
  460
0
  461
0
  452
1
  462
1
  453
2
  463
0
  63
5
  421
255
  463
1
  63
7
  421
16777215
  470
LINEAR
  1001
ACAD
  1010
0
  1020
0
  1030
0
  0
LWPOLYLINE
  5
2229
  100
AcDbEntity
  8
Top-Solder-Mask-Layer
  100
AcDbPolyline
  90
4
  70
1
  43
0
  10
-1.7008153416306837
  20
1.2542011684023369
  10
-1.7008153416306837
  20
1.8958064516129034
  10
-1.0335560071120145
  20
1.8958064516129034
  10
-1.0335560071120145
  20
1.2542011684023369
  0
HATCH
  5
2234
  100
AcDbEntity
  8
Top-Solder-Mask-Layer
  100
AcDbHatch
  10
0
  20
0
  30
0
  210
0
  220
0
  230
1
  2
SOLID
  70
1
  71
0
  91
1
  92
7
  72
0
  73
1
  93
4
  10
-2.566449072898146
  20
1.2542011684023369
  10
-2.566449072898146
  20
1.8958064516129034
  10
-1.8991897383794774
  20
1.8958064516129034
  10
-1.8991897383794774
  20
1.2542011684023369
  97
1
  330
2233
  75
0
  76
1
  47
0.4128176842155181
  98
1
  10
34.90568961886538
  20
22.81183545379326
  450
0
  451
0
  460
0
  461
0
  452
1
  462
1
  453
2
  463
0
  63
5
  421
255
  463
1
  63
7
  421
16777215
  470
LINEAR
  1001
ACAD
  1010
0
  1020
0
  1030
0
  0
LWPOLYLINE
  5
2233
  100
AcDbEntity
  8
Top-Solder-Mask-Layer
  100
AcDbPolyline
  90
4
  70
1
  43
0
  10
-2.566449072898146
  20
1.2542011684023369
  10
-2.566449072898146
  20
1.8958064516129034
  10
-1.8991897383794774
  20
1.8958064516129034
  10
-1.8991897383794774
  20
1.2542011684023369
  0
HATCH
  5
2238
  100
AcDbEntity
  8
Top-Solder-Mask-Layer
  100
AcDbHatch
  10
0
  20
0
  30
0
  210
0
  220
0
  230
1
  2
SOLID
  70
1
  71
0
  91
1
  92
7
  72
0
  73
1
  93
4
  10
-1.9635687071374142
  20
5.283566167132335
  10
-2.6051739903479816
  20
5.283566167132335
  10
-2.6051739903479816
  20
5.950825501651005
  10
-1.9635687071374142
  20
5.950825501651004
  97
1
  330
2237
  75
0
  76
1
  47
0.4128176842155181
  98
1
  10
34.90568961886538
  20
22.81183545379326
  450
0
  451
0
  460
0
  461
0
  452
1
  462
1
  453
2
  463
0
  63
5
  421
255
  463
1
  63
7
  421
16777215
  470
LINEAR
  1001
ACAD
  1010
0
  1020
0
  1030
0
  0
LWPOLYLINE
  5
2237
  100
AcDbEntity
  8
Top-Solder-Mask-Layer
  100
AcDbPolyline
  90
4
  70
1
  43
0
  10
-1.9635687071374142
  20
5.283566167132335
  10
-2.6051739903479816
  20
5.283566167132335
  10
-2.6051739903479816
  20
5.950825501651005
  10
-1.9635687071374142
  20
5.950825501651004
  0
HATCH
  5
2242
  100
AcDbEntity
  8
Top-Solder-Mask-Layer
  100
AcDbHatch
  10
0
  20
0
  30
0
  210
0
  220
0
  230
1
  2
SOLID
  70
1
  71
0
  91
1
  92
7
  72
0
  73
1
  93
4
  10
-1.9635687071374142
  20
4.417932435864873
  10
-2.6051739903479816
  20
4.417932435864873
  10
-2.6051739903479816
  20
5.085191770383541
  10
-1.9635687071374142
  20
5.085191770383541
  97
1
  330
2241
  75
0
  76
1
  47
0.4128176842155181
  98
1
  10
34.90568961886538
  20
22.81183545379326
  450
0
  451
0
  460
0
  461
0
  452
1
  462
1
  453
2
  463
0
  63
5
  421
255
  463
1
  63
7
  421
16777215
  470
LINEAR
  1001
ACAD
  1010
0
  1020
0
  1030
0
  0
LWPOLYLINE
  5
2241
  100
AcDbEntity
  8
Top-Solder-Mask-Layer
  100
AcDbPolyline
  90
4
  70
1
  43
0
  10
-1.9635687071374142
  20
4.417932435864873
  10
-2.6051739903479816
  20
4.417932435864873
  10
-2.6051739903479816
  20
5.085191770383541
  10
-1.9635687071374142
  20
5.085191770383541
  0
HATCH
  5
2246
  100
AcDbEntity
  8
Top-Solder-Mask-Layer
  100
AcDbHatch
  10
0
  20
0
  30
0
  210
0
  220
0
  230
1
  2
SOLID
  70
1
  71
0
  91
1
  92
7
  72
0
  73
1
  93
4
  10
-4.9958115316230645
  20
1.200815341630684
  10
-4.354206248412498
  20
1.200815341630683
  10
-4.354206248412498
  20
0.5335560071120133
  10
-4.9958115316230645
  20
0.5335560071120142
  97
1
  330
2245
  75
0
  76
1
  47
0.4128176842155181
  98
1
  10
34.90568961886538
  20
22.81183545379326
  450
0
  451
0
  460
0
  461
0
  452
1
  462
1
  453
2
  463
0
  63
5
  421
255
  463
1
  63
7
  421
16777215
  470
LINEAR
  1001
ACAD
  1010
0
  1020
0
  1030
0
  0
LWPOLYLINE
  5
2245
  100
AcDbEntity
  8
Top-Solder-Mask-Layer
  100
AcDbPolyline
  90
4
  70
1
  43
0
  10
-4.9958115316230645
  20
1.200815341630684
  10
-4.354206248412498
  20
1.200815341630683
  10
-4.354206248412498
  20
0.5335560071120133
  10
-4.9958115316230645
  20
0.5335560071120142
  0
HATCH
  5
2250
  100
AcDbEntity
  8
Top-Solder-Mask-Layer
  100
AcDbHatch
  10
0
  20
0
  30
0
  210
0
  220
0
  230
1
  2
SOLID
  70
1
  71
0
  91
1
  92
7
  72
0
  73
1
  93
4
  10
-4.995811531623064
  20
2.066449072898146
  10
-4.354206248412497
  20
2.066449072898146
  10
-4.354206248412497
  20
1.3991897383794762
  10
-4.995811531623064
  20
1.3991897383794762
  97
1
  330
2249
  75
0
  76
1
  47
0.4128176842155181
  98
1
  10
34.90568961886538
  20
22.81183545379326
  450
0
  451
0
  460
0
  461
0
  452
1
  462
1
  453
2
  463
0
  63
5
  421
255
  463
1
  63
7
  421
16777215
  470
LINEAR
  1001
ACAD
  1010
0
  1020
0
  1030
0
  0
LWPOLYLINE
  5
2249
  100
AcDbEntity
  8
Top-Solder-Mask-Layer
  100
AcDbPolyline
  90
4
  70
1
  43
0
  10
-4.995811531623064
  20
2.066449072898146
  10
-4.354206248412497
  20
2.066449072898146
  10
-4.354206248412497
  20
1.3991897383794762
  10
-4.995811531623064
  20
1.3991897383794762
  0
HATCH
  5
2254
  100
AcDbEntity
  8
Top-Solder-Mask-Layer
  100
AcDbHatch
  10
0
  20
0
  30
0
  210
0
  220
0
  230
1
  2
SOLID
  70
1
  71
0
  91
1
  92
7
  72
0
  73
1
  93
4
  10
5.220812801625603
  20
0.27418846837693683
  10
4.5792075184150365
  20
0.27418846837693683
  10
4.5792075184150365
  20
0.9414478028956066
  10
5.220812801625603
  20
0.9414478028956066
  97
1
  330
2253
  75
0
  76
1
  47
0.4128176842155181
  98
1
  10
34.90568961886538
  20
22.81183545379326
  450
0
  451
0
  460
0
  461
0
  452
1
  462
1
  453
2
  463
0
  63
5
  421
255
  463
1
  63
7
  421
16777215
  470
LINEAR
  1001
ACAD
  1010
0
  1020
0
  1030
0
  0
LWPOLYLINE
  5
2253
  100
AcDbEntity
  8
Top-Solder-Mask-Layer
  100
AcDbPolyline
  90
4
  70
1
  43
0
  10
5.220812801625603
  20
0.27418846837693683
  10
4.5792075184150365
  20
0.27418846837693683
  10
4.5792075184150365
  20
0.9414478028956066
  10
5.220812801625603
  20
0.9414478028956066
  0
HATCH
  5
2258
  100
AcDbEntity
  8
Top-Solder-Mask-Layer
  100
AcDbHatch
  10
0
  20
0
  30
0
  210
0
  220
0
  230
1
  2
SOLID
  70
1
  71
0
  91
1
  92
7
  72
0
  73
1
  93
4
  10
5.220812801625604
  20
-0.5914452628905261
  10
4.579207518415037
  20
-0.5914452628905261
  10
4.579207518415037
  20
0.07581407162814363
  10
5.220812801625604
  20
0.07581407162814363
  97
1
  330
2257
  75
0
  76
1
  47
0.4128176842155181
  98
1
  10
34.90568961886538
  20
22.81183545379326
  450
0
  451
0
  460
0
  461
0
  452
1
  462
1
  453
2
  463
0
  63
5
  421
255
  463
1
  63
7
  421
16777215
  470
LINEAR
  1001
ACAD
  1010
0
  1020
0
  1030
0
  0
LWPOLYLINE
  5
2257
  100
AcDbEntity
  8
Top-Solder-Mask-Layer
  100
AcDbPolyline
  90
4
  70
1
  43
0
  10
5.220812801625604
  20
-0.5914452628905261
  10
4.579207518415037
  20
-0.5914452628905261
  10
4.579207518415037
  20
0.07581407162814363
  10
5.220812801625604
  20
0.07581407162814363
  0
HATCH
  5
2262
  100
AcDbEntity
  8
Top-Solder-Mask-Layer
  100
AcDbHatch
  10
0
  20
0
  30
0
  210
0
  220
0
  230
1
  2
SOLID
  70
1
  71
0
  91
1
  92
7
  72
0
  73
1
  93
4
  10
2.120807721615444
  20
5.199197358394717
  10
1.4792024384048765
  20
5.199197358394717
  10
1.4792024384048765
  20
5.866456692913387
  10
2.120807721615444
  20
5.866456692913387
  97
1
  330
2261
  75
0
  76
1
  47
0.4128176842155181
  98
1
  10
34.90568961886538
  20
22.81183545379326
  450
0
  451
0
  460
0
  461
0
  452
1
  462
1
  453
2
  463
0
  63
5
  421
255
  463
1
  63
7
  421
16777215
  470
LINEAR
  1001
ACAD
  1010
0
  1020
0
  1030
0
  0
LWPOLYLINE
  5
2261
  100
AcDbEntity
  8
Top-Solder-Mask-Layer
  100
AcDbPolyline
  90
4
  70
1
  43
0
  10
2.120807721615444
  20
5.199197358394717
  10
1.4792024384048765
  20
5.199197358394717
  10
1.4792024384048765
  20
5.866456692913387
  10
2.120807721615444
  20
5.866456692913387
  0
HATCH
  5
2266
  100
AcDbEntity
  8
Top-Solder-Mask-Layer
  100
AcDbHatch
  10
0
  20
0
  30
0
  210
0
  220
0
  230
1
  2
SOLID
  70
1
  71
0
  91
1
  92
7
  72
0
  73
1
  93
4
  10
2.120807721615444
  20
4.333563627127254
  10
1.4792024384048765
  20
4.333563627127254
  10
1.4792024384048765
  20
5.000822961645924
  10
2.120807721615444
  20
5.000822961645924
  97
1
  330
2265
  75
0
  76
1
  47
0.4128176842155181
  98
1
  10
34.90568961886538
  20
22.81183545379326
  450
0
  451
0
  460
0
  461
0
  452
1
  462
1
  453
2
  463
0
  63
5
  421
255
  463
1
  63
7
  421
16777215
  470
LINEAR
  1001
ACAD
  1010
0
  1020
0
  1030
0
  0
LWPOLYLINE
  5
2265
  100
AcDbEntity
  8
Top-Solder-Mask-Layer
  100
AcDbPolyline
  90
4
  70
1
  43
0
  10
2.120807721615444
  20
4.333563627127254
  10
1.4792024384048765
  20
4.333563627127254
  10
1.4792024384048765
  20
5.000822961645924
  10
2.120807721615444
  20
5.000822961645924
  0
HATCH
  5
2270
  100
AcDbEntity
  8
Top-Solder-Mask-Layer
  100
AcDbHatch
  10
0
  20
0
  30
0
  210
0
  220
0
  230
1
  2
SOLID
  70
1
  71
0
  91
1
  92
7
  72
0
  73
1
  93
4
  10
1.2508153416306833
  20
-2.9792049784099572
  10
1.2508153416306833
  20
-3.6208102616205236
  10
0.5835560071120145
  20
-3.6208102616205236
  10
0.5835560071120145
  20
-2.9792049784099572
  97
1
  330
2269
  75
0
  76
1
  47
0.4128176842155181
  98
1
  10
34.90568961886538
  20
22.81183545379326
  450
0
  451
0
  460
0
  461
0
  452
1
  462
1
  453
2
  463
0
  63
5
  421
255
  463
1
  63
7
  421
16777215
  470
LINEAR
  1001
ACAD
  1010
0
  1020
0
  1030
0
  0
LWPOLYLINE
  5
2269
  100
AcDbEntity
  8
Top-Solder-Mask-Layer
  100
AcDbPolyline
  90
4
  70
1
  43
0
  10
1.2508153416306833
  20
-2.9792049784099572
  10
1.2508153416306833
  20
-3.6208102616205236
  10
0.5835560071120145
  20
-3.6208102616205236
  10
0.5835560071120145
  20
-2.9792049784099572
  0
HATCH
  5
2274
  100
AcDbEntity
  8
Top-Solder-Mask-Layer
  100
AcDbHatch
  10
0
  20
0
  30
0
  210
0
  220
0
  230
1
  2
SOLID
  70
1
  71
0
  91
1
  92
7
  72
0
  73
1
  93
4
  10
2.116449072898146
  20
-2.9792049784099572
  10
2.116449072898146
  20
-3.6208102616205236
  10
1.449189738379477
  20
-3.620810261620523
  10
1.449189738379477
  20
-2.979204978409957
  97
1
  330
2273
  75
0
  76
1
  47
0.4128176842155181
  98
1
  10
34.90568961886538
  20
22.81183545379326
  450
0
  451
0
  460
0
  461
0
  452
1
  462
1
  453
2
  463
0
  63
5
  421
255
  463
1
  63
7
  421
16777215
  470
LINEAR
  1001
ACAD
  1010
0
  1020
0
  1030
0
  0
LWPOLYLINE
  5
2273
  100
AcDbEntity
  8
Top-Solder-Mask-Layer
  100
AcDbPolyline
  90
4
  70
1
  43
0
  10
2.116449072898146
  20
-2.9792049784099572
  10
2.116449072898146
  20
-3.6208102616205236
  10
1.449189738379477
  20
-3.620810261620523
  10
1.449189738379477
  20
-2.979204978409957
  0
HATCH
  5
2422
  100
AcDbEntity
  8
Top-Solder-Mask-Layer
  100
AcDbHatch
  10
0
  20
0
  30
0
  210
0
  220
0
  230
1
  2
SOLID
  70
1
  71
0
  91
1
  92
7
  72
0
  73
1
  93
4
  10
-1.699197358394717
  20
-2.624191008382017
  10
-1.699197358394717
  20
-3.2758039116078232
  10
-2.150810261620524
  20
-3.275803911607823
  10
-2.1508102616205234
  20
-2.624191008382016
  97
1
  330
2421
  75
0
  76
1
  47
0.4128176842155181
  98
1
  10
34.90568961886538
  20
22.81183545379326
  450
0
  451
0
  460
0
  461
0
  452
1
  462
1
  453
2
  463
0
  63
5
  421
255
  463
1
  63
7
  421
16777215
  470
LINEAR
  1001
ACAD
  1010
0
  1020
0
  1030
0
  0
LWPOLYLINE
  5
2421
  100
AcDbEntity
  8
Top-Solder-Mask-Layer
  100
AcDbPolyline
  90
4
  70
1
  43
0
  10
-1.699197358394717
  20
-2.624191008382017
  10
-1.699197358394717
  20
-3.2758039116078232
  10
-2.150810261620524
  20
-3.275803911607823
  10
-2.1508102616205234
  20
-2.624191008382016
  0
HATCH
  5
2428
  100
AcDbEntity
  8
Top-Solder-Mask-Layer
  100
AcDbHatch
  10
0
  20
0
  30
0
  210
0
  220
0
  230
1
  2
SOLID
  70
1
  71
0
  91
1
  92
7
  72
0
  73
1
  93
4
  10
-1.049210058420117
  20
-2.6241910083820175
  10
-1.0492100584201174
  20
-3.2758039116078237
  10
-1.5008229616459239
  20
-3.2758039116078237
  10
-1.5008229616459237
  20
-2.6241910083820175
  97
1
  330
2427
  75
0
  76
1
  47
0.4128176842155181
  98
1
  10
34.90568961886538
  20
22.81183545379326
  450
0
  451
0
  460
0
  461
0
  452
1
  462
1
  453
2
  463
0
  63
5
  421
255
  463
1
  63
7
  421
16777215
  470
LINEAR
  1001
ACAD
  1010
0
  1020
0
  1030
0
  0
LWPOLYLINE
  5
2427
  100
AcDbEntity
  8
Top-Solder-Mask-Layer
  100
AcDbPolyline
  90
4
  70
1
  43
0
  10
-1.049210058420117
  20
-2.6241910083820175
  10
-1.0492100584201174
  20
-3.2758039116078237
  10
-1.5008229616459239
  20
-3.2758039116078237
  10
-1.5008229616459237
  20
-2.6241910083820175
  0
HATCH
  5
2434
  100
AcDbEntity
  8
Top-Solder-Mask-Layer
  100
AcDbHatch
  10
0
  20
0
  30
0
  210
0
  220
0
  230
1
  2
SOLID
  70
1
  71
0
  91
1
  92
7
  72
0
  73
1
  93
4
  10
-4.225821691643384
  20
-0.4208026416052833
  10
-4.225821691643384
  20
0.2208026416052833
  10
-3.558562357124715
  20
0.2208026416052833
  10
-3.558562357124715
  20
-0.4208026416052833
  97
1
  330
2433
  75
0
  76
1
  47
0.4128176842155181
  98
1
  10
34.90568961886538
  20
22.81183545379326
  450
0
  451
0
  460
0
  461
0
  452
1
  462
1
  453
2
  463
0
  63
5
  421
255
  463
1
  63
7
  421
16777215
  470
LINEAR
  1001
ACAD
  1010
0
  1020
0
  1030
0
  0
LWPOLYLINE
  5
2433
  100
AcDbEntity
  8
Top-Solder-Mask-Layer
  100
AcDbPolyline
  90
4
  70
1
  43
0
  10
-4.225821691643384
  20
-0.4208026416052833
  10
-4.225821691643384
  20
0.2208026416052833
  10
-3.558562357124715
  20
0.2208026416052833
  10
-3.558562357124715
  20
-0.4208026416052833
  0
HATCH
  5
2438
  100
AcDbEntity
  8
Top-Solder-Mask-Layer
  100
AcDbHatch
  10
0
  20
0
  30
0
  210
0
  220
0
  230
1
  2
SOLID
  70
1
  71
0
  91
1
  92
7
  72
0
  73
1
  93
4
  10
-5.0914554229108475
  20
-0.4208026416052833
  10
-5.0914554229108475
  20
0.2208026416052833
  10
-4.424196088392177
  20
0.2208026416052833
  10
-4.424196088392177
  20
-0.4208026416052833
  97
1
  330
2437
  75
0
  76
1
  47
0.4128176842155181
  98
1
  10
34.90568961886538
  20
22.81183545379326
  450
0
  451
0
  460
0
  461
0
  452
1
  462
1
  453
2
  463
0
  63
5
  421
255
  463
1
  63
7
  421
16777215
  470
LINEAR
  1001
ACAD
  1010
0
  1020
0
  1030
0
  0
LWPOLYLINE
  5
2437
  100
AcDbEntity
  8
Top-Solder-Mask-Layer
  100
AcDbPolyline
  90
4
  70
1
  43
0
  10
-5.0914554229108475
  20
-0.4208026416052833
  10
-5.0914554229108475
  20
0.2208026416052833
  10
-4.424196088392177
  20
0.2208026416052833
  10
-4.424196088392177
  20
-0.4208026416052833
  0
HATCH
  5
2442
  100
AcDbEntity
  8
Top-Solder-Mask-Layer
  100
AcDbHatch
  10
0
  20
0
  30
0
  210
0
  220
0
  230
1
  2
SOLID
  70
1
  71
0
  91
1
  92
7
  72
0
  73
1
  93
4
  10
-5.658051259742985
  20
-2.4553169116706095
  10
-5.127694233030829
  20
-1.9249598849584542
  10
-4.4912801694147735
  20
-2.5613739485745097
  10
-5.021637196126929
  20
-3.0917309752866653
  97
1
  330
2441
  75
0
  76
1
  47
0.4128176842155181
  98
1
  10
34.90568961886538
  20
22.81183545379326
  450
0
  451
0
  460
0
  461
0
  452
1
  462
1
  453
2
  463
0
  63
5
  421
255
  463
1
  63
7
  421
16777215
  470
LINEAR
  1001
ACAD
  1010
0
  1020
0
  1030
0
  0
LWPOLYLINE
  5
2441
  100
AcDbEntity
  8
Top-Solder-Mask-Layer
  100
AcDbPolyline
  90
4
  70
1
  43
0
  10
-5.658051259742985
  20
-2.4553169116706095
  10
-5.127694233030829
  20
-1.9249598849584542
  10
-4.4912801694147735
  20
-2.5613739485745097
  10
-5.021637196126929
  20
-3.0917309752866653
  0
HATCH
  5
2448
  100
AcDbEntity
  8
Top-Solder-Mask-Layer
  100
AcDbHatch
  10
0
  20
0
  30
0
  210
0
  220
0
  230
1
  2
SOLID
  70
1
  71
0
  91
1
  92
7
  72
0
  73
1
  93
4
  10
-6.549715245690483
  20
-3.2734396371089267
  10
-6.0193582189783275
  20
-2.743082610396771
  10
-5.382944155362271
  20
-3.379496674012827
  10
-5.913301182074426
  20
-3.909853700724982
  97
1
  330
2447
  75
0
  76
1
  47
0.4128176842155181
  98
1
  10
34.90568961886538
  20
22.81183545379326
  450
0
  451
0
  460
0
  461
0
  452
1
  462
1
  453
2
  463
0
  63
5
  421
255
  463
1
  63
7
  421
16777215
  470
LINEAR
  1001
ACAD
  1010
0
  1020
0
  1030
0
  0
LWPOLYLINE
  5
2447
  100
AcDbEntity
  8
Top-Solder-Mask-Layer
  100
AcDbPolyline
  90
4
  70
1
  43
0
  10
-6.549715245690483
  20
-3.2734396371089267
  10
-6.0193582189783275
  20
-2.743082610396771
  10
-5.382944155362271
  20
-3.379496674012827
  10
-5.913301182074426
  20
-3.909853700724982
  0
HATCH
  5
2454
  100
AcDbEntity
  8
Top-Solder-Mask-Layer
  100
AcDbHatch
  10
0
  20
0
  30
0
  210
0
  220
0
  230
1
  2
SOLID
  70
1
  71
0
  91
1
  92
7
  72
0
  73
1
  93
4
  10
-5.428240657829949
  20
-4.413298642069348
  10
-4.897883631117794
  20
-3.8829416153571925
  10
-4.261469567501738
  20
-4.519355678973248
  10
-4.791826594213894
  20
-5.049712705685404
  97
1
  330
2453
  75
0
  76
1
  47
0.4128176842155181
  98
1
  10
34.90568961886538
  20
22.81183545379326
  450
0
  451
0
  460
0
  461
0
  452
1
  462
1
  453
2
  463
0
  63
5
  421
255
  463
1
  63
7
  421
16777215
  470
LINEAR
  1001
ACAD
  1010
0
  1020
0
  1030
0
  0
LWPOLYLINE
  5
2453
  100
AcDbEntity
  8
Top-Solder-Mask-Layer
  100
AcDbPolyline
  90
4
  70
1
  43
0
  10
-5.428240657829949
  20
-4.413298642069348
  10
-4.897883631117794
  20
-3.8829416153571925
  10
-4.261469567501738
  20
-4.519355678973248
  10
-4.791826594213894
  20
-5.049712705685404
  0
HATCH
  5
2460
  100
AcDbEntity
  8
Top-Solder-Mask-Layer
  100
AcDbHatch
  10
0
  20
0
  30
0
  210
0
  220
0
  230
1
  2
SOLID
  70
1
  71
0
  91
1
  92
7
  72
0
  73
1
  93
4
  10
-4.591733515291745
  20
-3.5216346561218494
  10
-4.061376488579589
  20
-2.991277629409694
  10
-3.424962424963533
  20
-3.6276916930257506
  10
-3.955319451675689
  20
-4.158048719737907
  97
1
  330
2459
  75
0
  76
1
  47
0.4128176842155181
  98
1
  10
34.90568961886538
  20
22.81183545379326
  450
0
  451
0
  460
0
  461
0
  452
1
  462
1
  453
2
  463
0
  63
5
  421
255
  463
1
  63
7
  421
16777215
  470
LINEAR
  1001
ACAD
  1010
0
  1020
0
  1030
0
  0
LWPOLYLINE
  5
2459
  100
AcDbEntity
  8
Top-Solder-Mask-Layer
  100
AcDbPolyline
  90
4
  70
1
  43
0
  10
-4.591733515291745
  20
-3.5216346561218494
  10
-4.061376488579589
  20
-2.991277629409694
  10
-3.424962424963533
  20
-3.6276916930257506
  10
-3.955319451675689
  20
-4.158048719737907
  0
HATCH
  5
2466
  100
AcDbEntity
  8
Top-Solder-Mask-Layer
  100
AcDbHatch
  10
0
  20
0
  30
0
  210
0
  220
0
  230
1
  2
SOLID
  70
1
  71
0
  91
1
  92
7
  72
0
  73
1
  93
4
  10
4.824196088392177
  20
-7.970817881635765
  10
4.824196088392177
  20
-7.3292125984251975
  10
5.491455422910846
  20
-7.3292125984251975
  10
5.491455422910846
  20
-7.970817881635765
  97
1
  330
2465
  75
0
  76
1
  47
0.4128176842155181
  98
1
  10
34.90568961886538
  20
22.81183545379326
  450
0
  451
0
  460
0
  461
0
  452
1
  462
1
  453
2
  463
0
  63
5
  421
255
  463
1
  63
7
  421
16777215
  470
LINEAR
  1001
ACAD
  1010
0
  1020
0
  1030
0
  0
LWPOLYLINE
  5
2465
  100
AcDbEntity
  8
Top-Solder-Mask-Layer
  100
AcDbPolyline
  90
4
  70
1
  43
0
  10
4.824196088392177
  20
-7.970817881635765
  10
4.824196088392177
  20
-7.3292125984251975
  10
5.491455422910846
  20
-7.3292125984251975
  10
5.491455422910846
  20
-7.970817881635765
  0
HATCH
  5
2470
  100
AcDbEntity
  8
Top-Solder-Mask-Layer
  100
AcDbHatch
  10
0
  20
0
  30
0
  210
0
  220
0
  230
1
  2
SOLID
  70
1
  71
0
  91
1
  92
7
  72
0
  73
1
  93
4
  10
3.958562357124714
  20
-7.970817881635765
  10
3.958562357124714
  20
-7.3292125984251975
  10
4.625821691643384
  20
-7.3292125984251975
  10
4.625821691643384
  20
-7.970817881635765
  97
1
  330
2469
  75
0
  76
1
  47
0.4128176842155181
  98
1
  10
34.90568961886538
  20
22.81183545379326
  450
0
  451
0
  460
0
  461
0
  452
1
  462
1
  453
2
  463
0
  63
5
  421
255
  463
1
  63
7
  421
16777215
  470
LINEAR
  1001
ACAD
  1010
0
  1020
0
  1030
0
  0
LWPOLYLINE
  5
2469
  100
AcDbEntity
  8
Top-Solder-Mask-Layer
  100
AcDbPolyline
  90
4
  70
1
  43
0
  10
3.958562357124714
  20
-7.970817881635765
  10
3.958562357124714
  20
-7.3292125984251975
  10
4.625821691643384
  20
-7.3292125984251975
  10
4.625821691643384
  20
-7.970817881635765
  0
HATCH
  5
2474
  100
AcDbEntity
  8
Top-Solder-Mask-Layer
  100
AcDbHatch
  10
0
  20
0
  30
0
  210
0
  220
0
  230
1
  2
SOLID
  70
1
  71
0
  91
1
  92
7
  72
0
  73
1
  93
4
  10
4.791381762763526
  20
-6.812999745999493
  10
4.791381762763526
  20
-6.171394462788926
  10
5.458641097282196
  20
-6.171394462788926
  10
5.458641097282196
  20
-6.812999745999493
  97
1
  330
2473
  75
0
  76
1
  47
0.4128176842155181
  98
1
  10
34.90568961886538
  20
22.81183545379326
  450
0
  451
0
  460
0
  461
0
  452
1
  462
1
  453
2
  463
0
  63
5
  421
255
  463
1
  63
7
  421
16777215
  470
LINEAR
  1001
ACAD
  1010
0
  1020
0
  1030
0
  0
LWPOLYLINE
  5
2473
  100
AcDbEntity
  8
Top-Solder-Mask-Layer
  100
AcDbPolyline
  90
4
  70
1
  43
0
  10
4.791381762763526
  20
-6.812999745999493
  10
4.791381762763526
  20
-6.171394462788926
  10
5.458641097282196
  20
-6.171394462788926
  10
5.458641097282196
  20
-6.812999745999493
  0
HATCH
  5
2478
  100
AcDbEntity
  8
Top-Solder-Mask-Layer
  100
AcDbHatch
  10
0
  20
0
  30
0
  210
0
  220
0
  230
1
  2
SOLID
  70
1
  71
0
  91
1
  92
7
  72
0
  73
1
  93
4
  10
3.9257480314960636
  20
-6.812999745999493
  10
3.9257480314960636
  20
-6.171394462788926
  10
4.593007366014732
  20
-6.171394462788926
  10
4.593007366014732
  20
-6.812999745999493
  97
1
  330
2477
  75
0
  76
1
  47
0.4128176842155181
  98
1
  10
34.90568961886538
  20
22.81183545379326
  450
0
  451
0
  460
0
  461
0
  452
1
  462
1
  453
2
  463
0
  63
5
  421
255
  463
1
  63
7
  421
16777215
  470
LINEAR
  1001
ACAD
  1010
0
  1020
0
  1030
0
  0
LWPOLYLINE
  5
2477
  100
AcDbEntity
  8
Top-Solder-Mask-Layer
  100
AcDbPolyline
  90
4
  70
1
  43
0
  10
3.9257480314960636
  20
-6.812999745999493
  10
3.9257480314960636
  20
-6.171394462788926
  10
4.593007366014732
  20
-6.171394462788926
  10
4.593007366014732
  20
-6.812999745999493
  0
HATCH
  5
2482
  100
AcDbEntity
  8
Top-Solder-Mask-Layer
  100
AcDbHatch
  10
0
  20
0
  30
0
  210
0
  220
0
  230
1
  2
SOLID
  70
1
  71
0
  91
1
  92
7
  72
0
  73
1
  93
4
  10
-1.6508153416306834
  20
0.07919735839471677
  10
-1.6508153416306834
  20
0.7208026416052833
  10
-0.9835560071120144
  20
0.7208026416052833
  10
-0.9835560071120144
  20
0.07919735839471677
  97
1
  330
2481
  75
0
  76
1
  47
0.4128176842155181
  98
1
  10
34.90568961886538
  20
22.81183545379326
  450
0
  451
0
  460
0
  461
0
  452
1
  462
1
  453
2
  463
0
  63
5
  421
255
  463
1
  63
7
  421
16777215
  470
LINEAR
  1001
ACAD
  1010
0
  1020
0
  1030
0
  0
LWPOLYLINE
  5
2481
  100
AcDbEntity
  8
Top-Solder-Mask-Layer
  100
AcDbPolyline
  90
4
  70
1
  43
0
  10
-1.6508153416306834
  20
0.07919735839471677
  10
-1.6508153416306834
  20
0.7208026416052833
  10
-0.9835560071120144
  20
0.7208026416052833
  10
-0.9835560071120144
  20
0.07919735839471677
  0
HATCH
  5
2486
  100
AcDbEntity
  8
Top-Solder-Mask-Layer
  100
AcDbHatch
  10
0
  20
0
  30
0
  210
0
  220
0
  230
1
  2
SOLID
  70
1
  71
0
  91
1
  92
7
  72
0
  73
1
  93
4
  10
-2.516449072898146
  20
0.07919735839471677
  10
-2.516449072898146
  20
0.7208026416052833
  10
-1.849189738379477
  20
0.7208026416052833
  10
-1.849189738379477
  20
0.07919735839471677
  97
1
  330
2485
  75
0
  76
1
  47
0.4128176842155181
  98
1
  10
34.90568961886538
  20
22.81183545379326
  450
0
  451
0
  460
0
  461
0
  452
1
  462
1
  453
2
  463
0
  63
5
  421
255
  463
1
  63
7
  421
16777215
  470
LINEAR
  1001
ACAD
  1010
0
  1020
0
  1030
0
  0
LWPOLYLINE
  5
2485
  100
AcDbEntity
  8
Top-Solder-Mask-Layer
  100
AcDbPolyline
  90
4
  70
1
  43
0
  10
-2.516449072898146
  20
0.07919735839471677
  10
-2.516449072898146
  20
0.7208026416052833
  10
-1.849189738379477
  20
0.7208026416052833
  10
-1.849189738379477
  20
0.07919735839471677
  0
HATCH
  5
2490
  100
AcDbEntity
  8
Top-Solder-Mask-Layer
  100
AcDbHatch
  10
0
  20
0
  30
0
  210
0
  220
0
  230
1
  2
SOLID
  70
1
  71
0
  91
1
  92
7
  72
0
  73
1
  93
4
  10
0.10081280162560327
  20
0.7258064516129032
  10
0.10081280162560316
  20
0.07419354838709691
  10
-0.3508001016002033
  20
0.07419354838709691
  10
-0.35080010160020325
  20
0.7258064516129034
  97
1
  330
2489
  75
0
  76
1
  47
0.4128176842155181
  98
1
  10
34.90568961886538
  20
22.81183545379326
  450
0
  451
0
  460
0
  461
0
  452
1
  462
1
  453
2
  463
0
  63
5
  421
255
  463
1
  63
7
  421
16777215
  470
LINEAR
  1001
ACAD
  1010
0
  1020
0
  1030
0
  0
LWPOLYLINE
  5
2489
  100
AcDbEntity
  8
Top-Solder-Mask-Layer
  100
AcDbPolyline
  90
4
  70
1
  43
0
  10
0.10081280162560327
  20
0.7258064516129032
  10
0.10081280162560316
  20
0.07419354838709691
  10
-0.3508001016002033
  20
0.07419354838709691
  10
-0.35080010160020325
  20
0.7258064516129034
  0
HATCH
  5
2496
  100
AcDbEntity
  8
Top-Solder-Mask-Layer
  100
AcDbHatch
  10
0
  20
0
  30
0
  210
0
  220
0
  230
1
  2
SOLID
  70
1
  71
0
  91
1
  92
7
  72
0
  73
1
  93
4
  10
0.7508001016002033
  20
0.7258064516129032
  10
0.7508001016002033
  20
0.07419354838709667
  10
0.2991871983743967
  20
0.0741935483870968
  10
0.29918719837439683
  20
0.7258064516129032
  97
1
  330
2495
  75
0
  76
1
  47
0.4128176842155181
  98
1
  10
34.90568961886538
  20
22.81183545379326
  450
0
  451
0
  460
0
  461
0
  452
1
  462
1
  453
2
  463
0
  63
5
  421
255
  463
1
  63
7
  421
16777215
  470
LINEAR
  1001
ACAD
  1010
0
  1020
0
  1030
0
  0
LWPOLYLINE
  5
2495
  100
AcDbEntity
  8
Top-Solder-Mask-Layer
  100
AcDbPolyline
  90
4
  70
1
  43
0
  10
0.7508001016002033
  20
0.7258064516129032
  10
0.7508001016002033
  20
0.07419354838709667
  10
0.2991871983743967
  20
0.0741935483870968
  10
0.29918719837439683
  20
0.7258064516129032
  0
HATCH
  5
2502
  100
AcDbEntity
  8
Top-Solder-Mask-Layer
  100
AcDbHatch
  10
0
  20
0
  30
0
  210
0
  220
0
  230
1
  2
SOLID
  70
1
  71
0
  91
1
  92
7
  72
0
  73
1
  93
4
  10
0.15568453136906285
  20
1.8708051816103635
  10
0.1556845313690628
  20
1.229199898399797
  10
-0.4459156718313437
  20
1.229199898399797
  10
-0.4459156718313436
  20
1.8708051816103635
  97
1
  330
2501
  75
0
  76
1
  47
0.4128176842155181
  98
1
  10
34.90568961886538
  20
22.81183545379326
  450
0
  451
0
  460
0
  461
0
  452
1
  462
1
  453
2
  463
0
  63
5
  421
255
  463
1
  63
7
  421
16777215
  470
LINEAR
  1001
ACAD
  1010
0
  1020
0
  1030
0
  0
LWPOLYLINE
  5
2501
  100
AcDbEntity
  8
Top-Solder-Mask-Layer
  100
AcDbPolyline
  90
4
  70
1
  43
0
  10
0.15568453136906285
  20
1.8708051816103635
  10
0.1556845313690628
  20
1.229199898399797
  10
-0.4459156718313437
  20
1.229199898399797
  10
-0.4459156718313436
  20
1.8708051816103635
  0
HATCH
  5
2508
  100
AcDbEntity
  8
Top-Solder-Mask-Layer
  100
AcDbHatch
  10
0
  20
0
  30
0
  210
0
  220
0
  230
1
  2
SOLID
  70
1
  71
0
  91
1
  92
7
  72
0
  73
1
  93
4
  10
0.9959182118364238
  20
1.8708051816103635
  10
0.9959182118364237
  20
1.229199898399797
  10
0.39431800863601724
  20
1.2291998983997972
  10
0.39431800863601735
  20
1.8708051816103637
  97
1
  330
2507
  75
0
  76
1
  47
0.4128176842155181
  98
1
  10
34.90568961886538
  20
22.81183545379326
  450
0
  451
0
  460
0
  461
0
  452
1
  462
1
  453
2
  463
0
  63
5
  421
255
  463
1
  63
7
  421
16777215
  470
LINEAR
  1001
ACAD
  1010
0
  1020
0
  1030
0
  0
LWPOLYLINE
  5
2507
  100
AcDbEntity
  8
Top-Solder-Mask-Layer
  100
AcDbPolyline
  90
4
  70
1
  43
0
  10
0.9959182118364238
  20
1.8708051816103635
  10
0.9959182118364237
  20
1.229199898399797
  10
0.39431800863601724
  20
1.2291998983997972
  10
0.39431800863601735
  20
1.8708051816103637
  0
HATCH
  5
1392
  100
AcDbEntity
  8
Top-Paste-Mask-Layer
  100
AcDbHatch
  10
0
  20
0
  30
0
  210
0
  220
0
  230
1
  2
SOLID
  70
1
  71
0
  91
1
  92
7
  72
0
  73
1
  93
8
  10
-1.6650012700025403
  20
1.3450063500127
  10
-1.6650012700025403
  20
1.8050012700025402
  10
-1.6249961899923802
  20
1.8450063500127003
  10
-1.1243611887223777
  20
1.8450063500127003
  10
-1.0843561087122178
  20
1.8050012700025402
  10
-1.0843561087122178
  20
1.3450063500127
  10
-1.1243611887223777
  20
1.30500127000254
  10
-1.6249961899923802
  20
1.30500127000254
  97
1
  330
1391
  75
0
  76
1
  47
0.4128176842155181
  98
1
  10
34.90568961886538
  20
22.81183545379326
  450
0
  451
0
  460
0
  461
0
  452
1
  462
1
  453
2
  463
0
  63
5
  421
255
  463
1
  63
7
  421
16777215
  470
LINEAR
  1001
ACAD
  1010
0
  1020
0
  1030
0
  0
LWPOLYLINE
  5
1391
  100
AcDbEntity
  8
Top-Paste-Mask-Layer
  100
AcDbPolyline
  90
8
  70
1
  43
0.005080010160020321
  10
-1.6650012700025403
  20
1.3450063500127
  10
-1.6650012700025403
  20
1.8050012700025402
  10
-1.6249961899923802
  20
1.8450063500127003
  10
-1.1243611887223777
  20
1.8450063500127003
  10
-1.0843561087122178
  20
1.8050012700025402
  10
-1.0843561087122178
  20
1.3450063500127
  10
-1.1243611887223777
  20
1.30500127000254
  10
-1.6249961899923802
  20
1.30500127000254
  0
HATCH
  5
1394
  100
AcDbEntity
  8
Top-Paste-Mask-Layer
  100
AcDbHatch
  10
0
  20
0
  30
0
  210
0
  220
0
  230
1
  2
SOLID
  70
1
  71
0
  91
1
  92
7
  72
0
  73
1
  93
8
  10
-1.9350038100076203
  20
1.3450063500127
  10
-1.9750088900177805
  20
1.30500127000254
  10
-2.475643891287783
  20
1.30500127000254
  10
-2.5156489712979426
  20
1.3450063500127
  10
-2.5156489712979426
  20
1.8050012700025402
  10
-2.475643891287783
  20
1.8450063500127003
  10
-1.9750088900177805
  20
1.8450063500127003
  10
-1.9350038100076203
  20
1.8050012700025402
  97
1
  330
1393
  75
0
  76
1
  47
0.4128176842155181
  98
1
  10
34.90568961886538
  20
22.81183545379326
  450
0
  451
0
  460
0
  461
0
  452
1
  462
1
  453
2
  463
0
  63
5
  421
255
  463
1
  63
7
  421
16777215
  470
LINEAR
  1001
ACAD
  1010
0
  1020
0
  1030
0
  0
LWPOLYLINE
  5
1393
  100
AcDbEntity
  8
Top-Paste-Mask-Layer
  100
AcDbPolyline
  90
8
  70
1
  43
0.005080010160020321
  10
-1.9350038100076203
  20
1.3450063500127
  10
-1.9750088900177805
  20
1.30500127000254
  10
-2.475643891287783
  20
1.30500127000254
  10
-2.5156489712979426
  20
1.3450063500127
  10
-2.5156489712979426
  20
1.8050012700025402
  10
-2.475643891287783
  20
1.8450063500127003
  10
-1.9750088900177805
  20
1.8450063500127003
  10
-1.9350038100076203
  20
1.8050012700025402
  0
HATCH
  5
1402
  100
AcDbEntity
  8
Top-Paste-Mask-Layer
  100
AcDbHatch
  10
0
  20
0
  30
0
  210
0
  220
0
  230
1
  2
SOLID
  70
1
  71
0
  91
1
  92
7
  72
0
  73
1
  93
8
  10
-2.0543738887477776
  20
5.319380238760479
  10
-2.514368808737618
  20
5.319380238760479
  10
-2.554373888747778
  20
5.359385318770639
  10
-2.554373888747778
  20
5.8600203200406416
  10
-2.514368808737618
  20
5.900025400050801
  10
-2.0543738887477776
  20
5.900025400050801
  10
-2.0143688087376175
  20
5.8600203200406416
  10
-2.0143688087376175
  20
5.359385318770639
  97
1
  330
1401
  75
0
  76
1
  47
0.4128176842155181
  98
1
  10
34.90568961886538
  20
22.81183545379326
  450
0
  451
0
  460
0
  461
0
  452
1
  462
1
  453
2
  463
0
  63
5
  421
255
  463
1
  63
7
  421
16777215
  470
LINEAR
  1001
ACAD
  1010
0
  1020
0
  1030
0
  0
LWPOLYLINE
  5
1401
  100
AcDbEntity
  8
Top-Paste-Mask-Layer
  100
AcDbPolyline
  90
8
  70
1
  43
0.005080010160020321
  10
-2.0543738887477776
  20
5.319380238760479
  10
-2.514368808737618
  20
5.319380238760479
  10
-2.554373888747778
  20
5.359385318770639
  10
-2.554373888747778
  20
5.8600203200406416
  10
-2.514368808737618
  20
5.900025400050801
  10
-2.0543738887477776
  20
5.900025400050801
  10
-2.0143688087376175
  20
5.8600203200406416
  10
-2.0143688087376175
  20
5.359385318770639
  0
HATCH
  5
1404
  100
AcDbEntity
  8
Top-Paste-Mask-Layer
  100
AcDbHatch
  10
0
  20
0
  30
0
  210
0
  220
0
  230
1
  2
SOLID
  70
1
  71
0
  91
1
  92
7
  72
0
  73
1
  93
8
  10
-2.0543738887477776
  20
5.049377698755398
  10
-2.0143688087376175
  20
5.009372618745238
  10
-2.014368808737618
  20
4.508737617475236
  10
-2.0543738887477776
  20
4.468732537465076
  10
-2.514368808737618
  20
4.468732537465076
  10
-2.554373888747778
  20
4.508737617475236
  10
-2.554373888747778
  20
5.009372618745238
  10
-2.514368808737618
  20
5.049377698755398
  97
1
  330
1403
  75
0
  76
1
  47
0.4128176842155181
  98
1
  10
34.90568961886538
  20
22.81183545379326
  450
0
  451
0
  460
0
  461
0
  452
1
  462
1
  453
2
  463
0
  63
5
  421
255
  463
1
  63
7
  421
16777215
  470
LINEAR
  1001
ACAD
  1010
0
  1020
0
  1030
0
  0
LWPOLYLINE
  5
1403
  100
AcDbEntity
  8
Top-Paste-Mask-Layer
  100
AcDbPolyline
  90
8
  70
1
  43
0.005080010160020321
  10
-2.0543738887477776
  20
5.049377698755398
  10
-2.0143688087376175
  20
5.009372618745238
  10
-2.014368808737618
  20
4.508737617475236
  10
-2.0543738887477776
  20
4.468732537465076
  10
-2.514368808737618
  20
4.468732537465076
  10
-2.554373888747778
  20
4.508737617475236
  10
-2.554373888747778
  20
5.009372618745238
  10
-2.514368808737618
  20
5.049377698755398
  0
HATCH
  5
1412
  100
AcDbEntity
  8
Top-Paste-Mask-Layer
  100
AcDbHatch
  10
0
  20
0
  30
0
  210
0
  220
0
  230
1
  2
SOLID
  70
1
  71
0
  91
1
  92
7
  72
0
  73
1
  93
8
  10
-4.905006350012701
  20
1.16500127000254
  10
-4.445011430022861
  20
1.16500127000254
  10
-4.405006350012701
  20
1.12499618999238
  10
-4.405006350012701
  20
0.6243611887223774
  10
-4.445011430022861
  20
0.5843561087122174
  10
-4.905006350012701
  20
0.5843561087122174
  10
-4.945011430022861
  20
0.6243611887223774
  10
-4.94501143002286
  20
1.12499618999238
  97
1
  330
1411
  75
0
  76
1
  47
0.4128176842155181
  98
1
  10
34.90568961886538
  20
22.81183545379326
  450
0
  451
0
  460
0
  461
0
  452
1
  462
1
  453
2
  463
0
  63
5
  421
255
  463
1
  63
7
  421
16777215
  470
LINEAR
  1001
ACAD
  1010
0
  1020
0
  1030
0
  0
LWPOLYLINE
  5
1411
  100
AcDbEntity
  8
Top-Paste-Mask-Layer
  100
AcDbPolyline
  90
8
  70
1
  43
0.005080010160020321
  10
-4.905006350012701
  20
1.16500127000254
  10
-4.445011430022861
  20
1.16500127000254
  10
-4.405006350012701
  20
1.12499618999238
  10
-4.405006350012701
  20
0.6243611887223774
  10
-4.445011430022861
  20
0.5843561087122174
  10
-4.905006350012701
  20
0.5843561087122174
  10
-4.945011430022861
  20
0.6243611887223774
  10
-4.94501143002286
  20
1.12499618999238
  0
HATCH
  5
1414
  100
AcDbEntity
  8
Top-Paste-Mask-Layer
  100
AcDbHatch
  10
0
  20
0
  30
0
  210
0
  220
0
  230
1
  2
SOLID
  70
1
  71
0
  91
1
  92
7
  72
0
  73
1
  93
8
  10
-4.905006350012701
  20
1.4350038100076201
  10
-4.94501143002286
  20
1.4750088900177802
  10
-4.94501143002286
  20
1.9756438912877827
  10
-4.905006350012701
  20
2.0156489712979426
  10
-4.445011430022861
  20
2.0156489712979426
  10
-4.4050063500127
  20
1.9756438912877827
  10
-4.405006350012701
  20
1.4750088900177802
  10
-4.445011430022861
  20
1.4350038100076201
  97
1
  330
1413
  75
0
  76
1
  47
0.4128176842155181
  98
1
  10
34.90568961886538
  20
22.81183545379326
  450
0
  451
0
  460
0
  461
0
  452
1
  462
1
  453
2
  463
0
  63
5
  421
255
  463
1
  63
7
  421
16777215
  470
LINEAR
  1001
ACAD
  1010
0
  1020
0
  1030
0
  0
LWPOLYLINE
  5
1413
  100
AcDbEntity
  8
Top-Paste-Mask-Layer
  100
AcDbPolyline
  90
8
  70
1
  43
0.005080010160020321
  10
-4.905006350012701
  20
1.4350038100076201
  10
-4.94501143002286
  20
1.4750088900177802
  10
-4.94501143002286
  20
1.9756438912877827
  10
-4.905006350012701
  20
2.0156489712979426
  10
-4.445011430022861
  20
2.0156489712979426
  10
-4.4050063500127
  20
1.9756438912877827
  10
-4.405006350012701
  20
1.4750088900177802
  10
-4.445011430022861
  20
1.4350038100076201
  0
HATCH
  5
1422
  100
AcDbEntity
  8
Top-Paste-Mask-Layer
  100
AcDbHatch
  10
0
  20
0
  30
0
  210
0
  220
0
  230
1
  2
SOLID
  70
1
  71
0
  91
1
  92
7
  72
0
  73
1
  93
8
  10
5.13000762001524
  20
0.3100025400050801
  10
4.6700127000254
  20
0.3100025400050801
  10
4.63000762001524
  20
0.35000762001524005
  10
4.63000762001524
  20
0.8506426212852427
  10
4.6700127000254
  20
0.8906477012954026
  10
5.13000762001524
  20
0.8906477012954026
  10
5.1700127000254
  20
0.8506426212852427
  10
5.1700127000254
  20
0.35000762001524005
  97
1
  330
1421
  75
0
  76
1
  47
0.4128176842155181
  98
1
  10
34.90568961886538
  20
22.81183545379326
  450
0
  451
0
  460
0
  461
0
  452
1
  462
1
  453
2
  463
0
  63
5
  421
255
  463
1
  63
7
  421
16777215
  470
LINEAR
  1001
ACAD
  1010
0
  1020
0
  1030
0
  0
LWPOLYLINE
  5
1421
  100
AcDbEntity
  8
Top-Paste-Mask-Layer
  100
AcDbPolyline
  90
8
  70
1
  43
0.005080010160020321
  10
5.13000762001524
  20
0.3100025400050801
  10
4.6700127000254
  20
0.3100025400050801
  10
4.63000762001524
  20
0.35000762001524005
  10
4.63000762001524
  20
0.8506426212852427
  10
4.6700127000254
  20
0.8906477012954026
  10
5.13000762001524
  20
0.8906477012954026
  10
5.1700127000254
  20
0.8506426212852427
  10
5.1700127000254
  20
0.35000762001524005
  0
HATCH
  5
1424
  100
AcDbEntity
  8
Top-Paste-Mask-Layer
  100
AcDbHatch
  10
0
  20
0
  30
0
  210
0
  220
0
  230
1
  2
SOLID
  70
1
  71
0
  91
1
  92
7
  72
0
  73
1
  93
8
  10
5.13000762001524
  20
0.039999999999999994
  10
5.1700127000254
  20
-0.000005080010160025401
  10
5.1700127000254
  20
-0.5006400812801627
  10
5.13000762001524
  20
-0.5406451612903227
  10
4.6700127000254
  20
-0.5406451612903227
  10
4.63000762001524
  20
-0.5006400812801627
  10
4.63000762001524
  20
-0.000005080010159969002
  10
4.6700127000254
  20
0.039999999999999994
  97
1
  330
1423
  75
0
  76
1
  47
0.4128176842155181
  98
1
  10
34.90568961886538
  20
22.81183545379326
  450
0
  451
0
  460
0
  461
0
  452
1
  462
1
  453
2
  463
0
  63
5
  421
255
  463
1
  63
7
  421
16777215
  470
LINEAR
  1001
ACAD
  1010
0
  1020
0
  1030
0
  0
LWPOLYLINE
  5
1423
  100
AcDbEntity
  8
Top-Paste-Mask-Layer
  100
AcDbPolyline
  90
8
  70
1
  43
0.005080010160020321
  10
5.13000762001524
  20
0.039999999999999994
  10
5.1700127000254
  20
-0.000005080010160025401
  10
5.1700127000254
  20
-0.5006400812801627
  10
5.13000762001524
  20
-0.5406451612903227
  10
4.6700127000254
  20
-0.5406451612903227
  10
4.63000762001524
  20
-0.5006400812801627
  10
4.63000762001524
  20
-0.000005080010159969002
  10
4.6700127000254
  20
0.039999999999999994
  0
HATCH
  5
1432
  100
AcDbEntity
  8
Top-Paste-Mask-Layer
  100
AcDbHatch
  10
0
  20
0
  30
0
  210
0
  220
0
  230
1
  2
SOLID
  70
1
  71
0
  91
1
  92
7
  72
0
  73
1
  93
8
  10
2.0300025400050803
  20
5.235011430022861
  10
1.5700076200152404
  20
5.235011430022861
  10
1.5300025400050805
  20
5.275016510033021
  10
1.5300025400050805
  20
5.775651511303023
  10
1.5700076200152404
  20
5.815656591313183
  10
2.0300025400050803
  20
5.815656591313183
  10
2.0700076200152404
  20
5.775651511303023
  10
2.0700076200152404
  20
5.275016510033021
  97
1
  330
1431
  75
0
  76
1
  47
0.4128176842155181
  98
1
  10
34.90568961886538
  20
22.81183545379326
  450
0
  451
0
  460
0
  461
0
  452
1
  462
1
  453
2
  463
0
  63
5
  421
255
  463
1
  63
7
  421
16777215
  470
LINEAR
  1001
ACAD
  1010
0
  1020
0
  1030
0
  0
LWPOLYLINE
  5
1431
  100
AcDbEntity
  8
Top-Paste-Mask-Layer
  100
AcDbPolyline
  90
8
  70
1
  43
0.005080010160020321
  10
2.0300025400050803
  20
5.235011430022861
  10
1.5700076200152404
  20
5.235011430022861
  10
1.5300025400050805
  20
5.275016510033021
  10
1.5300025400050805
  20
5.775651511303023
  10
1.5700076200152404
  20
5.815656591313183
  10
2.0300025400050803
  20
5.815656591313183
  10
2.0700076200152404
  20
5.775651511303023
  10
2.0700076200152404
  20
5.275016510033021
  0
HATCH
  5
1434
  100
AcDbEntity
  8
Top-Paste-Mask-Layer
  100
AcDbHatch
  10
0
  20
0
  30
0
  210
0
  220
0
  230
1
  2
SOLID
  70
1
  71
0
  91
1
  92
7
  72
0
  73
1
  93
8
  10
2.0300025400050803
  20
4.9650088900177805
  10
2.0700076200152404
  20
4.92500381000762
  10
2.0700076200152404
  20
4.424368808737618
  10
2.0300025400050803
  20
4.384363728727458
  10
1.5700076200152404
  20
4.384363728727458
  10
1.5300025400050803
  20
4.424368808737618
  10
1.5300025400050805
  20
4.92500381000762
  10
1.5700076200152404
  20
4.9650088900177805
  97
1
  330
1433
  75
0
  76
1
  47
0.4128176842155181
  98
1
  10
34.90568961886538
  20
22.81183545379326
  450
0
  451
0
  460
0
  461
0
  452
1
  462
1
  453
2
  463
0
  63
5
  421
255
  463
1
  63
7
  421
16777215
  470
LINEAR
  1001
ACAD
  1010
0
  1020
0
  1030
0
  0
LWPOLYLINE
  5
1433
  100
AcDbEntity
  8
Top-Paste-Mask-Layer
  100
AcDbPolyline
  90
8
  70
1
  43
0.005080010160020321
  10
2.0300025400050803
  20
4.9650088900177805
  10
2.0700076200152404
  20
4.92500381000762
  10
2.0700076200152404
  20
4.424368808737618
  10
2.0300025400050803
  20
4.384363728727458
  10
1.5700076200152404
  20
4.384363728727458
  10
1.5300025400050803
  20
4.424368808737618
  10
1.5300025400050805
  20
4.92500381000762
  10
1.5700076200152404
  20
4.9650088900177805
  0
HATCH
  5
1442
  100
AcDbEntity
  8
Top-Paste-Mask-Layer
  100
AcDbHatch
  10
0
  20
0
  30
0
  210
0
  220
0
  230
1
  2
SOLID
  70
1
  71
0
  91
1
  92
7
  72
0
  73
1
  93
8
  10
1.21500127000254
  20
-3.0700101600203205
  10
1.21500127000254
  20
-3.5300050800101603
  10
1.1749961899923802
  20
-3.5700101600203205
  10
0.6743611887223775
  20
-3.5700101600203205
  10
0.6343561087122176
  20
-3.5300050800101603
  10
0.6343561087122176
  20
-3.0700101600203205
  10
0.6743611887223775
  20
-3.0300050800101603
  10
1.1749961899923802
  20
-3.0300050800101603
  97
1
  330
1441
  75
0
  76
1
  47
0.4128176842155181
  98
1
  10
34.90568961886538
  20
22.81183545379326
  450
0
  451
0
  460
0
  461
0
  452
1
  462
1
  453
2
  463
0
  63
5
  421
255
  463
1
  63
7
  421
16777215
  470
LINEAR
  1001
ACAD
  1010
0
  1020
0
  1030
0
  0
LWPOLYLINE
  5
1441
  100
AcDbEntity
  8
Top-Paste-Mask-Layer
  100
AcDbPolyline
  90
8
  70
1
  43
0.005080010160020321
  10
1.21500127000254
  20
-3.0700101600203205
  10
1.21500127000254
  20
-3.5300050800101603
  10
1.1749961899923802
  20
-3.5700101600203205
  10
0.6743611887223775
  20
-3.5700101600203205
  10
0.6343561087122176
  20
-3.5300050800101603
  10
0.6343561087122176
  20
-3.0700101600203205
  10
0.6743611887223775
  20
-3.0300050800101603
  10
1.1749961899923802
  20
-3.0300050800101603
  0
HATCH
  5
1444
  100
AcDbEntity
  8
Top-Paste-Mask-Layer
  100
AcDbHatch
  10
0
  20
0
  30
0
  210
0
  220
0
  230
1
  2
SOLID
  70
1
  71
0
  91
1
  92
7
  72
0
  73
1
  93
8
  10
1.4850038100076204
  20
-3.0700101600203205
  10
1.5250088900177803
  20
-3.0300050800101603
  10
2.0256438912877828
  20
-3.0300050800101603
  10
2.065648971297943
  20
-3.0700101600203205
  10
2.065648971297943
  20
-3.5300050800101603
  10
2.0256438912877828
  20
-3.5700101600203205
  10
1.5250088900177803
  20
-3.5700101600203205
  10
1.4850038100076204
  20
-3.5300050800101603
  97
1
  330
1443
  75
0
  76
1
  47
0.4128176842155181
  98
1
  10
34.90568961886538
  20
22.81183545379326
  450
0
  451
0
  460
0
  461
0
  452
1
  462
1
  453
2
  463
0
  63
5
  421
255
  463
1
  63
7
  421
16777215
  470
LINEAR
  1001
ACAD
  1010
0
  1020
0
  1030
0
  0
LWPOLYLINE
  5
1443
  100
AcDbEntity
  8
Top-Paste-Mask-Layer
  100
AcDbPolyline
  90
8
  70
1
  43
0.005080010160020321
  10
1.4850038100076204
  20
-3.0700101600203205
  10
1.5250088900177803
  20
-3.0300050800101603
  10
2.0256438912877828
  20
-3.0300050800101603
  10
2.065648971297943
  20
-3.0700101600203205
  10
2.065648971297943
  20
-3.5300050800101603
  10
2.0256438912877828
  20
-3.5700101600203205
  10
1.5250088900177803
  20
-3.5700101600203205
  10
1.4850038100076204
  20
-3.5300050800101603
  0
HATCH
  5
1481
  100
AcDbEntity
  8
Top-Paste-Mask-Layer
  100
AcDbHatch
  10
0
  20
0
  30
0
  210
0
  220
0
  230
1
  2
SOLID
  70
1
  71
0
  91
1
  92
7
  72
0
  73
1
  93
8
  10
-4.1900076200152405
  20
-0.32999745999492003
  10
-4.1900076200152405
  20
0.12999745999492002
  10
-4.15000254000508
  20
0.17000254000508008
  10
-3.649367538735078
  20
0.17000254000508008
  10
-3.6093624587249185
  20
0.12999745999492002
  10
-3.6093624587249185
  20
-0.32999745999492003
  10
-3.649367538735078
  20
-0.3700025400050801
  10
-4.15000254000508
  20
-0.3700025400050801
  97
1
  330
1480
  75
0
  76
1
  47
0.4128176842155181
  98
1
  10
34.90568961886538
  20
22.81183545379326
  450
0
  451
0
  460
0
  461
0
  452
1
  462
1
  453
2
  463
0
  63
5
  421
255
  463
1
  63
7
  421
16777215
  470
LINEAR
  1001
ACAD
  1010
0
  1020
0
  1030
0
  0
LWPOLYLINE
  5
1480
  100
AcDbEntity
  8
Top-Paste-Mask-Layer
  100
AcDbPolyline
  90
8
  70
1
  43
0.005080010160020321
  10
-4.1900076200152405
  20
-0.32999745999492003
  10
-4.1900076200152405
  20
0.12999745999492002
  10
-4.15000254000508
  20
0.17000254000508008
  10
-3.649367538735078
  20
0.17000254000508008
  10
-3.6093624587249185
  20
0.12999745999492002
  10
-3.6093624587249185
  20
-0.32999745999492003
  10
-3.649367538735078
  20
-0.3700025400050801
  10
-4.15000254000508
  20
-0.3700025400050801
  0
HATCH
  5
1483
  100
AcDbEntity
  8
Top-Paste-Mask-Layer
  100
AcDbHatch
  10
0
  20
0
  30
0
  210
0
  220
0
  230
1
  2
SOLID
  70
1
  71
0
  91
1
  92
7
  72
0
  73
1
  93
8
  10
-4.460010160020321
  20
-0.32999745999492003
  10
-4.500015240030481
  20
-0.3700025400050801
  10
-5.000650241300484
  20
-0.3700025400050801
  10
-5.040655321310643
  20
-0.32999745999492003
  10
-5.040655321310643
  20
0.12999745999492002
  10
-5.000650241300484
  20
0.17000254000508008
  10
-4.500015240030481
  20
0.17000254000508008
  10
-4.460010160020321
  20
0.12999745999492002
  97
1
  330
1482
  75
0
  76
1
  47
0.4128176842155181
  98
1
  10
34.90568961886538
  20
22.81183545379326
  450
0
  451
0
  460
0
  461
0
  452
1
  462
1
  453
2
  463
0
  63
5
  421
255
  463
1
  63
7
  421
16777215
  470
LINEAR
  1001
ACAD
  1010
0
  1020
0
  1030
0
  0
LWPOLYLINE
  5
1482
  100
AcDbEntity
  8
Top-Paste-Mask-Layer
  100
AcDbPolyline
  90
8
  70
1
  43
0.005080010160020321
  10
-4.460010160020321
  20
-0.32999745999492003
  10
-4.500015240030481
  20
-0.3700025400050801
  10
-5.000650241300484
  20
-0.3700025400050801
  10
-5.040655321310643
  20
-0.32999745999492003
  10
-5.040655321310643
  20
0.12999745999492002
  10
-5.000650241300484
  20
0.17000254000508008
  10
-4.500015240030481
  20
0.17000254000508008
  10
-4.460010160020321
  20
0.12999745999492002
  0
HATCH
  5
1505
  100
AcDbEntity
  8
Top-Paste-Mask-Layer
  100
AcDbHatch
  10
0
  20
0
  30
0
  210
0
  220
0
  230
1
  2
SOLID
  70
1
  71
0
  91
1
  92
7
  72
0
  73
1
  93
8
  10
4.8600101600203205
  20
-7.880012700025401
  10
4.8600101600203205
  20
-7.420017780035561
  10
4.90001524003048
  20
-7.380012700025402
  10
5.400650241300482
  20
-7.380012700025402
  10
5.440655321310643
  20
-7.420017780035561
  10
5.440655321310643
  20
-7.880012700025401
  10
5.400650241300482
  20
-7.920017780035561
  10
4.90001524003048
  20
-7.920017780035561
  97
1
  330
1504
  75
0
  76
1
  47
0.4128176842155181
  98
1
  10
34.90568961886538
  20
22.81183545379326
  450
0
  451
0
  460
0
  461
0
  452
1
  462
1
  453
2
  463
0
  63
5
  421
255
  463
1
  63
7
  421
16777215
  470
LINEAR
  1001
ACAD
  1010
0
  1020
0
  1030
0
  0
LWPOLYLINE
  5
1504
  100
AcDbEntity
  8
Top-Paste-Mask-Layer
  100
AcDbPolyline
  90
8
  70
1
  43
0.005080010160020321
  10
4.8600101600203205
  20
-7.880012700025401
  10
4.8600101600203205
  20
-7.420017780035561
  10
4.90001524003048
  20
-7.380012700025402
  10
5.400650241300482
  20
-7.380012700025402
  10
5.440655321310643
  20
-7.420017780035561
  10
5.440655321310643
  20
-7.880012700025401
  10
5.400650241300482
  20
-7.920017780035561
  10
4.90001524003048
  20
-7.920017780035561
  0
HATCH
  5
1507
  100
AcDbEntity
  8
Top-Paste-Mask-Layer
  100
AcDbHatch
  10
0
  20
0
  30
0
  210
0
  220
0
  230
1
  2
SOLID
  70
1
  71
0
  91
1
  92
7
  72
0
  73
1
  93
8
  10
4.59000762001524
  20
-7.880012700025401
  10
4.55000254000508
  20
-7.920017780035561
  10
4.049367538735077
  20
-7.920017780035561
  10
4.009362458724918
  20
-7.880012700025401
  10
4.009362458724918
  20
-7.420017780035561
  10
4.049367538735077
  20
-7.380012700025402
  10
4.55000254000508
  20
-7.380012700025402
  10
4.59000762001524
  20
-7.420017780035561
  97
1
  330
1506
  75
0
  76
1
  47
0.4128176842155181
  98
1
  10
34.90568961886538
  20
22.81183545379326
  450
0
  451
0
  460
0
  461
0
  452
1
  462
1
  453
2
  463
0
  63
5
  421
255
  463
1
  63
7
  421
16777215
  470
LINEAR
  1001
ACAD
  1010
0
  1020
0
  1030
0
  0
LWPOLYLINE
  5
1506
  100
AcDbEntity
  8
Top-Paste-Mask-Layer
  100
AcDbPolyline
  90
8
  70
1
  43
0.005080010160020321
  10
4.59000762001524
  20
-7.880012700025401
  10
4.55000254000508
  20
-7.920017780035561
  10
4.049367538735077
  20
-7.920017780035561
  10
4.009362458724918
  20
-7.880012700025401
  10
4.009362458724918
  20
-7.420017780035561
  10
4.049367538735077
  20
-7.380012700025402
  10
4.55000254000508
  20
-7.380012700025402
  10
4.59000762001524
  20
-7.420017780035561
  0
HATCH
  5
1515
  100
AcDbEntity
  8
Top-Paste-Mask-Layer
  100
AcDbHatch
  10
0
  20
0
  30
0
  210
0
  220
0
  230
1
  2
SOLID
  70
1
  71
0
  91
1
  92
7
  72
0
  73
1
  93
8
  10
4.827195834391669
  20
-6.722194564389129
  10
4.827195834391669
  20
-6.262199644399289
  10
4.867200914401829
  20
-6.22219456438913
  10
5.367835915671832
  20
-6.22219456438913
  10
5.407840995681991
  20
-6.262199644399289
  10
5.407840995681991
  20
-6.722194564389129
  10
5.367835915671832
  20
-6.762199644399289
  10
4.867200914401829
  20
-6.762199644399289
  97
1
  330
1514
  75
0
  76
1
  47
0.4128176842155181
  98
1
  10
34.90568961886538
  20
22.81183545379326
  450
0
  451
0
  460
0
  461
0
  452
1
  462
1
  453
2
  463
0
  63
5
  421
255
  463
1
  63
7
  421
16777215
  470
LINEAR
  1001
ACAD
  1010
0
  1020
0
  1030
0
  0
LWPOLYLINE
  5
1514
  100
AcDbEntity
  8
Top-Paste-Mask-Layer
  100
AcDbPolyline
  90
8
  70
1
  43
0.005080010160020321
  10
4.827195834391669
  20
-6.722194564389129
  10
4.827195834391669
  20
-6.262199644399289
  10
4.867200914401829
  20
-6.22219456438913
  10
5.367835915671832
  20
-6.22219456438913
  10
5.407840995681991
  20
-6.262199644399289
  10
5.407840995681991
  20
-6.722194564389129
  10
5.367835915671832
  20
-6.762199644399289
  10
4.867200914401829
  20
-6.762199644399289
  0
HATCH
  5
1517
  100
AcDbEntity
  8
Top-Paste-Mask-Layer
  100
AcDbHatch
  10
0
  20
0
  30
0
  210
0
  220
0
  230
1
  2
SOLID
  70
1
  71
0
  91
1
  92
7
  72
0
  73
1
  93
8
  10
4.557193294386589
  20
-6.722194564389129
  10
4.5171882143764295
  20
-6.762199644399289
  10
4.016553213106427
  20
-6.762199644399289
  10
3.9765481330962666
  20
-6.722194564389129
  10
3.9765481330962666
  20
-6.262199644399289
  10
4.016553213106427
  20
-6.22219456438913
  10
4.5171882143764295
  20
-6.22219456438913
  10
4.557193294386589
  20
-6.262199644399289
  97
1
  330
1516
  75
0
  76
1
  47
0.4128176842155181
  98
1
  10
34.90568961886538
  20
22.81183545379326
  450
0
  451
0
  460
0
  461
0
  452
1
  462
1
  453
2
  463
0
  63
5
  421
255
  463
1
  63
7
  421
16777215
  470
LINEAR
  1001
ACAD
  1010
0
  1020
0
  1030
0
  0
LWPOLYLINE
  5
1516
  100
AcDbEntity
  8
Top-Paste-Mask-Layer
  100
AcDbPolyline
  90
8
  70
1
  43
0.005080010160020321
  10
4.557193294386589
  20
-6.722194564389129
  10
4.5171882143764295
  20
-6.762199644399289
  10
4.016553213106427
  20
-6.762199644399289
  10
3.9765481330962666
  20
-6.722194564389129
  10
3.9765481330962666
  20
-6.262199644399289
  10
4.016553213106427
  20
-6.22219456438913
  10
4.5171882143764295
  20
-6.22219456438913
  10
4.557193294386589
  20
-6.262199644399289
  0
HATCH
  5
1525
  100
AcDbEntity
  8
Top-Paste-Mask-Layer
  100
AcDbHatch
  10
0
  20
0
  30
0
  210
0
  220
0
  230
1
  2
SOLID
  70
1
  71
0
  91
1
  92
7
  72
0
  73
1
  93
8
  10
-1.61500127000254
  20
0.17000254000508003
  10
-1.61500127000254
  20
0.62999745999492
  10
-1.5749961899923801
  20
0.6700025400050802
  10
-1.0743611887223776
  20
0.6700025400050802
  10
-1.0343561087122175
  20
0.62999745999492
  10
-1.0343561087122175
  20
0.17000254000508003
  10
-1.0743611887223776
  20
0.12999745999491996
  10
-1.5749961899923801
  20
0.12999745999491996
  97
1
  330
1524
  75
0
  76
1
  47
0.4128176842155181
  98
1
  10
34.90568961886538
  20
22.81183545379326
  450
0
  451
0
  460
0
  461
0
  452
1
  462
1
  453
2
  463
0
  63
5
  421
255
  463
1
  63
7
  421
16777215
  470
LINEAR
  1001
ACAD
  1010
0
  1020
0
  1030
0
  0
LWPOLYLINE
  5
1524
  100
AcDbEntity
  8
Top-Paste-Mask-Layer
  100
AcDbPolyline
  90
8
  70
1
  43
0.005080010160020321
  10
-1.61500127000254
  20
0.17000254000508003
  10
-1.61500127000254
  20
0.62999745999492
  10
-1.5749961899923801
  20
0.6700025400050802
  10
-1.0743611887223776
  20
0.6700025400050802
  10
-1.0343561087122175
  20
0.62999745999492
  10
-1.0343561087122175
  20
0.17000254000508003
  10
-1.0743611887223776
  20
0.12999745999491996
  10
-1.5749961899923801
  20
0.12999745999491996
  0
HATCH
  5
1527
  100
AcDbEntity
  8
Top-Paste-Mask-Layer
  100
AcDbHatch
  10
0
  20
0
  30
0
  210
0
  220
0
  230
1
  2
SOLID
  70
1
  71
0
  91
1
  92
7
  72
0
  73
1
  93
8
  10
-1.8850038100076203
  20
0.17000254000508003
  10
-1.9250088900177802
  20
0.12999745999491996
  10
-2.4256438912877827
  20
0.12999745999491996
  10
-2.465648971297943
  20
0.17000254000508003
  10
-2.465648971297943
  20
0.62999745999492
  10
-2.4256438912877827
  20
0.6700025400050802
  10
-1.9250088900177802
  20
0.6700025400050802
  10
-1.8850038100076203
  20
0.62999745999492
  97
1
  330
1526
  75
0
  76
1
  47
0.4128176842155181
  98
1
  10
34.90568961886538
  20
22.81183545379326
  450
0
  451
0
  460
0
  461
0
  452
1
  462
1
  453
2
  463
0
  63
5
  421
255
  463
1
  63
7
  421
16777215
  470
LINEAR
  1001
ACAD
  1010
0
  1020
0
  1030
0
  0
LWPOLYLINE
  5
1526
  100
AcDbEntity
  8
Top-Paste-Mask-Layer
  100
AcDbPolyline
  90
8
  70
1
  43
0.005080010160020321
  10
-1.8850038100076203
  20
0.17000254000508003
  10
-1.9250088900177802
  20
0.12999745999491996
  10
-2.4256438912877827
  20
0.12999745999491996
  10
-2.465648971297943
  20
0.17000254000508003
  10
-2.465648971297943
  20
0.62999745999492
  10
-2.4256438912877827
  20
0.6700025400050802
  10
-1.9250088900177802
  20
0.6700025400050802
  10
-1.8850038100076203
  20
0.62999745999492
  0
HATCH
  5
1937
  100
AcDbEntity
  8
Top-Paste-Mask-Layer
  100
AcDbHatch
  10
0
  20
0
  30
0
  210
0
  220
0
  230
1
  2
SOLID
  70
1
  71
0
  91
1
  92
7
  72
1
  73
1
  93
2
  10
-3.4500076200152408
  20
-5.525011430022861
  42
1
  10
-2.9500076200152408
  20
-5.525011430022861
  42
1
  97
1
  330
1936
  75
0
  76
1
  47
0.8681437583925616
  98
1
  10
3.629517071192367
  20
33.92795499968543
  450
0
  451
0
  460
0
  461
0
  452
1
  462
1
  453
2
  463
0
  63
5
  421
255
  463
1
  63
7
  421
16777215
  470
LINEAR
  1001
ACAD
  1010
0
  1020
0
  1030
0
  0
LWPOLYLINE
  5
1938
  100
AcDbEntity
  8
Top-Paste-Mask-Layer
  100
AcDbPolyline
  90
4
  70
0
  43
0
  10
-3.4500076200152403
  20
-5.525011429754134
  42
1
  10
-2.9500076200152408
  20
-5.525011430165553
  10
-2.9500076200152408
  20
-5.525011430291587
  42
1
  10
-3.4500076200152403
  20
-5.525011429880167
  0
HATCH
  5
1946
  100
AcDbEntity
  8
Top-Paste-Mask-Layer
  100
AcDbHatch
  10
0
  20
0
  30
0
  210
0
  220
0
  230
1
  2
SOLID
  70
1
  71
0
  91
1
  92
7
  72
1
  73
1
  93
2
  10
-2.4750038100076206
  20
-5.55001016002032
  42
1
  10
-1.9750038100076206
  20
-5.55001016002032
  42
1
  97
1
  330
1945
  75
0
  76
1
  47
0.8681437583925616
  98
1
  10
3.629517071192367
  20
33.92795499968543
  450
0
  451
0
  460
0
  461
0
  452
1
  462
1
  453
2
  463
0
  63
5
  421
255
  463
1
  63
7
  421
16777215
  470
LINEAR
  1001
ACAD
  1010
0
  1020
0
  1030
0
  0
LWPOLYLINE
  5
1947
  100
AcDbEntity
  8
Top-Paste-Mask-Layer
  100
AcDbPolyline
  90
4
  70
0
  43
0
  10
-2.47500381000762
  20
-5.550010159900142
  42
1
  10
-1.9750038100076206
  20
-5.550010159900142
  10
-1.9750038100076206
  20
-5.550010160140498
  42
1
  10
-2.47500381000762
  20
-5.550010160140498
  0
HATCH
  5
1955
  100
AcDbEntity
  8
Top-Paste-Mask-Layer
  100
AcDbHatch
  10
0
  20
0
  30
0
  210
0
  220
0
  230
1
  2
SOLID
  70
1
  71
0
  91
1
  92
7
  72
1
  73
1
  93
2
  10
-1.4250012700025403
  20
-5.575011430022861
  42
1
  10
-0.9250012700025403
  20
-5.575011430022861
  42
1
  97
1
  330
1954
  75
0
  76
1
  47
0.8681437583925616
  98
1
  10
3.629517071192367
  20
33.92795499968543
  450
0
  451
0
  460
0
  461
0
  452
1
  462
1
  453
2
  463
0
  63
5
  421
255
  463
1
  63
7
  421
16777215
  470
LINEAR
  1001
ACAD
  1010
0
  1020
0
  1030
0
  0
LWPOLYLINE
  5
1956
  100
AcDbEntity
  8
Top-Paste-Mask-Layer
  100
AcDbPolyline
  90
2
  70
1
  43
0
  10
-1.4250012700025403
  20
-5.575011430022861
  42
1
  10
-0.9250012700025402
  20
-5.575011430022861
  42
1
  0
HATCH
  5
1964
  100
AcDbEntity
  8
Top-Paste-Mask-Layer
  100
AcDbHatch
  10
0
  20
0
  30
0
  210
0
  220
0
  230
1
  2
SOLID
  70
1
  71
0
  91
1
  92
7
  72
1
  73
1
  93
2
  10
-0.45
  20
-5.600010160020321
  42
1
  10
0.04999999999999999
  20
-5.600010160020321
  42
1
  97
1
  330
1963
  75
0
  76
1
  47
0.8681437583925616
  98
1
  10
3.629517071192367
  20
33.92795499968543
  450
0
  451
0
  460
0
  461
0
  452
1
  462
1
  453
2
  463
0
  63
5
  421
255
  463
1
  63
7
  421
16777215
  470
LINEAR
  1001
ACAD
  1010
0
  1020
0
  1030
0
  0
LWPOLYLINE
  5
1965
  100
AcDbEntity
  8
Top-Paste-Mask-Layer
  100
AcDbPolyline
  90
2
  70
1
  43
0
  10
-0.45000000000000007
  20
-5.600010160020321
  42
1
  10
0.049999999999999996
  20
-5.600010160020321
  42
1
  0
HATCH
  5
1973
  100
AcDbEntity
  8
Top-Paste-Mask-Layer
  100
AcDbHatch
  10
0
  20
0
  30
0
  210
0
  220
0
  230
1
  2
SOLID
  70
1
  71
0
  91
1
  92
7
  72
1
  73
1
  93
2
  10
0.4500025400050801
  20
-5.600010160020321
  42
1
  10
0.9500025400050801
  20
-5.600010160020321
  42
1
  97
1
  330
1972
  75
0
  76
1
  47
0.8681437583925616
  98
1
  10
3.629517071192367
  20
33.92795499968543
  450
0
  451
0
  460
0
  461
0
  452
1
  462
1
  453
2
  463
0
  63
5
  421
255
  463
1
  63
7
  421
16777215
  470
LINEAR
  1001
ACAD
  1010
0
  1020
0
  1030
0
  0
LWPOLYLINE
  5
1974
  100
AcDbEntity
  8
Top-Paste-Mask-Layer
  100
AcDbPolyline
  90
4
  70
0
  43
0
  10
0.4500025400050801
  20
-5.600010159900143
  42
1
  10
0.9500025400050801
  20
-5.600010159900143
  10
0.9500025400050801
  20
-5.600010160140498
  42
1
  10
0.4500025400050801
  20
-5.600010160140498
  0
HATCH
  5
1982
  100
AcDbEntity
  8
Top-Paste-Mask-Layer
  100
AcDbHatch
  10
0
  20
0
  30
0
  210
0
  220
0
  230
1
  2
SOLID
  70
1
  71
0
  91
1
  92
7
  72
1
  73
1
  93
2
  10
1.3750038100076203
  20
-5.575011430022861
  42
1
  10
1.8750038100076203
  20
-5.575011430022861
  42
1
  97
1
  330
1981
  75
0
  76
1
  47
0.8681437583925616
  98
1
  10
3.629517071192367
  20
33.92795499968543
  450
0
  451
0
  460
0
  461
0
  452
1
  462
1
  453
2
  463
0
  63
5
  421
255
  463
1
  63
7
  421
16777215
  470
LINEAR
  1001
ACAD
  1010
0
  1020
0
  1030
0
  0
LWPOLYLINE
  5
1983
  100
AcDbEntity
  8
Top-Paste-Mask-Layer
  100
AcDbPolyline
  90
2
  70
1
  43
0
  10
1.37500381000762
  20
-5.575011430022861
  42
1
  10
1.8750038100076203
  20
-5.575011430022861
  42
1
  0
HATCH
  5
1991
  100
AcDbEntity
  8
Top-Paste-Mask-Layer
  100
AcDbHatch
  10
0
  20
0
  30
0
  210
0
  220
0
  230
1
  2
SOLID
  70
1
  71
0
  91
1
  92
7
  72
1
  73
1
  93
2
  10
2.22500381000762
  20
-5.55001016002032
  42
1
  10
2.72500381000762
  20
-5.55001016002032
  42
1
  97
1
  330
1990
  75
0
  76
1
  47
0.8681437583925616
  98
1
  10
3.629517071192367
  20
33.92795499968543
  450
0
  451
0
  460
0
  461
0
  452
1
  462
1
  453
2
  463
0
  63
5
  421
255
  463
1
  63
7
  421
16777215
  470
LINEAR
  1001
ACAD
  1010
0
  1020
0
  1030
0
  0
LWPOLYLINE
  5
1992
  100
AcDbEntity
  8
Top-Paste-Mask-Layer
  100
AcDbPolyline
  90
4
  70
0
  43
0
  10
2.2250038100076206
  20
-5.550010159751594
  42
1
  10
2.72500381000762
  20
-5.550010160163012
  10
2.72500381000762
  20
-5.550010160289046
  42
1
  10
2.2250038100076206
  20
-5.550010159877627
  0
HATCH
  5
2000
  100
AcDbEntity
  8
Top-Paste-Mask-Layer
  100
AcDbHatch
  10
0
  20
0
  30
0
  210
0
  220
0
  230
1
  2
SOLID
  70
1
  71
0
  91
1
  92
7
  72
1
  73
1
  93
2
  10
3.0500076200152404
  20
-5.600010160020321
  42
1
  10
3.5500076200152404
  20
-5.600010160020321
  42
1
  97
1
  330
1999
  75
0
  76
1
  47
0.8681437583925616
  98
1
  10
3.629517071192367
  20
33.92795499968543
  450
0
  451
0
  460
0
  461
0
  452
1
  462
1
  453
2
  463
0
  63
5
  421
255
  463
1
  63
7
  421
16777215
  470
LINEAR
  1001
ACAD
  1010
0
  1020
0
  1030
0
  0
LWPOLYLINE
  5
2001
  100
AcDbEntity
  8
Top-Paste-Mask-Layer
  100
AcDbPolyline
  90
4
  70
0
  43
0
  10
3.0500076200152404
  20
-5.600010159751593
  42
1
  10
3.5500076200152404
  20
-5.600010160163013
  10
3.5500076200152404
  20
-5.600010160289047
  42
1
  10
3.0500076200152404
  20
-5.600010159877627
  0
HATCH
  5
2009
  100
AcDbEntity
  8
Top-Paste-Mask-Layer
  100
AcDbHatch
  10
0
  20
0
  30
0
  210
0
  220
0
  230
1
  2
SOLID
  70
1
  71
0
  91
1
  92
7
  72
1
  73
1
  93
2
  10
3.9500076200152403
  20
-5.55001016002032
  42
1
  10
4.45000762001524
  20
-5.55001016002032
  42
1
  97
1
  330
2008
  75
0
  76
1
  47
0.8681437583925616
  98
1
  10
3.629517071192367
  20
33.92795499968543
  450
0
  451
0
  460
0
  461
0
  452
1
  462
1
  453
2
  463
0
  63
5
  421
255
  463
1
  63
7
  421
16777215
  470
LINEAR
  1001
ACAD
  1010
0
  1020
0
  1030
0
  0
LWPOLYLINE
  5
2010
  100
AcDbEntity
  8
Top-Paste-Mask-Layer
  100
AcDbPolyline
  90
4
  70
0
  43
0
  10
3.9500076200152403
  20
-5.550010159751594
  42
1
  10
4.45000762001524
  20
-5.550010160163012
  10
4.45000762001524
  20
-5.550010160289046
  42
1
  10
3.9500076200152403
  20
-5.550010159877627
  0
HATCH
  5
2016
  100
AcDbEntity
  8
Top-Paste-Mask-Layer
  100
AcDbHatch
  10
0
  20
0
  30
0
  210
0
  220
0
  230
1
  2
SOLID
  70
1
  71
0
  91
1
  92
7
  72
0
  73
1
  93
4
  10
-0.8201193802387604
  20
5.020012700025401
  10
-0.8201193802387606
  20
4.480007620015241
  10
-1.3201193802387605
  20
4.480007620015241
  10
-1.3201193802387605
  20
5.020012700025401
  97
1
  330
2015
  75
0
  76
1
  47
0.4128176842155181
  98
1
  10
34.90568961886538
  20
22.81183545379326
  450
0
  451
0
  460
0
  461
0
  452
1
  462
1
  453
2
  463
0
  63
5
  421
255
  463
1
  63
7
  421
16777215
  470
LINEAR
  1001
ACAD
  1010
0
  1020
0
  1030
0
  0
LWPOLYLINE
  5
2015
  100
AcDbEntity
  8
Top-Paste-Mask-Layer
  100
AcDbPolyline
  90
4
  70
1
  43
0
  10
-0.8201193802387604
  20
5.020012700025401
  10
-0.8201193802387606
  20
4.480007620015241
  10
-1.3201193802387605
  20
4.480007620015241
  10
-1.3201193802387605
  20
5.020012700025401
  0
HATCH
  5
2022
  100
AcDbEntity
  8
Top-Paste-Mask-Layer
  100
AcDbHatch
  10
0
  20
0
  30
0
  210
0
  220
0
  230
1
  2
SOLID
  70
1
  71
0
  91
1
  92
7
  72
0
  73
1
  93
4
  10
0.020114300228600484
  20
5.020012700025401
  10
0.02011430022860043
  20
4.480007620015241
  10
-0.47988569977139955
  20
4.480007620015241
  10
-0.4798856997713995
  20
5.020012700025401
  97
1
  330
2021
  75
0
  76
1
  47
0.4128176842155181
  98
1
  10
34.90568961886538
  20
22.81183545379326
  450
0
  451
0
  460
0
  461
0
  452
1
  462
1
  453
2
  463
0
  63
5
  421
255
  463
1
  63
7
  421
16777215
  470
LINEAR
  1001
ACAD
  1010
0
  1020
0
  1030
0
  0
LWPOLYLINE
  5
2021
  100
AcDbEntity
  8
Top-Paste-Mask-Layer
  100
AcDbPolyline
  90
4
  70
1
  43
0
  10
0.020114300228600484
  20
5.020012700025401
  10
0.02011430022860043
  20
4.480007620015241
  10
-0.47988569977139955
  20
4.480007620015241
  10
-0.4798856997713995
  20
5.020012700025401
  0
HATCH
  5
2028
  100
AcDbEntity
  8
Top-Paste-Mask-Layer
  100
AcDbHatch
  10
0
  20
0
  30
0
  210
0
  220
0
  230
1
  2
SOLID
  70
1
  71
0
  91
1
  92
7
  72
0
  73
1
  93
4
  10
-1.7450063500127007
  20
-1.6451206502413007
  10
-1.20500127000254
  20
-1.645120650241301
  10
-1.2050012700025403
  20
-2.145120650241301
  10
-1.7450063500127007
  20
-2.145120650241301
  97
1
  330
2027
  75
0
  76
1
  47
0.4128176842155181
  98
1
  10
34.90568961886538
  20
22.81183545379326
  450
0
  451
0
  460
0
  461
0
  452
1
  462
1
  453
2
  463
0
  63
5
  421
255
  463
1
  63
7
  421
16777215
  470
LINEAR
  1001
ACAD
  1010
0
  1020
0
  1030
0
  0
LWPOLYLINE
  5
2027
  100
AcDbEntity
  8
Top-Paste-Mask-Layer
  100
AcDbPolyline
  90
4
  70
1
  43
0
  10
-1.7450063500127007
  20
-1.6451206502413007
  10
-1.20500127000254
  20
-1.645120650241301
  10
-1.2050012700025403
  20
-2.145120650241301
  10
-1.7450063500127007
  20
-2.145120650241301
  0
HATCH
  5
2034
  100
AcDbEntity
  8
Top-Paste-Mask-Layer
  100
AcDbHatch
  10
0
  20
0
  30
0
  210
0
  220
0
  230
1
  2
SOLID
  70
1
  71
0
  91
1
  92
7
  72
0
  73
1
  93
4
  10
-1.7450063500127004
  20
-0.8048869697739397
  10
-1.20500127000254
  20
-0.8048869697739399
  10
-1.2050012700025405
  20
-1.3048869697739403
  10
-1.7450063500127007
  20
-1.30488696977394
  97
1
  330
2033
  75
0
  76
1
  47
0.4128176842155181
  98
1
  10
34.90568961886538
  20
22.81183545379326
  450
0
  451
0
  460
0
  461
0
  452
1
  462
1
  453
2
  463
0
  63
5
  421
255
  463
1
  63
7
  421
16777215
  470
LINEAR
  1001
ACAD
  1010
0
  1020
0
  1030
0
  0
LWPOLYLINE
  5
2033
  100
AcDbEntity
  8
Top-Paste-Mask-Layer
  100
AcDbPolyline
  90
4
  70
1
  43
0
  10
-1.7450063500127004
  20
-0.8048869697739397
  10
-1.20500127000254
  20
-0.8048869697739399
  10
-1.2050012700025405
  20
-1.3048869697739403
  10
-1.7450063500127007
  20
-1.30488696977394
  0
HATCH
  5
2040
  100
AcDbEntity
  8
Top-Paste-Mask-Layer
  100
AcDbHatch
  10
0
  20
0
  30
0
  210
0
  220
0
  230
1
  2
SOLID
  70
1
  71
0
  91
1
  92
7
  72
0
  73
1
  93
4
  10
-0.7999898399796801
  20
6.2000177800355605
  10
-0.7999898399796801
  20
5.650005080010161
  10
-1.1500025400050802
  20
5.650005080010161
  10
-1.15000254000508
  20
6.2000177800355605
  97
1
  330
2039
  75
0
  76
1
  47
0.4128176842155181
  98
1
  10
34.90568961886538
  20
22.81183545379326
  450
0
  451
0
  460
0
  461
0
  452
1
  462
1
  453
2
  463
0
  63
5
  421
255
  463
1
  63
7
  421
16777215
  470
LINEAR
  1001
ACAD
  1010
0
  1020
0
  1030
0
  0
LWPOLYLINE
  5
2039
  100
AcDbEntity
  8
Top-Paste-Mask-Layer
  100
AcDbPolyline
  90
4
  70
1
  43
0
  10
-0.7999898399796801
  20
6.2000177800355605
  10
-0.7999898399796801
  20
5.650005080010161
  10
-1.1500025400050802
  20
5.650005080010161
  10
-1.15000254000508
  20
6.2000177800355605
  0
HATCH
  5
2046
  100
AcDbEntity
  8
Top-Paste-Mask-Layer
  100
AcDbHatch
  10
0
  20
0
  30
0
  210
0
  220
0
  230
1
  2
SOLID
  70
1
  71
0
  91
1
  92
7
  72
0
  73
1
  93
4
  10
-0.1500025400050799
  20
6.2000177800355605
  10
-0.15000254000507995
  20
5.650005080010161
  10
-0.50001524003048
  20
5.650005080010161
  10
-0.50001524003048
  20
6.2000177800355605
  97
1
  330
2045
  75
0
  76
1
  47
0.4128176842155181
  98
1
  10
34.90568961886538
  20
22.81183545379326
  450
0
  451
0
  460
0
  461
0
  452
1
  462
1
  453
2
  463
0
  63
5
  421
255
  463
1
  63
7
  421
16777215
  470
LINEAR
  1001
ACAD
  1010
0
  1020
0
  1030
0
  0
LWPOLYLINE
  5
2045
  100
AcDbEntity
  8
Top-Paste-Mask-Layer
  100
AcDbPolyline
  90
4
  70
1
  43
0
  10
-0.1500025400050799
  20
6.2000177800355605
  10
-0.15000254000507995
  20
5.650005080010161
  10
-0.50001524003048
  20
5.650005080010161
  10
-0.50001524003048
  20
6.2000177800355605
  0
HATCH
  5
2052
  100
AcDbEntity
  8
Top-Paste-Mask-Layer
  100
AcDbHatch
  10
0
  20
0
  30
0
  210
0
  220
0
  230
1
  2
SOLID
  70
1
  71
0
  91
1
  92
7
  72
0
  73
1
  93
4
  10
-0.6000076200152407
  20
-1.6749911099822203
  10
-0.049994919989840056
  20
-1.6749911099822206
  10
-0.049994919989840285
  20
-2.0250038100076204
  10
-0.6000076200152407
  20
-2.0250038100076204
  97
1
  330
2051
  75
0
  76
1
  47
0.4128176842155181
  98
1
  10
34.90568961886538
  20
22.81183545379326
  450
0
  451
0
  460
0
  461
0
  452
1
  462
1
  453
2
  463
0
  63
5
  421
255
  463
1
  63
7
  421
16777215
  470
LINEAR
  1001
ACAD
  1010
0
  1020
0
  1030
0
  0
LWPOLYLINE
  5
2051
  100
AcDbEntity
  8
Top-Paste-Mask-Layer
  100
AcDbPolyline
  90
4
  70
1
  43
0
  10
-0.6000076200152407
  20
-1.6749911099822203
  10
-0.049994919989840056
  20
-1.6749911099822206
  10
-0.049994919989840285
  20
-2.0250038100076204
  10
-0.6000076200152407
  20
-2.0250038100076204
  0
HATCH
  5
2058
  100
AcDbEntity
  8
Top-Paste-Mask-Layer
  100
AcDbHatch
  10
0
  20
0
  30
0
  210
0
  220
0
  230
1
  2
SOLID
  70
1
  71
0
  91
1
  92
7
  72
0
  73
1
  93
4
  10
-0.60000762001524
  20
-1.02500381000762
  10
-0.049994919989839834
  20
-1.02500381000762
  10
-0.049994919989839945
  20
-1.37501651003302
  10
-0.6000076200152402
  20
-1.3750165100330198
  97
1
  330
2057
  75
0
  76
1
  47
0.4128176842155181
  98
1
  10
34.90568961886538
  20
22.81183545379326
  450
0
  451
0
  460
0
  461
0
  452
1
  462
1
  453
2
  463
0
  63
5
  421
255
  463
1
  63
7
  421
16777215
  470
LINEAR
  1001
ACAD
  1010
0
  1020
0
  1030
0
  0
LWPOLYLINE
  5
2057
  100
AcDbEntity
  8
Top-Paste-Mask-Layer
  100
AcDbPolyline
  90
4
  70
1
  43
0
  10
-0.60000762001524
  20
-1.02500381000762
  10
-0.049994919989839834
  20
-1.02500381000762
  10
-0.049994919989839945
  20
-1.37501651003302
  10
-0.6000076200152402
  20
-1.3750165100330198
  0
HATCH
  5
2064
  100
AcDbEntity
  8
Top-Paste-Mask-Layer
  100
AcDbHatch
  10
0
  20
0
  30
0
  210
0
  220
0
  230
1
  2
SOLID
  70
1
  71
0
  91
1
  92
7
  72
0
  73
1
  93
4
  10
0.47499618999238064
  20
-1.7249911099822202
  10
1.0250088900177803
  20
-1.7249911099822202
  10
1.02500889001778
  20
-2.0750038100076202
  10
0.4749961899923802
  20
-2.0750038100076202
  97
1
  330
2063
  75
0
  76
1
  47
0.4128176842155181
  98
1
  10
34.90568961886538
  20
22.81183545379326
  450
0
  451
0
  460
0
  461
0
  452
1
  462
1
  453
2
  463
0
  63
5
  421
255
  463
1
  63
7
  421
16777215
  470
LINEAR
  1001
ACAD
  1010
0
  1020
0
  1030
0
  0
LWPOLYLINE
  5
2063
  100
AcDbEntity
  8
Top-Paste-Mask-Layer
  100
AcDbPolyline
  90
4
  70
1
  43
0
  10
0.47499618999238064
  20
-1.7249911099822202
  10
1.0250088900177803
  20
-1.7249911099822202
  10
1.02500889001778
  20
-2.0750038100076202
  10
0.4749961899923802
  20
-2.0750038100076202
  0
HATCH
  5
2070
  100
AcDbEntity
  8
Top-Paste-Mask-Layer
  100
AcDbHatch
  10
0
  20
0
  30
0
  210
0
  220
0
  230
1
  2
SOLID
  70
1
  71
0
  91
1
  92
7
  72
0
  73
1
  93
4
  10
0.4749961899923802
  20
-1.0750038100076198
  10
1.0250088900177803
  20
-1.0750038100076198
  10
1.0250088900177803
  20
-1.42501651003302
  10
0.47499618999237997
  20
-1.42501651003302
  97
1
  330
2069
  75
0
  76
1
  47
0.4128176842155181
  98
1
  10
34.90568961886538
  20
22.81183545379326
  450
0
  451
0
  460
0
  461
0
  452
1
  462
1
  453
2
  463
0
  63
5
  421
255
  463
1
  63
7
  421
16777215
  470
LINEAR
  1001
ACAD
  1010
0
  1020
0
  1030
0
  0
LWPOLYLINE
  5
2069
  100
AcDbEntity
  8
Top-Paste-Mask-Layer
  100
AcDbPolyline
  90
4
  70
1
  43
0
  10
0.4749961899923802
  20
-1.0750038100076198
  10
1.0250088900177803
  20
-1.0750038100076198
  10
1.0250088900177803
  20
-1.42501651003302
  10
0.47499618999237997
  20
-1.42501651003302
  0
HATCH
  5
2076
  100
AcDbEntity
  8
Top-Paste-Mask-Layer
  100
AcDbHatch
  10
0
  20
0
  30
0
  210
0
  220
0
  230
1
  2
SOLID
  70
1
  71
0
  91
1
  92
7
  72
0
  73
1
  93
4
  10
-2.8999618999238006
  20
-8.677965455930913
  10
-2.8999618999238006
  20
-7.977965455930913
  10
-2.5999618999238003
  20
-7.977965455930913
  10
-2.5999618999238003
  20
-8.677965455930913
  97
1
  330
2075
  75
0
  76
1
  47
0.4128176842155181
  98
1
  10
34.90568961886538
  20
22.81183545379326
  450
0
  451
0
  460
0
  461
0
  452
1
  462
1
  453
2
  463
0
  63
5
  421
255
  463
1
  63
7
  421
16777215
  470
LINEAR
  1001
ACAD
  1010
0
  1020
0
  1030
0
  0
LWPOLYLINE
  5
2075
  100
AcDbEntity
  8
Top-Paste-Mask-Layer
  100
AcDbPolyline
  90
4
  70
1
  43
0
  10
-2.8999618999238006
  20
-8.677965455930913
  10
-2.8999618999238006
  20
-7.977965455930913
  10
-2.5999618999238003
  20
-7.977965455930913
  10
-2.5999618999238003
  20
-8.677965455930913
  0
HATCH
  5
2082
  100
AcDbEntity
  8
Top-Paste-Mask-Layer
  100
AcDbHatch
  10
0
  20
0
  30
0
  210
0
  220
0
  230
1
  2
SOLID
  70
1
  71
0
  91
1
  92
7
  72
0
  73
1
  93
4
  10
-2.4000889001778005
  20
-8.677965455930913
  10
-2.4000889001778005
  20
-7.977965455930913
  10
-2.1000889001778003
  20
-7.977965455930913
  10
-2.1000889001778003
  20
-8.677965455930913
  97
1
  330
2081
  75
0
  76
1
  47
0.4128176842155181
  98
1
  10
34.90568961886538
  20
22.81183545379326
  450
0
  451
0
  460
0
  461
0
  452
1
  462
1
  453
2
  463
0
  63
5
  421
255
  463
1
  63
7
  421
16777215
  470
LINEAR
  1001
ACAD
  1010
0
  1020
0
  1030
0
  0
LWPOLYLINE
  5
2081
  100
AcDbEntity
  8
Top-Paste-Mask-Layer
  100
AcDbPolyline
  90
4
  70
1
  43
0
  10
-2.4000889001778005
  20
-8.677965455930913
  10
-2.4000889001778005
  20
-7.977965455930913
  10
-2.1000889001778003
  20
-7.977965455930913
  10
-2.1000889001778003
  20
-8.677965455930913
  0
HATCH
  5
2088
  100
AcDbEntity
  8
Top-Paste-Mask-Layer
  100
AcDbHatch
  10
0
  20
0
  30
0
  210
0
  220
0
  230
1
  2
SOLID
  70
1
  71
0
  91
1
  92
7
  72
0
  73
1
  93
4
  10
-1.8999618999238002
  20
-8.677965455930913
  10
-1.8999618999238002
  20
-7.977965455930913
  10
-1.5999618999238
  20
-7.977965455930913
  10
-1.5999618999238
  20
-8.677965455930913
  97
1
  330
2087
  75
0
  76
1
  47
0.4128176842155181
  98
1
  10
34.90568961886538
  20
22.81183545379326
  450
0
  451
0
  460
0
  461
0
  452
1
  462
1
  453
2
  463
0
  63
5
  421
255
  463
1
  63
7
  421
16777215
  470
LINEAR
  1001
ACAD
  1010
0
  1020
0
  1030
0
  0
LWPOLYLINE
  5
2087
  100
AcDbEntity
  8
Top-Paste-Mask-Layer
  100
AcDbPolyline
  90
4
  70
1
  43
0
  10
-1.8999618999238002
  20
-8.677965455930913
  10
-1.8999618999238002
  20
-7.977965455930913
  10
-1.5999618999238
  20
-7.977965455930913
  10
-1.5999618999238
  20
-8.677965455930913
  0
HATCH
  5
2094
  100
AcDbEntity
  8
Top-Paste-Mask-Layer
  100
AcDbHatch
  10
0
  20
0
  30
0
  210
0
  220
0
  230
1
  2
SOLID
  70
1
  71
0
  91
1
  92
7
  72
0
  73
1
  93
4
  10
-1.4000889001778005
  20
-8.677965455930913
  10
-1.4000889001778005
  20
-7.977965455930913
  10
-1.1000889001778003
  20
-7.977965455930913
  10
-1.1000889001778003
  20
-8.677965455930913
  97
1
  330
2093
  75
0
  76
1
  47
0.4128176842155181
  98
1
  10
34.90568961886538
  20
22.81183545379326
  450
0
  451
0
  460
0
  461
0
  452
1
  462
1
  453
2
  463
0
  63
5
  421
255
  463
1
  63
7
  421
16777215
  470
LINEAR
  1001
ACAD
  1010
0
  1020
0
  1030
0
  0
LWPOLYLINE
  5
2093
  100
AcDbEntity
  8
Top-Paste-Mask-Layer
  100
AcDbPolyline
  90
4
  70
1
  43
0
  10
-1.4000889001778005
  20
-8.677965455930913
  10
-1.4000889001778005
  20
-7.977965455930913
  10
-1.1000889001778003
  20
-7.977965455930913
  10
-1.1000889001778003
  20
-8.677965455930913
  0
HATCH
  5
2100
  100
AcDbEntity
  8
Top-Paste-Mask-Layer
  100
AcDbHatch
  10
0
  20
0
  30
0
  210
0
  220
0
  230
1
  2
SOLID
  70
1
  71
0
  91
1
  92
7
  72
0
  73
1
  93
4
  10
-0.8999618999237999
  20
-8.677965455930913
  10
-0.8999618999237999
  20
-7.977965455930913
  10
-0.5999618999237999
  20
-7.977965455930913
  10
-0.5999618999237999
  20
-8.677965455930913
  97
1
  330
2099
  75
0
  76
1
  47
0.4128176842155181
  98
1
  10
34.90568961886538
  20
22.81183545379326
  450
0
  451
0
  460
0
  461
0
  452
1
  462
1
  453
2
  463
0
  63
5
  421
255
  463
1
  63
7
  421
16777215
  470
LINEAR
  1001
ACAD
  1010
0
  1020
0
  1030
0
  0
LWPOLYLINE
  5
2099
  100
AcDbEntity
  8
Top-Paste-Mask-Layer
  100
AcDbPolyline
  90
4
  70
1
  43
0
  10
-0.8999618999237999
  20
-8.677965455930913
  10
-0.8999618999237999
  20
-7.977965455930913
  10
-0.5999618999237999
  20
-7.977965455930913
  10
-0.5999618999237999
  20
-8.677965455930913
  0
HATCH
  5
2106
  100
AcDbEntity
  8
Top-Paste-Mask-Layer
  100
AcDbHatch
  10
0
  20
0
  30
0
  210
0
  220
0
  230
1
  2
SOLID
  70
1
  71
0
  91
1
  92
7
  72
0
  73
1
  93
4
  10
-0.4000889001778004
  20
-8.677965455930913
  10
-0.4000889001778004
  20
-7.977965455930913
  10
-0.10008890017780037
  20
-7.977965455930913
  10
-0.10008890017780037
  20
-8.677965455930913
  97
1
  330
2105
  75
0
  76
1
  47
0.4128176842155181
  98
1
  10
34.90568961886538
  20
22.81183545379326
  450
0
  451
0
  460
0
  461
0
  452
1
  462
1
  453
2
  463
0
  63
5
  421
255
  463
1
  63
7
  421
16777215
  470
LINEAR
  1001
ACAD
  1010
0
  1020
0
  1030
0
  0
LWPOLYLINE
  5
2105
  100
AcDbEntity
  8
Top-Paste-Mask-Layer
  100
AcDbPolyline
  90
4
  70
1
  43
0
  10
-0.4000889001778004
  20
-8.677965455930913
  10
-0.4000889001778004
  20
-7.977965455930913
  10
-0.10008890017780037
  20
-7.977965455930913
  10
-0.10008890017780037
  20
-8.677965455930913
  0
HATCH
  5
2112
  100
AcDbEntity
  8
Top-Paste-Mask-Layer
  100
AcDbHatch
  10
0
  20
0
  30
0
  210
0
  220
0
  230
1
  2
SOLID
  70
1
  71
0
  91
1
  92
7
  72
0
  73
1
  93
4
  10
0.10003810007620015
  20
-8.677965455930913
  10
0.10003810007620015
  20
-7.977965455930913
  10
0.40003810007620016
  20
-7.977965455930913
  10
0.40003810007620016
  20
-8.677965455930913
  97
1
  330
2111
  75
0
  76
1
  47
0.4128176842155181
  98
1
  10
34.90568961886538
  20
22.81183545379326
  450
0
  451
0
  460
0
  461
0
  452
1
  462
1
  453
2
  463
0
  63
5
  421
255
  463
1
  63
7
  421
16777215
  470
LINEAR
  1001
ACAD
  1010
0
  1020
0
  1030
0
  0
LWPOLYLINE
  5
2111
  100
AcDbEntity
  8
Top-Paste-Mask-Layer
  100
AcDbPolyline
  90
4
  70
1
  43
0
  10
0.10003810007620015
  20
-8.677965455930913
  10
0.10003810007620015
  20
-7.977965455930913
  10
0.40003810007620016
  20
-7.977965455930913
  10
0.40003810007620016
  20
-8.677965455930913
  0
HATCH
  5
2118
  100
AcDbEntity
  8
Top-Paste-Mask-Layer
  100
AcDbHatch
  10
0
  20
0
  30
0
  210
0
  220
0
  230
1
  2
SOLID
  70
1
  71
0
  91
1
  92
7
  72
0
  73
1
  93
4
  10
0.5999110998221997
  20
-8.677965455930913
  10
0.5999110998221997
  20
-7.977965455930913
  10
0.8999110998221997
  20
-7.977965455930913
  10
0.8999110998221997
  20
-8.677965455930913
  97
1
  330
2117
  75
0
  76
1
  47
0.4128176842155181
  98
1
  10
34.90568961886538
  20
22.81183545379326
  450
0
  451
0
  460
0
  461
0
  452
1
  462
1
  453
2
  463
0
  63
5
  421
255
  463
1
  63
7
  421
16777215
  470
LINEAR
  1001
ACAD
  1010
0
  1020
0
  1030
0
  0
LWPOLYLINE
  5
2117
  100
AcDbEntity
  8
Top-Paste-Mask-Layer
  100
AcDbPolyline
  90
4
  70
1
  43
0
  10
0.5999110998221997
  20
-8.677965455930913
  10
0.5999110998221997
  20
-7.977965455930913
  10
0.8999110998221997
  20
-7.977965455930913
  10
0.8999110998221997
  20
-8.677965455930913
  0
HATCH
  5
2124
  100
AcDbEntity
  8
Top-Paste-Mask-Layer
  100
AcDbHatch
  10
0
  20
0
  30
0
  210
0
  220
0
  230
1
  2
SOLID
  70
1
  71
0
  91
1
  92
7
  72
0
  73
1
  93
4
  10
1.1000381000762003
  20
-8.677965455930913
  10
1.1000381000762003
  20
-7.977965455930913
  10
1.4000381000762006
  20
-7.977965455930913
  10
1.4000381000762006
  20
-8.677965455930913
  97
1
  330
2123
  75
0
  76
1
  47
0.4128176842155181
  98
1
  10
34.90568961886538
  20
22.81183545379326
  450
0
  451
0
  460
0
  461
0
  452
1
  462
1
  453
2
  463
0
  63
5
  421
255
  463
1
  63
7
  421
16777215
  470
LINEAR
  1001
ACAD
  1010
0
  1020
0
  1030
0
  0
LWPOLYLINE
  5
2123
  100
AcDbEntity
  8
Top-Paste-Mask-Layer
  100
AcDbPolyline
  90
4
  70
1
  43
0
  10
1.1000381000762003
  20
-8.677965455930913
  10
1.1000381000762003
  20
-7.977965455930913
  10
1.4000381000762006
  20
-7.977965455930913
  10
1.4000381000762006
  20
-8.677965455930913
  0
HATCH
  5
2130
  100
AcDbEntity
  8
Top-Paste-Mask-Layer
  100
AcDbHatch
  10
0
  20
0
  30
0
  210
0
  220
0
  230
1
  2
SOLID
  70
1
  71
0
  91
1
  92
7
  72
0
  73
1
  93
4
  10
1.5999110998221997
  20
-8.677965455930913
  10
1.5999110998221997
  20
-7.977965455930913
  10
1.8999110998222
  20
-7.977965455930913
  10
1.8999110998222
  20
-8.677965455930913
  97
1
  330
2129
  75
0
  76
1
  47
0.4128176842155181
  98
1
  10
34.90568961886538
  20
22.81183545379326
  450
0
  451
0
  460
0
  461
0
  452
1
  462
1
  453
2
  463
0
  63
5
  421
255
  463
1
  63
7
  421
16777215
  470
LINEAR
  1001
ACAD
  1010
0
  1020
0
  1030
0
  0
LWPOLYLINE
  5
2129
  100
AcDbEntity
  8
Top-Paste-Mask-Layer
  100
AcDbPolyline
  90
4
  70
1
  43
0
  10
1.5999110998221997
  20
-8.677965455930913
  10
1.5999110998221997
  20
-7.977965455930913
  10
1.8999110998222
  20
-7.977965455930913
  10
1.8999110998222
  20
-8.677965455930913
  0
HATCH
  5
2136
  100
AcDbEntity
  8
Top-Paste-Mask-Layer
  100
AcDbHatch
  10
0
  20
0
  30
0
  210
0
  220
0
  230
1
  2
SOLID
  70
1
  71
0
  91
1
  92
7
  72
0
  73
1
  93
4
  10
2.1000381000762003
  20
-8.677965455930913
  10
2.1000381000762003
  20
-7.977965455930913
  10
2.4000381000762006
  20
-7.977965455930913
  10
2.4000381000762006
  20
-8.677965455930913
  97
1
  330
2135
  75
0
  76
1
  47
0.4128176842155181
  98
1
  10
34.90568961886538
  20
22.81183545379326
  450
0
  451
0
  460
0
  461
0
  452
1
  462
1
  453
2
  463
0
  63
5
  421
255
  463
1
  63
7
  421
16777215
  470
LINEAR
  1001
ACAD
  1010
0
  1020
0
  1030
0
  0
LWPOLYLINE
  5
2135
  100
AcDbEntity
  8
Top-Paste-Mask-Layer
  100
AcDbPolyline
  90
4
  70
1
  43
0
  10
2.1000381000762003
  20
-8.677965455930913
  10
2.1000381000762003
  20
-7.977965455930913
  10
2.4000381000762006
  20
-7.977965455930913
  10
2.4000381000762006
  20
-8.677965455930913
  0
HATCH
  5
2142
  100
AcDbEntity
  8
Top-Paste-Mask-Layer
  100
AcDbHatch
  10
0
  20
0
  30
0
  210
0
  220
0
  230
1
  2
SOLID
  70
1
  71
0
  91
1
  92
7
  72
0
  73
1
  93
4
  10
2.5999110998222
  20
-8.677965455930913
  10
2.5999110998222
  20
-7.977965455930913
  10
2.8999110998222
  20
-7.977965455930913
  10
2.8999110998222
  20
-8.677965455930913
  97
1
  330
2141
  75
0
  76
1
  47
0.4128176842155181
  98
1
  10
34.90568961886538
  20
22.81183545379326
  450
0
  451
0
  460
0
  461
0
  452
1
  462
1
  453
2
  463
0
  63
5
  421
255
  463
1
  63
7
  421
16777215
  470
LINEAR
  1001
ACAD
  1010
0
  1020
0
  1030
0
  0
LWPOLYLINE
  5
2141
  100
AcDbEntity
  8
Top-Paste-Mask-Layer
  100
AcDbPolyline
  90
4
  70
1
  43
0
  10
2.5999110998222
  20
-8.677965455930913
  10
2.5999110998222
  20
-7.977965455930913
  10
2.8999110998222
  20
-7.977965455930913
  10
2.8999110998222
  20
-8.677965455930913
  0
HATCH
  5
2148
  100
AcDbEntity
  8
Top-Paste-Mask-Layer
  100
AcDbHatch
  10
0
  20
0
  30
0
  210
0
  220
0
  230
1
  2
SOLID
  70
1
  71
0
  91
1
  92
7
  72
0
  73
1
  93
4
  10
3.7249428498857005
  20
-11.875666751333505
  10
3.7249428498857005
  20
-10.075666751333502
  10
5.524942849885701
  20
-10.075666751333502
  10
5.524942849885701
  20
-11.875666751333505
  97
1
  330
2147
  75
0
  76
1
  47
0.4128176842155181
  98
1
  10
34.90568961886538
  20
22.81183545379326
  450
0
  451
0
  460
0
  461
0
  452
1
  462
1
  453
2
  463
0
  63
5
  421
255
  463
1
  63
7
  421
16777215
  470
LINEAR
  1001
ACAD
  1010
0
  1020
0
  1030
0
  0
LWPOLYLINE
  5
2147
  100
AcDbEntity
  8
Top-Paste-Mask-Layer
  100
AcDbPolyline
  90
4
  70
1
  43
0
  10
3.7249428498857005
  20
-11.875666751333505
  10
3.7249428498857005
  20
-10.075666751333502
  10
5.524942849885701
  20
-10.075666751333502
  10
5.524942849885701
  20
-11.875666751333505
  0
HATCH
  5
2154
  100
AcDbEntity
  8
Top-Paste-Mask-Layer
  100
AcDbHatch
  10
0
  20
0
  30
0
  210
0
  220
0
  230
1
  2
SOLID
  70
1
  71
0
  91
1
  92
7
  72
0
  73
1
  93
4
  10
-3.724993649987301
  20
-10.075920751841505
  10
-3.7249936499873018
  20
-11.875920751841507
  10
-5.524993649987302
  20
-11.875920751841507
  10
-5.524993649987302
  20
-10.075920751841505
  97
1
  330
2153
  75
0
  76
1
  47
0.4128176842155181
  98
1
  10
34.90568961886538
  20
22.81183545379326
  450
0
  451
0
  460
0
  461
0
  452
1
  462
1
  453
2
  463
0
  63
5
  421
255
  463
1
  63
7
  421
16777215
  470
LINEAR
  1001
ACAD
  1010
0
  1020
0
  1030
0
  0
LWPOLYLINE
  5
2153
  100
AcDbEntity
  8
Top-Paste-Mask-Layer
  100
AcDbPolyline
  90
4
  70
1
  43
0
  10
-3.724993649987301
  20
-10.075920751841505
  10
-3.7249936499873018
  20
-11.875920751841507
  10
-5.524993649987302
  20
-11.875920751841507
  10
-5.524993649987302
  20
-10.075920751841505
  0
HATCH
  5
2160
  100
AcDbEntity
  8
Top-Paste-Mask-Layer
  100
AcDbHatch
  10
0
  20
0
  30
0
  210
0
  220
0
  230
1
  2
SOLID
  70
1
  71
0
  91
1
  92
7
  72
0
  73
1
  93
4
  10
-3.755319451675687
  20
4.737322621076167
  10
-3.29569106363035
  20
4.27769423303083
  10
-3.8613764885795887
  20
3.712008808081592
  10
-4.321004876624926
  20
4.171637196126929
  97
1
  330
2159
  75
0
  76
1
  47
0.4128176842155181
  98
1
  10
34.90568961886538
  20
22.81183545379326
  450
0
  451
0
  460
0
  461
0
  452
1
  462
1
  453
2
  463
0
  63
5
  421
255
  463
1
  63
7
  421
16777215
  470
LINEAR
  1001
ACAD
  1010
0
  1020
0
  1030
0
  0
LWPOLYLINE
  5
2159
  100
AcDbEntity
  8
Top-Paste-Mask-Layer
  100
AcDbPolyline
  90
4
  70
1
  43
0
  10
-3.755319451675687
  20
4.737322621076167
  10
-3.29569106363035
  20
4.27769423303083
  10
-3.8613764885795887
  20
3.712008808081592
  10
-4.321004876624926
  20
4.171637196126929
  0
HATCH
  5
2166
  100
AcDbEntity
  8
Top-Paste-Mask-Layer
  100
AcDbHatch
  10
0
  20
0
  30
0
  210
0
  220
0
  230
1
  2
SOLID
  70
1
  71
0
  91
1
  92
7
  72
0
  73
1
  93
4
  10
-4.573442177114006
  20
5.628986607023665
  10
-4.113813789068669
  20
5.169358218978328
  10
-4.679499214017906
  20
4.603672794029089
  10
-5.139127602063245
  20
5.063301182074427
  97
1
  330
2165
  75
0
  76
1
  47
0.4128176842155181
  98
1
  10
34.90568961886538
  20
22.81183545379326
  450
0
  451
0
  460
0
  461
0
  452
1
  462
1
  453
2
  463
0
  63
5
  421
255
  463
1
  63
7
  421
16777215
  470
LINEAR
  1001
ACAD
  1010
0
  1020
0
  1030
0
  0
LWPOLYLINE
  5
2165
  100
AcDbEntity
  8
Top-Paste-Mask-Layer
  100
AcDbPolyline
  90
4
  70
1
  43
0
  10
-4.573442177114006
  20
5.628986607023665
  10
-4.113813789068669
  20
5.169358218978328
  10
-4.679499214017906
  20
4.603672794029089
  10
-5.139127602063245
  20
5.063301182074427
  0
HATCH
  5
2172
  100
AcDbEntity
  8
Top-Paste-Mask-Layer
  100
AcDbHatch
  10
0
  20
0
  30
0
  210
0
  220
0
  230
1
  2
SOLID
  70
1
  71
0
  91
1
  92
7
  72
0
  73
1
  93
4
  10
-5.713301182074428
  20
4.507512019163132
  10
-5.25367279402909
  20
4.047883631117794
  10
-5.819358218978328
  20
3.482198206168556
  10
-6.278986607023666
  20
3.9418265942138935
  97
1
  330
2171
  75
0
  76
1
  47
0.4128176842155181
  98
1
  10
34.90568961886538
  20
22.81183545379326
  450
0
  451
0
  460
0
  461
0
  452
1
  462
1
  453
2
  463
0
  63
5
  421
255
  463
1
  63
7
  421
16777215
  470
LINEAR
  1001
ACAD
  1010
0
  1020
0
  1030
0
  0
LWPOLYLINE
  5
2171
  100
AcDbEntity
  8
Top-Paste-Mask-Layer
  100
AcDbPolyline
  90
4
  70
1
  43
0
  10
-5.713301182074428
  20
4.507512019163132
  10
-5.25367279402909
  20
4.047883631117794
  10
-5.819358218978328
  20
3.482198206168556
  10
-6.278986607023666
  20
3.9418265942138935
  0
HATCH
  5
2178
  100
AcDbEntity
  8
Top-Paste-Mask-Layer
  100
AcDbHatch
  10
0
  20
0
  30
0
  210
0
  220
0
  230
1
  2
SOLID
  70
1
  71
0
  91
1
  92
7
  72
0
  73
1
  93
4
  10
-4.821637196126928
  20
3.6710048766249272
  10
-4.36200880808159
  20
3.2113764885795892
  10
-4.927694233030828
  20
2.6456910636303514
  10
-5.387322621076166
  20
3.1053194516756895
  97
1
  330
2177
  75
0
  76
1
  47
0.4128176842155181
  98
1
  10
34.90568961886538
  20
22.81183545379326
  450
0
  451
0
  460
0
  461
0
  452
1
  462
1
  453
2
  463
0
  63
5
  421
255
  463
1
  63
7
  421
16777215
  470
LINEAR
  1001
ACAD
  1010
0
  1020
0
  1030
0
  0
LWPOLYLINE
  5
2177
  100
AcDbEntity
  8
Top-Paste-Mask-Layer
  100
AcDbPolyline
  90
4
  70
1
  43
0
  10
-4.821637196126928
  20
3.6710048766249272
  10
-4.36200880808159
  20
3.2113764885795892
  10
-4.927694233030828
  20
2.6456910636303514
  10
-5.387322621076166
  20
3.1053194516756895
  0
HATCH
  5
2184
  100
AcDbEntity
  8
Top-Paste-Mask-Layer
  100
AcDbHatch
  10
0
  20
0
  30
0
  210
0
  220
0
  230
1
  2
SOLID
  70
1
  71
0
  91
1
  92
7
  72
0
  73
1
  93
4
  10
5.206527599486124
  20
2.8102724615817087
  10
4.746899211440787
  20
2.3506440735363707
  10
4.181213786491547
  20
2.9163294984856085
  10
4.6408421745368855
  20
3.3759578865309465
  97
1
  330
2183
  75
0
  76
1
  47
0.4128176842155181
  98
1
  10
34.90568961886538
  20
22.81183545379326
  450
0
  451
0
  460
0
  461
0
  452
1
  462
1
  453
2
  463
0
  63
5
  421
255
  463
1
  63
7
  421
16777215
  470
LINEAR
  1001
ACAD
  1010
0
  1020
0
  1030
0
  0
LWPOLYLINE
  5
2183
  100
AcDbEntity
  8
Top-Paste-Mask-Layer
  100
AcDbPolyline
  90
4
  70
1
  43
0
  10
5.206527599486124
  20
2.8102724615817087
  10
4.746899211440787
  20
2.3506440735363707
  10
4.181213786491547
  20
2.9163294984856085
  10
4.6408421745368855
  20
3.3759578865309465
  0
HATCH
  5
2190
  100
AcDbEntity
  8
Top-Paste-Mask-Layer
  100
AcDbHatch
  10
0
  20
0
  30
0
  210
0
  220
0
  230
1
  2
SOLID
  70
1
  71
0
  91
1
  92
7
  72
0
  73
1
  93
4
  10
6.098191585433623
  20
3.6283951870200255
  10
5.638563197388285
  20
3.1687667989746875
  10
5.072877772439048
  20
3.7344522239239257
  10
5.5325061604843855
  20
4.194080611969263
  97
1
  330
2189
  75
0
  76
1
  47
0.4128176842155181
  98
1
  10
34.90568961886538
  20
22.81183545379326
  450
0
  451
0
  460
0
  461
0
  452
1
  462
1
  453
2
  463
0
  63
5
  421
255
  463
1
  63
7
  421
16777215
  470
LINEAR
  1001
ACAD
  1010
0
  1020
0
  1030
0
  0
LWPOLYLINE
  5
2189
  100
AcDbEntity
  8
Top-Paste-Mask-Layer
  100
AcDbPolyline
  90
4
  70
1
  43
0
  10
6.098191585433623
  20
3.6283951870200255
  10
5.638563197388285
  20
3.1687667989746875
  10
5.072877772439048
  20
3.7344522239239257
  10
5.5325061604843855
  20
4.194080611969263
  0
HATCH
  5
2196
  100
AcDbEntity
  8
Top-Paste-Mask-Layer
  100
AcDbHatch
  10
0
  20
0
  30
0
  210
0
  220
0
  230
1
  2
SOLID
  70
1
  71
0
  91
1
  92
7
  72
0
  73
1
  93
4
  10
4.976716997573089
  20
4.768254191980446
  10
4.517088609527751
  20
4.308625803935109
  10
3.951403184578512
  20
4.874311228884346
  10
4.411031572623849
  20
5.333939616929683
  97
1
  330
2195
  75
0
  76
1
  47
0.4128176842155181
  98
1
  10
34.90568961886538
  20
22.81183545379326
  450
0
  451
0
  460
0
  461
0
  452
1
  462
1
  453
2
  463
0
  63
5
  421
255
  463
1
  63
7
  421
16777215
  470
LINEAR
  1001
ACAD
  1010
0
  1020
0
  1030
0
  0
LWPOLYLINE
  5
2195
  100
AcDbEntity
  8
Top-Paste-Mask-Layer
  100
AcDbPolyline
  90
4
  70
1
  43
0
  10
4.976716997573089
  20
4.768254191980446
  10
4.517088609527751
  20
4.308625803935109
  10
3.951403184578512
  20
4.874311228884346
  10
4.411031572623849
  20
5.333939616929683
  0
HATCH
  5
2202
  100
AcDbEntity
  8
Top-Paste-Mask-Layer
  100
AcDbHatch
  10
0
  20
0
  30
0
  210
0
  220
0
  230
1
  2
SOLID
  70
1
  71
0
  91
1
  92
7
  72
0
  73
1
  93
4
  10
4.140209855034884
  20
3.8765902060329487
  10
3.680581466989547
  20
3.416961817987611
  10
3.1148960420403085
  20
3.9826472429368494
  10
3.574524430085646
  20
4.442275630982187
  97
1
  330
2201
  75
0
  76
1
  47
0.4128176842155181
  98
1
  10
34.90568961886538
  20
22.81183545379326
  450
0
  451
0
  460
0
  461
0
  452
1
  462
1
  453
2
  463
0
  63
5
  421
255
  463
1
  63
7
  421
16777215
  470
LINEAR
  1001
ACAD
  1010
0
  1020
0
  1030
0
  0
LWPOLYLINE
  5
2201
  100
AcDbEntity
  8
Top-Paste-Mask-Layer
  100
AcDbPolyline
  90
4
  70
1
  43
0
  10
4.140209855034884
  20
3.8765902060329487
  10
3.680581466989547
  20
3.416961817987611
  10
3.1148960420403085
  20
3.9826472429368494
  10
3.574524430085646
  20
4.442275630982187
  0
HATCH
  5
2208
  100
AcDbEntity
  8
Top-Paste-Mask-Layer
  100
AcDbHatch
  10
0
  20
0
  30
0
  210
0
  220
0
  230
1
  2
SOLID
  70
1
  71
0
  91
1
  92
7
  72
0
  73
1
  93
4
  10
4.00531945167569
  20
-3.512318811068547
  10
3.545691063630352
  20
-3.052690423023209
  10
4.111376488579589
  20
-2.487004998073971
  10
4.571004876624927
  20
-2.9466333861193084
  97
1
  330
2207
  75
0
  76
1
  47
0.4128176842155181
  98
1
  10
34.90568961886538
  20
22.81183545379326
  450
0
  451
0
  460
0
  461
0
  452
1
  462
1
  453
2
  463
0
  63
5
  421
255
  463
1
  63
7
  421
16777215
  470
LINEAR
  1001
ACAD
  1010
0
  1020
0
  1030
0
  0
LWPOLYLINE
  5
2207
  100
AcDbEntity
  8
Top-Paste-Mask-Layer
  100
AcDbPolyline
  90
4
  70
1
  43
0
  10
4.00531945167569
  20
-3.512318811068547
  10
3.545691063630352
  20
-3.052690423023209
  10
4.111376488579589
  20
-2.487004998073971
  10
4.571004876624927
  20
-2.9466333861193084
  0
HATCH
  5
2214
  100
AcDbEntity
  8
Top-Paste-Mask-Layer
  100
AcDbHatch
  10
0
  20
0
  30
0
  210
0
  220
0
  230
1
  2
SOLID
  70
1
  71
0
  91
1
  92
7
  72
0
  73
1
  93
4
  10
4.823442177114006
  20
-4.403982797016044
  10
4.363813789068669
  20
-3.9443544089707063
  10
4.929499214017907
  20
-3.3786689840214685
  10
5.389127602063245
  20
-3.838297372066806
  97
1
  330
2213
  75
0
  76
1
  47
0.4128176842155181
  98
1
  10
34.90568961886538
  20
22.81183545379326
  450
0
  451
0
  460
0
  461
0
  452
1
  462
1
  453
2
  463
0
  63
5
  421
255
  463
1
  63
7
  421
16777215
  470
LINEAR
  1001
ACAD
  1010
0
  1020
0
  1030
0
  0
LWPOLYLINE
  5
2213
  100
AcDbEntity
  8
Top-Paste-Mask-Layer
  100
AcDbPolyline
  90
4
  70
1
  43
0
  10
4.823442177114006
  20
-4.403982797016044
  10
4.363813789068669
  20
-3.9443544089707063
  10
4.929499214017907
  20
-3.3786689840214685
  10
5.389127602063245
  20
-3.838297372066806
  0
HATCH
  5
2220
  100
AcDbEntity
  8
Top-Paste-Mask-Layer
  100
AcDbHatch
  10
0
  20
0
  30
0
  210
0
  220
0
  230
1
  2
SOLID
  70
1
  71
0
  91
1
  92
7
  72
0
  73
1
  93
4
  10
5.963301182074428
  20
-3.282508209155512
  10
5.50367279402909
  20
-2.822879821110174
  10
6.069358218978328
  20
-2.2571943961609358
  10
6.528986607023667
  20
-2.7168227842062738
  97
1
  330
2219
  75
0
  76
1
  47
0.4128176842155181
  98
1
  10
34.90568961886538
  20
22.81183545379326
  450
0
  451
0
  460
0
  461
0
  452
1
  462
1
  453
2
  463
0
  63
5
  421
255
  463
1
  63
7
  421
16777215
  470
LINEAR
  1001
ACAD
  1010
0
  1020
0
  1030
0
  0
LWPOLYLINE
  5
2219
  100
AcDbEntity
  8
Top-Paste-Mask-Layer
  100
AcDbPolyline
  90
4
  70
1
  43
0
  10
5.963301182074428
  20
-3.282508209155512
  10
5.50367279402909
  20
-2.822879821110174
  10
6.069358218978328
  20
-2.2571943961609358
  10
6.528986607023667
  20
-2.7168227842062738
  0
HATCH
  5
2226
  100
AcDbEntity
  8
Top-Paste-Mask-Layer
  100
AcDbHatch
  10
0
  20
0
  30
0
  210
0
  220
0
  230
1
  2
SOLID
  70
1
  71
0
  91
1
  92
7
  72
0
  73
1
  93
4
  10
5.07163719612693
  20
-2.446001066617307
  10
4.612008808081592
  20
-1.9863726785719693
  10
5.177694233030831
  20
-1.4206872536227313
  10
5.637322621076169
  20
-1.8803156416680693
  97
1
  330
2225
  75
0
  76
1
  47
0.4128176842155181
  98
1
  10
34.90568961886538
  20
22.81183545379326
  450
0
  451
0
  460
0
  461
0
  452
1
  462
1
  453
2
  463
0
  63
5
  421
255
  463
1
  63
7
  421
16777215
  470
LINEAR
  1001
ACAD
  1010
0
  1020
0
  1030
0
  0
LWPOLYLINE
  5
2225
  100
AcDbEntity
  8
Top-Paste-Mask-Layer
  100
AcDbPolyline
  90
4
  70
1
  43
0
  10
5.07163719612693
  20
-2.446001066617307
  10
4.612008808081592
  20
-1.9863726785719693
  10
5.177694233030831
  20
-1.4206872536227313
  10
5.637322621076169
  20
-1.8803156416680693
  0
HATCH
  5
2424
  100
AcDbEntity
  8
Top-Paste-Mask-Layer
  100
AcDbHatch
  10
0
  20
0
  30
0
  210
0
  220
0
  230
1
  2
SOLID
  70
1
  71
0
  91
1
  92
7
  72
0
  73
1
  93
4
  10
-1.7499974599949202
  20
-2.6749911099822197
  10
-1.7499974599949202
  20
-3.2250038100076206
  10
-2.1000101600203203
  20
-3.22500381000762
  10
-2.1000101600203203
  20
-2.6749911099822192
  97
1
  330
2423
  75
0
  76
1
  47
0.4128176842155181
  98
1
  10
34.90568961886538
  20
22.81183545379326
  450
0
  451
0
  460
0
  461
0
  452
1
  462
1
  453
2
  463
0
  63
5
  421
255
  463
1
  63
7
  421
16777215
  470
LINEAR
  1001
ACAD
  1010
0
  1020
0
  1030
0
  0
LWPOLYLINE
  5
2423
  100
AcDbEntity
  8
Top-Paste-Mask-Layer
  100
AcDbPolyline
  90
4
  70
1
  43
0
  10
-1.7499974599949202
  20
-2.6749911099822197
  10
-1.7499974599949202
  20
-3.2250038100076206
  10
-2.1000101600203203
  20
-3.22500381000762
  10
-2.1000101600203203
  20
-2.6749911099822192
  0
HATCH
  5
2430
  100
AcDbEntity
  8
Top-Paste-Mask-Layer
  100
AcDbHatch
  10
0
  20
0
  30
0
  210
0
  220
0
  230
1
  2
SOLID
  70
1
  71
0
  91
1
  92
7
  72
0
  73
1
  93
4
  10
-1.1000101600203203
  20
-2.67499110998222
  10
-1.1000101600203205
  20
-3.225003810007621
  10
-1.4500228600457206
  20
-3.225003810007621
  10
-1.4500228600457203
  20
-2.67499110998222
  97
1
  330
2429
  75
0
  76
1
  47
0.4128176842155181
  98
1
  10
34.90568961886538
  20
22.81183545379326
  450
0
  451
0
  460
0
  461
0
  452
1
  462
1
  453
2
  463
0
  63
5
  421
255
  463
1
  63
7
  421
16777215
  470
LINEAR
  1001
ACAD
  1010
0
  1020
0
  1030
0
  0
LWPOLYLINE
  5
2429
  100
AcDbEntity
  8
Top-Paste-Mask-Layer
  100
AcDbPolyline
  90
4
  70
1
  43
0
  10
-1.1000101600203203
  20
-2.67499110998222
  10
-1.1000101600203205
  20
-3.225003810007621
  10
-1.4500228600457206
  20
-3.225003810007621
  10
-1.4500228600457203
  20
-2.67499110998222
  0
HATCH
  5
2444
  100
AcDbEntity
  8
Top-Paste-Mask-Layer
  100
AcDbHatch
  10
0
  20
0
  30
0
  210
0
  220
0
  230
1
  2
SOLID
  70
1
  71
0
  91
1
  92
7
  72
0
  73
1
  93
4
  10
-5.587322621076167
  20
-2.4553169116706095
  10
-5.127694233030829
  20
-1.995688523625272
  10
-4.5620088080815915
  20
-2.5613739485745097
  10
-5.021637196126929
  20
-3.0210023366198473
  97
1
  330
2443
  75
0
  76
1
  47
0.4128176842155181
  98
1
  10
34.90568961886538
  20
22.81183545379326
  450
0
  451
0
  460
0
  461
0
  452
1
  462
1
  453
2
  463
0
  63
5
  421
255
  463
1
  63
7
  421
16777215
  470
LINEAR
  1001
ACAD
  1010
0
  1020
0
  1030
0
  0
LWPOLYLINE
  5
2443
  100
AcDbEntity
  8
Top-Paste-Mask-Layer
  100
AcDbPolyline
  90
4
  70
1
  43
0
  10
-5.587322621076167
  20
-2.4553169116706095
  10
-5.127694233030829
  20
-1.995688523625272
  10
-4.5620088080815915
  20
-2.5613739485745097
  10
-5.021637196126929
  20
-3.0210023366198473
  0
HATCH
  5
2450
  100
AcDbEntity
  8
Top-Paste-Mask-Layer
  100
AcDbHatch
  10
0
  20
0
  30
0
  210
0
  220
0
  230
1
  2
SOLID
  70
1
  71
0
  91
1
  92
7
  72
0
  73
1
  93
4
  10
-6.478986607023665
  20
-3.2734396371089267
  10
-6.0193582189783275
  20
-2.813811249063589
  10
-5.453672794029089
  20
-3.379496674012827
  10
-5.913301182074426
  20
-3.8391250620581645
  97
1
  330
2449
  75
0
  76
1
  47
0.4128176842155181
  98
1
  10
34.90568961886538
  20
22.81183545379326
  450
0
  451
0
  460
0
  461
0
  452
1
  462
1
  453
2
  463
0
  63
5
  421
255
  463
1
  63
7
  421
16777215
  470
LINEAR
  1001
ACAD
  1010
0
  1020
0
  1030
0
  0
LWPOLYLINE
  5
2449
  100
AcDbEntity
  8
Top-Paste-Mask-Layer
  100
AcDbPolyline
  90
4
  70
1
  43
0
  10
-6.478986607023665
  20
-3.2734396371089267
  10
-6.0193582189783275
  20
-2.813811249063589
  10
-5.453672794029089
  20
-3.379496674012827
  10
-5.913301182074426
  20
-3.8391250620581645
  0
HATCH
  5
2456
  100
AcDbEntity
  8
Top-Paste-Mask-Layer
  100
AcDbHatch
  10
0
  20
0
  30
0
  210
0
  220
0
  230
1
  2
SOLID
  70
1
  71
0
  91
1
  92
7
  72
0
  73
1
  93
4
  10
-5.357512019163131
  20
-4.413298642069348
  10
-4.897883631117794
  20
-3.9536702540240105
  10
-4.332198206168556
  20
-4.519355678973248
  10
-4.791826594213894
  20
-4.978984067018586
  97
1
  330
2455
  75
0
  76
1
  47
0.4128176842155181
  98
1
  10
34.90568961886538
  20
22.81183545379326
  450
0
  451
0
  460
0
  461
0
  452
1
  462
1
  453
2
  463
0
  63
5
  421
255
  463
1
  63
7
  421
16777215
  470
LINEAR
  1001
ACAD
  1010
0
  1020
0
  1030
0
  0
LWPOLYLINE
  5
2455
  100
AcDbEntity
  8
Top-Paste-Mask-Layer
  100
AcDbPolyline
  90
4
  70
1
  43
0
  10
-5.357512019163131
  20
-4.413298642069348
  10
-4.897883631117794
  20
-3.9536702540240105
  10
-4.332198206168556
  20
-4.519355678973248
  10
-4.791826594213894
  20
-4.978984067018586
  0
HATCH
  5
2462
  100
AcDbEntity
  8
Top-Paste-Mask-Layer
  100
AcDbHatch
  10
0
  20
0
  30
0
  210
0
  220
0
  230
1
  2
SOLID
  70
1
  71
0
  91
1
  92
7
  72
0
  73
1
  93
4
  10
-4.521004876624928
  20
-3.5216346561218494
  10
-4.061376488579589
  20
-3.0620062680765114
  10
-3.4956910636303515
  20
-3.62769169302575
  10
-3.955319451675689
  20
-4.087320081071089
  97
1
  330
2461
  75
0
  76
1
  47
0.4128176842155181
  98
1
  10
34.90568961886538
  20
22.81183545379326
  450
0
  451
0
  460
0
  461
0
  452
1
  462
1
  453
2
  463
0
  63
5
  421
255
  463
1
  63
7
  421
16777215
  470
LINEAR
  1001
ACAD
  1010
0
  1020
0
  1030
0
  0
LWPOLYLINE
  5
2461
  100
AcDbEntity
  8
Top-Paste-Mask-Layer
  100
AcDbPolyline
  90
4
  70
1
  43
0
  10
-4.521004876624928
  20
-3.5216346561218494
  10
-4.061376488579589
  20
-3.0620062680765114
  10
-3.4956910636303515
  20
-3.62769169302575
  10
-3.955319451675689
  20
-4.087320081071089
  0
HATCH
  5
2492
  100
AcDbEntity
  8
Top-Paste-Mask-Layer
  100
AcDbHatch
  10
0
  20
0
  30
0
  210
0
  220
0
  230
1
  2
SOLID
  70
1
  71
0
  91
1
  92
7
  72
0
  73
1
  93
4
  10
0.05001270002540008
  20
0.6750063500127002
  10
0.05001270002540002
  20
0.12499364998730005
  10
-0.3000000000000001
  20
0.12499364998730005
  10
-0.3
  20
0.6750063500127002
  97
1
  330
2491
  75
0
  76
1
  47
0.4128176842155181
  98
1
  10
34.90568961886538
  20
22.81183545379326
  450
0
  451
0
  460
0
  461
0
  452
1
  462
1
  453
2
  463
0
  63
5
  421
255
  463
1
  63
7
  421
16777215
  470
LINEAR
  1001
ACAD
  1010
0
  1020
0
  1030
0
  0
LWPOLYLINE
  5
2491
  100
AcDbEntity
  8
Top-Paste-Mask-Layer
  100
AcDbPolyline
  90
4
  70
1
  43
0
  10
0.05001270002540008
  20
0.6750063500127002
  10
0.05001270002540002
  20
0.12499364998730005
  10
-0.3000000000000001
  20
0.12499364998730005
  10
-0.3
  20
0.6750063500127002
  0
HATCH
  5
2498
  100
AcDbEntity
  8
Top-Paste-Mask-Layer
  100
AcDbHatch
  10
0
  20
0
  30
0
  210
0
  220
0
  230
1
  2
SOLID
  70
1
  71
0
  91
1
  92
7
  72
0
  73
1
  93
4
  10
0.7000000000000001
  20
0.6750063500127
  10
0.7
  20
0.12499364998729993
  10
0.3499872999745999
  20
0.12499364998730005
  10
0.3499872999746
  20
0.6750063500127002
  97
1
  330
2497
  75
0
  76
1
  47
0.4128176842155181
  98
1
  10
34.90568961886538
  20
22.81183545379326
  450
0
  451
0
  460
0
  461
0
  452
1
  462
1
  453
2
  463
0
  63
5
  421
255
  463
1
  63
7
  421
16777215
  470
LINEAR
  1001
ACAD
  1010
0
  1020
0
  1030
0
  0
LWPOLYLINE
  5
2497
  100
AcDbEntity
  8
Top-Paste-Mask-Layer
  100
AcDbPolyline
  90
4
  70
1
  43
0
  10
0.7000000000000001
  20
0.6750063500127
  10
0.7
  20
0.12499364998729993
  10
0.3499872999745999
  20
0.12499364998730005
  10
0.3499872999746
  20
0.6750063500127002
  0
HATCH
  5
2504
  100
AcDbEntity
  8
Top-Paste-Mask-Layer
  100
AcDbHatch
  10
0
  20
0
  30
0
  210
0
  220
0
  230
1
  2
SOLID
  70
1
  71
0
  91
1
  92
7
  72
0
  73
1
  93
4
  10
0.10488442976885967
  20
1.8200050800101601
  10
0.10488442976885962
  20
1.2800000000000002
  10
-0.39511557023114047
  20
1.2800000000000002
  10
-0.39511557023114036
  20
1.8200050800101601
  97
1
  330
2503
  75
0
  76
1
  47
0.4128176842155181
  98
1
  10
34.90568961886538
  20
22.81183545379326
  450
0
  451
0
  460
0
  461
0
  452
1
  462
1
  453
2
  463
0
  63
5
  421
255
  463
1
  63
7
  421
16777215
  470
LINEAR
  1001
ACAD
  1010
0
  1020
0
  1030
0
  0
LWPOLYLINE
  5
2503
  100
AcDbEntity
  8
Top-Paste-Mask-Layer
  100
AcDbPolyline
  90
4
  70
1
  43
0
  10
0.10488442976885967
  20
1.8200050800101601
  10
0.10488442976885962
  20
1.2800000000000002
  10
-0.39511557023114047
  20
1.2800000000000002
  10
-0.39511557023114036
  20
1.8200050800101601
  0
HATCH
  5
2510
  100
AcDbEntity
  8
Top-Paste-Mask-Layer
  100
AcDbHatch
  10
0
  20
0
  30
0
  210
0
  220
0
  230
1
  2
SOLID
  70
1
  71
0
  91
1
  92
7
  72
0
  73
1
  93
4
  10
0.9451181102362206
  20
1.8200050800101601
  10
0.9451181102362205
  20
1.2800000000000002
  10
0.4451181102362205
  20
1.2800000000000005
  10
0.4451181102362206
  20
1.8200050800101604
  97
1
  330
2509
  75
0
  76
1
  47
0.4128176842155181
  98
1
  10
34.90568961886538
  20
22.81183545379326
  450
0
  451
0
  460
0
  461
0
  452
1
  462
1
  453
2
  463
0
  63
5
  421
255
  463
1
  63
7
  421
16777215
  470
LINEAR
  1001
ACAD
  1010
0
  1020
0
  1030
0
  0
LWPOLYLINE
  5
2509
  100
AcDbEntity
  8
Top-Paste-Mask-Layer
  100
AcDbPolyline
  90
4
  70
1
  43
0
  10
0.9451181102362206
  20
1.8200050800101601
  10
0.9451181102362205
  20
1.2800000000000002
  10
0.4451181102362205
  20
1.2800000000000005
  10
0.4451181102362206
  20
1.8200050800101604
  0
HATCH
  5
2755
  100
AcDbEntity
  8
Top-Paste-Mask-Layer
  100
AcDbHatch
  10
0
  20
0
  30
0
  210
0
  220
0
  230
1
  2
SOLID
  70
1
  71
0
  91
1
  92
7
  72
0
  73
1
  93
8
  10
-1.6650012700025403
  20
1.3450063500127
  10
-1.6650012700025403
  20
1.8050012700025402
  10
-1.6249961899923802
  20
1.8450063500127003
  10
-1.1243611887223777
  20
1.8450063500127003
  10
-1.0843561087122178
  20
1.8050012700025402
  10
-1.0843561087122178
  20
1.3450063500127
  10
-1.1243611887223777
  20
1.30500127000254
  10
-1.6249961899923802
  20
1.30500127000254
  97
1
  330
2754
  75
0
  76
1
  47
0.4128176842155181
  98
1
  10
34.90568961886538
  20
22.81183545379326
  450
0
  451
0
  460
0
  461
0
  452
1
  462
1
  453
2
  463
0
  63
5
  421
255
  463
1
  63
7
  421
16777215
  470
LINEAR
  1001
ACAD
  1010
0
  1020
0
  1030
0
  0
LWPOLYLINE
  5
2754
  100
AcDbEntity
  8
Top-Paste-Mask-Layer
  100
AcDbPolyline
  90
8
  70
1
  43
0.005080010160020321
  10
-1.6650012700025403
  20
1.3450063500127
  10
-1.6650012700025403
  20
1.8050012700025402
  10
-1.6249961899923802
  20
1.8450063500127003
  10
-1.1243611887223777
  20
1.8450063500127003
  10
-1.0843561087122178
  20
1.8050012700025402
  10
-1.0843561087122178
  20
1.3450063500127
  10
-1.1243611887223777
  20
1.30500127000254
  10
-1.6249961899923802
  20
1.30500127000254
  0
HATCH
  5
2757
  100
AcDbEntity
  8
Top-Paste-Mask-Layer
  100
AcDbHatch
  10
0
  20
0
  30
0
  210
0
  220
0
  230
1
  2
SOLID
  70
1
  71
0
  91
1
  92
7
  72
0
  73
1
  93
8
  10
-1.9350038100076203
  20
1.3450063500127
  10
-1.9750088900177805
  20
1.30500127000254
  10
-2.475643891287783
  20
1.30500127000254
  10
-2.5156489712979426
  20
1.3450063500127
  10
-2.5156489712979426
  20
1.8050012700025402
  10
-2.475643891287783
  20
1.8450063500127003
  10
-1.9750088900177805
  20
1.8450063500127003
  10
-1.9350038100076203
  20
1.8050012700025402
  97
1
  330
2756
  75
0
  76
1
  47
0.4128176842155181
  98
1
  10
34.90568961886538
  20
22.81183545379326
  450
0
  451
0
  460
0
  461
0
  452
1
  462
1
  453
2
  463
0
  63
5
  421
255
  463
1
  63
7
  421
16777215
  470
LINEAR
  1001
ACAD
  1010
0
  1020
0
  1030
0
  0
LWPOLYLINE
  5
2756
  100
AcDbEntity
  8
Top-Paste-Mask-Layer
  100
AcDbPolyline
  90
8
  70
1
  43
0.005080010160020321
  10
-1.9350038100076203
  20
1.3450063500127
  10
-1.9750088900177805
  20
1.30500127000254
  10
-2.475643891287783
  20
1.30500127000254
  10
-2.5156489712979426
  20
1.3450063500127
  10
-2.5156489712979426
  20
1.8050012700025402
  10
-2.475643891287783
  20
1.8450063500127003
  10
-1.9750088900177805
  20
1.8450063500127003
  10
-1.9350038100076203
  20
1.8050012700025402
  0
HATCH
  5
2765
  100
AcDbEntity
  8
Top-Paste-Mask-Layer
  100
AcDbHatch
  10
0
  20
0
  30
0
  210
0
  220
0
  230
1
  2
SOLID
  70
1
  71
0
  91
1
  92
7
  72
0
  73
1
  93
8
  10
-2.0543738887477776
  20
5.319380238760479
  10
-2.514368808737618
  20
5.319380238760479
  10
-2.554373888747778
  20
5.359385318770639
  10
-2.554373888747778
  20
5.8600203200406416
  10
-2.514368808737618
  20
5.900025400050801
  10
-2.0543738887477776
  20
5.900025400050801
  10
-2.0143688087376175
  20
5.8600203200406416
  10
-2.0143688087376175
  20
5.359385318770639
  97
1
  330
2764
  75
0
  76
1
  47
0.4128176842155181
  98
1
  10
34.90568961886538
  20
22.81183545379326
  450
0
  451
0
  460
0
  461
0
  452
1
  462
1
  453
2
  463
0
  63
5
  421
255
  463
1
  63
7
  421
16777215
  470
LINEAR
  1001
ACAD
  1010
0
  1020
0
  1030
0
  0
LWPOLYLINE
  5
2764
  100
AcDbEntity
  8
Top-Paste-Mask-Layer
  100
AcDbPolyline
  90
8
  70
1
  43
0.005080010160020321
  10
-2.0543738887477776
  20
5.319380238760479
  10
-2.514368808737618
  20
5.319380238760479
  10
-2.554373888747778
  20
5.359385318770639
  10
-2.554373888747778
  20
5.8600203200406416
  10
-2.514368808737618
  20
5.900025400050801
  10
-2.0543738887477776
  20
5.900025400050801
  10
-2.0143688087376175
  20
5.8600203200406416
  10
-2.0143688087376175
  20
5.359385318770639
  0
HATCH
  5
2767
  100
AcDbEntity
  8
Top-Paste-Mask-Layer
  100
AcDbHatch
  10
0
  20
0
  30
0
  210
0
  220
0
  230
1
  2
SOLID
  70
1
  71
0
  91
1
  92
7
  72
0
  73
1
  93
8
  10
-2.0543738887477776
  20
5.049377698755398
  10
-2.0143688087376175
  20
5.009372618745238
  10
-2.014368808737618
  20
4.508737617475236
  10
-2.0543738887477776
  20
4.468732537465076
  10
-2.514368808737618
  20
4.468732537465076
  10
-2.554373888747778
  20
4.508737617475236
  10
-2.554373888747778
  20
5.009372618745238
  10
-2.514368808737618
  20
5.049377698755398
  97
1
  330
2766
  75
0
  76
1
  47
0.4128176842155181
  98
1
  10
34.90568961886538
  20
22.81183545379326
  450
0
  451
0
  460
0
  461
0
  452
1
  462
1
  453
2
  463
0
  63
5
  421
255
  463
1
  63
7
  421
16777215
  470
LINEAR
  1001
ACAD
  1010
0
  1020
0
  1030
0
  0
LWPOLYLINE
  5
2766
  100
AcDbEntity
  8
Top-Paste-Mask-Layer
  100
AcDbPolyline
  90
8
  70
1
  43
0.005080010160020321
  10
-2.0543738887477776
  20
5.049377698755398
  10
-2.0143688087376175
  20
5.009372618745238
  10
-2.014368808737618
  20
4.508737617475236
  10
-2.0543738887477776
  20
4.468732537465076
  10
-2.514368808737618
  20
4.468732537465076
  10
-2.554373888747778
  20
4.508737617475236
  10
-2.554373888747778
  20
5.009372618745238
  10
-2.514368808737618
  20
5.049377698755398
  0
HATCH
  5
2775
  100
AcDbEntity
  8
Top-Paste-Mask-Layer
  100
AcDbHatch
  10
0
  20
0
  30
0
  210
0
  220
0
  230
1
  2
SOLID
  70
1
  71
0
  91
1
  92
7
  72
0
  73
1
  93
8
  10
-4.905006350012701
  20
1.16500127000254
  10
-4.445011430022861
  20
1.16500127000254
  10
-4.405006350012701
  20
1.12499618999238
  10
-4.405006350012701
  20
0.6243611887223774
  10
-4.445011430022861
  20
0.5843561087122174
  10
-4.905006350012701
  20
0.5843561087122174
  10
-4.945011430022861
  20
0.6243611887223774
  10
-4.94501143002286
  20
1.12499618999238
  97
1
  330
2774
  75
0
  76
1
  47
0.4128176842155181
  98
1
  10
34.90568961886538
  20
22.81183545379326
  450
0
  451
0
  460
0
  461
0
  452
1
  462
1
  453
2
  463
0
  63
5
  421
255
  463
1
  63
7
  421
16777215
  470
LINEAR
  1001
ACAD
  1010
0
  1020
0
  1030
0
  0
LWPOLYLINE
  5
2774
  100
AcDbEntity
  8
Top-Paste-Mask-Layer
  100
AcDbPolyline
  90
8
  70
1
  43
0.005080010160020321
  10
-4.905006350012701
  20
1.16500127000254
  10
-4.445011430022861
  20
1.16500127000254
  10
-4.405006350012701
  20
1.12499618999238
  10
-4.405006350012701
  20
0.6243611887223774
  10
-4.445011430022861
  20
0.5843561087122174
  10
-4.905006350012701
  20
0.5843561087122174
  10
-4.945011430022861
  20
0.6243611887223774
  10
-4.94501143002286
  20
1.12499618999238
  0
HATCH
  5
2777
  100
AcDbEntity
  8
Top-Paste-Mask-Layer
  100
AcDbHatch
  10
0
  20
0
  30
0
  210
0
  220
0
  230
1
  2
SOLID
  70
1
  71
0
  91
1
  92
7
  72
0
  73
1
  93
8
  10
-4.905006350012701
  20
1.4350038100076201
  10
-4.94501143002286
  20
1.4750088900177802
  10
-4.94501143002286
  20
1.9756438912877827
  10
-4.905006350012701
  20
2.0156489712979426
  10
-4.445011430022861
  20
2.0156489712979426
  10
-4.4050063500127
  20
1.9756438912877827
  10
-4.405006350012701
  20
1.4750088900177802
  10
-4.445011430022861
  20
1.4350038100076201
  97
1
  330
2776
  75
0
  76
1
  47
0.4128176842155181
  98
1
  10
34.90568961886538
  20
22.81183545379326
  450
0
  451
0
  460
0
  461
0
  452
1
  462
1
  453
2
  463
0
  63
5
  421
255
  463
1
  63
7
  421
16777215
  470
LINEAR
  1001
ACAD
  1010
0
  1020
0
  1030
0
  0
LWPOLYLINE
  5
2776
  100
AcDbEntity
  8
Top-Paste-Mask-Layer
  100
AcDbPolyline
  90
8
  70
1
  43
0.005080010160020321
  10
-4.905006350012701
  20
1.4350038100076201
  10
-4.94501143002286
  20
1.4750088900177802
  10
-4.94501143002286
  20
1.9756438912877827
  10
-4.905006350012701
  20
2.0156489712979426
  10
-4.445011430022861
  20
2.0156489712979426
  10
-4.4050063500127
  20
1.9756438912877827
  10
-4.405006350012701
  20
1.4750088900177802
  10
-4.445011430022861
  20
1.4350038100076201
  0
HATCH
  5
2785
  100
AcDbEntity
  8
Top-Paste-Mask-Layer
  100
AcDbHatch
  10
0
  20
0
  30
0
  210
0
  220
0
  230
1
  2
SOLID
  70
1
  71
0
  91
1
  92
7
  72
0
  73
1
  93
8
  10
5.13000762001524
  20
0.3100025400050801
  10
4.6700127000254
  20
0.3100025400050801
  10
4.63000762001524
  20
0.35000762001524005
  10
4.63000762001524
  20
0.8506426212852427
  10
4.6700127000254
  20
0.8906477012954026
  10
5.13000762001524
  20
0.8906477012954026
  10
5.1700127000254
  20
0.8506426212852427
  10
5.1700127000254
  20
0.35000762001524005
  97
1
  330
2784
  75
0
  76
1
  47
0.4128176842155181
  98
1
  10
34.90568961886538
  20
22.81183545379326
  450
0
  451
0
  460
0
  461
0
  452
1
  462
1
  453
2
  463
0
  63
5
  421
255
  463
1
  63
7
  421
16777215
  470
LINEAR
  1001
ACAD
  1010
0
  1020
0
  1030
0
  0
LWPOLYLINE
  5
2784
  100
AcDbEntity
  8
Top-Paste-Mask-Layer
  100
AcDbPolyline
  90
8
  70
1
  43
0.005080010160020321
  10
5.13000762001524
  20
0.3100025400050801
  10
4.6700127000254
  20
0.3100025400050801
  10
4.63000762001524
  20
0.35000762001524005
  10
4.63000762001524
  20
0.8506426212852427
  10
4.6700127000254
  20
0.8906477012954026
  10
5.13000762001524
  20
0.8906477012954026
  10
5.1700127000254
  20
0.8506426212852427
  10
5.1700127000254
  20
0.35000762001524005
  0
HATCH
  5
2787
  100
AcDbEntity
  8
Top-Paste-Mask-Layer
  100
AcDbHatch
  10
0
  20
0
  30
0
  210
0
  220
0
  230
1
  2
SOLID
  70
1
  71
0
  91
1
  92
7
  72
0
  73
1
  93
8
  10
5.13000762001524
  20
0.039999999999999994
  10
5.1700127000254
  20
-0.000005080010160025401
  10
5.1700127000254
  20
-0.5006400812801627
  10
5.13000762001524
  20
-0.5406451612903227
  10
4.6700127000254
  20
-0.5406451612903227
  10
4.63000762001524
  20
-0.5006400812801627
  10
4.63000762001524
  20
-0.000005080010159969002
  10
4.6700127000254
  20
0.039999999999999994
  97
1
  330
2786
  75
0
  76
1
  47
0.4128176842155181
  98
1
  10
34.90568961886538
  20
22.81183545379326
  450
0
  451
0
  460
0
  461
0
  452
1
  462
1
  453
2
  463
0
  63
5
  421
255
  463
1
  63
7
  421
16777215
  470
LINEAR
  1001
ACAD
  1010
0
  1020
0
  1030
0
  0
LWPOLYLINE
  5
2786
  100
AcDbEntity
  8
Top-Paste-Mask-Layer
  100
AcDbPolyline
  90
8
  70
1
  43
0.005080010160020321
  10
5.13000762001524
  20
0.039999999999999994
  10
5.1700127000254
  20
-0.000005080010160025401
  10
5.1700127000254
  20
-0.5006400812801627
  10
5.13000762001524
  20
-0.5406451612903227
  10
4.6700127000254
  20
-0.5406451612903227
  10
4.63000762001524
  20
-0.5006400812801627
  10
4.63000762001524
  20
-0.000005080010159969002
  10
4.6700127000254
  20
0.039999999999999994
  0
HATCH
  5
2795
  100
AcDbEntity
  8
Top-Paste-Mask-Layer
  100
AcDbHatch
  10
0
  20
0
  30
0
  210
0
  220
0
  230
1
  2
SOLID
  70
1
  71
0
  91
1
  92
7
  72
0
  73
1
  93
8
  10
2.0300025400050803
  20
5.235011430022861
  10
1.5700076200152404
  20
5.235011430022861
  10
1.5300025400050805
  20
5.275016510033021
  10
1.5300025400050805
  20
5.775651511303023
  10
1.5700076200152404
  20
5.815656591313183
  10
2.0300025400050803
  20
5.815656591313183
  10
2.0700076200152404
  20
5.775651511303023
  10
2.0700076200152404
  20
5.275016510033021
  97
1
  330
2794
  75
0
  76
1
  47
0.4128176842155181
  98
1
  10
34.90568961886538
  20
22.81183545379326
  450
0
  451
0
  460
0
  461
0
  452
1
  462
1
  453
2
  463
0
  63
5
  421
255
  463
1
  63
7
  421
16777215
  470
LINEAR
  1001
ACAD
  1010
0
  1020
0
  1030
0
  0
LWPOLYLINE
  5
2794
  100
AcDbEntity
  8
Top-Paste-Mask-Layer
  100
AcDbPolyline
  90
8
  70
1
  43
0.005080010160020321
  10
2.0300025400050803
  20
5.235011430022861
  10
1.5700076200152404
  20
5.235011430022861
  10
1.5300025400050805
  20
5.275016510033021
  10
1.5300025400050805
  20
5.775651511303023
  10
1.5700076200152404
  20
5.815656591313183
  10
2.0300025400050803
  20
5.815656591313183
  10
2.0700076200152404
  20
5.775651511303023
  10
2.0700076200152404
  20
5.275016510033021
  0
HATCH
  5
2797
  100
AcDbEntity
  8
Top-Paste-Mask-Layer
  100
AcDbHatch
  10
0
  20
0
  30
0
  210
0
  220
0
  230
1
  2
SOLID
  70
1
  71
0
  91
1
  92
7
  72
0
  73
1
  93
8
  10
2.0300025400050803
  20
4.9650088900177805
  10
2.0700076200152404
  20
4.92500381000762
  10
2.0700076200152404
  20
4.424368808737618
  10
2.0300025400050803
  20
4.384363728727458
  10
1.5700076200152404
  20
4.384363728727458
  10
1.5300025400050803
  20
4.424368808737618
  10
1.5300025400050805
  20
4.92500381000762
  10
1.5700076200152404
  20
4.9650088900177805
  97
1
  330
2796
  75
0
  76
1
  47
0.4128176842155181
  98
1
  10
34.90568961886538
  20
22.81183545379326
  450
0
  451
0
  460
0
  461
0
  452
1
  462
1
  453
2
  463
0
  63
5
  421
255
  463
1
  63
7
  421
16777215
  470
LINEAR
  1001
ACAD
  1010
0
  1020
0
  1030
0
  0
LWPOLYLINE
  5
2796
  100
AcDbEntity
  8
Top-Paste-Mask-Layer
  100
AcDbPolyline
  90
8
  70
1
  43
0.005080010160020321
  10
2.0300025400050803
  20
4.9650088900177805
  10
2.0700076200152404
  20
4.92500381000762
  10
2.0700076200152404
  20
4.424368808737618
  10
2.0300025400050803
  20
4.384363728727458
  10
1.5700076200152404
  20
4.384363728727458
  10
1.5300025400050803
  20
4.424368808737618
  10
1.5300025400050805
  20
4.92500381000762
  10
1.5700076200152404
  20
4.9650088900177805
  0
HATCH
  5
2805
  100
AcDbEntity
  8
Top-Paste-Mask-Layer
  100
AcDbHatch
  10
0
  20
0
  30
0
  210
0
  220
0
  230
1
  2
SOLID
  70
1
  71
0
  91
1
  92
7
  72
0
  73
1
  93
8
  10
1.21500127000254
  20
-3.0700101600203205
  10
1.21500127000254
  20
-3.5300050800101603
  10
1.1749961899923802
  20
-3.5700101600203205
  10
0.6743611887223775
  20
-3.5700101600203205
  10
0.6343561087122176
  20
-3.5300050800101603
  10
0.6343561087122176
  20
-3.0700101600203205
  10
0.6743611887223775
  20
-3.0300050800101603
  10
1.1749961899923802
  20
-3.0300050800101603
  97
1
  330
2804
  75
0
  76
1
  47
0.4128176842155181
  98
1
  10
34.90568961886538
  20
22.81183545379326
  450
0
  451
0
  460
0
  461
0
  452
1
  462
1
  453
2
  463
0
  63
5
  421
255
  463
1
  63
7
  421
16777215
  470
LINEAR
  1001
ACAD
  1010
0
  1020
0
  1030
0
  0
LWPOLYLINE
  5
2804
  100
AcDbEntity
  8
Top-Paste-Mask-Layer
  100
AcDbPolyline
  90
8
  70
1
  43
0.005080010160020321
  10
1.21500127000254
  20
-3.0700101600203205
  10
1.21500127000254
  20
-3.5300050800101603
  10
1.1749961899923802
  20
-3.5700101600203205
  10
0.6743611887223775
  20
-3.5700101600203205
  10
0.6343561087122176
  20
-3.5300050800101603
  10
0.6343561087122176
  20
-3.0700101600203205
  10
0.6743611887223775
  20
-3.0300050800101603
  10
1.1749961899923802
  20
-3.0300050800101603
  0
HATCH
  5
2807
  100
AcDbEntity
  8
Top-Paste-Mask-Layer
  100
AcDbHatch
  10
0
  20
0
  30
0
  210
0
  220
0
  230
1
  2
SOLID
  70
1
  71
0
  91
1
  92
7
  72
0
  73
1
  93
8
  10
1.4850038100076204
  20
-3.0700101600203205
  10
1.5250088900177803
  20
-3.0300050800101603
  10
2.0256438912877828
  20
-3.0300050800101603
  10
2.065648971297943
  20
-3.0700101600203205
  10
2.065648971297943
  20
-3.5300050800101603
  10
2.0256438912877828
  20
-3.5700101600203205
  10
1.5250088900177803
  20
-3.5700101600203205
  10
1.4850038100076204
  20
-3.5300050800101603
  97
1
  330
2806
  75
0
  76
1
  47
0.4128176842155181
  98
1
  10
34.90568961886538
  20
22.81183545379326
  450
0
  451
0
  460
0
  461
0
  452
1
  462
1
  453
2
  463
0
  63
5
  421
255
  463
1
  63
7
  421
16777215
  470
LINEAR
  1001
ACAD
  1010
0
  1020
0
  1030
0
  0
LWPOLYLINE
  5
2806
  100
AcDbEntity
  8
Top-Paste-Mask-Layer
  100
AcDbPolyline
  90
8
  70
1
  43
0.005080010160020321
  10
1.4850038100076204
  20
-3.0700101600203205
  10
1.5250088900177803
  20
-3.0300050800101603
  10
2.0256438912877828
  20
-3.0300050800101603
  10
2.065648971297943
  20
-3.0700101600203205
  10
2.065648971297943
  20
-3.5300050800101603
  10
2.0256438912877828
  20
-3.5700101600203205
  10
1.5250088900177803
  20
-3.5700101600203205
  10
1.4850038100076204
  20
-3.5300050800101603
  0
HATCH
  5
2844
  100
AcDbEntity
  8
Top-Paste-Mask-Layer
  100
AcDbHatch
  10
0
  20
0
  30
0
  210
0
  220
0
  230
1
  2
SOLID
  70
1
  71
0
  91
1
  92
7
  72
0
  73
1
  93
8
  10
-4.1900076200152405
  20
-0.32999745999492003
  10
-4.1900076200152405
  20
0.12999745999492002
  10
-4.15000254000508
  20
0.17000254000508008
  10
-3.649367538735078
  20
0.17000254000508008
  10
-3.6093624587249185
  20
0.12999745999492002
  10
-3.6093624587249185
  20
-0.32999745999492003
  10
-3.649367538735078
  20
-0.3700025400050801
  10
-4.15000254000508
  20
-0.3700025400050801
  97
1
  330
2843
  75
0
  76
1
  47
0.4128176842155181
  98
1
  10
34.90568961886538
  20
22.81183545379326
  450
0
  451
0
  460
0
  461
0
  452
1
  462
1
  453
2
  463
0
  63
5
  421
255
  463
1
  63
7
  421
16777215
  470
LINEAR
  1001
ACAD
  1010
0
  1020
0
  1030
0
  0
LWPOLYLINE
  5
2843
  100
AcDbEntity
  8
Top-Paste-Mask-Layer
  100
AcDbPolyline
  90
8
  70
1
  43
0.005080010160020321
  10
-4.1900076200152405
  20
-0.32999745999492003
  10
-4.1900076200152405
  20
0.12999745999492002
  10
-4.15000254000508
  20
0.17000254000508008
  10
-3.649367538735078
  20
0.17000254000508008
  10
-3.6093624587249185
  20
0.12999745999492002
  10
-3.6093624587249185
  20
-0.32999745999492003
  10
-3.649367538735078
  20
-0.3700025400050801
  10
-4.15000254000508
  20
-0.3700025400050801
  0
HATCH
  5
2846
  100
AcDbEntity
  8
Top-Paste-Mask-Layer
  100
AcDbHatch
  10
0
  20
0
  30
0
  210
0
  220
0
  230
1
  2
SOLID
  70
1
  71
0
  91
1
  92
7
  72
0
  73
1
  93
8
  10
-4.460010160020321
  20
-0.32999745999492003
  10
-4.500015240030481
  20
-0.3700025400050801
  10
-5.000650241300484
  20
-0.3700025400050801
  10
-5.040655321310643
  20
-0.32999745999492003
  10
-5.040655321310643
  20
0.12999745999492002
  10
-5.000650241300484
  20
0.17000254000508008
  10
-4.500015240030481
  20
0.17000254000508008
  10
-4.460010160020321
  20
0.12999745999492002
  97
1
  330
2845
  75
0
  76
1
  47
0.4128176842155181
  98
1
  10
34.90568961886538
  20
22.81183545379326
  450
0
  451
0
  460
0
  461
0
  452
1
  462
1
  453
2
  463
0
  63
5
  421
255
  463
1
  63
7
  421
16777215
  470
LINEAR
  1001
ACAD
  1010
0
  1020
0
  1030
0
  0
LWPOLYLINE
  5
2845
  100
AcDbEntity
  8
Top-Paste-Mask-Layer
  100
AcDbPolyline
  90
8
  70
1
  43
0.005080010160020321
  10
-4.460010160020321
  20
-0.32999745999492003
  10
-4.500015240030481
  20
-0.3700025400050801
  10
-5.000650241300484
  20
-0.3700025400050801
  10
-5.040655321310643
  20
-0.32999745999492003
  10
-5.040655321310643
  20
0.12999745999492002
  10
-5.000650241300484
  20
0.17000254000508008
  10
-4.500015240030481
  20
0.17000254000508008
  10
-4.460010160020321
  20
0.12999745999492002
  0
HATCH
  5
2869
  100
AcDbEntity
  8
Top-Paste-Mask-Layer
  100
AcDbHatch
  10
0
  20
0
  30
0
  210
0
  220
0
  230
1
  2
SOLID
  70
1
  71
0
  91
1
  92
7
  72
0
  73
1
  93
8
  10
4.8600101600203205
  20
-7.880012700025401
  10
4.8600101600203205
  20
-7.420017780035561
  10
4.90001524003048
  20
-7.380012700025402
  10
5.400650241300482
  20
-7.380012700025402
  10
5.440655321310643
  20
-7.420017780035561
  10
5.440655321310643
  20
-7.880012700025401
  10
5.400650241300482
  20
-7.920017780035561
  10
4.90001524003048
  20
-7.920017780035561
  97
1
  330
2868
  75
0
  76
1
  47
0.4128176842155181
  98
1
  10
34.90568961886538
  20
22.81183545379326
  450
0
  451
0
  460
0
  461
0
  452
1
  462
1
  453
2
  463
0
  63
5
  421
255
  463
1
  63
7
  421
16777215
  470
LINEAR
  1001
ACAD
  1010
0
  1020
0
  1030
0
  0
LWPOLYLINE
  5
2868
  100
AcDbEntity
  8
Top-Paste-Mask-Layer
  100
AcDbPolyline
  90
8
  70
1
  43
0.005080010160020321
  10
4.8600101600203205
  20
-7.880012700025401
  10
4.8600101600203205
  20
-7.420017780035561
  10
4.90001524003048
  20
-7.380012700025402
  10
5.400650241300482
  20
-7.380012700025402
  10
5.440655321310643
  20
-7.420017780035561
  10
5.440655321310643
  20
-7.880012700025401
  10
5.400650241300482
  20
-7.920017780035561
  10
4.90001524003048
  20
-7.920017780035561
  0
HATCH
  5
2871
  100
AcDbEntity
  8
Top-Paste-Mask-Layer
  100
AcDbHatch
  10
0
  20
0
  30
0
  210
0
  220
0
  230
1
  2
SOLID
  70
1
  71
0
  91
1
  92
7
  72
0
  73
1
  93
8
  10
4.59000762001524
  20
-7.880012700025401
  10
4.55000254000508
  20
-7.920017780035561
  10
4.049367538735077
  20
-7.920017780035561
  10
4.009362458724918
  20
-7.880012700025401
  10
4.009362458724918
  20
-7.420017780035561
  10
4.049367538735077
  20
-7.380012700025402
  10
4.55000254000508
  20
-7.380012700025402
  10
4.59000762001524
  20
-7.420017780035561
  97
1
  330
2870
  75
0
  76
1
  47
0.4128176842155181
  98
1
  10
34.90568961886538
  20
22.81183545379326
  450
0
  451
0
  460
0
  461
0
  452
1
  462
1
  453
2
  463
0
  63
5
  421
255
  463
1
  63
7
  421
16777215
  470
LINEAR
  1001
ACAD
  1010
0
  1020
0
  1030
0
  0
LWPOLYLINE
  5
2870
  100
AcDbEntity
  8
Top-Paste-Mask-Layer
  100
AcDbPolyline
  90
8
  70
1
  43
0.005080010160020321
  10
4.59000762001524
  20
-7.880012700025401
  10
4.55000254000508
  20
-7.920017780035561
  10
4.049367538735077
  20
-7.920017780035561
  10
4.009362458724918
  20
-7.880012700025401
  10
4.009362458724918
  20
-7.420017780035561
  10
4.049367538735077
  20
-7.380012700025402
  10
4.55000254000508
  20
-7.380012700025402
  10
4.59000762001524
  20
-7.420017780035561
  0
HATCH
  5
2879
  100
AcDbEntity
  8
Top-Paste-Mask-Layer
  100
AcDbHatch
  10
0
  20
0
  30
0
  210
0
  220
0
  230
1
  2
SOLID
  70
1
  71
0
  91
1
  92
7
  72
0
  73
1
  93
8
  10
4.827195834391669
  20
-6.722194564389129
  10
4.827195834391669
  20
-6.262199644399289
  10
4.867200914401829
  20
-6.22219456438913
  10
5.367835915671832
  20
-6.22219456438913
  10
5.407840995681991
  20
-6.262199644399289
  10
5.407840995681991
  20
-6.722194564389129
  10
5.367835915671832
  20
-6.762199644399289
  10
4.867200914401829
  20
-6.762199644399289
  97
1
  330
2878
  75
0
  76
1
  47
0.4128176842155181
  98
1
  10
34.90568961886538
  20
22.81183545379326
  450
0
  451
0
  460
0
  461
0
  452
1
  462
1
  453
2
  463
0
  63
5
  421
255
  463
1
  63
7
  421
16777215
  470
LINEAR
  1001
ACAD
  1010
0
  1020
0
  1030
0
  0
LWPOLYLINE
  5
2878
  100
AcDbEntity
  8
Top-Paste-Mask-Layer
  100
AcDbPolyline
  90
8
  70
1
  43
0.005080010160020321
  10
4.827195834391669
  20
-6.722194564389129
  10
4.827195834391669
  20
-6.262199644399289
  10
4.867200914401829
  20
-6.22219456438913
  10
5.367835915671832
  20
-6.22219456438913
  10
5.407840995681991
  20
-6.262199644399289
  10
5.407840995681991
  20
-6.722194564389129
  10
5.367835915671832
  20
-6.762199644399289
  10
4.867200914401829
  20
-6.762199644399289
  0
HATCH
  5
2881
  100
AcDbEntity
  8
Top-Paste-Mask-Layer
  100
AcDbHatch
  10
0
  20
0
  30
0
  210
0
  220
0
  230
1
  2
SOLID
  70
1
  71
0
  91
1
  92
7
  72
0
  73
1
  93
8
  10
4.557193294386589
  20
-6.722194564389129
  10
4.5171882143764295
  20
-6.762199644399289
  10
4.016553213106427
  20
-6.762199644399289
  10
3.9765481330962666
  20
-6.722194564389129
  10
3.9765481330962666
  20
-6.262199644399289
  10
4.016553213106427
  20
-6.22219456438913
  10
4.5171882143764295
  20
-6.22219456438913
  10
4.557193294386589
  20
-6.262199644399289
  97
1
  330
2880
  75
0
  76
1
  47
0.4128176842155181
  98
1
  10
34.90568961886538
  20
22.81183545379326
  450
0
  451
0
  460
0
  461
0
  452
1
  462
1
  453
2
  463
0
  63
5
  421
255
  463
1
  63
7
  421
16777215
  470
LINEAR
  1001
ACAD
  1010
0
  1020
0
  1030
0
  0
LWPOLYLINE
  5
2880
  100
AcDbEntity
  8
Top-Paste-Mask-Layer
  100
AcDbPolyline
  90
8
  70
1
  43
0.005080010160020321
  10
4.557193294386589
  20
-6.722194564389129
  10
4.5171882143764295
  20
-6.762199644399289
  10
4.016553213106427
  20
-6.762199644399289
  10
3.9765481330962666
  20
-6.722194564389129
  10
3.9765481330962666
  20
-6.262199644399289
  10
4.016553213106427
  20
-6.22219456438913
  10
4.5171882143764295
  20
-6.22219456438913
  10
4.557193294386589
  20
-6.262199644399289
  0
HATCH
  5
2889
  100
AcDbEntity
  8
Top-Paste-Mask-Layer
  100
AcDbHatch
  10
0
  20
0
  30
0
  210
0
  220
0
  230
1
  2
SOLID
  70
1
  71
0
  91
1
  92
7
  72
0
  73
1
  93
8
  10
-1.61500127000254
  20
0.17000254000508003
  10
-1.61500127000254
  20
0.62999745999492
  10
-1.5749961899923801
  20
0.6700025400050802
  10
-1.0743611887223776
  20
0.6700025400050802
  10
-1.0343561087122175
  20
0.62999745999492
  10
-1.0343561087122175
  20
0.17000254000508003
  10
-1.0743611887223776
  20
0.12999745999491996
  10
-1.5749961899923801
  20
0.12999745999491996
  97
1
  330
2888
  75
0
  76
1
  47
0.4128176842155181
  98
1
  10
34.90568961886538
  20
22.81183545379326
  450
0
  451
0
  460
0
  461
0
  452
1
  462
1
  453
2
  463
0
  63
5
  421
255
  463
1
  63
7
  421
16777215
  470
LINEAR
  1001
ACAD
  1010
0
  1020
0
  1030
0
  0
LWPOLYLINE
  5
2888
  100
AcDbEntity
  8
Top-Paste-Mask-Layer
  100
AcDbPolyline
  90
8
  70
1
  43
0.005080010160020321
  10
-1.61500127000254
  20
0.17000254000508003
  10
-1.61500127000254
  20
0.62999745999492
  10
-1.5749961899923801
  20
0.6700025400050802
  10
-1.0743611887223776
  20
0.6700025400050802
  10
-1.0343561087122175
  20
0.62999745999492
  10
-1.0343561087122175
  20
0.17000254000508003
  10
-1.0743611887223776
  20
0.12999745999491996
  10
-1.5749961899923801
  20
0.12999745999491996
  0
HATCH
  5
2891
  100
AcDbEntity
  8
Top-Paste-Mask-Layer
  100
AcDbHatch
  10
0
  20
0
  30
0
  210
0
  220
0
  230
1
  2
SOLID
  70
1
  71
0
  91
1
  92
7
  72
0
  73
1
  93
8
  10
-1.8850038100076203
  20
0.17000254000508003
  10
-1.9250088900177802
  20
0.12999745999491996
  10
-2.4256438912877827
  20
0.12999745999491996
  10
-2.465648971297943
  20
0.17000254000508003
  10
-2.465648971297943
  20
0.62999745999492
  10
-2.4256438912877827
  20
0.6700025400050802
  10
-1.9250088900177802
  20
0.6700025400050802
  10
-1.8850038100076203
  20
0.62999745999492
  97
1
  330
2890
  75
0
  76
1
  47
0.4128176842155181
  98
1
  10
34.90568961886538
  20
22.81183545379326
  450
0
  451
0
  460
0
  461
0
  452
1
  462
1
  453
2
  463
0
  63
5
  421
255
  463
1
  63
7
  421
16777215
  470
LINEAR
  1001
ACAD
  1010
0
  1020
0
  1030
0
  0
LWPOLYLINE
  5
2890
  100
AcDbEntity
  8
Top-Paste-Mask-Layer
  100
AcDbPolyline
  90
8
  70
1
  43
0.005080010160020321
  10
-1.8850038100076203
  20
0.17000254000508003
  10
-1.9250088900177802
  20
0.12999745999491996
  10
-2.4256438912877827
  20
0.12999745999491996
  10
-2.465648971297943
  20
0.17000254000508003
  10
-2.465648971297943
  20
0.62999745999492
  10
-2.4256438912877827
  20
0.6700025400050802
  10
-1.9250088900177802
  20
0.6700025400050802
  10
-1.8850038100076203
  20
0.62999745999492
  0
LWPOLYLINE
  5
1048
  100
AcDbEntity
  8
Board-Outline-Layer
  100
AcDbPolyline
  90
2
  70
1
  43
0.1
  10
-6.501772923545848
  20
-14.45972567945136
  42
-1
  10
-6.495422910845822
  20
-14.45972567945136
  42
-1
  0
LWPOLYLINE
  5
1049
  100
AcDbEntity
  8
Board-Outline-Layer
  100
AcDbPolyline
  90
2
  70
1
  43
0.1
  10
6.498252476504953
  20
-14.45972567945136
  42
-1
  10
6.50460248920498
  20
-14.45972567945136
  42
-1
  0
LWPOLYLINE
  5
1050
  100
AcDbEntity
  8
Board-Outline-Layer
  100
AcDbPolyline
  90
2
  70
1
  43
0.1
  10
-6.501772923545848
  20
-14.45972567945136
  42
-1
  10
-6.495422910845822
  20
-14.45972567945136
  42
-1
  0
LWPOLYLINE
  5
1051
  100
AcDbEntity
  8
Board-Outline-Layer
  100
AcDbPolyline
  90
2
  70
1
  43
0.1
  10
-6.501772923545848
  20
-6.18465836931674
  42
-1
  10
-6.495422910845822
  20
-6.18465836931674
  42
-1
  0
LWPOLYLINE
  5
1052
  100
AcDbEntity
  8
Board-Outline-Layer
  100
AcDbPolyline
  90
2
  70
1
  43
0.1
  10
6.498252476504953
  20
-14.45972567945136
  42
-1
  10
6.50460248920498
  20
-14.45972567945136
  42
-1
  0
LWPOLYLINE
  5
1053
  100
AcDbEntity
  8
Board-Outline-Layer
  100
AcDbPolyline
  90
2
  70
1
  43
0.1
  10
-6.501772923545848
  20
-6.18465836931674
  42
-1
  10
-6.495422910845822
  20
-6.18465836931674
  42
-1
  0
LWPOLYLINE
  5
1054
  100
AcDbEntity
  8
Board-Outline-Layer
  100
AcDbPolyline
  90
2
  70
0
  43
0.1
  10
-6.498597917195835
  20
-14.45972567945136
  10
6.501427482854966
  20
-14.45972567945136
  0
LWPOLYLINE
  5
1055
  100
AcDbEntity
  8
Board-Outline-Layer
  100
AcDbPolyline
  90
2
  70
0
  43
0.1
  10
-6.498597917195835
  20
-14.45972567945136
  10
-6.498597917195835
  20
-6.18465836931674
  0
LWPOLYLINE
  5
1056
  100
AcDbEntity
  8
Board-Outline-Layer
  100
AcDbPolyline
  90
2
  70
0
  43
0.1
  10
6.501427482854966
  20
-14.45972567945136
  10
6.501427482854966
  20
-6.18465836931674
  0
LWPOLYLINE
  5
1057
  100
AcDbEntity
  8
Board-Outline-Layer
  100
AcDbPolyline
  90
2
  70
0
  43
0.1
  10
-6.498597917195832
  20
-6.184660909321823
  42
-2.342
  10
6.501427482854963
  20
-6.184660909321825
  0
LWPOLYLINE
  5
2523
  100
AcDbEntity
  8
Multi-Layer
  100
AcDbPolyline
  90
2
  70
1
  43
0
  10
1.7250038100076206
  20
-0.25
  42
1
  10
2.1250038100076205
  20
-0.25
  42
1
  0
LWPOLYLINE
  5
2525
  100
AcDbEntity
  8
Multi-Layer
  100
AcDbPolyline
  90
2
  70
1
  43
0
  10
-4.200007620015241
  20
0.8671856743713489
  42
1
  10
-3.8000076200152404
  20
0.8671856743713489
  42
1
  0
LWPOLYLINE
  5
2527
  100
AcDbEntity
  8
Multi-Layer
  100
AcDbPolyline
  90
4
  70
0
  43
0
  10
-2.4250038100076203
  20
2.1500050804288744
  42
1
  10
-2.0250038100076204
  20
2.1500050797253367
  10
-2.0250038100076204
  20
2.1500050795914465
  42
1
  10
-2.4250038100076203
  20
2.1500050802949837
  0
LWPOLYLINE
  5
2529
  100
AcDbEntity
  8
Multi-Layer
  100
AcDbPolyline
  90
4
  70
0
  43
0
  10
-1.4000025400050804
  20
2.2750038104263344
  42
1
  10
-1.0000025400050803
  20
2.2750038097227967
  10
-1.0000025400050803
  20
2.2750038095889065
  42
1
  10
-1.4000025400050804
  20
2.2750038102924437
  0
LWPOLYLINE
  5
2531
  100
AcDbEntity
  8
Multi-Layer
  100
AcDbPolyline
  90
4
  70
0
  43
0
  10
0.5327914655829313
  20
3.8142900689988513
  42
1
  10
0.9327914655829314
  20
3.814290068295314
  10
0.9327914655829314
  20
3.8142900681614234
  42
1
  10
0.5327914655829313
  20
3.814290068864961
  0
LWPOLYLINE
  5
2533
  100
AcDbEntity
  8
Multi-Layer
  100
AcDbPolyline
  90
4
  70
0
  43
0
  10
0.4000000000000001
  20
2.200005080428874
  42
1
  10
0.8
  20
2.2000050797253365
  10
0.8
  20
2.2000050795914463
  42
1
  10
0.4000000000000001
  20
2.2000050802949835
  0
LWPOLYLINE
  5
2535
  100
AcDbEntity
  8
Multi-Layer
  100
AcDbPolyline
  90
2
  70
1
  43
0
  10
-0.42500127000254007
  20
2.2750038100076204
  42
1
  10
-0.025001270002540012
  20
2.2750038100076204
  42
1
  0
LWPOLYLINE
  5
2537
  100
AcDbEntity
  8
Multi-Layer
  100
AcDbPolyline
  90
4
  70
0
  43
0
  10
-1.2951181102362208
  20
4.000007620433954
  42
1
  10
-0.8951181102362207
  20
4.000007619730417
  10
-0.8951181102362207
  20
4.000007619596526
  42
1
  10
-1.2951181102362208
  20
4.000007620300064
  0
LWPOLYLINE
  5
2539
  100
AcDbEntity
  8
Multi-Layer
  100
AcDbPolyline
  90
4
  70
0
  43
0
  10
-3.4000076200152405
  20
-4.375008889599067
  42
1
  10
-3.0000076200152406
  20
-4.375008890302603
  10
-3.0000076200152406
  20
-4.3750088904364945
  42
1
  10
-3.4000076200152405
  20
-4.375008889732957
  0
LWPOLYLINE
  5
2541
  100
AcDbEntity
  8
Multi-Layer
  100
AcDbPolyline
  90
4
  70
0
  43
0
  10
-2.3750038100076205
  20
-1.975003809588906
  42
1
  10
-1.9750038100076206
  20
-1.9750038102924437
  10
-1.9750038100076206
  20
-1.975003810426334
  42
1
  10
-2.3750038100076205
  20
-1.9750038097227967
  0
LWPOLYLINE
  5
2543
  100
AcDbEntity
  8
Multi-Layer
  100
AcDbPolyline
  90
4
  70
0
  43
0
  10
-2.4250038100076203
  20
-1.075001269583826
  42
1
  10
-2.0250038100076204
  20
-1.0750012702873637
  10
-2.0250038100076204
  20
-1.0750012704212542
  42
1
  10
-2.4250038100076203
  20
-1.0750012697177167
  0
LWPOLYLINE
  5
2545
  100
AcDbEntity
  8
Multi-Layer
  100
AcDbPolyline
  90
4
  70
0
  43
0
  10
2.9500050800101603
  20
-3.200007619596527
  42
1
  10
3.35000508001016
  20
-3.200007620300064
  10
3.35000508001016
  20
-3.2000076204339547
  42
1
  10
2.9500050800101603
  20
-3.200007619730417
  0
LWPOLYLINE
  5
2547
  100
AcDbEntity
  8
Multi-Layer
  100
AcDbPolyline
  90
4
  70
0
  43
0
  10
0.5000025400050802
  20
-4.4000076195965265
  42
1
  10
0.9000025400050801
  20
-4.400007620300064
  10
0.9000025400050801
  20
-4.400007620433954
  42
1
  10
0.5000025400050802
  20
-4.400007619730417
  0
LWPOLYLINE
  5
2549
  100
AcDbEntity
  8
Multi-Layer
  100
AcDbPolyline
  90
2
  70
1
  43
0
  10
-0.4
  20
-4.4000076200152405
  42
1
  10
0
  20
-4.4000076200152405
  42
1
  0
LWPOLYLINE
  5
2551
  100
AcDbEntity
  8
Multi-Layer
  100
AcDbPolyline
  90
4
  70
0
  43
0
  10
-1.3250012700025402
  20
-4.375008889599067
  42
1
  10
-0.9250012700025401
  20
-4.375008890302603
  10
-0.9250012700025401
  20
-4.3750088904364945
  42
1
  10
-1.3250012700025402
  20
-4.375008889732957
  0
LWPOLYLINE
  5
2553
  100
AcDbEntity
  8
Multi-Layer
  100
AcDbPolyline
  90
4
  70
0
  43
0
  10
-2.25000508001016
  20
-4.375008889599067
  42
1
  10
-1.8500050800101602
  20
-4.375008890302603
  10
-1.8500050800101602
  20
-4.3750088904364945
  42
1
  10
-2.25000508001016
  20
-4.375008889732957
  0
LWPOLYLINE
  5
2555
  100
AcDbEntity
  8
Multi-Layer
  100
AcDbPolyline
  90
2
  70
1
  43
0
  10
-4.171155702311406
  20
2.5750038100076202
  42
1
  10
-3.7711557023114053
  20
2.5750038100076202
  42
1
  0
LWPOLYLINE
  5
2557
  100
AcDbEntity
  8
Multi-Layer
  100
AcDbPolyline
  90
2
  70
1
  43
0
  10
1.7250038100076206
  20
2.2000050800101603
  42
1
  10
2.1250038100076205
  20
2.2000050800101603
  42
1
  0
LWPOLYLINE
  5
2559
  100
AcDbEntity
  8
Multi-Layer
  100
AcDbPolyline
  90
4
  70
0
  43
0
  10
3.10000762001524
  20
-4.704008127597543
  42
1
  10
3.50000762001524
  20
-4.70400812830108
  10
3.50000762001524
  20
-4.704008128434971
  42
1
  10
3.10000762001524
  20
-4.704008127731433
  0
LWPOLYLINE
  5
2561
  100
AcDbEntity
  8
Multi-Layer
  100
AcDbPolyline
  90
2
  70
1
  43
0
  10
4.07500889001778
  20
-4.395328930657861
  42
1
  10
4.475008890017781
  20
-4.395328930657861
  42
1
  0
LWPOLYLINE
  5
2563
  100
AcDbEntity
  8
Multi-Layer
  100
AcDbPolyline
  90
2
  70
1
  43
0
  10
4.9250114300228605
  20
-5.4000101600203205
  42
1
  10
5.325011430022861
  20
-5.4000101600203205
  42
1
  0
LWPOLYLINE
  5
2565
  100
AcDbEntity
  8
Multi-Layer
  100
AcDbPolyline
  90
2
  70
1
  43
0
  10
6.0500127000254
  20
-4.350007620015241
  42
1
  10
6.4500127000254
  20
-4.350007620015241
  42
1
  0
LWPOLYLINE
  5
2567
  100
AcDbEntity
  8
Multi-Layer
  100
AcDbPolyline
  90
2
  70
1
  43
0
  10
6.850012700025402
  20
-3.5500050800101604
  42
1
  10
7.250012700025402
  20
-3.5500050800101604
  42
1
  0
LWPOLYLINE
  5
2569
  100
AcDbEntity
  8
Multi-Layer
  100
AcDbPolyline
  90
4
  70
0
  43
0
  10
-1.9500025400050802
  20
4.0011201426589995
  42
1
  10
-1.5500025400050803
  20
4.001120141955462
  10
-1.5500025400050803
  20
4.001120141821572
  42
1
  10
-1.9500025400050802
  20
4.001120142525108
  0
LWPOLYLINE
  5
2571
  100
AcDbEntity
  8
Multi-Layer
  100
AcDbPolyline
  90
4
  70
0
  43
0
  10
0.1721158242316485
  20
5.084272288963292
  42
1
  10
0.5721158242316485
  20
5.084272288259754
  10
0.5721158242316485
  20
5.084272288125864
  42
1
  10
0.1721158242316485
  20
5.084272288829402
  0
LWPOLYLINE
  5
2573
  100
AcDbEntity
  8
Multi-Layer
  100
AcDbPolyline
  90
4
  70
0
  43
0
  10
1.6500025400050802
  20
3.8000076204339543
  42
1
  10
2.0500025400050803
  20
3.800007619730417
  10
2.0500025400050803
  20
3.8000076195965264
  42
1
  10
1.6500025400050802
  20
3.800007620300064
  0
LWPOLYLINE
  5
2575
  100
AcDbEntity
  8
Multi-Layer
  100
AcDbPolyline
  90
2
  70
1
  43
0
  10
4.20000762001524
  20
1.4500025400050802
  42
1
  10
4.600007620015241
  20
1.4500025400050802
  42
1
  0
LWPOLYLINE
  5
2577
  100
AcDbEntity
  8
Multi-Layer
  100
AcDbPolyline
  90
2
  70
1
  43
0
  10
4.050007620015241
  20
0.7750012700025402
  42
1
  10
4.450007620015241
  20
0.7750012700025402
  42
1
  0
LWPOLYLINE
  5
2579
  100
AcDbEntity
  8
Multi-Layer
  100
AcDbPolyline
  90
2
  70
1
  43
0
  10
-5.518315976631955
  20
-1.6933096266192533
  42
1
  10
-5.118315976631954
  20
-1.6933096266192533
  42
1
  0
LWPOLYLINE
  5
2581
  100
AcDbEntity
  8
Multi-Layer
  100
AcDbPolyline
  90
2
  70
1
  43
0
  10
-4.80001016002032
  20
-0.9750012700025402
  42
1
  10
-4.40001016002032
  20
-0.9750012700025402
  42
1
  0
LWPOLYLINE
  5
2583
  100
AcDbEntity
  8
Multi-Layer
  100
AcDbPolyline
  90
2
  70
1
  43
0
  10
-4.1250088900177815
  20
1.9250038100076203
  42
1
  10
-3.7250088900177807
  20
1.9250038100076203
  42
1
  0
LWPOLYLINE
  5
1046
  100
AcDbEntity
  8
Document-Layer
  100
AcDbPolyline
  90
4
  70
0
  43
0.25001270002540005
  10
-2.8000000000000003
  20
-8.327965455893889
  42
1
  10
-2.6999237998476007
  20
-8.327965455954974
  10
-2.6999237998476007
  20
-8.327965455967936
  42
1
  10
-2.8000000000000003
  20
-8.32796545590685
  0
HATCH
  5
1338
  100
AcDbEntity
  8
Document-Layer
  100
AcDbHatch
  10
0
  20
0
  30
0
  210
0
  220
0
  230
1
  2
SOLID
  70
1
  71
0
  91
1
  92
7
  72
0
  73
1
  93
14
  10
5.463474726949455
  20
-12.101676403352808
  10
5.463474726949455
  20
-13.39194818389637
  10
5.444875970357288
  20
-13.436849554304457
  10
5.399974599949201
  20
-13.455448310896623
  10
4.851536703073407
  20
-13.455448310896623
  10
4.863449326898654
  20
-13.990525781051565
  10
4.801372653399583
  20
-14.054336319119685
  10
4.7364998729997465
  20
-13.993370586741175
  10
4.723139446278893
  20
-13.393370586741176
  10
4.741218850148793
  20
-13.347555941125194
  10
4.786614173228347
  20
-13.328448056896116
  10
5.3364744729489475
  20
-13.328448056896116
  10
5.3364744729489475
  20
-12.101676403352808
  10
5.399974599949201
  20
-12.038176276352555
  97
1
  330
1337
  75
0
  76
1
  47
0.4128176842155181
  98
1
  10
34.90568961886538
  20
22.81183545379326
  450
0
  451
0
  460
0
  461
0
  452
1
  462
1
  453
2
  463
0
  63
5
  421
255
  463
1
  63
7
  421
16777215
  470
LINEAR
  1001
ACAD
  1010
0
  1020
0
  1030
0
  0
LWPOLYLINE
  5
1337
  100
AcDbEntity
  8
Document-Layer
  100
AcDbPolyline
  90
14
  70
1
  43
0.005080010160020321
  10
5.463474726949455
  20
-12.101676403352808
  10
5.463474726949455
  20
-13.39194818389637
  10
5.444875970357288
  20
-13.436849554304457
  10
5.399974599949201
  20
-13.455448310896623
  10
4.851536703073407
  20
-13.455448310896623
  10
4.863449326898654
  20
-13.990525781051565
  10
4.801372653399583
  20
-14.054336319119685
  10
4.7364998729997465
  20
-13.993370586741175
  10
4.723139446278893
  20
-13.393370586741176
  10
4.741218850148793
  20
-13.347555941125194
  10
4.786614173228347
  20
-13.328448056896116
  10
5.3364744729489475
  20
-13.328448056896116
  10
5.3364744729489475
  20
-12.101676403352808
  10
5.399974599949201
  20
-12.038176276352555
  0
HATCH
  5
1340
  100
AcDbEntity
  8
Document-Layer
  100
AcDbHatch
  10
0
  20
0
  30
0
  210
0
  220
0
  230
1
  2
SOLID
  70
1
  71
0
  91
1
  92
7
  72
0
  73
1
  93
6
  10
-4.800025400050801
  20
-13.328448056896116
  10
5.399974599949201
  20
-13.328448056896116
  10
5.463474726949455
  20
-13.39194818389637
  10
5.399974599949201
  20
-13.455448310896623
  10
-4.800025400050801
  20
-13.455448310896623
  10
-4.8635255270510545
  20
-13.39194818389637
  97
1
  330
1339
  75
0
  76
1
  47
0.4128176842155181
  98
1
  10
34.90568961886538
  20
22.81183545379326
  450
0
  451
0
  460
0
  461
0
  452
1
  462
1
  453
2
  463
0
  63
5
  421
255
  463
1
  63
7
  421
16777215
  470
LINEAR
  1001
ACAD
  1010
0
  1020
0
  1030
0
  0
LWPOLYLINE
  5
1339
  100
AcDbEntity
  8
Document-Layer
  100
AcDbPolyline
  90
6
  70
1
  43
0.005080010160020321
  10
-4.800025400050801
  20
-13.328448056896116
  10
5.399974599949201
  20
-13.328448056896116
  10
5.463474726949455
  20
-13.39194818389637
  10
5.399974599949201
  20
-13.455448310896623
  10
-4.800025400050801
  20
-13.455448310896623
  10
-4.8635255270510545
  20
-13.39194818389637
  0
HATCH
  5
1342
  100
AcDbEntity
  8
Document-Layer
  100
AcDbHatch
  10
0
  20
0
  30
0
  210
0
  220
0
  230
1
  2
SOLID
  70
1
  71
0
  91
1
  92
7
  72
0
  73
1
  93
18
  10
-5.336525273050547
  20
-12.10208280416561
  10
-5.336525273050547
  20
-13.328448056896116
  10
-4.800025400050801
  20
-13.328448056896116
  10
-4.7551240296427135
  20
-13.347046813488282
  10
-4.736525273050547
  20
-13.39194818389637
  10
-4.736525273050547
  20
-13.928448056896116
  10
4.7999745999492
  20
-13.928448056896116
  10
4.8634747269494545
  20
-13.991948183896369
  10
4.7999745999492
  20
-14.055448310896624
  10
-4.800025400050801
  20
-14.055448310896624
  10
-4.844926770458888
  20
-14.036849554304457
  10
-4.8635255270510545
  20
-13.991948183896369
  10
-4.8635255270510545
  20
-13.455448310896623
  10
-5.400025400050801
  20
-13.455448310896623
  10
-5.4449267704588875
  20
-13.436849554304457
  10
-5.463525527051054
  20
-13.39194818389637
  10
-5.463525527051054
  20
-12.10208280416561
  10
-5.400025400050801
  20
-12.038582677165355
  97
1
  330
1341
  75
0
  76
1
  47
0.4128176842155181
  98
1
  10
34.90568961886538
  20
22.81183545379326
  450
0
  451
0
  460
0
  461
0
  452
1
  462
1
  453
2
  463
0
  63
5
  421
255
  463
1
  63
7
  421
16777215
  470
LINEAR
  1001
ACAD
  1010
0
  1020
0
  1030
0
  0
LWPOLYLINE
  5
1341
  100
AcDbEntity
  8
Document-Layer
  100
AcDbPolyline
  90
18
  70
1
  43
0.005080010160020321
  10
-5.336525273050547
  20
-12.10208280416561
  10
-5.336525273050547
  20
-13.328448056896116
  10
-4.800025400050801
  20
-13.328448056896116
  10
-4.7551240296427135
  20
-13.347046813488282
  10
-4.736525273050547
  20
-13.39194818389637
  10
-4.736525273050547
  20
-13.928448056896116
  10
4.7999745999492
  20
-13.928448056896116
  10
4.8634747269494545
  20
-13.991948183896369
  10
4.7999745999492
  20
-14.055448310896624
  10
-4.800025400050801
  20
-14.055448310896624
  10
-4.844926770458888
  20
-14.036849554304457
  10
-4.8635255270510545
  20
-13.991948183896369
  10
-4.8635255270510545
  20
-13.455448310896623
  10
-5.400025400050801
  20
-13.455448310896623
  10
-5.4449267704588875
  20
-13.436849554304457
  10
-5.463525527051054
  20
-13.39194818389637
  10
-5.463525527051054
  20
-12.10208280416561
  10
-5.400025400050801
  20
-12.038582677165355
  0
HATCH
  5
1346
  100
AcDbEntity
  8
Document-Layer
  100
AcDbHatch
  10
0
  20
0
  30
0
  210
0
  220
0
  230
1
  2
SOLID
  70
1
  71
0
  91
1
  92
7
  72
0
  73
1
  93
3
  10
-4.295897826347542
  20
4.454158414789426
  10
-4.295897826347542
  20
3.9153419698923875
  10
-4.8347142712445805
  20
4.454158414789426
  97
1
  330
1345
  75
0
  76
1
  47
0.4128176842155181
  98
1
  10
34.90568961886538
  20
22.81183545379326
  450
0
  451
0
  460
0
  461
0
  452
1
  462
1
  453
2
  463
0
  63
5
  421
255
  463
1
  63
7
  421
16777215
  470
LINEAR
  1001
ACAD
  1010
0
  1020
0
  1030
0
  0
LWPOLYLINE
  5
1345
  100
AcDbEntity
  8
Document-Layer
  100
AcDbPolyline
  90
3
  70
1
  43
0.005080010160020321
  10
-4.295897826347542
  20
4.454158414789426
  10
-4.295897826347542
  20
3.9153419698923875
  10
-4.8347142712445805
  20
4.454158414789426
  0
HATCH
  5
1348
  100
AcDbEntity
  8
Document-Layer
  100
AcDbHatch
  10
0
  20
0
  30
0
  210
0
  220
0
  230
1
  2
SOLID
  70
1
  71
0
  91
1
  92
7
  72
0
  73
1
  93
4
  10
-4.166581879572252
  20
5.032488065645582
  10
-4.615595583653118
  20
4.583474361564717
  10
-4.705398324469291
  20
4.673277102380889
  10
-4.256384620388425
  20
5.122290806461756
  97
1
  330
1347
  75
0
  76
1
  47
0.4128176842155181
  98
1
  10
34.90568961886538
  20
22.81183545379326
  450
0
  451
0
  460
0
  461
0
  452
1
  462
1
  453
2
  463
0
  63
5
  421
255
  463
1
  63
7
  421
16777215
  470
LINEAR
  1001
ACAD
  1010
0
  1020
0
  1030
0
  0
LWPOLYLINE
  5
1347
  100
AcDbEntity
  8
Document-Layer
  100
AcDbPolyline
  90
4
  70
1
  43
0.005080010160020321
  10
-4.166581879572252
  20
5.032488065645582
  10
-4.615595583653118
  20
4.583474361564717
  10
-4.705398324469291
  20
4.673277102380889
  10
-4.256384620388425
  20
5.122290806461756
  0
HATCH
  5
1350
  100
AcDbEntity
  8
Document-Layer
  100
AcDbHatch
  10
0
  20
0
  30
0
  210
0
  220
0
  230
1
  2
SOLID
  70
1
  71
0
  91
1
  92
7
  72
0
  73
1
  93
4
  10
-4.671542691181594
  20
3.4010416732381636
  10
-5.12055639526246
  20
2.9520279691572977
  10
-5.210359136078633
  20
3.0418307099734707
  10
-4.761345431997767
  20
3.4908444140543367
  97
1
  330
1349
  75
0
  76
1
  47
0.4128176842155181
  98
1
  10
34.90568961886538
  20
22.81183545379326
  450
0
  451
0
  460
0
  461
0
  452
1
  462
1
  453
2
  463
0
  63
5
  421
255
  463
1
  63
7
  421
16777215
  470
LINEAR
  1001
ACAD
  1010
0
  1020
0
  1030
0
  0
LWPOLYLINE
  5
1349
  100
AcDbEntity
  8
Document-Layer
  100
AcDbPolyline
  90
4
  70
1
  43
0.005080010160020321
  10
-4.671542691181594
  20
3.4010416732381636
  10
-5.12055639526246
  20
2.9520279691572977
  10
-5.210359136078633
  20
3.0418307099734707
  10
-4.761345431997767
  20
3.4908444140543367
  0
HATCH
  5
1352
  100
AcDbEntity
  8
Document-Layer
  100
AcDbHatch
  10
0
  20
0
  30
0
  210
0
  220
0
  230
1
  2
SOLID
  70
1
  71
0
  91
1
  92
7
  72
0
  73
1
  93
4
  10
-5.272502632723425
  20
4.002001614779995
  10
-5.7215163368042905
  20
3.5529879106991284
  10
-5.811319077620464
  20
3.6427906515153015
  10
-5.362305373539598
  20
4.091804355596167
  97
1
  330
1351
  75
0
  76
1
  47
0.4128176842155181
  98
1
  10
34.90568961886538
  20
22.81183545379326
  450
0
  451
0
  460
0
  461
0
  452
1
  462
1
  453
2
  463
0
  63
5
  421
255
  463
1
  63
7
  421
16777215
  470
LINEAR
  1001
ACAD
  1010
0
  1020
0
  1030
0
  0
LWPOLYLINE
  5
1351
  100
AcDbEntity
  8
Document-Layer
  100
AcDbPolyline
  90
4
  70
1
  43
0.005080010160020321
  10
-5.272502632723425
  20
4.002001614779995
  10
-5.7215163368042905
  20
3.5529879106991284
  10
-5.811319077620464
  20
3.6427906515153015
  10
-5.362305373539598
  20
4.091804355596167
  0
HATCH
  5
1354
  100
AcDbEntity
  8
Document-Layer
  100
AcDbHatch
  10
0
  20
0
  30
0
  210
0
  220
0
  230
1
  2
SOLID
  70
1
  71
0
  91
1
  92
7
  72
0
  73
1
  93
4
  10
-4.64742167499837
  20
5.1574216386690415
  10
-4.198407970917503
  20
4.708407934588176
  10
-4.288210711733677
  20
4.6186051937720025
  10
-4.737224415814542
  20
5.067618897852869
  97
1
  330
1353
  75
0
  76
1
  47
0.4128176842155181
  98
1
  10
34.90568961886538
  20
22.81183545379326
  450
0
  451
0
  460
0
  461
0
  452
1
  462
1
  453
2
  463
0
  63
5
  421
255
  463
1
  63
7
  421
16777215
  470
LINEAR
  1001
ACAD
  1010
0
  1020
0
  1030
0
  0
LWPOLYLINE
  5
1353
  100
AcDbEntity
  8
Document-Layer
  100
AcDbPolyline
  90
4
  70
1
  43
0.005080010160020321
  10
-4.64742167499837
  20
5.1574216386690415
  10
-4.198407970917503
  20
4.708407934588176
  10
-4.288210711733677
  20
4.6186051937720025
  10
-4.737224415814542
  20
5.067618897852869
  0
HATCH
  5
1356
  100
AcDbEntity
  8
Document-Layer
  100
AcDbHatch
  10
0
  20
0
  30
0
  210
0
  220
0
  230
1
  2
SOLID
  70
1
  71
0
  91
1
  92
7
  72
0
  73
1
  93
4
  10
-3.600303756533627
  20
4.443687415210261
  10
-4.049317460614493
  20
3.994673711129395
  10
-4.139120201430666
  20
4.084476451945568
  10
-3.6901064973498
  20
4.533490156026434
  97
1
  330
1355
  75
0
  76
1
  47
0.4128176842155181
  98
1
  10
34.90568961886538
  20
22.81183545379326
  450
0
  451
0
  460
0
  461
0
  452
1
  462
1
  453
2
  463
0
  63
5
  421
255
  463
1
  63
7
  421
16777215
  470
LINEAR
  1001
ACAD
  1010
0
  1020
0
  1030
0
  0
LWPOLYLINE
  5
1355
  100
AcDbEntity
  8
Document-Layer
  100
AcDbPolyline
  90
4
  70
1
  43
0.005080010160020321
  10
-3.600303756533627
  20
4.443687415210261
  10
-4.049317460614493
  20
3.994673711129395
  10
-4.139120201430666
  20
4.084476451945568
  10
-3.6901064973498
  20
4.533490156026434
  0
HATCH
  5
1360
  100
AcDbEntity
  8
Document-Layer
  100
AcDbHatch
  10
0
  20
0
  30
0
  210
0
  220
0
  230
1
  2
SOLID
  70
1
  71
0
  91
1
  92
7
  72
0
  73
1
  93
3
  10
4.923363393199383
  20
3.3508508362535605
  10
4.384546948302344
  20
3.3508508362535605
  10
4.923363393199383
  20
3.8896672811505995
  97
1
  330
1359
  75
0
  76
1
  47
0.4128176842155181
  98
1
  10
34.90568961886538
  20
22.81183545379326
  450
0
  451
0
  460
0
  461
0
  452
1
  462
1
  453
2
  463
0
  63
5
  421
255
  463
1
  63
7
  421
16777215
  470
LINEAR
  1001
ACAD
  1010
0
  1020
0
  1030
0
  0
LWPOLYLINE
  5
1359
  100
AcDbEntity
  8
Document-Layer
  100
AcDbPolyline
  90
3
  70
1
  43
0.005080010160020321
  10
4.923363393199383
  20
3.3508508362535605
  10
4.384546948302344
  20
3.3508508362535605
  10
4.923363393199383
  20
3.8896672811505995
  0
HATCH
  5
1362
  100
AcDbEntity
  8
Document-Layer
  100
AcDbHatch
  10
0
  20
0
  30
0
  210
0
  220
0
  230
1
  2
SOLID
  70
1
  71
0
  91
1
  92
7
  72
0
  73
1
  93
4
  10
5.501693044055539
  20
3.221534889478271
  10
5.052679339974673
  20
3.670548593559137
  10
5.142482080790846
  20
3.7603513343753106
  10
5.591495784871712
  20
3.3113376302944446
  97
1
  330
1361
  75
0
  76
1
  47
0.4128176842155181
  98
1
  10
34.90568961886538
  20
22.81183545379326
  450
0
  451
0
  460
0
  461
0
  452
1
  462
1
  453
2
  463
0
  63
5
  421
255
  463
1
  63
7
  421
16777215
  470
LINEAR
  1001
ACAD
  1010
0
  1020
0
  1030
0
  0
LWPOLYLINE
  5
1361
  100
AcDbEntity
  8
Document-Layer
  100
AcDbPolyline
  90
4
  70
1
  43
0.005080010160020321
  10
5.501693044055539
  20
3.221534889478271
  10
5.052679339974673
  20
3.670548593559137
  10
5.142482080790846
  20
3.7603513343753106
  10
5.591495784871712
  20
3.3113376302944446
  0
HATCH
  5
1364
  100
AcDbEntity
  8
Document-Layer
  100
AcDbHatch
  10
0
  20
0
  30
0
  210
0
  220
0
  230
1
  2
SOLID
  70
1
  71
0
  91
1
  92
7
  72
0
  73
1
  93
4
  10
3.87024665164812
  20
3.7264957010876136
  10
3.4212329475672543
  20
4.175509405168479
  10
3.5110356883834273
  20
4.265312145984653
  10
3.960049392464293
  20
3.816298441903786
  97
1
  330
1363
  75
0
  76
1
  47
0.4128176842155181
  98
1
  10
34.90568961886538
  20
22.81183545379326
  450
0
  451
0
  460
0
  461
0
  452
1
  462
1
  453
2
  463
0
  63
5
  421
255
  463
1
  63
7
  421
16777215
  470
LINEAR
  1001
ACAD
  1010
0
  1020
0
  1030
0
  0
LWPOLYLINE
  5
1363
  100
AcDbEntity
  8
Document-Layer
  100
AcDbPolyline
  90
4
  70
1
  43
0.005080010160020321
  10
3.87024665164812
  20
3.7264957010876136
  10
3.4212329475672543
  20
4.175509405168479
  10
3.5110356883834273
  20
4.265312145984653
  10
3.960049392464293
  20
3.816298441903786
  0
HATCH
  5
1366
  100
AcDbEntity
  8
Document-Layer
  100
AcDbHatch
  10
0
  20
0
  30
0
  210
0
  220
0
  230
1
  2
SOLID
  70
1
  71
0
  91
1
  92
7
  72
0
  73
1
  93
4
  10
4.471206593189951
  20
4.3274556426294435
  10
4.0221928891090855
  20
4.77646934671031
  10
4.111995629925258
  20
4.866272087526483
  10
4.561009334006124
  20
4.417258383445618
  97
1
  330
1365
  75
0
  76
1
  47
0.4128176842155181
  98
1
  10
34.90568961886538
  20
22.81183545379326
  450
0
  451
0
  460
0
  461
0
  452
1
  462
1
  453
2
  463
0
  63
5
  421
255
  463
1
  63
7
  421
16777215
  470
LINEAR
  1001
ACAD
  1010
0
  1020
0
  1030
0
  0
LWPOLYLINE
  5
1365
  100
AcDbEntity
  8
Document-Layer
  100
AcDbPolyline
  90
4
  70
1
  43
0.005080010160020321
  10
4.471206593189951
  20
4.3274556426294435
  10
4.0221928891090855
  20
4.77646934671031
  10
4.111995629925258
  20
4.866272087526483
  10
4.561009334006124
  20
4.417258383445618
  0
HATCH
  5
1368
  100
AcDbEntity
  8
Document-Layer
  100
AcDbHatch
  10
0
  20
0
  30
0
  210
0
  220
0
  230
1
  2
SOLID
  70
1
  71
0
  91
1
  92
7
  72
0
  73
1
  93
4
  10
5.626626617078998
  20
3.702374684904389
  10
5.177612912998132
  20
3.2533609808235235
  10
5.0878101721819595
  20
3.3431637216396966
  10
5.536823876262825
  20
3.7921774257205625
  97
1
  330
1367
  75
0
  76
1
  47
0.4128176842155181
  98
1
  10
34.90568961886538
  20
22.81183545379326
  450
0
  451
0
  460
0
  461
0
  452
1
  462
1
  453
2
  463
0
  63
5
  421
255
  463
1
  63
7
  421
16777215
  470
LINEAR
  1001
ACAD
  1010
0
  1020
0
  1030
0
  0
LWPOLYLINE
  5
1367
  100
AcDbEntity
  8
Document-Layer
  100
AcDbPolyline
  90
4
  70
1
  43
0.005080010160020321
  10
5.626626617078998
  20
3.702374684904389
  10
5.177612912998132
  20
3.2533609808235235
  10
5.0878101721819595
  20
3.3431637216396966
  10
5.536823876262825
  20
3.7921774257205625
  0
HATCH
  5
1370
  100
AcDbEntity
  8
Document-Layer
  100
AcDbHatch
  10
0
  20
0
  30
0
  210
0
  220
0
  230
1
  2
SOLID
  70
1
  71
0
  91
1
  92
7
  72
0
  73
1
  93
4
  10
4.912892393620218
  20
2.655256766439647
  10
4.463878689539351
  20
3.104270470520513
  10
4.553681430355525
  20
3.194073211336686
  10
5.00269513443639
  20
2.74505950725582
  97
1
  330
1369
  75
0
  76
1
  47
0.4128176842155181
  98
1
  10
34.90568961886538
  20
22.81183545379326
  450
0
  451
0
  460
0
  461
0
  452
1
  462
1
  453
2
  463
0
  63
5
  421
255
  463
1
  63
7
  421
16777215
  470
LINEAR
  1001
ACAD
  1010
0
  1020
0
  1030
0
  0
LWPOLYLINE
  5
1369
  100
AcDbEntity
  8
Document-Layer
  100
AcDbPolyline
  90
4
  70
1
  43
0.005080010160020321
  10
4.912892393620218
  20
2.655256766439647
  10
4.463878689539351
  20
3.104270470520513
  10
4.553681430355525
  20
3.194073211336686
  10
5.00269513443639
  20
2.74505950725582
  0
HATCH
  5
1374
  100
AcDbEntity
  8
Document-Layer
  100
AcDbHatch
  10
0
  20
0
  30
0
  210
0
  220
0
  230
1
  2
SOLID
  70
1
  71
0
  91
1
  92
7
  72
0
  73
1
  93
3
  10
4.545897826347541
  20
-3.229154604781806
  10
4.545897826347542
  20
-2.690338159884767
  10
5.0847142712445805
  20
-3.229154604781806
  97
1
  330
1373
  75
0
  76
1
  47
0.4128176842155181
  98
1
  10
34.90568961886538
  20
22.81183545379326
  450
0
  451
0
  460
0
  461
0
  452
1
  462
1
  453
2
  463
0
  63
5
  421
255
  463
1
  63
7
  421
16777215
  470
LINEAR
  1001
ACAD
  1010
0
  1020
0
  1030
0
  0
LWPOLYLINE
  5
1373
  100
AcDbEntity
  8
Document-Layer
  100
AcDbPolyline
  90
3
  70
1
  43
0.005080010160020321
  10
4.545897826347541
  20
-3.229154604781806
  10
4.545897826347542
  20
-2.690338159884767
  10
5.0847142712445805
  20
-3.229154604781806
  0
HATCH
  5
1376
  100
AcDbEntity
  8
Document-Layer
  100
AcDbHatch
  10
0
  20
0
  30
0
  210
0
  220
0
  230
1
  2
SOLID
  70
1
  71
0
  91
1
  92
7
  72
0
  73
1
  93
4
  10
4.416581879572252
  20
-3.8074842556379616
  10
4.865595583653118
  20
-3.3584705515570956
  10
4.955398324469291
  20
-3.4482732923732686
  10
4.506384620388425
  20
-3.8972869964541346
  97
1
  330
1375
  75
0
  76
1
  47
0.4128176842155181
  98
1
  10
34.90568961886538
  20
22.81183545379326
  450
0
  451
0
  460
0
  461
0
  452
1
  462
1
  453
2
  463
0
  63
5
  421
255
  463
1
  63
7
  421
16777215
  470
LINEAR
  1001
ACAD
  1010
0
  1020
0
  1030
0
  0
LWPOLYLINE
  5
1375
  100
AcDbEntity
  8
Document-Layer
  100
AcDbPolyline
  90
4
  70
1
  43
0.005080010160020321
  10
4.416581879572252
  20
-3.8074842556379616
  10
4.865595583653118
  20
-3.3584705515570956
  10
4.955398324469291
  20
-3.4482732923732686
  10
4.506384620388425
  20
-3.8972869964541346
  0
HATCH
  5
1378
  100
AcDbEntity
  8
Document-Layer
  100
AcDbHatch
  10
0
  20
0
  30
0
  210
0
  220
0
  230
1
  2
SOLID
  70
1
  71
0
  91
1
  92
7
  72
0
  73
1
  93
4
  10
4.921542691181594
  20
-2.176037863230543
  10
5.37055639526246
  20
-1.7270241591496773
  10
5.460359136078632
  20
-1.8168268999658506
  10
5.011345431997767
  20
-2.2658406040467165
  97
1
  330
1377
  75
0
  76
1
  47
0.4128176842155181
  98
1
  10
34.90568961886538
  20
22.81183545379326
  450
0
  451
0
  460
0
  461
0
  452
1
  462
1
  453
2
  463
0
  63
5
  421
255
  463
1
  63
7
  421
16777215
  470
LINEAR
  1001
ACAD
  1010
0
  1020
0
  1030
0
  0
LWPOLYLINE
  5
1377
  100
AcDbEntity
  8
Document-Layer
  100
AcDbPolyline
  90
4
  70
1
  43
0.005080010160020321
  10
4.921542691181594
  20
-2.176037863230543
  10
5.37055639526246
  20
-1.7270241591496773
  10
5.460359136078632
  20
-1.8168268999658506
  10
5.011345431997767
  20
-2.2658406040467165
  0
HATCH
  5
1380
  100
AcDbEntity
  8
Document-Layer
  100
AcDbHatch
  10
0
  20
0
  30
0
  210
0
  220
0
  230
1
  2
SOLID
  70
1
  71
0
  91
1
  92
7
  72
0
  73
1
  93
4
  10
5.522502632723425
  20
-2.7769978047723742
  10
5.9715163368042905
  20
-2.3279841006915083
  10
6.061319077620464
  20
-2.4177868415076817
  10
5.612305373539598
  20
-2.8668005455885472
  97
1
  330
1379
  75
0
  76
1
  47
0.4128176842155181
  98
1
  10
34.90568961886538
  20
22.81183545379326
  450
0
  451
0
  460
0
  461
0
  452
1
  462
1
  453
2
  463
0
  63
5
  421
255
  463
1
  63
7
  421
16777215
  470
LINEAR
  1001
ACAD
  1010
0
  1020
0
  1030
0
  0
LWPOLYLINE
  5
1379
  100
AcDbEntity
  8
Document-Layer
  100
AcDbPolyline
  90
4
  70
1
  43
0.005080010160020321
  10
5.522502632723425
  20
-2.7769978047723742
  10
5.9715163368042905
  20
-2.3279841006915083
  10
6.061319077620464
  20
-2.4177868415076817
  10
5.612305373539598
  20
-2.8668005455885472
  0
HATCH
  5
1382
  100
AcDbEntity
  8
Document-Layer
  100
AcDbHatch
  10
0
  20
0
  30
0
  210
0
  220
0
  230
1
  2
SOLID
  70
1
  71
0
  91
1
  92
7
  72
0
  73
1
  93
4
  10
4.89742167499837
  20
-3.9324178286614213
  10
4.448407970917503
  20
-3.4834041245805554
  10
4.538210711733677
  20
-3.3936013837643824
  10
4.987224415814542
  20
-3.8426150878452483
  97
1
  330
1381
  75
0
  76
1
  47
0.4128176842155181
  98
1
  10
34.90568961886538
  20
22.81183545379326
  450
0
  451
0
  460
0
  461
0
  452
1
  462
1
  453
2
  463
0
  63
5
  421
255
  463
1
  63
7
  421
16777215
  470
LINEAR
  1001
ACAD
  1010
0
  1020
0
  1030
0
  0
LWPOLYLINE
  5
1381
  100
AcDbEntity
  8
Document-Layer
  100
AcDbPolyline
  90
4
  70
1
  43
0.005080010160020321
  10
4.89742167499837
  20
-3.9324178286614213
  10
4.448407970917503
  20
-3.4834041245805554
  10
4.538210711733677
  20
-3.3936013837643824
  10
4.987224415814542
  20
-3.8426150878452483
  0
HATCH
  5
1384
  100
AcDbEntity
  8
Document-Layer
  100
AcDbHatch
  10
0
  20
0
  30
0
  210
0
  220
0
  230
1
  2
SOLID
  70
1
  71
0
  91
1
  92
7
  72
0
  73
1
  93
4
  10
3.8503037565336267
  20
-3.21868360520264
  10
4.299317460614493
  20
-2.7696699011217745
  10
4.389120201430667
  20
-2.8594726419379475
  10
3.9401064973498
  20
-3.3084863460188134
  97
1
  330
1383
  75
0
  76
1
  47
0.4128176842155181
  98
1
  10
34.90568961886538
  20
22.81183545379326
  450
0
  451
0
  460
0
  461
0
  452
1
  462
1
  453
2
  463
0
  63
5
  421
255
  463
1
  63
7
  421
16777215
  470
LINEAR
  1001
ACAD
  1010
0
  1020
0
  1030
0
  0
LWPOLYLINE
  5
1383
  100
AcDbEntity
  8
Document-Layer
  100
AcDbPolyline
  90
4
  70
1
  43
0.005080010160020321
  10
3.8503037565336267
  20
-3.21868360520264
  10
4.299317460614493
  20
-2.7696699011217745
  10
4.389120201430667
  20
-2.8594726419379475
  10
3.9401064973498
  20
-3.3084863460188134
  0
HATCH
  5
1487
  100
AcDbEntity
  8
Document-Layer
  100
AcDbHatch
  10
0
  20
0
  30
0
  210
0
  220
0
  230
1
  2
SOLID
  70
1
  71
0
  91
1
  92
7
  72
0
  73
1
  93
3
  10
-5.304158414789426
  20
-2.9958952863424617
  10
-4.765341969892386
  20
-2.9958952863424617
  10
-5.304158414789426
  20
-3.534711731239501
  97
1
  330
1486
  75
0
  76
1
  47
0.4128176842155181
  98
1
  10
34.90568961886538
  20
22.81183545379326
  450
0
  451
0
  460
0
  461
0
  452
1
  462
1
  453
2
  463
0
  63
5
  421
255
  463
1
  63
7
  421
16777215
  470
LINEAR
  1001
ACAD
  1010
0
  1020
0
  1030
0
  0
LWPOLYLINE
  5
1486
  100
AcDbEntity
  8
Document-Layer
  100
AcDbPolyline
  90
3
  70
1
  43
0.005080010160020321
  10
-5.304158414789426
  20
-2.9958952863424617
  10
-4.765341969892386
  20
-2.9958952863424617
  10
-5.304158414789426
  20
-3.534711731239501
  0
HATCH
  5
1489
  100
AcDbEntity
  8
Document-Layer
  100
AcDbHatch
  10
0
  20
0
  30
0
  210
0
  220
0
  230
1
  2
SOLID
  70
1
  71
0
  91
1
  92
7
  72
0
  73
1
  93
4
  10
-5.882488065645582
  20
-2.8665793395671724
  10
-5.433474361564715
  20
-3.3155930436480383
  10
-5.523277102380889
  20
-3.4053957844642113
  10
-5.972290806461754
  20
-2.9563820803833454
  97
1
  330
1488
  75
0
  76
1
  47
0.4128176842155181
  98
1
  10
34.90568961886538
  20
22.81183545379326
  450
0
  451
0
  460
0
  461
0
  452
1
  462
1
  453
2
  463
0
  63
5
  421
255
  463
1
  63
7
  421
16777215
  470
LINEAR
  1001
ACAD
  1010
0
  1020
0
  1030
0
  0
LWPOLYLINE
  5
1488
  100
AcDbEntity
  8
Document-Layer
  100
AcDbPolyline
  90
4
  70
1
  43
0.005080010160020321
  10
-5.882488065645582
  20
-2.8665793395671724
  10
-5.433474361564715
  20
-3.3155930436480383
  10
-5.523277102380889
  20
-3.4053957844642113
  10
-5.972290806461754
  20
-2.9563820803833454
  0
HATCH
  5
1491
  100
AcDbEntity
  8
Document-Layer
  100
AcDbHatch
  10
0
  20
0
  30
0
  210
0
  220
0
  230
1
  2
SOLID
  70
1
  71
0
  91
1
  92
7
  72
0
  73
1
  93
4
  10
-4.251041673238163
  20
-3.371540151176514
  10
-3.8020279691572973
  20
-3.8205538552573803
  10
-3.89183070997347
  20
-3.9103565960735533
  10
-4.340844414054336
  20
-3.4613428919926874
  97
1
  330
1490
  75
0
  76
1
  47
0.4128176842155181
  98
1
  10
34.90568961886538
  20
22.81183545379326
  450
0
  451
0
  460
0
  461
0
  452
1
  462
1
  453
2
  463
0
  63
5
  421
255
  463
1
  63
7
  421
16777215
  470
LINEAR
  1001
ACAD
  1010
0
  1020
0
  1030
0
  0
LWPOLYLINE
  5
1490
  100
AcDbEntity
  8
Document-Layer
  100
AcDbPolyline
  90
4
  70
1
  43
0.005080010160020321
  10
-4.251041673238163
  20
-3.371540151176514
  10
-3.8020279691572973
  20
-3.8205538552573803
  10
-3.89183070997347
  20
-3.9103565960735533
  10
-4.340844414054336
  20
-3.4613428919926874
  0
HATCH
  5
1493
  100
AcDbEntity
  8
Document-Layer
  100
AcDbHatch
  10
0
  20
0
  30
0
  210
0
  220
0
  230
1
  2
SOLID
  70
1
  71
0
  91
1
  92
7
  72
0
  73
1
  93
4
  10
-4.852001614779994
  20
-3.972500092718345
  10
-4.402987910699128
  20
-4.421513796799211
  10
-4.492790651515301
  20
-4.511316537615384
  10
-4.941804355596167
  20
-4.062302833534518
  97
1
  330
1492
  75
0
  76
1
  47
0.4128176842155181
  98
1
  10
34.90568961886538
  20
22.81183545379326
  450
0
  451
0
  460
0
  461
0
  452
1
  462
1
  453
2
  463
0
  63
5
  421
255
  463
1
  63
7
  421
16777215
  470
LINEAR
  1001
ACAD
  1010
0
  1020
0
  1030
0
  0
LWPOLYLINE
  5
1492
  100
AcDbEntity
  8
Document-Layer
  100
AcDbPolyline
  90
4
  70
1
  43
0.005080010160020321
  10
-4.852001614779994
  20
-3.972500092718345
  10
-4.402987910699128
  20
-4.421513796799211
  10
-4.492790651515301
  20
-4.511316537615384
  10
-4.941804355596167
  20
-4.062302833534518
  0
HATCH
  5
1495
  100
AcDbEntity
  8
Document-Layer
  100
AcDbHatch
  10
0
  20
0
  30
0
  210
0
  220
0
  230
1
  2
SOLID
  70
1
  71
0
  91
1
  92
7
  72
0
  73
1
  93
4
  10
-6.007421638669041
  20
-3.34741913499329
  10
-5.558407934588175
  20
-2.898405430912424
  10
-5.468605193772002
  20
-2.9882081717285973
  10
-5.917618897852868
  20
-3.4372218758094633
  97
1
  330
1494
  75
0
  76
1
  47
0.4128176842155181
  98
1
  10
34.90568961886538
  20
22.81183545379326
  450
0
  451
0
  460
0
  461
0
  452
1
  462
1
  453
2
  463
0
  63
5
  421
255
  463
1
  63
7
  421
16777215
  470
LINEAR
  1001
ACAD
  1010
0
  1020
0
  1030
0
  0
LWPOLYLINE
  5
1494
  100
AcDbEntity
  8
Document-Layer
  100
AcDbPolyline
  90
4
  70
1
  43
0.005080010160020321
  10
-6.007421638669041
  20
-3.34741913499329
  10
-5.558407934588175
  20
-2.898405430912424
  10
-5.468605193772002
  20
-2.9882081717285973
  10
-5.917618897852868
  20
-3.4372218758094633
  0
HATCH
  5
1497
  100
AcDbEntity
  8
Document-Layer
  100
AcDbHatch
  10
0
  20
0
  30
0
  210
0
  220
0
  230
1
  2
SOLID
  70
1
  71
0
  91
1
  92
7
  72
0
  73
1
  93
4
  10
-5.29368741521026
  20
-2.3003012165285477
  10
-4.844673711129395
  20
-2.749314920609413
  10
-4.934476451945567
  20
-2.8391176614255866
  10
-5.383490156026434
  20
-2.3901039573447207
  97
1
  330
1496
  75
0
  76
1
  47
0.4128176842155181
  98
1
  10
34.90568961886538
  20
22.81183545379326
  450
0
  451
0
  460
0
  461
0
  452
1
  462
1
  453
2
  463
0
  63
5
  421
255
  463
1
  63
7
  421
16777215
  470
LINEAR
  1001
ACAD
  1010
0
  1020
0
  1030
0
  0
LWPOLYLINE
  5
1496
  100
AcDbEntity
  8
Document-Layer
  100
AcDbPolyline
  90
4
  70
1
  43
0.005080010160020321
  10
-5.29368741521026
  20
-2.3003012165285477
  10
-4.844673711129395
  20
-2.749314920609413
  10
-4.934476451945567
  20
-2.8391176614255866
  10
-5.383490156026434
  20
-2.3901039573447207
  0
LWPOLYLINE
  5
2682
  100
AcDbEntity
  8
Document-Layer
  100
AcDbPolyline
  90
4
  70
0
  43
0.25001270002540005
  10
-2.8000000000000003
  20
-8.327965455893889
  42
1
  10
-2.6999237998476007
  20
-8.327965455954974
  10
-2.6999237998476007
  20
-8.327965455967936
  42
1
  10
-2.8000000000000003
  20
-8.32796545590685
  0
HATCH
  5
2698
  100
AcDbEntity
  8
Document-Layer
  100
AcDbHatch
  10
0
  20
0
  30
0
  210
0
  220
0
  230
1
  2
SOLID
  70
1
  71
0
  91
1
  92
7
  72
0
  73
1
  93
14
  10
5.463474726949455
  20
-12.101676403352808
  10
5.463474726949455
  20
-13.39194818389637
  10
5.444875970357288
  20
-13.436849554304457
  10
5.399974599949201
  20
-13.455448310896623
  10
4.851536703073407
  20
-13.455448310896623
  10
4.863449326898654
  20
-13.990525781051565
  10
4.801372653399583
  20
-14.054336319119685
  10
4.7364998729997465
  20
-13.993370586741175
  10
4.723139446278893
  20
-13.393370586741176
  10
4.741218850148793
  20
-13.347555941125194
  10
4.786614173228347
  20
-13.328448056896116
  10
5.3364744729489475
  20
-13.328448056896116
  10
5.3364744729489475
  20
-12.101676403352808
  10
5.399974599949201
  20
-12.038176276352555
  97
1
  330
2697
  75
0
  76
1
  47
0.4128176842155181
  98
1
  10
34.90568961886538
  20
22.81183545379326
  450
0
  451
0
  460
0
  461
0
  452
1
  462
1
  453
2
  463
0
  63
5
  421
255
  463
1
  63
7
  421
16777215
  470
LINEAR
  1001
ACAD
  1010
0
  1020
0
  1030
0
  0
LWPOLYLINE
  5
2697
  100
AcDbEntity
  8
Document-Layer
  100
AcDbPolyline
  90
14
  70
1
  43
0.005080010160020321
  10
5.463474726949455
  20
-12.101676403352808
  10
5.463474726949455
  20
-13.39194818389637
  10
5.444875970357288
  20
-13.436849554304457
  10
5.399974599949201
  20
-13.455448310896623
  10
4.851536703073407
  20
-13.455448310896623
  10
4.863449326898654
  20
-13.990525781051565
  10
4.801372653399583
  20
-14.054336319119685
  10
4.7364998729997465
  20
-13.993370586741175
  10
4.723139446278893
  20
-13.393370586741176
  10
4.741218850148793
  20
-13.347555941125194
  10
4.786614173228347
  20
-13.328448056896116
  10
5.3364744729489475
  20
-13.328448056896116
  10
5.3364744729489475
  20
-12.101676403352808
  10
5.399974599949201
  20
-12.038176276352555
  0
HATCH
  5
2700
  100
AcDbEntity
  8
Document-Layer
  100
AcDbHatch
  10
0
  20
0
  30
0
  210
0
  220
0
  230
1
  2
SOLID
  70
1
  71
0
  91
1
  92
7
  72
0
  73
1
  93
6
  10
-4.800025400050801
  20
-13.328448056896116
  10
5.399974599949201
  20
-13.328448056896116
  10
5.463474726949455
  20
-13.39194818389637
  10
5.399974599949201
  20
-13.455448310896623
  10
-4.800025400050801
  20
-13.455448310896623
  10
-4.8635255270510545
  20
-13.39194818389637
  97
1
  330
2699
  75
0
  76
1
  47
0.4128176842155181
  98
1
  10
34.90568961886538
  20
22.81183545379326
  450
0
  451
0
  460
0
  461
0
  452
1
  462
1
  453
2
  463
0
  63
5
  421
255
  463
1
  63
7
  421
16777215
  470
LINEAR
  1001
ACAD
  1010
0
  1020
0
  1030
0
  0
LWPOLYLINE
  5
2699
  100
AcDbEntity
  8
Document-Layer
  100
AcDbPolyline
  90
6
  70
1
  43
0.005080010160020321
  10
-4.800025400050801
  20
-13.328448056896116
  10
5.399974599949201
  20
-13.328448056896116
  10
5.463474726949455
  20
-13.39194818389637
  10
5.399974599949201
  20
-13.455448310896623
  10
-4.800025400050801
  20
-13.455448310896623
  10
-4.8635255270510545
  20
-13.39194818389637
  0
HATCH
  5
2702
  100
AcDbEntity
  8
Document-Layer
  100
AcDbHatch
  10
0
  20
0
  30
0
  210
0
  220
0
  230
1
  2
SOLID
  70
1
  71
0
  91
1
  92
7
  72
0
  73
1
  93
18
  10
-5.336525273050547
  20
-12.10208280416561
  10
-5.336525273050547
  20
-13.328448056896116
  10
-4.800025400050801
  20
-13.328448056896116
  10
-4.7551240296427135
  20
-13.347046813488282
  10
-4.736525273050547
  20
-13.39194818389637
  10
-4.736525273050547
  20
-13.928448056896116
  10
4.7999745999492
  20
-13.928448056896116
  10
4.8634747269494545
  20
-13.991948183896369
  10
4.7999745999492
  20
-14.055448310896624
  10
-4.800025400050801
  20
-14.055448310896624
  10
-4.844926770458888
  20
-14.036849554304457
  10
-4.8635255270510545
  20
-13.991948183896369
  10
-4.8635255270510545
  20
-13.455448310896623
  10
-5.400025400050801
  20
-13.455448310896623
  10
-5.4449267704588875
  20
-13.436849554304457
  10
-5.463525527051054
  20
-13.39194818389637
  10
-5.463525527051054
  20
-12.10208280416561
  10
-5.400025400050801
  20
-12.038582677165355
  97
1
  330
2701
  75
0
  76
1
  47
0.4128176842155181
  98
1
  10
34.90568961886538
  20
22.81183545379326
  450
0
  451
0
  460
0
  461
0
  452
1
  462
1
  453
2
  463
0
  63
5
  421
255
  463
1
  63
7
  421
16777215
  470
LINEAR
  1001
ACAD
  1010
0
  1020
0
  1030
0
  0
LWPOLYLINE
  5
2701
  100
AcDbEntity
  8
Document-Layer
  100
AcDbPolyline
  90
18
  70
1
  43
0.005080010160020321
  10
-5.336525273050547
  20
-12.10208280416561
  10
-5.336525273050547
  20
-13.328448056896116
  10
-4.800025400050801
  20
-13.328448056896116
  10
-4.7551240296427135
  20
-13.347046813488282
  10
-4.736525273050547
  20
-13.39194818389637
  10
-4.736525273050547
  20
-13.928448056896116
  10
4.7999745999492
  20
-13.928448056896116
  10
4.8634747269494545
  20
-13.991948183896369
  10
4.7999745999492
  20
-14.055448310896624
  10
-4.800025400050801
  20
-14.055448310896624
  10
-4.844926770458888
  20
-14.036849554304457
  10
-4.8635255270510545
  20
-13.991948183896369
  10
-4.8635255270510545
  20
-13.455448310896623
  10
-5.400025400050801
  20
-13.455448310896623
  10
-5.4449267704588875
  20
-13.436849554304457
  10
-5.463525527051054
  20
-13.39194818389637
  10
-5.463525527051054
  20
-12.10208280416561
  10
-5.400025400050801
  20
-12.038582677165355
  0
HATCH
  5
2706
  100
AcDbEntity
  8
Document-Layer
  100
AcDbHatch
  10
0
  20
0
  30
0
  210
0
  220
0
  230
1
  2
SOLID
  70
1
  71
0
  91
1
  92
7
  72
0
  73
1
  93
3
  10
-4.295897826347542
  20
4.454158414789426
  10
-4.295897826347542
  20
3.9153419698923875
  10
-4.8347142712445805
  20
4.454158414789426
  97
1
  330
2705
  75
0
  76
1
  47
0.4128176842155181
  98
1
  10
34.90568961886538
  20
22.81183545379326
  450
0
  451
0
  460
0
  461
0
  452
1
  462
1
  453
2
  463
0
  63
5
  421
255
  463
1
  63
7
  421
16777215
  470
LINEAR
  1001
ACAD
  1010
0
  1020
0
  1030
0
  0
LWPOLYLINE
  5
2705
  100
AcDbEntity
  8
Document-Layer
  100
AcDbPolyline
  90
3
  70
1
  43
0.005080010160020321
  10
-4.295897826347542
  20
4.454158414789426
  10
-4.295897826347542
  20
3.9153419698923875
  10
-4.8347142712445805
  20
4.454158414789426
  0
HATCH
  5
2708
  100
AcDbEntity
  8
Document-Layer
  100
AcDbHatch
  10
0
  20
0
  30
0
  210
0
  220
0
  230
1
  2
SOLID
  70
1
  71
0
  91
1
  92
7
  72
0
  73
1
  93
4
  10
-4.166581879572252
  20
5.032488065645582
  10
-4.615595583653118
  20
4.583474361564717
  10
-4.705398324469291
  20
4.673277102380889
  10
-4.256384620388425
  20
5.122290806461756
  97
1
  330
2707
  75
0
  76
1
  47
0.4128176842155181
  98
1
  10
34.90568961886538
  20
22.81183545379326
  450
0
  451
0
  460
0
  461
0
  452
1
  462
1
  453
2
  463
0
  63
5
  421
255
  463
1
  63
7
  421
16777215
  470
LINEAR
  1001
ACAD
  1010
0
  1020
0
  1030
0
  0
LWPOLYLINE
  5
2707
  100
AcDbEntity
  8
Document-Layer
  100
AcDbPolyline
  90
4
  70
1
  43
0.005080010160020321
  10
-4.166581879572252
  20
5.032488065645582
  10
-4.615595583653118
  20
4.583474361564717
  10
-4.705398324469291
  20
4.673277102380889
  10
-4.256384620388425
  20
5.122290806461756
  0
HATCH
  5
2710
  100
AcDbEntity
  8
Document-Layer
  100
AcDbHatch
  10
0
  20
0
  30
0
  210
0
  220
0
  230
1
  2
SOLID
  70
1
  71
0
  91
1
  92
7
  72
0
  73
1
  93
4
  10
-4.671542691181594
  20
3.4010416732381636
  10
-5.12055639526246
  20
2.9520279691572977
  10
-5.210359136078633
  20
3.0418307099734707
  10
-4.761345431997767
  20
3.4908444140543367
  97
1
  330
2709
  75
0
  76
1
  47
0.4128176842155181
  98
1
  10
34.90568961886538
  20
22.81183545379326
  450
0
  451
0
  460
0
  461
0
  452
1
  462
1
  453
2
  463
0
  63
5
  421
255
  463
1
  63
7
  421
16777215
  470
LINEAR
  1001
ACAD
  1010
0
  1020
0
  1030
0
  0
LWPOLYLINE
  5
2709
  100
AcDbEntity
  8
Document-Layer
  100
AcDbPolyline
  90
4
  70
1
  43
0.005080010160020321
  10
-4.671542691181594
  20
3.4010416732381636
  10
-5.12055639526246
  20
2.9520279691572977
  10
-5.210359136078633
  20
3.0418307099734707
  10
-4.761345431997767
  20
3.4908444140543367
  0
HATCH
  5
2712
  100
AcDbEntity
  8
Document-Layer
  100
AcDbHatch
  10
0
  20
0
  30
0
  210
0
  220
0
  230
1
  2
SOLID
  70
1
  71
0
  91
1
  92
7
  72
0
  73
1
  93
4
  10
-5.272502632723425
  20
4.002001614779995
  10
-5.7215163368042905
  20
3.5529879106991284
  10
-5.811319077620464
  20
3.6427906515153015
  10
-5.362305373539598
  20
4.091804355596167
  97
1
  330
2711
  75
0
  76
1
  47
0.4128176842155181
  98
1
  10
34.90568961886538
  20
22.81183545379326
  450
0
  451
0
  460
0
  461
0
  452
1
  462
1
  453
2
  463
0
  63
5
  421
255
  463
1
  63
7
  421
16777215
  470
LINEAR
  1001
ACAD
  1010
0
  1020
0
  1030
0
  0
LWPOLYLINE
  5
2711
  100
AcDbEntity
  8
Document-Layer
  100
AcDbPolyline
  90
4
  70
1
  43
0.005080010160020321
  10
-5.272502632723425
  20
4.002001614779995
  10
-5.7215163368042905
  20
3.5529879106991284
  10
-5.811319077620464
  20
3.6427906515153015
  10
-5.362305373539598
  20
4.091804355596167
  0
HATCH
  5
2714
  100
AcDbEntity
  8
Document-Layer
  100
AcDbHatch
  10
0
  20
0
  30
0
  210
0
  220
0
  230
1
  2
SOLID
  70
1
  71
0
  91
1
  92
7
  72
0
  73
1
  93
4
  10
-4.64742167499837
  20
5.1574216386690415
  10
-4.198407970917503
  20
4.708407934588176
  10
-4.288210711733677
  20
4.6186051937720025
  10
-4.737224415814542
  20
5.067618897852869
  97
1
  330
2713
  75
0
  76
1
  47
0.4128176842155181
  98
1
  10
34.90568961886538
  20
22.81183545379326
  450
0
  451
0
  460
0
  461
0
  452
1
  462
1
  453
2
  463
0
  63
5
  421
255
  463
1
  63
7
  421
16777215
  470
LINEAR
  1001
ACAD
  1010
0
  1020
0
  1030
0
  0
LWPOLYLINE
  5
2713
  100
AcDbEntity
  8
Document-Layer
  100
AcDbPolyline
  90
4
  70
1
  43
0.005080010160020321
  10
-4.64742167499837
  20
5.1574216386690415
  10
-4.198407970917503
  20
4.708407934588176
  10
-4.288210711733677
  20
4.6186051937720025
  10
-4.737224415814542
  20
5.067618897852869
  0
HATCH
  5
2716
  100
AcDbEntity
  8
Document-Layer
  100
AcDbHatch
  10
0
  20
0
  30
0
  210
0
  220
0
  230
1
  2
SOLID
  70
1
  71
0
  91
1
  92
7
  72
0
  73
1
  93
4
  10
-3.600303756533627
  20
4.443687415210261
  10
-4.049317460614493
  20
3.994673711129395
  10
-4.139120201430666
  20
4.084476451945568
  10
-3.6901064973498
  20
4.533490156026434
  97
1
  330
2715
  75
0
  76
1
  47
0.4128176842155181
  98
1
  10
34.90568961886538
  20
22.81183545379326
  450
0
  451
0
  460
0
  461
0
  452
1
  462
1
  453
2
  463
0
  63
5
  421
255
  463
1
  63
7
  421
16777215
  470
LINEAR
  1001
ACAD
  1010
0
  1020
0
  1030
0
  0
LWPOLYLINE
  5
2715
  100
AcDbEntity
  8
Document-Layer
  100
AcDbPolyline
  90
4
  70
1
  43
0.005080010160020321
  10
-3.600303756533627
  20
4.443687415210261
  10
-4.049317460614493
  20
3.994673711129395
  10
-4.139120201430666
  20
4.084476451945568
  10
-3.6901064973498
  20
4.533490156026434
  0
HATCH
  5
2721
  100
AcDbEntity
  8
Document-Layer
  100
AcDbHatch
  10
0
  20
0
  30
0
  210
0
  220
0
  230
1
  2
SOLID
  70
1
  71
0
  91
1
  92
7
  72
0
  73
1
  93
3
  10
4.923363393199383
  20
3.3508508362535605
  10
4.384546948302344
  20
3.3508508362535605
  10
4.923363393199383
  20
3.8896672811505995
  97
1
  330
2720
  75
0
  76
1
  47
0.4128176842155181
  98
1
  10
34.90568961886538
  20
22.81183545379326
  450
0
  451
0
  460
0
  461
0
  452
1
  462
1
  453
2
  463
0
  63
5
  421
255
  463
1
  63
7
  421
16777215
  470
LINEAR
  1001
ACAD
  1010
0
  1020
0
  1030
0
  0
LWPOLYLINE
  5
2720
  100
AcDbEntity
  8
Document-Layer
  100
AcDbPolyline
  90
3
  70
1
  43
0.005080010160020321
  10
4.923363393199383
  20
3.3508508362535605
  10
4.384546948302344
  20
3.3508508362535605
  10
4.923363393199383
  20
3.8896672811505995
  0
HATCH
  5
2723
  100
AcDbEntity
  8
Document-Layer
  100
AcDbHatch
  10
0
  20
0
  30
0
  210
0
  220
0
  230
1
  2
SOLID
  70
1
  71
0
  91
1
  92
7
  72
0
  73
1
  93
4
  10
5.501693044055539
  20
3.221534889478271
  10
5.052679339974673
  20
3.670548593559137
  10
5.142482080790846
  20
3.7603513343753106
  10
5.591495784871712
  20
3.3113376302944446
  97
1
  330
2722
  75
0
  76
1
  47
0.4128176842155181
  98
1
  10
34.90568961886538
  20
22.81183545379326
  450
0
  451
0
  460
0
  461
0
  452
1
  462
1
  453
2
  463
0
  63
5
  421
255
  463
1
  63
7
  421
16777215
  470
LINEAR
  1001
ACAD
  1010
0
  1020
0
  1030
0
  0
LWPOLYLINE
  5
2722
  100
AcDbEntity
  8
Document-Layer
  100
AcDbPolyline
  90
4
  70
1
  43
0.005080010160020321
  10
5.501693044055539
  20
3.221534889478271
  10
5.052679339974673
  20
3.670548593559137
  10
5.142482080790846
  20
3.7603513343753106
  10
5.591495784871712
  20
3.3113376302944446
  0
HATCH
  5
2725
  100
AcDbEntity
  8
Document-Layer
  100
AcDbHatch
  10
0
  20
0
  30
0
  210
0
  220
0
  230
1
  2
SOLID
  70
1
  71
0
  91
1
  92
7
  72
0
  73
1
  93
4
  10
3.87024665164812
  20
3.7264957010876136
  10
3.4212329475672543
  20
4.175509405168479
  10
3.5110356883834273
  20
4.265312145984653
  10
3.960049392464293
  20
3.816298441903786
  97
1
  330
2724
  75
0
  76
1
  47
0.4128176842155181
  98
1
  10
34.90568961886538
  20
22.81183545379326
  450
0
  451
0
  460
0
  461
0
  452
1
  462
1
  453
2
  463
0
  63
5
  421
255
  463
1
  63
7
  421
16777215
  470
LINEAR
  1001
ACAD
  1010
0
  1020
0
  1030
0
  0
LWPOLYLINE
  5
2724
  100
AcDbEntity
  8
Document-Layer
  100
AcDbPolyline
  90
4
  70
1
  43
0.005080010160020321
  10
3.87024665164812
  20
3.7264957010876136
  10
3.4212329475672543
  20
4.175509405168479
  10
3.5110356883834273
  20
4.265312145984653
  10
3.960049392464293
  20
3.816298441903786
  0
HATCH
  5
2727
  100
AcDbEntity
  8
Document-Layer
  100
AcDbHatch
  10
0
  20
0
  30
0
  210
0
  220
0
  230
1
  2
SOLID
  70
1
  71
0
  91
1
  92
7
  72
0
  73
1
  93
4
  10
4.471206593189951
  20
4.3274556426294435
  10
4.0221928891090855
  20
4.77646934671031
  10
4.111995629925258
  20
4.866272087526483
  10
4.561009334006124
  20
4.417258383445618
  97
1
  330
2726
  75
0
  76
1
  47
0.4128176842155181
  98
1
  10
34.90568961886538
  20
22.81183545379326
  450
0
  451
0
  460
0
  461
0
  452
1
  462
1
  453
2
  463
0
  63
5
  421
255
  463
1
  63
7
  421
16777215
  470
LINEAR
  1001
ACAD
  1010
0
  1020
0
  1030
0
  0
LWPOLYLINE
  5
2726
  100
AcDbEntity
  8
Document-Layer
  100
AcDbPolyline
  90
4
  70
1
  43
0.005080010160020321
  10
4.471206593189951
  20
4.3274556426294435
  10
4.0221928891090855
  20
4.77646934671031
  10
4.111995629925258
  20
4.866272087526483
  10
4.561009334006124
  20
4.417258383445618
  0
HATCH
  5
2729
  100
AcDbEntity
  8
Document-Layer
  100
AcDbHatch
  10
0
  20
0
  30
0
  210
0
  220
0
  230
1
  2
SOLID
  70
1
  71
0
  91
1
  92
7
  72
0
  73
1
  93
4
  10
5.626626617078998
  20
3.702374684904389
  10
5.177612912998132
  20
3.2533609808235235
  10
5.0878101721819595
  20
3.3431637216396966
  10
5.536823876262825
  20
3.7921774257205625
  97
1
  330
2728
  75
0
  76
1
  47
0.4128176842155181
  98
1
  10
34.90568961886538
  20
22.81183545379326
  450
0
  451
0
  460
0
  461
0
  452
1
  462
1
  453
2
  463
0
  63
5
  421
255
  463
1
  63
7
  421
16777215
  470
LINEAR
  1001
ACAD
  1010
0
  1020
0
  1030
0
  0
LWPOLYLINE
  5
2728
  100
AcDbEntity
  8
Document-Layer
  100
AcDbPolyline
  90
4
  70
1
  43
0.005080010160020321
  10
5.626626617078998
  20
3.702374684904389
  10
5.177612912998132
  20
3.2533609808235235
  10
5.0878101721819595
  20
3.3431637216396966
  10
5.536823876262825
  20
3.7921774257205625
  0
HATCH
  5
2731
  100
AcDbEntity
  8
Document-Layer
  100
AcDbHatch
  10
0
  20
0
  30
0
  210
0
  220
0
  230
1
  2
SOLID
  70
1
  71
0
  91
1
  92
7
  72
0
  73
1
  93
4
  10
4.912892393620218
  20
2.655256766439647
  10
4.463878689539351
  20
3.104270470520513
  10
4.553681430355525
  20
3.194073211336686
  10
5.00269513443639
  20
2.74505950725582
  97
1
  330
2730
  75
0
  76
1
  47
0.4128176842155181
  98
1
  10
34.90568961886538
  20
22.81183545379326
  450
0
  451
0
  460
0
  461
0
  452
1
  462
1
  453
2
  463
0
  63
5
  421
255
  463
1
  63
7
  421
16777215
  470
LINEAR
  1001
ACAD
  1010
0
  1020
0
  1030
0
  0
LWPOLYLINE
  5
2730
  100
AcDbEntity
  8
Document-Layer
  100
AcDbPolyline
  90
4
  70
1
  43
0.005080010160020321
  10
4.912892393620218
  20
2.655256766439647
  10
4.463878689539351
  20
3.104270470520513
  10
4.553681430355525
  20
3.194073211336686
  10
5.00269513443639
  20
2.74505950725582
  0
HATCH
  5
2736
  100
AcDbEntity
  8
Document-Layer
  100
AcDbHatch
  10
0
  20
0
  30
0
  210
0
  220
0
  230
1
  2
SOLID
  70
1
  71
0
  91
1
  92
7
  72
0
  73
1
  93
3
  10
4.545897826347541
  20
-3.229154604781806
  10
4.545897826347542
  20
-2.690338159884767
  10
5.0847142712445805
  20
-3.229154604781806
  97
1
  330
2735
  75
0
  76
1
  47
0.4128176842155181
  98
1
  10
34.90568961886538
  20
22.81183545379326
  450
0
  451
0
  460
0
  461
0
  452
1
  462
1
  453
2
  463
0
  63
5
  421
255
  463
1
  63
7
  421
16777215
  470
LINEAR
  1001
ACAD
  1010
0
  1020
0
  1030
0
  0
LWPOLYLINE
  5
2735
  100
AcDbEntity
  8
Document-Layer
  100
AcDbPolyline
  90
3
  70
1
  43
0.005080010160020321
  10
4.545897826347541
  20
-3.229154604781806
  10
4.545897826347542
  20
-2.690338159884767
  10
5.0847142712445805
  20
-3.229154604781806
  0
HATCH
  5
2738
  100
AcDbEntity
  8
Document-Layer
  100
AcDbHatch
  10
0
  20
0
  30
0
  210
0
  220
0
  230
1
  2
SOLID
  70
1
  71
0
  91
1
  92
7
  72
0
  73
1
  93
4
  10
4.416581879572252
  20
-3.8074842556379616
  10
4.865595583653118
  20
-3.3584705515570956
  10
4.955398324469291
  20
-3.4482732923732686
  10
4.506384620388425
  20
-3.8972869964541346
  97
1
  330
2737
  75
0
  76
1
  47
0.4128176842155181
  98
1
  10
34.90568961886538
  20
22.81183545379326
  450
0
  451
0
  460
0
  461
0
  452
1
  462
1
  453
2
  463
0
  63
5
  421
255
  463
1
  63
7
  421
16777215
  470
LINEAR
  1001
ACAD
  1010
0
  1020
0
  1030
0
  0
LWPOLYLINE
  5
2737
  100
AcDbEntity
  8
Document-Layer
  100
AcDbPolyline
  90
4
  70
1
  43
0.005080010160020321
  10
4.416581879572252
  20
-3.8074842556379616
  10
4.865595583653118
  20
-3.3584705515570956
  10
4.955398324469291
  20
-3.4482732923732686
  10
4.506384620388425
  20
-3.8972869964541346
  0
HATCH
  5
2740
  100
AcDbEntity
  8
Document-Layer
  100
AcDbHatch
  10
0
  20
0
  30
0
  210
0
  220
0
  230
1
  2
SOLID
  70
1
  71
0
  91
1
  92
7
  72
0
  73
1
  93
4
  10
4.921542691181594
  20
-2.176037863230543
  10
5.37055639526246
  20
-1.7270241591496773
  10
5.460359136078632
  20
-1.8168268999658506
  10
5.011345431997767
  20
-2.2658406040467165
  97
1
  330
2739
  75
0
  76
1
  47
0.4128176842155181
  98
1
  10
34.90568961886538
  20
22.81183545379326
  450
0
  451
0
  460
0
  461
0
  452
1
  462
1
  453
2
  463
0
  63
5
  421
255
  463
1
  63
7
  421
16777215
  470
LINEAR
  1001
ACAD
  1010
0
  1020
0
  1030
0
  0
LWPOLYLINE
  5
2739
  100
AcDbEntity
  8
Document-Layer
  100
AcDbPolyline
  90
4
  70
1
  43
0.005080010160020321
  10
4.921542691181594
  20
-2.176037863230543
  10
5.37055639526246
  20
-1.7270241591496773
  10
5.460359136078632
  20
-1.8168268999658506
  10
5.011345431997767
  20
-2.2658406040467165
  0
HATCH
  5
2742
  100
AcDbEntity
  8
Document-Layer
  100
AcDbHatch
  10
0
  20
0
  30
0
  210
0
  220
0
  230
1
  2
SOLID
  70
1
  71
0
  91
1
  92
7
  72
0
  73
1
  93
4
  10
5.522502632723425
  20
-2.7769978047723742
  10
5.9715163368042905
  20
-2.3279841006915083
  10
6.061319077620464
  20
-2.4177868415076817
  10
5.612305373539598
  20
-2.8668005455885472
  97
1
  330
2741
  75
0
  76
1
  47
0.4128176842155181
  98
1
  10
34.90568961886538
  20
22.81183545379326
  450
0
  451
0
  460
0
  461
0
  452
1
  462
1
  453
2
  463
0
  63
5
  421
255
  463
1
  63
7
  421
16777215
  470
LINEAR
  1001
ACAD
  1010
0
  1020
0
  1030
0
  0
LWPOLYLINE
  5
2741
  100
AcDbEntity
  8
Document-Layer
  100
AcDbPolyline
  90
4
  70
1
  43
0.005080010160020321
  10
5.522502632723425
  20
-2.7769978047723742
  10
5.9715163368042905
  20
-2.3279841006915083
  10
6.061319077620464
  20
-2.4177868415076817
  10
5.612305373539598
  20
-2.8668005455885472
  0
HATCH
  5
2744
  100
AcDbEntity
  8
Document-Layer
  100
AcDbHatch
  10
0
  20
0
  30
0
  210
0
  220
0
  230
1
  2
SOLID
  70
1
  71
0
  91
1
  92
7
  72
0
  73
1
  93
4
  10
4.89742167499837
  20
-3.9324178286614213
  10
4.448407970917503
  20
-3.4834041245805554
  10
4.538210711733677
  20
-3.3936013837643824
  10
4.987224415814542
  20
-3.8426150878452483
  97
1
  330
2743
  75
0
  76
1
  47
0.4128176842155181
  98
1
  10
34.90568961886538
  20
22.81183545379326
  450
0
  451
0
  460
0
  461
0
  452
1
  462
1
  453
2
  463
0
  63
5
  421
255
  463
1
  63
7
  421
16777215
  470
LINEAR
  1001
ACAD
  1010
0
  1020
0
  1030
0
  0
LWPOLYLINE
  5
2743
  100
AcDbEntity
  8
Document-Layer
  100
AcDbPolyline
  90
4
  70
1
  43
0.005080010160020321
  10
4.89742167499837
  20
-3.9324178286614213
  10
4.448407970917503
  20
-3.4834041245805554
  10
4.538210711733677
  20
-3.3936013837643824
  10
4.987224415814542
  20
-3.8426150878452483
  0
HATCH
  5
2746
  100
AcDbEntity
  8
Document-Layer
  100
AcDbHatch
  10
0
  20
0
  30
0
  210
0
  220
0
  230
1
  2
SOLID
  70
1
  71
0
  91
1
  92
7
  72
0
  73
1
  93
4
  10
3.8503037565336267
  20
-3.21868360520264
  10
4.299317460614493
  20
-2.7696699011217745
  10
4.389120201430667
  20
-2.8594726419379475
  10
3.9401064973498
  20
-3.3084863460188134
  97
1
  330
2745
  75
0
  76
1
  47
0.4128176842155181
  98
1
  10
34.90568961886538
  20
22.81183545379326
  450
0
  451
0
  460
0
  461
0
  452
1
  462
1
  453
2
  463
0
  63
5
  421
255
  463
1
  63
7
  421
16777215
  470
LINEAR
  1001
ACAD
  1010
0
  1020
0
  1030
0
  0
LWPOLYLINE
  5
2745
  100
AcDbEntity
  8
Document-Layer
  100
AcDbPolyline
  90
4
  70
1
  43
0.005080010160020321
  10
3.8503037565336267
  20
-3.21868360520264
  10
4.299317460614493
  20
-2.7696699011217745
  10
4.389120201430667
  20
-2.8594726419379475
  10
3.9401064973498
  20
-3.3084863460188134
  0
HATCH
  5
2850
  100
AcDbEntity
  8
Document-Layer
  100
AcDbHatch
  10
0
  20
0
  30
0
  210
0
  220
0
  230
1
  2
SOLID
  70
1
  71
0
  91
1
  92
7
  72
0
  73
1
  93
3
  10
-5.304158414789426
  20
-2.9958952863424617
  10
-4.765341969892386
  20
-2.9958952863424617
  10
-5.304158414789426
  20
-3.534711731239501
  97
1
  330
2849
  75
0
  76
1
  47
0.4128176842155181
  98
1
  10
34.90568961886538
  20
22.81183545379326
  450
0
  451
0
  460
0
  461
0
  452
1
  462
1
  453
2
  463
0
  63
5
  421
255
  463
1
  63
7
  421
16777215
  470
LINEAR
  1001
ACAD
  1010
0
  1020
0
  1030
0
  0
LWPOLYLINE
  5
2849
  100
AcDbEntity
  8
Document-Layer
  100
AcDbPolyline
  90
3
  70
1
  43
0.005080010160020321
  10
-5.304158414789426
  20
-2.9958952863424617
  10
-4.765341969892386
  20
-2.9958952863424617
  10
-5.304158414789426
  20
-3.534711731239501
  0
HATCH
  5
2852
  100
AcDbEntity
  8
Document-Layer
  100
AcDbHatch
  10
0
  20
0
  30
0
  210
0
  220
0
  230
1
  2
SOLID
  70
1
  71
0
  91
1
  92
7
  72
0
  73
1
  93
4
  10
-5.882488065645582
  20
-2.8665793395671724
  10
-5.433474361564715
  20
-3.3155930436480383
  10
-5.523277102380889
  20
-3.4053957844642113
  10
-5.972290806461754
  20
-2.9563820803833454
  97
1
  330
2851
  75
0
  76
1
  47
0.4128176842155181
  98
1
  10
34.90568961886538
  20
22.81183545379326
  450
0
  451
0
  460
0
  461
0
  452
1
  462
1
  453
2
  463
0
  63
5
  421
255
  463
1
  63
7
  421
16777215
  470
LINEAR
  1001
ACAD
  1010
0
  1020
0
  1030
0
  0
LWPOLYLINE
  5
2851
  100
AcDbEntity
  8
Document-Layer
  100
AcDbPolyline
  90
4
  70
1
  43
0.005080010160020321
  10
-5.882488065645582
  20
-2.8665793395671724
  10
-5.433474361564715
  20
-3.3155930436480383
  10
-5.523277102380889
  20
-3.4053957844642113
  10
-5.972290806461754
  20
-2.9563820803833454
  0
HATCH
  5
2854
  100
AcDbEntity
  8
Document-Layer
  100
AcDbHatch
  10
0
  20
0
  30
0
  210
0
  220
0
  230
1
  2
SOLID
  70
1
  71
0
  91
1
  92
7
  72
0
  73
1
  93
4
  10
-4.251041673238163
  20
-3.371540151176514
  10
-3.8020279691572973
  20
-3.8205538552573803
  10
-3.89183070997347
  20
-3.9103565960735533
  10
-4.340844414054336
  20
-3.4613428919926874
  97
1
  330
2853
  75
0
  76
1
  47
0.4128176842155181
  98
1
  10
34.90568961886538
  20
22.81183545379326
  450
0
  451
0
  460
0
  461
0
  452
1
  462
1
  453
2
  463
0
  63
5
  421
255
  463
1
  63
7
  421
16777215
  470
LINEAR
  1001
ACAD
  1010
0
  1020
0
  1030
0
  0
LWPOLYLINE
  5
2853
  100
AcDbEntity
  8
Document-Layer
  100
AcDbPolyline
  90
4
  70
1
  43
0.005080010160020321
  10
-4.251041673238163
  20
-3.371540151176514
  10
-3.8020279691572973
  20
-3.8205538552573803
  10
-3.89183070997347
  20
-3.9103565960735533
  10
-4.340844414054336
  20
-3.4613428919926874
  0
HATCH
  5
2856
  100
AcDbEntity
  8
Document-Layer
  100
AcDbHatch
  10
0
  20
0
  30
0
  210
0
  220
0
  230
1
  2
SOLID
  70
1
  71
0
  91
1
  92
7
  72
0
  73
1
  93
4
  10
-4.852001614779994
  20
-3.972500092718345
  10
-4.402987910699128
  20
-4.421513796799211
  10
-4.492790651515301
  20
-4.511316537615384
  10
-4.941804355596167
  20
-4.062302833534518
  97
1
  330
2855
  75
0
  76
1
  47
0.4128176842155181
  98
1
  10
34.90568961886538
  20
22.81183545379326
  450
0
  451
0
  460
0
  461
0
  452
1
  462
1
  453
2
  463
0
  63
5
  421
255
  463
1
  63
7
  421
16777215
  470
LINEAR
  1001
ACAD
  1010
0
  1020
0
  1030
0
  0
LWPOLYLINE
  5
2855
  100
AcDbEntity
  8
Document-Layer
  100
AcDbPolyline
  90
4
  70
1
  43
0.005080010160020321
  10
-4.852001614779994
  20
-3.972500092718345
  10
-4.402987910699128
  20
-4.421513796799211
  10
-4.492790651515301
  20
-4.511316537615384
  10
-4.941804355596167
  20
-4.062302833534518
  0
HATCH
  5
2858
  100
AcDbEntity
  8
Document-Layer
  100
AcDbHatch
  10
0
  20
0
  30
0
  210
0
  220
0
  230
1
  2
SOLID
  70
1
  71
0
  91
1
  92
7
  72
0
  73
1
  93
4
  10
-6.007421638669041
  20
-3.34741913499329
  10
-5.558407934588175
  20
-2.898405430912424
  10
-5.468605193772002
  20
-2.9882081717285973
  10
-5.917618897852868
  20
-3.4372218758094633
  97
1
  330
2857
  75
0
  76
1
  47
0.4128176842155181
  98
1
  10
34.90568961886538
  20
22.81183545379326
  450
0
  451
0
  460
0
  461
0
  452
1
  462
1
  453
2
  463
0
  63
5
  421
255
  463
1
  63
7
  421
16777215
  470
LINEAR
  1001
ACAD
  1010
0
  1020
0
  1030
0
  0
LWPOLYLINE
  5
2857
  100
AcDbEntity
  8
Document-Layer
  100
AcDbPolyline
  90
4
  70
1
  43
0.005080010160020321
  10
-6.007421638669041
  20
-3.34741913499329
  10
-5.558407934588175
  20
-2.898405430912424
  10
-5.468605193772002
  20
-2.9882081717285973
  10
-5.917618897852868
  20
-3.4372218758094633
  0
HATCH
  5
2860
  100
AcDbEntity
  8
Document-Layer
  100
AcDbHatch
  10
0
  20
0
  30
0
  210
0
  220
0
  230
1
  2
SOLID
  70
1
  71
0
  91
1
  92
7
  72
0
  73
1
  93
4
  10
-5.29368741521026
  20
-2.3003012165285477
  10
-4.844673711129395
  20
-2.749314920609413
  10
-4.934476451945567
  20
-2.8391176614255866
  10
-5.383490156026434
  20
-2.3901039573447207
  97
1
  330
2859
  75
0
  76
1
  47
0.4128176842155181
  98
1
  10
34.90568961886538
  20
22.81183545379326
  450
0
  451
0
  460
0
  461
0
  452
1
  462
1
  453
2
  463
0
  63
5
  421
255
  463
1
  63
7
  421
16777215
  470
LINEAR
  1001
ACAD
  1010
0
  1020
0
  1030
0
  0
LWPOLYLINE
  5
2859
  100
AcDbEntity
  8
Document-Layer
  100
AcDbPolyline
  90
4
  70
1
  43
0.005080010160020321
  10
-5.29368741521026
  20
-2.3003012165285477
  10
-4.844673711129395
  20
-2.749314920609413
  10
-4.934476451945567
  20
-2.8391176614255866
  10
-5.383490156026434
  20
-2.3901039573447207
  0
LWPOLYLINE
  5
2524
  100
AcDbEntity
  8
Hole-Layer
  100
AcDbPolyline
  90
4
  70
0
  43
0
  10
1.8250038100076205
  20
-0.249999999790643
  42
1
  10
2.0250038100076204
  20
-0.2500000001424118
  10
2.0250038100076204
  20
-0.250000000209357
  42
1
  10
1.8250038100076205
  20
-0.24999999985758825
  0
LWPOLYLINE
  5
2526
  100
AcDbEntity
  8
Hole-Layer
  100
AcDbPolyline
  90
4
  70
0
  43
0
  10
-4.100007620015241
  20
0.867185674580706
  42
1
  10
-3.900007620015241
  20
0.8671856742289371
  10
-3.900007620015241
  20
0.8671856741619919
  42
1
  10
-4.100007620015241
  20
0.8671856745137606
  0
LWPOLYLINE
  5
2528
  100
AcDbEntity
  8
Hole-Layer
  100
AcDbPolyline
  90
2
  70
1
  43
0
  10
-2.3250038100076207
  20
2.1500050800101604
  42
1
  10
-2.12500381000762
  20
2.1500050800101604
  42
1
  0
LWPOLYLINE
  5
2530
  100
AcDbEntity
  8
Hole-Layer
  100
AcDbPolyline
  90
4
  70
0
  43
0
  10
-1.3000025400050803
  20
2.2750038102169774
  42
1
  10
-1.1000025400050804
  20
2.2750038098652086
  10
-1.1000025400050804
  20
2.2750038097982634
  42
1
  10
-1.3000025400050803
  20
2.2750038101500323
  0
LWPOLYLINE
  5
2532
  100
AcDbEntity
  8
Hole-Layer
  100
AcDbPolyline
  90
4
  70
0
  43
0
  10
0.6327914655829313
  20
3.8142900687894943
  42
1
  10
0.8327914655829313
  20
3.814290068437726
  10
0.8327914655829313
  20
3.8142900683707803
  42
1
  10
0.6327914655829313
  20
3.814290068722549
  0
LWPOLYLINE
  5
2534
  100
AcDbEntity
  8
Hole-Layer
  100
AcDbPolyline
  90
4
  70
0
  43
0
  10
0.5000000000000001
  20
2.2000050802195172
  42
1
  10
0.7000000000000001
  20
2.2000050798677484
  10
0.7000000000000001
  20
2.2000050798008033
  42
1
  10
0.5000000000000001
  20
2.200005080152572
  0
LWPOLYLINE
  5
2536
  100
AcDbEntity
  8
Hole-Layer
  100
AcDbPolyline
  90
2
  70
1
  43
0
  10
-0.3250012700025401
  20
2.2750038100076204
  42
1
  10
-0.12500127000254
  20
2.2750038100076204
  42
1
  0
LWPOLYLINE
  5
2538
  100
AcDbEntity
  8
Hole-Layer
  100
AcDbPolyline
  90
4
  70
0
  43
0
  10
-1.1951181102362207
  20
4.000007620224597
  42
1
  10
-0.9951181102362208
  20
4.000007619872829
  10
-0.9951181102362208
  20
4.000007619805883
  42
1
  10
-1.1951181102362207
  20
4.000007620157652
  0
LWPOLYLINE
  5
2540
  100
AcDbEntity
  8
Hole-Layer
  100
AcDbPolyline
  90
2
  70
1
  43
0
  10
-3.300007620015241
  20
-4.375008890017781
  42
1
  10
-3.10000762001524
  20
-4.375008890017781
  42
1
  0
LWPOLYLINE
  5
2542
  100
AcDbEntity
  8
Hole-Layer
  100
AcDbPolyline
  90
2
  70
1
  43
0
  10
-2.275003810007621
  20
-1.9750038100076202
  42
1
  10
-2.0750038100076202
  20
-1.9750038100076202
  42
1
  0
LWPOLYLINE
  5
2544
  100
AcDbEntity
  8
Hole-Layer
  100
AcDbPolyline
  90
2
  70
1
  43
0
  10
-2.3250038100076207
  20
-1.0750012700025402
  42
1
  10
-2.12500381000762
  20
-1.0750012700025402
  42
1
  0
LWPOLYLINE
  5
2546
  100
AcDbEntity
  8
Hole-Layer
  100
AcDbPolyline
  90
2
  70
1
  43
0
  10
3.05000508001016
  20
-3.2000076200152408
  42
1
  10
3.2500050800101605
  20
-3.2000076200152408
  42
1
  0
LWPOLYLINE
  5
2548
  100
AcDbEntity
  8
Hole-Layer
  100
AcDbPolyline
  90
4
  70
0
  43
0
  10
0.6000025400050801
  20
-4.4000076198058835
  42
1
  10
0.8000025400050801
  20
-4.400007620157652
  10
0.8000025400050801
  20
-4.400007620224598
  42
1
  10
0.6000025400050801
  20
-4.400007619872829
  0
LWPOLYLINE
  5
2550
  100
AcDbEntity
  8
Hole-Layer
  100
AcDbPolyline
  90
2
  70
1
  43
0
  10
-0.30000000000000004
  20
-4.4000076200152405
  42
1
  10
-0.09999999999999998
  20
-4.4000076200152405
  42
1
  0
LWPOLYLINE
  5
2552
  100
AcDbEntity
  8
Hole-Layer
  100
AcDbPolyline
  90
4
  70
0
  43
0
  10
-1.22500127000254
  20
-4.375008889808423
  42
1
  10
-1.0250012700025402
  20
-4.375008890160192
  10
-1.0250012700025402
  20
-4.375008890227138
  42
1
  10
-1.22500127000254
  20
-4.375008889875368
  0
LWPOLYLINE
  5
2554
  100
AcDbEntity
  8
Hole-Layer
  100
AcDbPolyline
  90
2
  70
1
  43
0
  10
-2.1500050800101604
  20
-4.375008890017781
  42
1
  10
-1.95000508001016
  20
-4.375008890017781
  42
1
  0
LWPOLYLINE
  5
2556
  100
AcDbEntity
  8
Hole-Layer
  100
AcDbPolyline
  90
4
  70
0
  43
0
  10
-4.0711557023114056
  20
2.575003810216977
  42
1
  10
-3.871155702311406
  20
2.5750038098652084
  10
-3.871155702311406
  20
2.5750038097982633
  42
1
  10
-4.0711557023114056
  20
2.5750038101500317
  0
LWPOLYLINE
  5
2558
  100
AcDbEntity
  8
Hole-Layer
  100
AcDbPolyline
  90
4
  70
0
  43
0
  10
1.8250038100076205
  20
2.2000050802195172
  42
1
  10
2.0250038100076204
  20
2.2000050798677484
  10
2.0250038100076204
  20
2.2000050798008033
  42
1
  10
1.8250038100076205
  20
2.200005080152572
  0
LWPOLYLINE
  5
2560
  100
AcDbEntity
  8
Hole-Layer
  100
AcDbPolyline
  90
2
  70
1
  43
0
  10
3.2000076200152403
  20
-4.704008128016257
  42
1
  10
3.4000076200152405
  20
-4.704008128016257
  42
1
  0
LWPOLYLINE
  5
2562
  100
AcDbEntity
  8
Hole-Layer
  100
AcDbPolyline
  90
4
  70
0
  43
0
  10
4.17500889001778
  20
-4.395328930583139
  42
1
  10
4.375008890017781
  20
-4.395328930744767
  10
4.375008890017781
  20
-4.395328930732584
  42
1
  10
4.17500889001778
  20
-4.3953289305709555
  0
LWPOLYLINE
  5
2564
  100
AcDbEntity
  8
Hole-Layer
  100
AcDbPolyline
  90
4
  70
0
  43
0
  10
5.025011430022861
  20
-5.400010159945598
  42
1
  10
5.22501143002286
  20
-5.400010160107226
  10
5.22501143002286
  20
-5.400010160095043
  42
1
  10
5.025011430022861
  20
-5.400010159933415
  0
LWPOLYLINE
  5
2566
  100
AcDbEntity
  8
Hole-Layer
  100
AcDbPolyline
  90
4
  70
0
  43
0
  10
6.150012700025401
  20
-4.350007619940518
  42
1
  10
6.3500127000254
  20
-4.350007620102147
  10
6.3500127000254
  20
-4.350007620089964
  42
1
  10
6.150012700025401
  20
-4.350007619928335
  0
LWPOLYLINE
  5
2568
  100
AcDbEntity
  8
Hole-Layer
  100
AcDbPolyline
  90
4
  70
0
  43
0
  10
6.950012700025402
  20
-3.550005079935438
  42
1
  10
7.1500127000254015
  20
-3.550005080097067
  10
7.1500127000254015
  20
-3.550005080084883
  42
1
  10
6.950012700025402
  20
-3.5500050799232543
  0
LWPOLYLINE
  5
2570
  100
AcDbEntity
  8
Hole-Layer
  100
AcDbPolyline
  90
4
  70
0
  43
0
  10
-1.8500025400050801
  20
4.0011201424496425
  42
1
  10
-1.6500025400050802
  20
4.001120142097873
  10
-1.6500025400050802
  20
4.001120142030929
  42
1
  10
-1.8500025400050801
  20
4.001120142382697
  0
LWPOLYLINE
  5
2572
  100
AcDbEntity
  8
Hole-Layer
  100
AcDbPolyline
  90
4
  70
0
  43
0
  10
0.2721158242316485
  20
5.084272288753936
  42
1
  10
0.4721158242316485
  20
5.0842722884021665
  10
0.4721158242316485
  20
5.08427228833522
  42
1
  10
0.2721158242316485
  20
5.084272288686989
  0
LWPOLYLINE
  5
2574
  100
AcDbEntity
  8
Hole-Layer
  100
AcDbPolyline
  90
4
  70
0
  43
0
  10
1.7500025400050803
  20
3.8000076202245974
  42
1
  10
1.9500025400050802
  20
3.800007619872829
  10
1.9500025400050802
  20
3.8000076198058834
  42
1
  10
1.7500025400050803
  20
3.8000076201576523
  0
LWPOLYLINE
  5
2576
  100
AcDbEntity
  8
Hole-Layer
  100
AcDbPolyline
  90
4
  70
0
  43
0
  10
4.300007620015241
  20
1.4500025400798027
  42
1
  10
4.50000762001524
  20
1.4500025399181742
  10
4.50000762001524
  20
1.4500025399303578
  42
1
  10
4.300007620015241
  20
1.4500025400919863
  0
LWPOLYLINE
  5
2578
  100
AcDbEntity
  8
Hole-Layer
  100
AcDbPolyline
  90
4
  70
0
  43
0
  10
4.1500076200152405
  20
0.7750012700772626
  42
1
  10
4.35000762001524
  20
0.7750012699156339
  10
4.35000762001524
  20
0.7750012699278177
  42
1
  10
4.1500076200152405
  20
0.7750012700894462
  0
LWPOLYLINE
  5
2580
  100
AcDbEntity
  8
Hole-Layer
  100
AcDbPolyline
  90
4
  70
0
  43
0
  10
-5.418315976631954
  20
-1.6933096265445309
  42
1
  10
-5.2183159766319545
  20
-1.6933096267061596
  10
-5.2183159766319545
  20
-1.6933096266939758
  42
1
  10
-5.418315976631954
  20
-1.6933096265323473
  0
LWPOLYLINE
  5
2582
  100
AcDbEntity
  8
Hole-Layer
  100
AcDbPolyline
  90
4
  70
0
  43
0
  10
-4.7000101600203195
  20
-0.9750012699278178
  42
1
  10
-4.50001016002032
  20
-0.9750012700894465
  10
-4.50001016002032
  20
-0.9750012700772626
  42
1
  10
-4.7000101600203195
  20
-0.9750012699156341
  0
LWPOLYLINE
  5
2584
  100
AcDbEntity
  8
Hole-Layer
  100
AcDbPolyline
  90
2
  70
1
  43
0
  10
-4.025008890017781
  20
1.9250038100076203
  42
1
  10
-3.8250088900177808
  20
1.9250038100076203
  42
1
  0
ENDSEC
  0
SECTION
  2
OBJECTS
  0
DICTIONARY
  5
C
  330
0
  100
AcDbDictionary
  281
1
  3
ACAD_CIP_PREVIOUS_PRODUCT_INFO
  350
1A2
  3
ACAD_COLOR
  350
6C
  3
ACAD_DETAILVIEWSTYLE
  350
1A8
  3
ACAD_GROUP
  350
D
  3
ACAD_LAYOUT
  350
1A
  3
ACAD_MATERIAL
  350
6B
  3
ACAD_MLEADERSTYLE
  350
D2
  3
ACAD_MLINESTYLE
  350
17
  3
ACAD_PLOTSETTINGS
  350
19
  3
ACAD_PLOTSTYLENAME
  350
E
  3
ACAD_SCALELIST
  350
B1
  3
ACAD_SECTIONVIEWSTYLE
  350
1A5
  3
ACAD_TABLESTYLE
  350
A6
  3
ACAD_VISUALSTYLE
  350
95
  3
ACDB_RECOMPOSE_DATA
  350
301
  3
AcDbVariableDictionary
  350
59
  3
AcDsDecomposeData
  350
307
  0
DICTIONARY
  5
18B
  330
2
  100
AcDbDictionary
  280
1
  281
1
  3
ACAD_LAYERSTATES
  360
18C
  0
DICTIONARY
  5
E1
  330
10
  100
AcDbDictionary
  280
1
  281
1
  0
DICTIONARY
  5
15A
  330
1F
  100
AcDbDictionary
  280
1
  281
1
  0
XRECORD
  5
1A2
  102
{ACAD_REACTORS
  330
C
  102
}
  330
C
  100
AcDbXrecord
  280
1
  300
ACD
  300
2021
  300

  0
DICTIONARY
  5
6C
  102
{ACAD_REACTORS
  330
C
  102
}
  330
C
  100
AcDbDictionary
  281
1
  0
DICTIONARY
  5
1A8
  102
{ACAD_REACTORS
  330
C
  102
}
  330
C
  100
AcDbDictionary
  281
1
  3
Imperial24
  350
1A9
  0
DICTIONARY
  5
D
  102
{ACAD_REACTORS
  330
C
  102
}
  330
C
  100
AcDbDictionary
  281
1
  0
DICTIONARY
  5
1A
  102
{ACAD_REACTORS
  330
C
  102
}
  330
C
  100
AcDbDictionary
  281
1
  3
Model
  350
22
  3
布局1
  350
74
  3
布局2
  350
79
  0
DICTIONARY
  5
6B
  102
{ACAD_REACTORS
  330
C
  102
}
  330
C
  100
AcDbDictionary
  281
1
  3
ByBlock
  350
93
  3
ByLayer
  350
92
  3
Global
  350
94
  0
DICTIONARY
  5
D2
  102
{ACAD_REACTORS
  330
C
  102
}
  330
C
  100
AcDbDictionary
  281
1
  3
Annotative
  350
E0
  3
Standard
  350
D3
  0
DICTIONARY
  5
17
  102
{ACAD_REACTORS
  330
C
  102
}
  330
C
  100
AcDbDictionary
  281
1
  3
Standard
  350
18
  0
DICTIONARY
  5
19
  102
{ACAD_REACTORS
  330
C
  102
}
  330
C
  100
AcDbDictionary
  281
1
  0
ACDBDICTIONARYWDFLT
  5
E
  102
{ACAD_REACTORS
  330
C
  102
}
  330
C
  100
AcDbDictionary
  281
1
  3
Normal
  350
F
  100
AcDbDictionaryWithDefault
  340
F
  0
DICTIONARY
  5
B1
  102
{ACAD_REACTORS
  330
C
  102
}
  330
C
  100
AcDbDictionary
  281
1
  3
A0
  350
B2
  3
A1
  350
124
  3
A2
  350
125
  3
A3
  350
126
  3
A4
  350
127
  3
A5
  350
128
  3
A6
  350
129
  3
A7
  350
12A
  3
A8
  350
12B
  3
A9
  350
12C
  3
B0
  350
12D
  3
B1
  350
12E
  3
B2
  350
12F
  3
B3
  350
130
  3
B4
  350
131
  3
B5
  350
132
  3
B6
  350
133
  3
B7
  350
134
  3
B8
  350
135
  3
B9
  350
136
  3
C0
  350
137
  3
C1
  350
138
  3
C2
  350
139
  3
C3
  350
13A
  3
C4
  350
13B
  3
C5
  350
13C
  3
C6
  350
13D
  3
C7
  350
13E
  3
C8
  350
13F
  3
C9
  350
140
  3
D0
  350
141
  3
D1
  350
142
  3
D2
  350
143
  0
DICTIONARY
  5
1A5
  102
{ACAD_REACTORS
  330
C
  102
}
  330
C
  100
AcDbDictionary
  281
1
  3
Imperial24
  350
1A7
  0
DICTIONARY
  5
A6
  102
{ACAD_REACTORS
  330
C
  102
}
  330
C
  100
AcDbDictionary
  281
1
  3
Standard
  350
A7
  0
DICTIONARY
  5
95
  102
{ACAD_REACTORS
  330
C
  102
}
  330
C
  100
AcDbDictionary
  281
1
  3
2dWireframe
  350
9B
  3
Basic
  350
9A
  3
Brighten
  350
A1
  3
ColorChange
  350
A5
  3
Conceptual
  350
9E
  3
Dim
  350
A0
  3
EdgeColorOff
  350
172
  3
Facepattern
  350
A4
  3
Flat
  350
96
  3
FlatWithEdges
  350
97
  3
Gouraud
  350
98
  3
GouraudWithEdges
  350
99
  3
Hidden
  350
9D
  3
JitterOff
  350
170
  3
Linepattern
  350
A3
  3
OverhangOff
  350
171
  3
Realistic
  350
9F
  3
Shaded
  350
17F
  3
Shaded with edges
  350
17E
  3
Shades of Gray
  350
17B
  3
Sketchy
  350
17C
  3
Thicken
  350
A2
  3
Wireframe
  350
9C
  3
X-Ray
  350
17D
  0
XRECORD
  5
301
  102
{ACAD_REACTORS
  330
C
  102
}
  330
C
  100
AcDbXrecord
  280
1
  90
1
  330
A7
  0
DICTIONARY
  5
59
  102
{ACAD_REACTORS
  330
C
  102
}
  330
C
  100
AcDbDictionary
  281
1
  3
CAMERAHEIGHT
  350
227
  3
CANNOSCALE
  350
EB
  3
CMLEADERSTYLE
  350
EA
  3
CTABLESTYLE
  350
AB
  3
CVIEWDETAILSTYLE
  350
1B4
  3
CVIEWSECTIONSTYLE
  350
1B5
  3
DIMASSOC
  350
5A
  3
HIDETEXT
  350
5E
  3
INDEXCTL
  350
226
  3
LAYEREVAL
  350
14A
  3
LAYERNOTIFY
  350
14B
  3
LIGHTINGUNITS
  350
224
  3
MSLTSCALE
  350
223
  3
SORTENTS
  350
225
  3
XCLIPFRAME
  350
228
  0
DICTIONARY
  5
307
  102
{ACAD_REACTORS
  330
C
  102
}
  330
C
  100
AcDbDictionary
  281
1
  3
AcDsRecords
  350
309
  3
AcDsSchemas
  350
308
  1001
ACAD
  1070
2
  0
DICTIONARY
  5
18C
  102
{ACAD_REACTORS
  330
18B
  102
}
  330
18B
  100
AcDbDictionary
  281
1
  0
ACDBDETAILVIEWSTYLE
  5
1A9
  102
{ACAD_XDICTIONARY
  360
33C
  102
}
  102
{ACAD_REACTORS
  330
1A8
  102
}
  330
1A8
  100
AcDbModelDocViewStyle
  70
0
  3
Imperial24
  290
0
  100
AcDbDetailViewStyle
  70
0
  71
0
  90
3
  71
1
  340
11
  62
256
  40
0.24
  340
0
  62
256
  40
0.24
  300

  40
0.36
  280
3
  71
2
  340
16
  90
25
  62
256
  71
3
  340
11
  62
256
  40
0.24
  90
1
  40
0.75
  90
1
  300
%<\AcVar ViewType \f "%tc1">% %<\AcVar ViewDetailId>%\PSCALE %<\AcVar ViewScale \f "%sn">%
  71
4
  340
16
  90
25
  62
256
  340
16
  90
25
  62
256
  280
0
  0
LAYOUT
  5
22
  102
{ACAD_XDICTIONARY
  360
191
  102
}
  102
{ACAD_REACTORS
  330
1A
  102
}
  330
1A
  100
AcDbPlotSettings
  1

  2
none_device
  4
Letter_(8.50_x_11.00_Inches)
  6

  40
6.349999904632568
  41
6.349999904632568
  42
6.350006103515625
  43
6.350006103515625
  44
215.8999938964844
  45
279.3999938964844
  46
0
  47
0
  48
0
  49
0
  140
0
  141
0
  142
1
  143
3.560208697428376
  70
11952
  72
0
  73
1
  74
0
  7

  75
0
  147
0.28088241027059
  76
0
  77
2
  78
300
  148
0.1311165230791651
  149
0.096403374003771
  100
AcDbLayout
  1
Model
  70
1
  71
0
  10
0
  20
0
  11
12
  21
9
  12
0
  22
0
  32
0
  14
0
  24
0
  34
0
  15
0
  25
0
  35
0
  146
0
  13
0
  23
0
  33
0
  16
1
  26
0
  36
0
  17
0
  27
1
  37
0
  76
0
  330
1F
  331
90
  0
LAYOUT
  5
74
  102
{ACAD_REACTORS
  330
1A
  102
}
  330
1A
  100
AcDbPlotSettings
  1

  2
\\ADSCCNDC1\hq601xrx1
  4

  6

  40
0
  41
0
  42
0
  43
0
  44
0
  45
0
  46
0
  47
0
  48
0
  49
0
  140
0
  141
0
  142
1
  143
1
  70
688
  72
0
  73
0
  74
5
  7

  75
16
  147
1
  76
0
  77
2
  78
300
  148
0
  149
0
  100
AcDbLayout
  1
布局1
  70
1
  71
1
  10
0
  20
0
  11
12
  21
9
  12
0
  22
0
  32
0
  14
0
  24
0
  34
0
  15
0
  25
0
  35
0
  146
0
  13
0
  23
0
  33
0
  16
1
  26
0
  36
0
  17
0
  27
1
  37
0
  76
0
  330
73
  0
LAYOUT
  5
79
  102
{ACAD_REACTORS
  330
1A
  102
}
  330
1A
  100
AcDbPlotSettings
  1

  2
\\ADSCCNDC1\hq601xrx1
  4

  6

  40
0
  41
0
  42
0
  43
0
  44
0
  45
0
  46
0
  47
0
  48
0
  49
0
  140
0
  141
0
  142
1
  143
1
  70
688
  72
0
  73
0
  74
5
  7

  75
16
  147
1
  76
0
  77
2
  78
300
  148
0
  149
0
  100
AcDbLayout
  1
布局2
  70
1
  71
2
  10
0
  20
0
  11
12
  21
9
  12
0
  22
0
  32
0
  14
0
  24
0
  34
0
  15
0
  25
0
  35
0
  146
0
  13
0
  23
0
  33
0
  16
1
  26
0
  36
0
  17
0
  27
1
  37
0
  76
0
  330
78
  0
MATERIAL
  5
93
  102
{ACAD_XDICTIONARY
  360
185
  102
}
  102
{ACAD_REACTORS
  330
6B
  102
}
  330
6B
  100
AcDbMaterial
  1
ByBlock
  94
63
  0
MATERIAL
  5
92
  102
{ACAD_XDICTIONARY
  360
183
  102
}
  102
{ACAD_REACTORS
  330
6B
  102
}
  330
6B
  100
AcDbMaterial
  1
ByLayer
  94
63
  0
MATERIAL
  5
94
  102
{ACAD_XDICTIONARY
  360
10B
  102
}
  102
{ACAD_REACTORS
  330
6B
  102
}
  330
6B
  100
AcDbMaterial
  1
Global
  43
0.0208000000566244
  43
0
  43
0
  43
0
  43
0
  43
0.0208000000566244
  43
0
  43
0
  43
0
  43
0
  43
1
  43
0
  43
0
  43
0
  43
0
  43
1
  49
0.0208000000566244
  49
0
  49
0
  49
0
  49
0
  49
0.0208000000566244
  49
0
  49
0
  49
0
  49
0
  49
1
  49
0
  49
0
  49
0
  49
0
  49
1
  142
0.0208000000566244
  142
0
  142
0
  142
0
  142
0
  142
0.0208000000566244
  142
0
  142
0
  142
0
  142
0
  142
1
  142
0
  142
0
  142
0
  142
0
  142
1
  144
0.0208000000566244
  144
0
  144
0
  144
0
  144
0
  144
0.0208000000566244
  144
0
  144
0
  144
0
  144
0
  144
1
  144
0
  144
0
  144
0
  144
0
  144
1
  94
63
  1001
ACAD
  1070
-1
  1070
3
  1070
0
  1000

  1071
0
  1070
0
  0
MLEADERSTYLE
  5
E0
  102
{ACAD_REACTORS
  330
D2
  102
}
  330
D2
  100
AcDbMLeaderStyle
  170
2
  171
1
  172
0
  90
2
  40
0
  41
0
  173
1
  91
-1056964608
  340
14
  92
-2
  290
0
  42
0.09
  291
0
  43
0.36
  3
Standard
  44
0.18
  300

  342
11
  174
1
  178
1
  175
1
  176
0
  93
-1056964608
  45
0.18
  292
0
  297
0
  46
0.18
  94
-1056964608
  47
1
  49
1
  140
1
  293
0
  141
0
  294
0
  177
0
  142
1
  295
0
  296
0
  143
0.125
  1001
ACAD_MLEADERVER
  1070
2
  0
MLEADERSTYLE
  5
D3
  102
{ACAD_REACTORS
  330
D2
  102
}
  330
D2
  100
AcDbMLeaderStyle
  170
2
  171
1
  172
0
  90
2
  40
0
  41
0
  173
1
  91
-1056964608
  340
14
  92
-2
  290
0
  42
0.09
  291
0
  43
0.36
  3
Standard
  44
0.18
  300

  342
11
  174
1
  178
1
  175
1
  176
0
  93
-1056964608
  45
0.18
  292
0
  297
0
  46
0.18
  94
-1056964608
  47
1
  49
1
  140
1
  293
0
  141
0
  294
0
  177
0
  142
1
  295
0
  296
0
  143
0.125
  1001
ACAD_MLEADERVER
  1070
2
  0
MLINESTYLE
  5
18
  102
{ACAD_REACTORS
  330
17
  102
}
  330
17
  100
AcDbMlineStyle
  2
STANDARD
  70
0
  3

  62
256
  51
90
  52
90
  71
2
  49
0.5
  62
256
  6
BYLAYER
  49
-0.5
  62
256
  6
BYLAYER
  0
ACDBPLACEHOLDER
  5
F
  102
{ACAD_REACTORS
  330
E
  102
}
  330
E
  0
SCALE
  5
B2
  102
{ACAD_REACTORS
  330
B1
  102
}
  330
B1
  100
AcDbScale
  70
0
  300
1:1
  140
1
  141
1
  290
0
  0
SCALE
  5
124
  102
{ACAD_REACTORS
  330
B1
  102
}
  330
B1
  100
AcDbScale
  70
0
  300
1:2
  140
1
  141
2
  290
0
  0
SCALE
  5
125
  102
{ACAD_REACTORS
  330
B1
  102
}
  330
B1
  100
AcDbScale
  70
0
  300
1:4
  140
1
  141
4
  290
0
  0
SCALE
  5
126
  102
{ACAD_REACTORS
  330
B1
  102
}
  330
B1
  100
AcDbScale
  70
0
  300
1:5
  140
1
  141
5
  290
0
  0
SCALE
  5
127
  102
{ACAD_REACTORS
  330
B1
  102
}
  330
B1
  100
AcDbScale
  70
0
  300
1:8
  140
1
  141
8
  290
0
  0
SCALE
  5
128
  102
{ACAD_REACTORS
  330
B1
  102
}
  330
B1
  100
AcDbScale
  70
0
  300
1:10
  140
1
  141
10
  290
0
  0
SCALE
  5
129
  102
{ACAD_REACTORS
  330
B1
  102
}
  330
B1
  100
AcDbScale
  70
0
  300
1:16
  140
1
  141
16
  290
0
  0
SCALE
  5
12A
  102
{ACAD_REACTORS
  330
B1
  102
}
  330
B1
  100
AcDbScale
  70
0
  300
1:20
  140
1
  141
20
  290
0
  0
SCALE
  5
12B
  102
{ACAD_REACTORS
  330
B1
  102
}
  330
B1
  100
AcDbScale
  70
0
  300
1:30
  140
1
  141
30
  290
0
  0
SCALE
  5
12C
  102
{ACAD_REACTORS
  330
B1
  102
}
  330
B1
  100
AcDbScale
  70
0
  300
1:40
  140
1
  141
40
  290
0
  0
SCALE
  5
12D
  102
{ACAD_REACTORS
  330
B1
  102
}
  330
B1
  100
AcDbScale
  70
0
  300
1:50
  140
1
  141
50
  290
0
  0
SCALE
  5
12E
  102
{ACAD_REACTORS
  330
B1
  102
}
  330
B1
  100
AcDbScale
  70
0
  300
1:100
  140
1
  141
100
  290
0
  0
SCALE
  5
12F
  102
{ACAD_REACTORS
  330
B1
  102
}
  330
B1
  100
AcDbScale
  70
0
  300
2:1
  140
2
  141
1
  290
0
  0
SCALE
  5
130
  102
{ACAD_REACTORS
  330
B1
  102
}
  330
B1
  100
AcDbScale
  70
0
  300
4:1
  140
4
  141
1
  290
0
  0
SCALE
  5
131
  102
{ACAD_REACTORS
  330
B1
  102
}
  330
B1
  100
AcDbScale
  70
0
  300
8:1
  140
8
  141
1
  290
0
  0
SCALE
  5
132
  102
{ACAD_REACTORS
  330
B1
  102
}
  330
B1
  100
AcDbScale
  70
0
  300
10:1
  140
10
  141
1
  290
0
  0
SCALE
  5
133
  102
{ACAD_REACTORS
  330
B1
  102
}
  330
B1
  100
AcDbScale
  70
0
  300
100:1
  140
100
  141
1
  290
0
  0
SCALE
  5
134
  102
{ACAD_REACTORS
  330
B1
  102
}
  330
B1
  100
AcDbScale
  70
0
  300
1/128" = 1'-0"
  140
0.0078125
  141
12
  290
0
  0
SCALE
  5
135
  102
{ACAD_REACTORS
  330
B1
  102
}
  330
B1
  100
AcDbScale
  70
0
  300
1/64" = 1'-0"
  140
0.015625
  141
12
  290
0
  0
SCALE
  5
136
  102
{ACAD_REACTORS
  330
B1
  102
}
  330
B1
  100
AcDbScale
  70
0
  300
1/32" = 1'-0"
  140
0.03125
  141
12
  290
0
  0
SCALE
  5
137
  102
{ACAD_REACTORS
  330
B1
  102
}
  330
B1
  100
AcDbScale
  70
0
  300
1/16" = 1'-0"
  140
0.0625
  141
12
  290
0
  0
SCALE
  5
138
  102
{ACAD_REACTORS
  330
B1
  102
}
  330
B1
  100
AcDbScale
  70
0
  300
3/32" = 1'-0"
  140
0.09375
  141
12
  290
0
  0
SCALE
  5
139
  102
{ACAD_REACTORS
  330
B1
  102
}
  330
B1
  100
AcDbScale
  70
0
  300
1/8" = 1'-0"
  140
0.125
  141
12
  290
0
  0
SCALE
  5
13A
  102
{ACAD_REACTORS
  330
B1
  102
}
  330
B1
  100
AcDbScale
  70
0
  300
3/16" = 1'-0"
  140
0.1875
  141
12
  290
0
  0
SCALE
  5
13B
  102
{ACAD_REACTORS
  330
B1
  102
}
  330
B1
  100
AcDbScale
  70
0
  300
1/4" = 1'-0"
  140
0.25
  141
12
  290
0
  0
SCALE
  5
13C
  102
{ACAD_REACTORS
  330
B1
  102
}
  330
B1
  100
AcDbScale
  70
0
  300
3/8" = 1'-0"
  140
0.375
  141
12
  290
0
  0
SCALE
  5
13D
  102
{ACAD_REACTORS
  330
B1
  102
}
  330
B1
  100
AcDbScale
  70
0
  300
1/2" = 1'-0"
  140
0.5
  141
12
  290
0
  0
SCALE
  5
13E
  102
{ACAD_REACTORS
  330
B1
  102
}
  330
B1
  100
AcDbScale
  70
0
  300
3/4" = 1'-0"
  140
0.75
  141
12
  290
0
  0
SCALE
  5
13F
  102
{ACAD_REACTORS
  330
B1
  102
}
  330
B1
  100
AcDbScale
  70
0
  300
1" = 1'-0"
  140
1
  141
12
  290
0
  0
SCALE
  5
140
  102
{ACAD_REACTORS
  330
B1
  102
}
  330
B1
  100
AcDbScale
  70
0
  300
1-1/2" = 1'-0"
  140
1.5
  141
12
  290
0
  0
SCALE
  5
141
  102
{ACAD_REACTORS
  330
B1
  102
}
  330
B1
  100
AcDbScale
  70
0
  300
3" = 1'-0"
  140
3
  141
12
  290
0
  0
SCALE
  5
142
  102
{ACAD_REACTORS
  330
B1
  102
}
  330
B1
  100
AcDbScale
  70
0
  300
6" = 1'-0"
  140
6
  141
12
  290
0
  0
SCALE
  5
143
  102
{ACAD_REACTORS
  330
B1
  102
}
  330
B1
  100
AcDbScale
  70
0
  300
1'-0" = 1'-0"
  140
12
  141
12
  290
0
  0
ACDBSECTIONVIEWSTYLE
  5
1A7
  102
{ACAD_XDICTIONARY
  360
33A
  102
}
  102
{ACAD_REACTORS
  330
1A5
  102
}
  330
1A5
  100
AcDbModelDocViewStyle
  70
0
  3
Imperial24
  290
0
  100
AcDbSectionViewStyle
  70
0
  71
0
  90
78
  71
1
  340
11
  62
256
  40
0.24
  340
0
  340
0
  62
256
  40
0.24
  300
I, O, Q, S, X, Z
  40
0.48
  90
3
  40
0.18
  90
1
  71
2
  340
16
  90
25
  62
256
  340
16
  90
50
  62
256
  40
0.24
  40
0
  40
0.24
  71
3
  340
11
  62
256
  40
0.24
  90
1
  40
0.75
  90
1
  300
%<\AcVar ViewType \f "%tc1">% %<\AcVar ViewSectionStartId>%-%<\AcVar ViewSectionEndId>%\PSCALE %<\AcVar ViewScale \f "%sn">%
  71
4
  62
256
  62
257
  300
ANSI31
  40
1
  90
0
  290
0
  290
0
  90
6
  40
0
  40
1.570796326794896
  40
0.2617993877991494
  40
1.308996938995747
  40
-0.2617993877991494
  40
1.832595714594046
  0
TABLESTYLE
  5
A7
  102
{ACAD_XDICTIONARY
  360
FF
  102
}
  102
{ACAD_REACTORS
  330
A6
  102
}
  330
A6
  100
AcDbTableStyle
  3
Standard
  70
0
  71
0
  40
0.06
  41
0.06
  280
0
  281
0
  7
Standard
  140
0.18
  170
2
  62
0
  63
7
  283
0
  90
512
  91
0
  1

  274
-2
  284
1
  64
0
  275
-2
  285
1
  65
0
  276
-2
  286
1
  66
0
  277
-2
  287
1
  67
0
  278
-2
  288
1
  68
0
  279
-2
  289
1
  69
0
  7
Standard
  140
0.25
  170
5
  62
0
  63
7
  283
0
  90
512
  91
0
  1

  274
-2
  284
1
  64
0
  275
-2
  285
1
  65
0
  276
-2
  286
1
  66
0
  277
-2
  287
1
  67
0
  278
-2
  288
1
  68
0
  279
-2
  289
1
  69
0
  7
Standard
  140
0.18
  170
5
  62
0
  63
7
  283
0
  90
512
  91
0
  1

  274
-2
  284
1
  64
0
  275
-2
  285
1
  65
0
  276
-2
  286
1
  66
0
  277
-2
  287
1
  67
0
  278
-2
  288
1
  68
0
  279
-2
  289
1
  69
0
  0
VISUALSTYLE
  5
9B
  102
{ACAD_XDICTIONARY
  360
314
  102
}
  102
{ACAD_REACTORS
  330
95
  102
}
  330
95
  100
AcDbVisualStyle
  2
2dWireframe
  70
4
  71
0
  72
2
  73
1
  90
0
  40
-0.6
  41
-30
  62
5
  63
7
  421
16777215
  74
1
  91
4
  64
7
  65
257
  75
1
  175
1
  42
1
  92
0
  66
257
  43
1
  76
1
  77
6
  78
2
  67
7
  79
5
  170
0
  171
0
  290
0
  174
0
  93
1
  44
0
  173
0
  291
0
  45
0
  1001
ACAD
  1000
AcDbSavedByObjectVersion
  1070
0
  0
VISUALSTYLE
  5
9A
  102
{ACAD_XDICTIONARY
  360
312
  102
}
  102
{ACAD_REACTORS
  330
95
  102
}
  330
95
  100
AcDbVisualStyle
  2
Basic
  70
7
  71
1
  72
0
  73
1
  90
0
  40
-0.6
  41
-30
  62
5
  63
7
  421
16777215
  74
0
  91
4
  64
7
  65
257
  75
1
  175
1
  42
1
  92
8
  66
7
  43
1
  76
1
  77
6
  78
2
  67
7
  79
5
  170
0
  171
0
  290
0
  174
0
  93
1
  44
0
  173
0
  291
0
  45
0
  1001
ACAD
  1000
AcDbSavedByObjectVersion
  1070
0
  0
VISUALSTYLE
  5
A1
  102
{ACAD_XDICTIONARY
  360
320
  102
}
  102
{ACAD_REACTORS
  330
95
  102
}
  330
95
  100
AcDbVisualStyle
  2
Brighten
  70
12
  71
2
  72
2
  73
1
  90
0
  40
-0.6
  41
-30
  62
5
  63
7
  421
16777215
  74
1
  91
4
  64
7
  65
257
  75
1
  175
1
  42
1
  92
8
  66
7
  43
1
  76
1
  77
6
  78
2
  67
7
  79
5
  170
0
  171
0
  290
0
  174
0
  93
1
  44
50
  173
0
  291
0
  45
0
  1001
ACAD
  1000
AcDbSavedByObjectVersion
  1070
0
  0
VISUALSTYLE
  5
A5
  102
{ACAD_XDICTIONARY
  360
328
  102
}
  102
{ACAD_REACTORS
  330
95
  102
}
  330
95
  100
AcDbVisualStyle
  2
ColorChange
  70
16
  71
2
  72
2
  73
3
  90
0
  40
-0.6
  41
-30
  62
5
  63
8
  421
8421504
  74
1
  91
4
  64
7
  65
257
  75
1
  175
1
  42
1
  92
8
  66
8
  424
8421504
  43
1
  76
1
  77
6
  78
2
  67
7
  79
5
  170
0
  171
0
  290
0
  174
0
  93
1
  44
0
  173
0
  291
0
  45
0
  1001
ACAD
  1000
AcDbSavedByObjectVersion
  1070
0
  0
VISUALSTYLE
  5
9E
  102
{ACAD_XDICTIONARY
  360
31A
  102
}
  102
{ACAD_REACTORS
  330
95
  102
}
  330
95
  100
AcDbVisualStyle
  2
Conceptual
  70
9
  71
3
  72
2
  73
1
  90
0
  40
-0.6
  41
-30
  62
5
  63
7
  421
16777215
  74
2
  91
2
  64
7
  65
257
  75
1
  175
1
  42
40
  92
8
  66
7
  43
1
  76
1
  77
6
  78
2
  67
7
  79
3
  170
0
  171
0
  290
0
  174
0
  93
1
  44
0
  173
0
  291
0
  45
0
  1001
ACAD
  1000
AcDbSavedByObjectVersion
  1070
0
  0
VISUALSTYLE
  5
A0
  102
{ACAD_XDICTIONARY
  360
31E
  102
}
  102
{ACAD_REACTORS
  330
95
  102
}
  330
95
  100
AcDbVisualStyle
  2
Dim
  70
11
  71
2
  72
2
  73
1
  90
0
  40
-0.6
  41
-30
  62
5
  63
7
  421
16777215
  74
1
  91
4
  64
7
  65
257
  75
1
  175
1
  42
1
  92
8
  66
7
  43
1
  76
1
  77
6
  78
2
  67
7
  79
5
  170
0
  171
0
  290
0
  174
0
  93
1
  44
-50
  173
0
  291
0
  45
0
  1001
ACAD
  1000
AcDbSavedByObjectVersion
  1070
0
  0
VISUALSTYLE
  5
172
  102
{ACAD_XDICTIONARY
  360
32E
  102
}
  102
{ACAD_REACTORS
  330
95
  102
}
  330
95
  100
AcDbVisualStyle
  2
EdgeColorOff
  70
22
  71
2
  72
2
  73
0
  90
0
  40
-0.6
  41
-30
  62
5
  63
7
  421
16777215
  74
1
  91
4
  64
7
  65
257
  75
1
  175
1
  42
1
  92
8
  66
7
  43
1
  76
1
  77
6
  78
2
  67
7
  79
5
  170
0
  171
0
  290
0
  174
0
  93
1
  44
0
  173
0
  291
0
  45
0
  1001
ACAD
  1000
AcDbSavedByObjectVersion
  1070
0
  0
VISUALSTYLE
  5
A4
  102
{ACAD_XDICTIONARY
  360
326
  102
}
  102
{ACAD_REACTORS
  330
95
  102
}
  330
95
  100
AcDbVisualStyle
  2
Facepattern
  70
15
  71
2
  72
2
  73
1
  90
0
  40
-0.6
  41
-30
  62
5
  63
7
  421
16777215
  74
1
  91
4
  64
7
  65
257
  75
1
  175
1
  42
1
  92
8
  66
7
  43
1
  76
1
  77
6
  78
2
  67
7
  79
5
  170
0
  171
0
  290
0
  174
0
  93
1
  44
0
  173
0
  291
0
  45
0
  1001
ACAD
  1000
AcDbSavedByObjectVersion
  1070
0
  0
VISUALSTYLE
  5
96
  102
{ACAD_XDICTIONARY
  360
30A
  102
}
  102
{ACAD_REACTORS
  330
95
  102
}
  330
95
  100
AcDbVisualStyle
  2
Flat
  70
0
  71
2
  72
1
  73
1
  90
2
  40
-0.6
  41
30
  62
5
  63
7
  421
16777215
  74
0
  91
0
  64
7
  65
257
  75
1
  175
1
  42
1
  92
8
  66
7
  43
1
  76
1
  77
6
  78
2
  67
7
  79
5
  170
0
  171
0
  290
0
  174
0
  93
13
  44
0
  173
0
  291
0
  45
0
  1001
ACAD
  1000
AcDbSavedByObjectVersion
  1070
0
  0
VISUALSTYLE
  5
97
  102
{ACAD_XDICTIONARY
  360
30C
  102
}
  102
{ACAD_REACTORS
  330
95
  102
}
  330
95
  100
AcDbVisualStyle
  2
FlatWithEdges
  70
1
  71
2
  72
1
  73
1
  90
2
  40
-0.6
  41
30
  62
5
  63
7
  421
16777215
  74
1
  91
0
  64
7
  65
257
  75
1
  175
1
  42
1
  92
0
  66
257
  43
1
  76
1
  77
6
  78
2
  67
7
  79
5
  170
0
  171
0
  290
0
  174
0
  93
13
  44
0
  173
0
  291
0
  45
0
  1001
ACAD
  1000
AcDbSavedByObjectVersion
  1070
0
  0
VISUALSTYLE
  5
98
  102
{ACAD_XDICTIONARY
  360
30E
  102
}
  102
{ACAD_REACTORS
  330
95
  102
}
  330
95
  100
AcDbVisualStyle
  2
Gouraud
  70
2
  71
2
  72
2
  73
1
  90
2
  40
-0.6
  41
30
  62
5
  63
7
  421
16777215
  74
0
  91
0
  64
7
  65
257
  75
1
  175
1
  42
1
  92
0
  66
7
  43
1
  76
1
  77
6
  78
2
  67
7
  79
5
  170
0
  171
0
  290
0
  174
0
  93
13
  44
0
  173
0
  291
0
  45
0
  1001
ACAD
  1000
AcDbSavedByObjectVersion
  1070
0
  0
VISUALSTYLE
  5
99
  102
{ACAD_XDICTIONARY
  360
310
  102
}
  102
{ACAD_REACTORS
  330
95
  102
}
  330
95
  100
AcDbVisualStyle
  2
GouraudWithEdges
  70
3
  71
2
  72
2
  73
1
  90
2
  40
-0.6
  41
30
  62
5
  63
7
  421
16777215
  74
1
  91
0
  64
7
  65
257
  75
1
  175
1
  42
1
  92
0
  66
257
  43
1
  76
1
  77
6
  78
2
  67
7
  79
5
  170
0
  171
0
  290
0
  174
0
  93
13
  44
0
  173
0
  291
0
  45
0
  1001
ACAD
  1000
AcDbSavedByObjectVersion
  1070
0
  0
VISUALSTYLE
  5
9D
  102
{ACAD_XDICTIONARY
  360
318
  102
}
  102
{ACAD_REACTORS
  330
95
  102
}
  330
95
  100
AcDbVisualStyle
  2
Hidden
  70
6
  71
1
  72
2
  73
2
  90
0
  40
-0.6
  41
-30
  62
5
  63
7
  421
16777215
  74
2
  91
2
  64
7
  65
257
  75
2
  175
1
  42
40
  92
0
  66
257
  43
1
  76
1
  77
6
  78
2
  67
7
  79
3
  170
0
  171
0
  290
0
  174
0
  93
1
  44
0
  173
0
  291
0
  45
0
  1001
ACAD
  1000
AcDbSavedByObjectVersion
  1070
0
  0
VISUALSTYLE
  5
170
  102
{ACAD_XDICTIONARY
  360
32A
  102
}
  102
{ACAD_REACTORS
  330
95
  102
}
  330
95
  100
AcDbVisualStyle
  2
JitterOff
  70
20
  71
2
  72
2
  73
0
  90
0
  40
-0.6
  41
-30
  62
5
  63
7
  421
16777215
  74
1
  91
4
  64
7
  65
257
  75
1
  175
1
  42
1
  92
10
  66
7
  43
1
  76
1
  77
6
  78
2
  67
7
  79
5
  170
0
  171
0
  290
0
  174
0
  93
1
  44
0
  173
0
  291
0
  45
0
  1001
ACAD
  1000
AcDbSavedByObjectVersion
  1070
0
  0
VISUALSTYLE
  5
A3
  102
{ACAD_XDICTIONARY
  360
324
  102
}
  102
{ACAD_REACTORS
  330
95
  102
}
  330
95
  100
AcDbVisualStyle
  2
Linepattern
  70
14
  71
2
  72
2
  73
1
  90
0
  40
-0.6
  41
-30
  62
5
  63
7
  421
16777215
  74
1
  91
4
  64
7
  65
257
  75
7
  175
7
  42
1
  92
8
  66
7
  43
1
  76
1
  77
6
  78
2
  67
7
  79
5
  170
0
  171
0
  290
0
  174
0
  93
1
  44
0
  173
0
  291
0
  45
0
  1001
ACAD
  1000
AcDbSavedByObjectVersion
  1070
0
  0
VISUALSTYLE
  5
171
  102
{ACAD_XDICTIONARY
  360
32C
  102
}
  102
{ACAD_REACTORS
  330
95
  102
}
  330
95
  100
AcDbVisualStyle
  2
OverhangOff
  70
21
  71
2
  72
2
  73
0
  90
0
  40
-0.6
  41
-30
  62
5
  63
7
  421
16777215
  74
1
  91
4
  64
7
  65
257
  75
1
  175
1
  42
1
  92
9
  66
7
  43
1
  76
1
  77
6
  78
2
  67
7
  79
5
  170
0
  171
0
  290
0
  174
0
  93
1
  44
0
  173
0
  291
0
  45
0
  1001
ACAD
  1000
AcDbSavedByObjectVersion
  1070
0
  0
VISUALSTYLE
  5
9F
  102
{ACAD_XDICTIONARY
  360
31C
  102
}
  102
{ACAD_REACTORS
  330
95
  102
}
  330
95
  100
AcDbVisualStyle
  2
Realistic
  70
8
  71
2
  72
3
  73
0
  90
2
  40
-0.6
  41
30
  62
5
  63
7
  421
16777215
  74
0
  91
0
  64
7
  65
257
  75
1
  175
1
  42
1
  92
8
  66
257
  43
1
  76
1
  77
6
  78
2
  67
7
  79
3
  170
0
  171
0
  290
0
  174
0
  93
13
  44
0
  173
0
  291
0
  45
0
  1001
ACAD
  1000
AcDbSavedByObjectVersion
  1070
0
  0
VISUALSTYLE
  5
17F
  102
{ACAD_XDICTIONARY
  360
338
  102
}
  102
{ACAD_REACTORS
  330
95
  102
}
  330
95
  100
AcDbVisualStyle
  2
Shaded
  70
27
  71
2
  72
2
  73
1
  90
2
  40
-0.6
  41
30
  62
5
  63
7
  421
16777215
  74
0
  91
4
  64
7
  65
257
  75
1
  175
1
  42
1
  92
8
  66
257
  43
1
  76
1
  77
6
  78
2
  67
8
  425
7895160
  79
3
  170
0
  171
0
  290
0
  174
0
  93
5
  44
0
  173
0
  291
0
  45
0
  1001
ACAD
  1000
AcDbSavedByObjectVersion
  1070
0
  0
VISUALSTYLE
  5
17E
  102
{ACAD_XDICTIONARY
  360
336
  102
}
  102
{ACAD_REACTORS
  330
95
  102
}
  330
95
  100
AcDbVisualStyle
  2
Shaded with edges
  70
26
  71
2
  72
2
  73
1
  90
2
  40
-0.6
  41
30
  62
5
  63
7
  421
16777215
  74
1
  91
2
  64
7
  65
257
  75
2
  175
1
  42
1
  92
8
  66
257
  43
1
  76
1
  77
6
  78
2
  67
7
  79
3
  170
0
  171
0
  290
0
  174
0
  93
5
  44
0
  173
0
  291
0
  45
0
  1001
ACAD
  1000
AcDbSavedByObjectVersion
  1070
0
  0
VISUALSTYLE
  5
17B
  102
{ACAD_XDICTIONARY
  360
330
  102
}
  102
{ACAD_REACTORS
  330
95
  102
}
  330
95
  100
AcDbVisualStyle
  2
Shades of Gray
  70
23
  71
2
  72
2
  73
3
  90
0
  40
-0.6
  41
-30
  62
5
  63
7
  421
16777215
  74
2
  91
2
  64
7
  65
7
  75
1
  175
1
  42
40
  92
8
  66
7
  43
1
  76
1
  77
6
  78
2
  67
7
  79
3
  170
0
  171
0
  290
0
  174
0
  93
1
  44
0
  173
0
  291
0
  45
0
  1001
ACAD
  1000
AcDbSavedByObjectVersion
  1070
0
  0
VISUALSTYLE
  5
17C
  102
{ACAD_XDICTIONARY
  360
332
  102
}
  102
{ACAD_REACTORS
  330
95
  102
}
  330
95
  100
AcDbVisualStyle
  2
Sketchy
  70
24
  71
1
  72
2
  73
2
  90
0
  40
-0.6
  41
-30
  62
5
  63
7
  421
16777215
  74
2
  91
2
  64
7
  65
7
  75
1
  175
1
  42
40
  92
11
  66
7
  43
1
  76
1
  77
6
  78
2
  67
7
  79
6
  170
0
  171
0
  290
0
  174
0
  93
1
  44
0
  173
0
  291
0
  45
0
  1001
ACAD
  1000
AcDbSavedByObjectVersion
  1070
0
  0
VISUALSTYLE
  5
A2
  102
{ACAD_XDICTIONARY
  360
322
  102
}
  102
{ACAD_REACTORS
  330
95
  102
}
  330
95
  100
AcDbVisualStyle
  2
Thicken
  70
13
  71
2
  72
2
  73
1
  90
0
  40
-0.6
  41
-30
  62
5
  63
7
  421
16777215
  74
1
  91
4
  64
7
  65
257
  75
1
  175
1
  42
1
  92
12
  66
7
  43
1
  76
1
  77
6
  78
2
  67
7
  79
5
  170
0
  171
0
  290
0
  174
0
  93
1
  44
0
  173
0
  291
0
  45
0
  1001
ACAD
  1000
AcDbSavedByObjectVersion
  1070
0
  0
VISUALSTYLE
  5
9C
  102
{ACAD_XDICTIONARY
  360
316
  102
}
  102
{ACAD_REACTORS
  330
95
  102
}
  330
95
  100
AcDbVisualStyle
  2
Wireframe
  70
5
  71
0
  72
2
  73
0
  90
0
  40
-0.6
  41
-30
  62
5
  63
7
  421
16777215
  74
1
  91
4
  64
7
  65
257
  75
1
  175
1
  42
1
  92
0
  66
257
  43
1
  76
1
  77
6
  78
2
  67
7
  79
3
  170
0
  171
0
  290
0
  174
0
  93
1
  44
0
  173
0
  291
0
  45
0
  1001
ACAD
  1000
AcDbSavedByObjectVersion
  1070
0
  0
VISUALSTYLE
  5
17D
  102
{ACAD_XDICTIONARY
  360
334
  102
}
  102
{ACAD_REACTORS
  330
95
  102
}
  330
95
  100
AcDbVisualStyle
  2
X-Ray
  70
25
  71
2
  72
2
  73
1
  90
1
  40
0.5
  41
-30
  62
5
  63
7
  421
16777215
  74
1
  91
0
  64
7
  65
257
  75
1
  175
1
  42
1
  92
8
  66
7
  43
1
  76
1
  77
6
  78
2
  67
7
  79
3
  170
0
  171
0
  290
0
  174
0
  93
13
  44
0
  173
0
  291
0
  45
0
  1001
ACAD
  1000
AcDbSavedByObjectVersion
  1070
0
  0
DICTIONARYVAR
  5
227
  102
{ACAD_REACTORS
  330
59
  102
}
  330
59
  100
DictionaryVariables
  280
0
  1
60.000000
  0
DICTIONARYVAR
  5
EB
  102
{ACAD_REACTORS
  330
59
  102
}
  330
59
  100
DictionaryVariables
  280
0
  1
1:1
  0
DICTIONARYVAR
  5
EA
  102
{ACAD_REACTORS
  330
59
  102
}
  330
59
  100
DictionaryVariables
  280
0
  1
STANDARD
  0
DICTIONARYVAR
  5
AB
  102
{ACAD_REACTORS
  330
59
  102
}
  330
59
  100
DictionaryVariables
  280
0
  1
STANDARD
  0
DICTIONARYVAR
  5
1B4
  102
{ACAD_REACTORS
  330
59
  102
}
  330
59
  100
DictionaryVariables
  280
0
  1
Imperial24
  0
DICTIONARYVAR
  5
1B5
  102
{ACAD_REACTORS
  330
59
  102
}
  330
59
  100
DictionaryVariables
  280
0
  1
Imperial24
  0
DICTIONARYVAR
  5
5A
  102
{ACAD_REACTORS
  330
59
  102
}
  330
59
  100
DictionaryVariables
  280
0
  1
2
  0
DICTIONARYVAR
  5
5E
  102
{ACAD_REACTORS
  330
59
  102
}
  330
59
  100
DictionaryVariables
  280
0
  1
1
  0
DICTIONARYVAR
  5
226
  102
{ACAD_REACTORS
  330
59
  102
}
  330
59
  100
DictionaryVariables
  280
0
  1
0
  0
DICTIONARYVAR
  5
14A
  102
{ACAD_REACTORS
  330
59
  102
}
  330
59
  100
DictionaryVariables
  280
0
  1
0
  0
DICTIONARYVAR
  5
14B
  102
{ACAD_REACTORS
  330
59
  102
}
  330
59
  100
DictionaryVariables
  280
0
  1
0
  0
DICTIONARYVAR
  5
224
  102
{ACAD_REACTORS
  330
59
  102
}
  330
59
  100
DictionaryVariables
  280
0
  1
2
  0
DICTIONARYVAR
  5
223
  102
{ACAD_REACTORS
  330
59
  102
}
  330
59
  100
DictionaryVariables
  280
0
  1
1
  0
DICTIONARYVAR
  5
225
  102
{ACAD_REACTORS
  330
59
  102
}
  330
59
  100
DictionaryVariables
  280
0
  1
127
  0
DICTIONARYVAR
  5
228
  102
{ACAD_REACTORS
  330
59
  102
}
  330
59
  100
DictionaryVariables
  280
0
  1
2
  0
DICTIONARY
  5
309
  102
{ACAD_REACTORS
  330
307
  102
}
  330
307
  100
AcDbDictionary
  281
1
  0
DICTIONARY
  5
308
  102
{ACAD_REACTORS
  330
307
  102
}
  330
307
  100
AcDbDictionary
  281
1
  3
1654967913120
  350
302
  3
1654967913136
  350
303
  3
1654967913152
  350
304
  3
1654967913168
  350
305
  3
1654967913184
  350
306
  0
DICTIONARY
  5
33C
  330
1A9
  100
AcDbDictionary
  280
1
  281
1
  3
ACAD_XREC_ROUNDTRIP
  360
33D
  0
DICTIONARY
  5
191
  330
22
  100
AcDbDictionary
  280
1
  281
1
  0
DICTIONARY
  5
185
  330
93
  100
AcDbDictionary
  280
1
  281
1
  3
FBXASSET
  360
186
  0
DICTIONARY
  5
183
  330
92
  100
AcDbDictionary
  280
1
  281
1
  3
FBXASSET
  360
184
  0
DICTIONARY
  5
10B
  330
94
  100
AcDbDictionary
  280
1
  281
1
  3
BUMPTILE
  360
10D
  3
DIFFUSETILE
  360
10C
  3
FBXASSET
  360
187
  3
OPACITYTILE
  360
10E
  3
REFLECTIONTILE
  360
10F
  0
DICTIONARY
  5
33A
  330
1A7
  100
AcDbDictionary
  280
1
  281
1
  3
ACAD_XREC_ROUNDTRIP
  360
33B
  0
DICTIONARY
  5
FF
  330
A7
  100
AcDbDictionary
  280
1
  281
1
  3
ACAD_ROUNDTRIP_2008_TABLESTYLE_CELLSTYLEMAP
  360
300
  0
DICTIONARY
  5
314
  330
9B
  100
AcDbDictionary
  280
1
  281
1
  3
ACAD_XREC_ROUNDTRIP
  360
315
  0
DICTIONARY
  5
312
  330
9A
  100
AcDbDictionary
  280
1
  281
1
  3
ACAD_XREC_ROUNDTRIP
  360
313
  0
DICTIONARY
  5
320
  330
A1
  100
AcDbDictionary
  280
1
  281
1
  3
ACAD_XREC_ROUNDTRIP
  360
321
  0
DICTIONARY
  5
328
  330
A5
  100
AcDbDictionary
  280
1
  281
1
  3
ACAD_XREC_ROUNDTRIP
  360
329
  0
DICTIONARY
  5
31A
  330
9E
  100
AcDbDictionary
  280
1
  281
1
  3
ACAD_XREC_ROUNDTRIP
  360
31B
  0
DICTIONARY
  5
31E
  330
A0
  100
AcDbDictionary
  280
1
  281
1
  3
ACAD_XREC_ROUNDTRIP
  360
31F
  0
DICTIONARY
  5
32E
  330
172
  100
AcDbDictionary
  280
1
  281
1
  3
ACAD_XREC_ROUNDTRIP
  360
32F
  0
DICTIONARY
  5
326
  330
A4
  100
AcDbDictionary
  280
1
  281
1
  3
ACAD_XREC_ROUNDTRIP
  360
327
  0
DICTIONARY
  5
30A
  330
96
  100
AcDbDictionary
  280
1
  281
1
  3
ACAD_XREC_ROUNDTRIP
  360
30B
  0
DICTIONARY
  5
30C
  330
97
  100
AcDbDictionary
  280
1
  281
1
  3
ACAD_XREC_ROUNDTRIP
  360
30D
  0
DICTIONARY
  5
30E
  330
98
  100
AcDbDictionary
  280
1
  281
1
  3
ACAD_XREC_ROUNDTRIP
  360
30F
  0
DICTIONARY
  5
310
  330
99
  100
AcDbDictionary
  280
1
  281
1
  3
ACAD_XREC_ROUNDTRIP
  360
311
  0
DICTIONARY
  5
318
  330
9D
  100
AcDbDictionary
  280
1
  281
1
  3
ACAD_XREC_ROUNDTRIP
  360
319
  0
DICTIONARY
  5
32A
  330
170
  100
AcDbDictionary
  280
1
  281
1
  3
ACAD_XREC_ROUNDTRIP
  360
32B
  0
DICTIONARY
  5
324
  330
A3
  100
AcDbDictionary
  280
1
  281
1
  3
ACAD_XREC_ROUNDTRIP
  360
325
  0
DICTIONARY
  5
32C
  330
171
  100
AcDbDictionary
  280
1
  281
1
  3
ACAD_XREC_ROUNDTRIP
  360
32D
  0
DICTIONARY
  5
31C
  330
9F
  100
AcDbDictionary
  280
1
  281
1
  3
ACAD_XREC_ROUNDTRIP
  360
31D
  0
DICTIONARY
  5
338
  330
17F
  100
AcDbDictionary
  280
1
  281
1
  3
ACAD_XREC_ROUNDTRIP
  360
339
  0
DICTIONARY
  5
336
  330
17E
  100
AcDbDictionary
  280
1
  281
1
  3
ACAD_XREC_ROUNDTRIP
  360
337
  0
DICTIONARY
  5
330
  330
17B
  100
AcDbDictionary
  280
1
  281
1
  3
ACAD_XREC_ROUNDTRIP
  360
331
  0
DICTIONARY
  5
332
  330
17C
  100
AcDbDictionary
  280
1
  281
1
  3
ACAD_XREC_ROUNDTRIP
  360
333
  0
DICTIONARY
  5
322
  330
A2
  100
AcDbDictionary
  280
1
  281
1
  3
ACAD_XREC_ROUNDTRIP
  360
323
  0
DICTIONARY
  5
316
  330
9C
  100
AcDbDictionary
  280
1
  281
1
  3
ACAD_XREC_ROUNDTRIP
  360
317
  0
DICTIONARY
  5
334
  330
17D
  100
AcDbDictionary
  280
1
  281
1
  3
ACAD_XREC_ROUNDTRIP
  360
335
  0
XRECORD
  5
302
  102
{ACAD_REACTORS
  330
308
  102
}
  330
308
  100
AcDbXrecord
  280
1
  1
AcDb_Thumbnail_Schema
  102
{ATTRRECORD
  341
303
  2
AcDbDs::TreatedAsObjectData
  280
1
  291
0
  102
ATTRRECORD}
  102
{ATTRRECORD
  341
304
  2
AcDbDs::Legacy
  280
1
  291
0
  102
ATTRRECORD}
  2
AcDbDs::ID
  280
10
  91
8
  102
{ATTRRECORD
  341
305
  2
AcDs:Indexable
  280
1
  291
0
  102
ATTRRECORD}
  102
{ATTRRECORD
  341
306
  2
AcDbDs::HandleAttribute
  280
7
  282
1
  102
ATTRRECORD}
  2
Thumbnail_Data
  280
15
  91
0
  0
XRECORD
  5
303
  102
{ACAD_REACTORS
  330
308
  102
}
  330
308
  100
AcDbXrecord
  280
1
  1
AcDbDs::TreatedAsObjectDataSchema
  2
AcDbDs::TreatedAsObjectData
  280
1
  91
0
  0
XRECORD
  5
304
  102
{ACAD_REACTORS
  330
308
  102
}
  330
308
  100
AcDbXrecord
  280
1
  1
AcDbDs::LegacySchema
  2
AcDbDs::Legacy
  280
1
  91
0
  0
XRECORD
  5
305
  102
{ACAD_REACTORS
  330
308
  102
}
  330
308
  100
AcDbXrecord
  280
1
  1
AcDbDs::IndexedPropertySchema
  2
AcDs:Indexable
  280
1
  91
0
  0
XRECORD
  5
306
  102
{ACAD_REACTORS
  330
308
  102
}
  330
308
  100
AcDbXrecord
  280
1
  1
AcDbDs::HandleAttributeSchema
  2
AcDbDs::HandleAttribute
  280
7
  91
1
  284
1
  0
XRECORD
  5
33D
  102
{ACAD_REACTORS
  330
33C
  102
}
  330
33C
  100
AcDbXrecord
  280
1
  102
DISPLAYNAME
  1
Imperial24
  102
FLAGS
  90
0
  0
XRECORD
  5
186
  102
{ACAD_REACTORS
  330
185
  102
}
  330
185
  100
AcDbXrecord
  280
1
  70
1
  90
429727718
  1
7581DE8E-A623-425F-9BF4-B3F4BE6C4F9A
  310
504B03040A0000080000AC70623B3DEE336E79000000790000001B0000006175746F6465736B2D64657369676E2D7061636B6167652E786D6C3C3F786D6C2076657273696F6E3D22312E302220656E636F64696E673D227574662D3822203F3E3C666F726D6174733E3C666F726D61743E687474703A2F2F736368656D612E
  310
6175746F6465736B2E636F6D2F64657369676E2D7061636B6167652F323030393C2F666F726D61743E3C2F666F726D6174733E504B0304140006080800AC70623BD486FD9CA0000000F4000000130000005B436F6E74656E745F54797065735D2E786D6C7D8EC10E82300C865F65E91D8A1E8C310C0EEA1BF002731658846E
  310
D98AC1B77784ABF1D8FE5FBFBF75BBCE937A534CCEB38643598122B6FEE978D0B0485F9C41B54DDD7D022595594E1A469170414C76A4D9A4D207E29CF43ECE46F218070CC6BECC4078ACAA135ACF422C856C0E68EA1BF5669944DDD7BCDE7B1F8E415D77AECB980613C2E4AC91FC167A2B244592486606FC29C8FD7F045B9A
  310
EF7053A7E60B504B0304140006080800AC70623B9A2F3B5FEC0000007C01000008000000636F72652E786D6C8D90416E83301045AF62CDB632D8040820E328B4E204BD80653BC44AB011B6AB1EBF262152BBEB6A467FFE9B197D76FA9EEFE84BAFDE38DB03CD08206DA553C64E3DC470C10DA01367AB73E1970D9015B3EE61
  310
9381B3697571D925E96CD03624D53AA5775178AF0320794F4D0F5E5EF52C32114372F85BB608791393CEE8AB4B708C46A1E711A3D23E73317A055E0D4D53D6C71A9FC7A1C6657D18703354232ECFED4731B6B43CBED72CDF60CE82995FF7E5AA45D00A7841488B29C5A4F8A46547AAAEA8DE48D311C2F2CDFE078A8BFA2714
  310
8D0D87627FF78979E0343DF21870966F59A4F2082AD52D37FE03504B0304140006080800AC70623B55019EA25F0000007C00000007000000636E782E786D6C4DCB3B0E80201045D1AD90E915ED2CF8AC45050C11660C8261F98AB1B07AC9C97D42D718D865D3E909258CFD00CCE24AC6E326A164D74DC0B4128928FF326038
  310
472BA13128B1252AC747C6BAB984FC68F0B87FE8960A5C09FE86CFB69FBA01504B0304140006080800AC70623B6E137E0172010000D40300000C0000006662782F636F72652E786D6CC5535B6E833010BC8AE5DF0A6C0810121947A1554ED00B38E05014B091B1518EDFE511A5A9D22AFD2A1F60CDEC7A67C698ED2E6D8306
  310
69FA5AAB0C073EC548AA4297B5AA32ECECC94B31DA7166B4B65FCA3052A295191E61CC5965B4EB16A8D0CA4A650155BA940B28FA5E5A8C8A061619EE8B0FD90A5F380B15FDD9EF44711695F4031F68A8E3ACB70604A079C8F8C6FC74BC3032E39C3957970B5B9730AD3ED5D2601EE7691A25EBC4DB1FF2C48B9255EEA5797C
  310
F0A2FDE62D3C6C8268FD9A3032367366EBF6AAAE30525859621E52BAF182C0A3E17B106D69BC0DE3179A6E2965642CBF6B725DF96493AB955D858BDCB9ADC73C002113F1CD2D4464512F06D04338236388F09912BE0F1A028190AD3836571F67800659586D22604AED6ED4201A27612AF5E9F4A09F178CCC9D3075DA1C5C3F
  310
9C113E3DE3F71DE1A885AAC084B0B03C3A3BEA64B38625B44E1A6FB017A4B46945F39C8D5F1CFE89BA897F28A9D08D36FFA5882C074496DF838CF7917F02504B0304140006080800AC70623BE001BAC07D0000009D0000000B0000006662782F636E782E786D6C4DCCD10AC2201886E15B91FFDCA6536B037548D87D8CE686
  310
E4344CA3CB6F8B1D74F4C1C3C72B87CF1AD0DBE5974F51013D11402EDED3E4E3A2A096197780062D734AE5EF06288EAB53B03368B9E4549F074D6E1E6B289B061F1F07124689687987B9601C7373BD60C36E065B6A6DDF7341A93843A365F32B6DBB87F517504B0304140006080800AC70623B8E5068122901000012020000
  310
310000006662782F30333130353234382D343533342D344143372D413346412D4531454539393435313135362F636F72652E786D6C8D515B6EC32010BC0AE22B55850D364E93081345557A825E801892A2C460F1A872FC2EB523B57FF961D1EECCECECAED8DFC71BFA36215AEF7ACC2A8A917183D7D65D7A9CD3996C30DA4B
  310
11BC4F7F601839359A1E973496E2127C9E96D4E05D322E41D6796D96A48AD1248C861B7C7A1C872F33AA4AE5048878AD26355CD5C554AC8232E0A4882980013437292F96B465B46BF886F0AEE5841FDEDFC8A1FD3890233B1EB75BDE31D6AD453D13A5C8D9EA856E35D8B1676BC2B322852C45B2E3C3FE108C4A4663D950BA
  310
258C11DA7C32BEA3DDAEE95EE96647A9A80BFC1F294FFA4952B62EB5CD6277A6452C99A8E78214DAE7D3ED61C6DC271F122AFD56D10C2F305545CB6A60FC1908E383E29A2F8A31F900EB5D5D4F8065DD2CBBE652D4E542107ECF07B15C53FE00504B0304140006080800AC70623B503B51794E010000330300003000000066
  310
62782F30333130353234382D343533342D344143372D413346412D4531454539393435313135362F636E782E786D6CD593C16EC32010447F0571AD6CE3D489D20813A9877E410FBD62D82434182CC055F3F75D1292E692438FBD206B7698593D61BEFD1E2DF982108D773D6D6B460938E5B571FB9ECE6957AD29D90A1EBC4F
  310
77364A9C1CA1A759A682EF839FA72269D8C9D92654AD71C72206887E0E0A22CAF926B15E498B01E0AA19451807D01A34B919F16B070157417138917400F2F6FA41FCF0092A45DEE414C19BDC21783E4BD39D891265658C3D8DEA00A3ACE59CBC8678ACB54CB26EEB6BD7839D7E9348BE70AD9C8321B9BCA7F9A4A26C542347
  310
DEE050F09802D22BA6749A800A394DD62899107273365E3C82CFC6A55557BC06C10774B7ABE7AEC3B0F34CF06446280E154026D0542C187BA9DAB6628BF7B6DBB0E566B17C62EB0D63BCC976C107EF6DB9843110FC449477095CA2A2E54D1E3FC2577C449B80AC7D38FD01240228AD173AB78CFFCCA739BF6FC415F02F103F
  310
504B0304140006080800AC70623B38FA165F680500003C100000340000006662782F30333130353234382D343533342D344143372D413346412D4531454539393435313135362F6F626A656374732E786D6CAD575D6FA33814FD2B887D0E8424EDB42BCAA8499A2A1A756634D18CF6A15264C0A16CC146B6E9A4FBEBF7180C
  310
019276B21F7908D8D8F7F3DCE36BFFE33ECFAC172A64CAD98DED3963DBA22CE271CA921BBB54BBD1956D7D0C7CC1B9EA2CB32D46727A63EB693BF013C1CBC24CC57447CA4C0D6657F33F2C1951466D2BCA889437B68C9E684E1C522A1E53F9ECC4441127D9ED1DCFA917F6C52682144F03A105119429588A790629566D94D7
  310
1F8E6D37F05DFD3DF0F5BF59357D7B955BF9D3D79F32A9088B8E940DC44CBDD9F26E72713DBA98CDA6A3D9E5C41BCD57F3E5C8FB301D2F2E178BEBDBBB6B28964A4092B144D09D1DDC2336228D7CB7FED45A6C0C3F6552C419A351E53F3CAC6C3612635A5016238F2995D0D6F17ADC1F7A3A369DCF533D362ABBD3E779D5DD
  310
D111D4D8DE3CBB96F2F04FB820CF41859054A3AA8E8F71B4C6DFF810B590F3CC7C4BA5951345454A322B4B4341C4AB1D60A95E12F83D311A9D42235C7B6007DE415ED75694C6AFB17BCACA5D99651A9A7650217B0BFC53252BCBD2BFA838AD0D36215765CAD4957148BD16D40EAE7DB79A0C7CFD984ECCC73A90D62E230952
  310
0E37EBAF034717BAF6D64B3BF8B40AF71B5D8FA79517821754280D1F40AB495CF3D451326ABDB332A737C0995ECC0F41F986C87F46F91E4C41DE44BA9FED67468B1284C91D173972E38CAB9F356E5E46EDDBF10BF86CB0FA784D3BF3AF16FB6E6B6C9F30DECA1FC0A55373F5DFF3D78F5917A99DF405FE0B0A8C8BA909E526
  310
2219A8E72165488806A595714C81CB77E1DE0ED6604A303B76912C680372F4E2BB2FF88EFF5A36D8AA52DF79322474C0B767303F625995056C7B032C473C592936CEBD15F38BFFA5666E979B4F9B52EC48441F0CB12CE92E65A9C2D979006FD7A05E227A1E3DD3D79F5CC470F438099B6E1272A34A22DA3AE63AF0497358E8
  310
C141734F41847D09D79CE7FF42C3432A239A6584515E365ADA634863B52519D327A00AEB804E2703140BFA92EA4EA2B7A26716CEFA48A4850E597BE8B53CEDBCE1CBF7F56780D20EE6AF73A0F5F9B02A3CD07DC4332EB6E1EBB666421BE0C39E3EBA7FF4E16D22EA6A29407C85E586724C88B771BADB9512BC7B228A3FD68B
  310
6EA65A22397E690AA8D158D7E40CEC8CDA23C2C0B7D1898640101CEC9C6D531CE328CB93CABBBA870A6425F70DF96199175B92F392A973C2346EFC69AC6F8577BB18F993A8E8C90E36D573340765C7343EA4AA87027D049DF0A9979E0F1757DEF2EEEA6E747B39412B35B9588DAEE7ABD9683E5DCDE677978BD9EAFAB6B5A8
  310
B224F09B13AA5B8388264E44BF14A909F3F7F5A16CEDE08128E9DED705E526F5F3FBDA415BECBBD80380B71BD77991D19C3245347C1FF44BF68DA0ABE8C9A8E7D73949E81952BEDC6F063660E68C7D5F75A9D19F83BD6676A16BE1A410F554E621236936D8681C770A9618B79B50B6CF9AD19BA11E9978A20F953C4B63104E
  310
6C2594E7548176CE607B915309C474BBF2D8DC1ECED8FD52F7838A84196D2C79226889330954036E65A4FAF3D66F68E174177563E3B0739EF1670AD1B690EA1B1BFCA6D2884A27C4F1A81B9F4A3820802EAC2541408DB02443675D6F6AC7ED2E1D1BD00F4E40A3BF5D724EB764FCEA116F4E8A02A7768F562BDB8C82E81F39
  310
DE98631185D7B054AD2F8789D6994A0D2AAB76CADC0DD0423C1BD57BD4D7FB6E794EB5A61791B3EE49EF82A0963A524424D5BD40DB674CBA5D7E75D10A58EB2F569195097279BEA491A00073A90B1C28022A8CCC82284075F1FBE357C17117CDAD550A083C2E789E736606B7E62E6B6D9E70338D1F410B545F3FE464EC798F
  310
55D76F2E22DB9048EA90583E63A22938EDC1006B00E4D1716A52E0EA1C0C96AF9796393066105A81F6A829ADAFE1168A47DF1C75A974C9B278B7F177ABA5008340CB1EFC0D504B0304140006080000AC70623B000000000000000000000000350000006662782F30333130353234382D343533342D344143372D413346412D
  310
4531454539393435313135362F76657274696365732E62696E504B0304140006080800AC70623BF270F1330600000004000000360000006662782F30333130353234382D343533342D344143372D413346412D4531454539393435313135362F747269616E676C65732E62696E636660600000504B0304140006080000AC70
  310
623B000000000000000000000000370000006662782F30333130353234382D343533342D344143372D413346412D4531454539393435313135362F617474726962757465732E62696E504B0304140006080800AC70623B08DA0BD19000000041010000360000006662782F30333130353234382D343533342D344143372D41
  310
3346412D4531454539393435313135362F6469726563746F72792E786D6C858F410AC3201045AF22B36F53E9A60B35CBEEBAE80D244E44489C6234F4F835464A48035D0DF398FF9F8AF63D0E6CC63039F212F8F9020C7D47C6792B21C5FE7403D62A1188E2E60C98D7234A5830286103A55745067B9D86B8A3CF9C7F90C11D
  310
E607FB144396D7B6A82D282E9A152AD114D5EF2CB866EEE831B8EEA07A7BB5A8D7D61A2BAAEB7FD5F70921FF497D00504B0304140006080800AC70623BF2C5666EFF000000A00100003B0000006662782F30333130353234382D343533342D344143372D413346412D4531454539393435313135362F7265736F7572636573
  310
2F636F72652E786D6C8D504B6E833010BD0A9A6D65B00910888CA3D02A27E8052C33A156821DF953F5F8B5132AB5BB6E6646EFA3797AFCF8B5DE8A4F745E5B33022B291468949DB5594688E1427A288E823B6BC32F191446AE38428641F0C5D978DF20654D4013126AEC8C1B28BDC70085BAA56304AF3E7095A58C2129FCB5
  310
BC4B75950B96AC4C74D209EE834B018AE7933C4138F4363A859E574F56F018F5BC69F49C7EEA8B4607A29DFABEE9F62D399DA78E34DD6E22FDD49E49731ADEEAF3C09AFD6BC7AB6C163CE8F527A3722803CE206A4A07C218A1F53B6B0EB43DD4ED0BED0F94F22ACBFF98E27DFEA7296A1376F516F769F320580AF22004AF72
  310
5F693DCA4C3B772BBE01504B010214000A0000080000AC70623B3DEE336E79000000790000001B00000000000000000000000000000000006175746F6465736B2D64657369676E2D7061636B6167652E786D6C504B01021400140006080800AC70623BD486FD9CA0000000F40000001300000000000000000000000000B200
  310
00005B436F6E74656E745F54797065735D2E786D6C504B01021400140006080800AC70623B9A2F3B5FEC0000007C010000080000000000000000000000000083010000636F72652E786D6C504B01021400140006080800AC70623B55019EA25F0000007C000000070000000000000000000000000095020000636E782E786D
  310
6C504B01021400140006080800AC70623B6E137E0172010000D40300000C00000000000000000000000000190300006662782F636F72652E786D6C504B01021400140006080800AC70623BE001BAC07D0000009D0000000B00000000000000000000000000B50400006662782F636E782E786D6C504B010214001400060808
  310
00AC70623B8E506812290100001202000031000000000000000000000000005B0500006662782F30333130353234382D343533342D344143372D413346412D4531454539393435313135362F636F72652E786D6C504B01021400140006080800AC70623B503B51794E010000330300003000000000000000000000000000D3
  310
0600006662782F30333130353234382D343533342D344143372D413346412D4531454539393435313135362F636E782E786D6C504B01021400140006080800AC70623B38FA165F680500003C10000034000000000000000000000000006F0800006662782F30333130353234382D343533342D344143372D413346412D4531
  310
454539393435313135362F6F626A656374732E786D6C504B01021400140006080000AC70623B0000000000000000000000003500000000000000000000000000290E00006662782F30333130353234382D343533342D344143372D413346412D4531454539393435313135362F76657274696365732E62696E504B01021400
  310
140006080800AC70623BF270F133060000000400000036000000000000000000000000007C0E00006662782F30333130353234382D343533342D344143372D413346412D4531454539393435313135362F747269616E676C65732E62696E504B01021400140006080000AC70623B0000000000000000000000003700000000
  310
000000000000000000D60E00006662782F30333130353234382D343533342D344143372D413346412D4531454539393435313135362F617474726962757465732E62696E504B01021400140006080800AC70623B08DA0BD1900000004101000036000000000000000000000000002B0F00006662782F30333130353234382D
  310
343533342D344143372D413346412D4531454539393435313135362F6469726563746F72792E786D6C504B01021400140006080800AC70623BF2C5666EFF000000A00100003B000000000000000000000000000F1000006662782F30333130353234382D343533342D344143372D413346412D453145453939343531313536
  310
2F7265736F75726365732F636F72652E786D6C504B0506000000000E000E0080040000671100000000
  0
XRECORD
  5
184
  102
{ACAD_REACTORS
  330
183
  102
}
  330
183
  100
AcDbXrecord
  280
1
  70
1
  90
429727718
  1
778E3A9F-1AF3-452F-85C1-1BC15BD3F630
  310
504B03040A0000080000AC70623B3DEE336E79000000790000001B0000006175746F6465736B2D64657369676E2D7061636B6167652E786D6C3C3F786D6C2076657273696F6E3D22312E302220656E636F64696E673D227574662D3822203F3E3C666F726D6174733E3C666F726D61743E687474703A2F2F736368656D612E
  310
6175746F6465736B2E636F6D2F64657369676E2D7061636B6167652F323030393C2F666F726D61743E3C2F666F726D6174733E504B0304140006080800AC70623BD486FD9CA0000000F4000000130000005B436F6E74656E745F54797065735D2E786D6C7D8EC10E82300C865F65E91D8A1E8C310C0EEA1BF002731658846E
  310
D98AC1B77784ABF1D8FE5FBFBF75BBCE937A534CCEB38643598122B6FEE978D0B0485F9C41B54DDD7D022595594E1A469170414C76A4D9A4D207E29CF43ECE46F218070CC6BECC4078ACAA135ACF422C856C0E68EA1BF5669944DDD7BCDE7B1F8E415D77AECB980613C2E4AC91FC167A2B244592486606FC29C8FD7F045B9A
  310
EF7053A7E60B504B0304140006080800AC70623BFD5588D4EC0000007C01000008000000636F72652E786D6C8D90416EC3201045AF82665B6103891DC7C24471939CA01740405C94182C03558F5F9C3852BBEB6A467FFE9B197D7EF81EEFE8CBCCC17AD7012D0820E394D7D60D1DA478C50DA083E0B3F7F1970D9093A3E960
  310
9141F061F6695A25E55D342E66D5796D56518660222075CF4D07417D9A511632C5EC08B76292EA260753D05797E194AC46CF2356E77DF66ACD0C62C768BD63971E5727D2E06DDF9C71BF7B3FE10BABF79BFA488FE4DCF07281058F767CDD57B391D168108C903DA61413F641B72DA95A56BD91A62584978BFD0F9426FD4F28
  310
5917376C7DF7890510343FF218085E2E59E4F2082AD72537F103504B0304140006080800AC70623B55019EA25F0000007C00000007000000636E782E786D6C4DCB3B0E80201045D1AD90E915ED2CF8AC45050C11660C8261F98AB1B07AC9C97D42D718D865D3E909258CFD00CCE24AC6E326A164D74DC0B4128928FF326038
  310
472BA13128B1252AC747C6BAB984FC68F0B87FE8960A5C09FE86CFB69FBA01504B0304140006080800AC70623BB5D38BAD72010000D40300000C0000006662782F636F72652E786D6CC553DB8E823014FC95A6AF1B68C11B9A52A3AB7EC1FE4085CA36424B4A4BFCFC3D5C8CEBC635EED3F200CDCC393D3353CAD697AA44AD
  310
B48D323AC5514831923A33B9D2458ABD3B0509466BCEAC31EE5B19465A5432C51D8C392BACF1F50865463BA91DA0DAE4720445D348875156C222C54DF6292B110AEFA0A23987B5C8CEA2906114020D759C35CE8200340CE9DE989F8E1746069C33EF553EB22A8769EAA4A4C57C1147F3457CD806B31D4D82E936D907DBC5FB
  310
2E38C4F3E564BE8936749F30D23573E65475559759299CCC318F295D065114D0F8239AAEE86C15CFDE68B2A29491AEFCAEC9D7F98B4D5E69378947B9435B837904427AE2875B88C8A146B4A0877046BA10E1D3277C1F340402213B712CAF3ECE00B53273C64E81C98DBF51AD28BD84A934A4FD837E5F303274C2D47E7370FD
  310
7046FCF28CE73BC2510B5D8009E16079F4AED3C9060D6368B5B441EB2E481B5B89F2351B4F1CFE89BA897F282933A5B1FFA5888C0744C6DF8374F7917F01504B0304140006080800AC70623B09885E1C7E0000009D0000000B0000006662782F636E782E786D6C4DCCDF0A83201C86E15B91DFB9CBA6FD11D41063F711CB42
  310
663A9C8E5DFE6A74B0A30F1E3E5E317C368FDE36BD5C0C12EA0B0164C33DCE2EAC124A5E700F685022C598FF6E80C2B459090783126B8AE579D26C97A9F8BCAB77E17122E586D5843498B3EE8699D114F39E5E713D76EDA84DCBB569A052A2FA95F63DC2EA0B504B0304140006080800AC70623B961D28872A010000120200
  310
00310000006662782F33394334313030352D393437462D344341332D393833322D3144373644414336394143352F636F72652E786D6C8D515B6EC32010BC8AC557AA0A1BFC4A1C61A2C8514FD00B10435294182C1E558EDFA576A4F62F3F80666766875D76784CF7EC5B39AFADE911CD09CA9419ADD4E6DAA3182E7887B203
  310
67CEDAF08786322326D5A30423CEAECEC67985466B8232015063A55A41E1BD0A281BEFF0E8911FBFD42472110330FC2D9FC578135795D31CCAC0E3CC070701B2A5493A11AFBAA1A68434B8ABB71FB81E8E15EE765589E969DB9E8E43DB1D8786158B90B318B55CE55A421C7DD1CABD6A92C49C053D3DE38F4E89A024E22521
  310
1DA61493F293D67BD2ECCBE69DECF684B022D1FF89E22C5F14456D4255AE711799479CB2622970266D3CDF9F61D463B62E64A9DFC6ABF10D7192C35CCA0A040B11BE0F8E6DBD3AFA601D8C77733B0397C290926D5B7356A40DC1F5BB3EB8D336F90F504B0304140006080800AC70623B503B51794E01000033030000300000
  310
006662782F33394334313030352D393437462D344341332D393833322D3144373644414336394143352F636E782E786D6CD593C16EC32010447F0571AD6CE3D489D20813A9877E410FBD62D82434182CC055F3F75D1292E692438FBD206B7698593D61BEFD1E2DF982108D773D6D6B460938E5B571FB9ECE6957AD29D90A1E
  310
BC4F77364A9C1CA1A759A682EF839FA72269D8C9D92654AD71C72206887E0E0A22CAF926B15E498B01E0AA19451807D01A34B919F16B070157417138917400F2F6FA41FCF0092A45DEE414C19BDC21783E4BD39D891265658C3D8DEA00A3ACE59CBC8678ACB54CB26EEB6BD7839D7E9348BE70AD9C8321B9BCA7F9A4A26C54
  310
2347DEE050F09802D22BA6749A800A394DD62899107273365E3C82CFC6A55557BC06C10774B7ABE7AEC3B0F34CF06446280E154026D0542C187BA9DAB6628BF7B6DBB0E566B17C62EB0D63BCC976C107EF6DB9843110FC449477095CA2A2E54D1E3FC2577C449B80AC7D38FD01240228AD173AB78CFFCCA739BF6FC415F02F
  310
103F504B0304140006080800AC70623B2EA4D28F640500003C100000340000006662782F33394334313030352D393437462D344341332D393833322D3144373644414336394143352F6F626A656374732E786D6CAD575D739B3814FD2B0CFB6C30B1D3263B844E6CC71D4F376DA79E76F621331E01326103122389C4E9AFDF
  310
231018B09D7A3FFC609090EEE7B94757FE875D9E59CF54C894B31BDB73C6B64559C4E394253776A9B6A32BDBFA10F88273D559665B8CE4F4C6D6D376E027829785998AE99694991ACC2E677F5A32A28CDA569411296F6C193DD29C38A4543CA6F2C98989224EB2DD399E532FEC8B4D04291E07420B222853B014F30C52ACDA
  310
28AF3F1CDB6EE0BBFA7BE0EB7FB36A727A955BF9D3D79F32A9088B0E940DC44CBCE9E2EEE2F27A74399D4E46D37717DE68B69C2D46DEFBC978FE6E3EBFBEBDBB8662A90424194B04DDDAC147C446A491EFD69F5A8B8DE1C74C8A386334AAFC878795CD46624C0BCA62E431A512DA3A5E8FFB434FC7A6F379A2C7466577FA3C
  310
AFBA3B3A821ADB9B67D7521EFE0517E439A810926A54D5F1318ED6F81BEFA316729E996FA9B472A2A84849666569288878B5032CD54B02BF2746A35368846B0FECC0DBCBEBDA8AD2F835768F59B92DB34C43D30E2A646F807FAA646559FA938AE3DA60137255A64C5D1987D46B41EDE0DA77ABC9C0D78FC985F95807D2DA66
  310
2441CAE166FD75E0E85CD7DE6A61079F96E16EADEBF1B8F242F0820AA5E1036835896B9E3A4A46AD7756E6F40638D38BF93E28DF10F9CF28DFBD29C89B4877D3DDD468518230B9E522476E9C71F5B3C6CDCBA87D3B7C019F0D561FAE6967FED562DF6D8DED13C6A9FC015C3A3557FF3D7FFD987591DA495FE03FA3C0B89898
  310
50AE2392817AEE53868468505A19C714B87C1BEEEC6005A604B36317C9823620072FBEFB8CEFF8AF6583AD2AF59D274342077C7B06F323965559C0B6136039E0C94AB171EE54CC2FFF979AB95DAC3FAD4BB12511BD37C4B2A0DB94A50A67E71EBC5D837A89E879F4445F5FB888E1E86112D6DD24E4469544B475CC75E093E6
  310
B0D083BDE69E8208FB12AE39CFFF8586FB544634CB08A3BC6CB4B4C790C66A4B32A64F4015D6019D5C0C502CE873AA3B89DE8A9E5938EB2391163A64EDA1D7F2B473C297EFABCF00A51DCC5EFF20AF5DC20CF7741FF18C8B4DF8BAA999D006F8B0A78FEE1F7D789B88BA5A0A105F61B9A11C13E24D9C6EB7A504EF1E89E28F
  310
D5BC9BA996480E5F9A026A34D63539053BA3F68830F06D74A2211004073B679B14C738CAF2A8F2AEEEA10259C93D213F2CF36243725E32754E98C68D3F8DF5ADF06E17235F888A1EED605D3D473350764CE31309D547D0119F7AE979FFFEEA6E727BBD1C79B74BB4529717CBD1D5E5DC1B79B3B977395B4C96EF2638E6FA15
  310
D09C50DD1A44347122FAA5484D98BFAFF6656B07F74449F7635D506E523FBFAF1CB4C5BE8B3D0078BB71951719CD295344C3F75EBF64DF08BA8A9E8C7A7E9593849E21E5CBC7F5C006CC9CB1EFAB2E35FA32D86B66E7BA168E0A518F651E329266838DC671A7608971BB0965FBAC19BD19EA918927FA50C9B33406E1C45642
  310
794E1568E70CB6173995404CB72B8FCDEDE18CDDCF753FA84898D1C6924782963893403548A78C547FDEFA0D2D9CEEA26E6C1C76CE13FE4C21DA16527D6383DF541A51E984381E75E353090704D085B52408D0139664E8ACEB4DEDB8DDA56303FAC10968F4B74BCEE9968C5F3DE2CD4951E0D4EED16A659B5110FD23C71B73
  310
2CA2F01A96AAF5653FD13A53A909C03570A77DA0857832AA77A8AFB7DDF29C6A4D2F2267DD93DE04412D75A48848AA7B810EBA31E976F1D5452B60ADBE58455626C8E5F992468202CCA52E70A008A830320BA200D5F9EF0F5F05C75D34B7962920F030E779CE9919DC9ABBACB57EC4CD347E002D507DFD901763CF7BA8BA7E
  310
7311D984445287C4F209134DC1690F065803200F8E53733D73750E06CB570BCB1C185308AD407BD094D6D7700BC5A36F8EBA54BA6459BCD9F8BBD552A040A0650FFE06504B0304140006080000AC70623B000000000000000000000000350000006662782F33394334313030352D393437462D344341332D393833322D3144
  310
373644414336394143352F76657274696365732E62696E504B0304140006080800AC70623BF270F1330600000004000000360000006662782F33394334313030352D393437462D344341332D393833322D3144373644414336394143352F747269616E676C65732E62696E636660600000504B0304140006080000AC70623B
  310
000000000000000000000000370000006662782F33394334313030352D393437462D344341332D393833322D3144373644414336394143352F617474726962757465732E62696E504B0304140006080800AC70623B08DA0BD19000000041010000360000006662782F33394334313030352D393437462D344341332D393833
  310
322D3144373644414336394143352F6469726563746F72792E786D6C858F410AC3201045AF22B36F53E9A60B35CBEEBAE80D244E44489C6234F4F835464A48035D0DF398FF9F8AF63D0E6CC63039F212F8F9020C7D47C6792B21C5FE7403D62A1188E2E60C98D7234A5830286103A55745067B9D86B8A3CF9C7F90C11DE607
  310
FB144396D7B6A82D282E9A152AD114D5EF2CB866EEE831B8EEA07A7BB5A8D7D61A2BAAEB7FD5F70921FF497D00504B0304140006080800AC70623B95BFD5E5FE000000A00100003B0000006662782F33394334313030352D393437462D344341332D393833322D3144373644414336394143352F7265736F75726365732F63
  310
6F72652E786D6C8D50596E833010BD0A9ADFCA603B1B41C611699213F40296992456828DBC543D7E4DA052FBD79F99D15B344F4F1CBE8667F1893E18675B60258502AD76BDB1B71652BC921A8A8314DEB9F84B06855503B630C120C5CDBB342E907636A28D19B5AEC70554216084423FF3D142D0771C54A952CC8AF02847A5
  310
1FEA86252B339D755284E87380627E324D901E834B5E6310D5CC4A9192E9178DE9F34F7335E841EE38DBEEF8A5239B13ADC9FA589FC971F77E2217BEDDAFB61DEBE8B916D56496229AE127A3F6A822F62039A57BC218A1FC83AD1BBA69F8E68DD60DA5A29AE47F4C69ECFF694AC6C6155FE2CEB60092E5202F428A6AEA2BAF
  310
5799794FDDCA6F504B010214000A0000080000AC70623B3DEE336E79000000790000001B00000000000000000000000000000000006175746F6465736B2D64657369676E2D7061636B6167652E786D6C504B01021400140006080800AC70623BD486FD9CA0000000F40000001300000000000000000000000000B20000005B
  310
436F6E74656E745F54797065735D2E786D6C504B01021400140006080800AC70623BFD5588D4EC0000007C010000080000000000000000000000000083010000636F72652E786D6C504B01021400140006080800AC70623B55019EA25F0000007C000000070000000000000000000000000095020000636E782E786D6C504B
  310
01021400140006080800AC70623BB5D38BAD72010000D40300000C00000000000000000000000000190300006662782F636F72652E786D6C504B01021400140006080800AC70623B09885E1C7E0000009D0000000B00000000000000000000000000B50400006662782F636E782E786D6C504B01021400140006080800AC70
  310
623B961D28872A0100001202000031000000000000000000000000005C0500006662782F33394334313030352D393437462D344341332D393833322D3144373644414336394143352F636F72652E786D6C504B01021400140006080800AC70623B503B51794E010000330300003000000000000000000000000000D5060000
  310
6662782F33394334313030352D393437462D344341332D393833322D3144373644414336394143352F636E782E786D6C504B01021400140006080800AC70623B2EA4D28F640500003C1000003400000000000000000000000000710800006662782F33394334313030352D393437462D344341332D393833322D3144373644
  310
414336394143352F6F626A656374732E786D6C504B01021400140006080000AC70623B0000000000000000000000003500000000000000000000000000270E00006662782F33394334313030352D393437462D344341332D393833322D3144373644414336394143352F76657274696365732E62696E504B01021400140006
  310
080800AC70623BF270F133060000000400000036000000000000000000000000007A0E00006662782F33394334313030352D393437462D344341332D393833322D3144373644414336394143352F747269616E676C65732E62696E504B01021400140006080000AC70623B0000000000000000000000003700000000000000
  310
000000000000D40E00006662782F33394334313030352D393437462D344341332D393833322D3144373644414336394143352F617474726962757465732E62696E504B01021400140006080800AC70623B08DA0BD190000000410100003600000000000000000000000000290F00006662782F33394334313030352D393437
  310
462D344341332D393833322D3144373644414336394143352F6469726563746F72792E786D6C504B01021400140006080800AC70623B95BFD5E5FE000000A00100003B000000000000000000000000000D1000006662782F33394334313030352D393437462D344341332D393833322D3144373644414336394143352F7265
  310
736F75726365732F636F72652E786D6C504B0506000000000E000E0080040000641100000000
  0
XRECORD
  5
10D
  102
{ACAD_REACTORS
  330
10B
  102
}
  330
10B
  100
AcDbXrecord
  280
1
  270
1
  271
1
  0
XRECORD
  5
10C
  102
{ACAD_REACTORS
  330
10B
  102
}
  330
10B
  100
AcDbXrecord
  280
1
  270
1
  271
1
  0
XRECORD
  5
187
  102
{ACAD_REACTORS
  330
10B
  102
}
  330
10B
  100
AcDbXrecord
  280
1
  70
0
  90
1778669749
  1
7E355024-1ABF-47F9-966E-F2159FBE82AB
  310
504B03040A0000080000AC70623B3DEE336E79000000790000001B0000006175746F6465736B2D64657369676E2D7061636B6167652E786D6C3C3F786D6C2076657273696F6E3D22312E302220656E636F64696E673D227574662D3822203F3E3C666F726D6174733E3C666F726D61743E687474703A2F2F736368656D612E
  310
6175746F6465736B2E636F6D2F64657369676E2D7061636B6167652F323030393C2F666F726D61743E3C2F666F726D6174733E504B0304140006080800AC70623BD486FD9CA0000000F4000000130000005B436F6E74656E745F54797065735D2E786D6C7D8EC10E82300C865F65E91D8A1E8C310C0EEA1BF002731658846E
  310
D98AC1B77784ABF1D8FE5FBFBF75BBCE937A534CCEB38643598122B6FEE978D0B0485F9C41B54DDD7D022595594E1A469170414C76A4D9A4D207E29CF43ECE46F218070CC6BECC4078ACAA135ACF422C856C0E68EA1BF5669944DDD7BCDE7B1F8E415D77AECB980613C2E4AC91FC167A2B244592486606FC29C8FD7F045B9A
  310
EF7053A7E60B504B0304140006080800AC70623BDCE527C8EB0000007C01000008000000636F72652E786D6C8D90416EC3201045AF82665B6103B15DC7C24471249FA01740405C94182C03558F5F9C3852BBEB6A467FFE9B197D7EFA9EEFE8CBACC17AD7032D0820E394D7D64D3DA478C52DA093E0ABF7F1970D9093B3E961
  310
9341F069F569D925E55D342E66D5796D76518660222075CF4D0F417D9A591632C5EC08B76291EA262753D05797E194AC46CF2356E77DF66ACD0A621C9B73335C463C5E0E1457EC9DE2A1612D3E9233A92BD2D66333F07283058F767EDD57AB91D168108C9023A61413F641AB8ED41DABDF48DB11C2CBCDFE074A8BFE2794AC
  310
8B07B6BFFBC402089A1F790C042FB72C72790495EB969BF801504B0304140006080800AC70623B55019EA25F0000007C00000007000000636E782E786D6C4DCB3B0E80201045D1AD90E915ED2CF8AC45050C11660C8261F98AB1B07AC9C97D42D718D865D3E909258CFD00CCE24AC6E326A164D74DC0B4128928FF32603847
  310
2BA13128B1252AC747C6BAB984FC68F0B87FE8960A5C09FE86CFB69FBA01504B0304140006080800AC70623BB24894EB71010000D40300000C0000006662782F636F72652E786D6CC5535B6E833010BC8AE5DF0A6C085012194749244ED00B38E05014B091B1518EDFE511A5A9D228FD2A1F60CDEC7A67C6986D2F6D830669
  310
FA5AAB0C073EC548AA4297B5AA32ECECC94B31DA7266B4B6DFCA3052A295191E61CC5965B4EB16A8D0CA4A650155BA940B28FA5E5A8C8A061619EE8B4FD90A5F380B15FDD9EF44711695F4031F68A8E3ACB70604A079C8F8C6FC74BC3032E39C3957970B5B9730AD3ED5D2609EE7C92ED91F722F3FAC022F0ADF036F9F84A9
  310
B7A63B1A47348DF364CFC8D8CC99ADDBABBAC2486165897948E9DA0B028F861F41B4A1F1268CDF68BAA19491B1FCAEC975E58B4DAE5676152E72E7B61EF300844CC40FB7109145BD18400FE18C8C21C2674AF83E68080442B6E2D85C7D9C011A6461B5898029B5BB5183689C84A9D4A7D3837E5F303277C2D4697370FD7046
  310
F8F28CE73BC2510B5581096161797476D4C9660D4B689D34DE602F4869D38AE6351B4F1CFE89BA897F28A9D08D36FFA5882C074496DF838CF7917F01504B0304140006080800AC70623B3A54DFB77D0000009D0000000B0000006662782F636E782E786D6C4DCCD10A83201805E05791FFDEA5EBA76DA046A37C8F581632D3
  310
613AF6F8B3D1C52E0E073E0E47B49FD591B7899B0D5E023F3120C63FC264FD2221A7995E81B44AC410D2DF0C881F5723616750628921BF0E9ACC3C66978A3AEB9F07B2A6D77AB87514F95953EC39D20EEF9C6AD60C88BC2EB940A544F57B2ABD1FAB2F504B0304140006080800AC70623B4A17098729010000120200003100
  310
00006662782F30364446464539412D343132462D344431342D413442312D4630364534343133343431372F636F72652E786D6C8D515B6EC32010BC0AE22B55850D0E76930813A54A7C825E80DA244589C1E251E5F85D6A476AFFF2018B7667666759B1BF8F37F4AD7D30CEB6981514236D7B37187B69718A67B2C1682F8577
  310
2EFE816164D5A85B9CD3588A8B77695A52BDB351DB0859EB06BD2455083A62D4DFE0D1E2D07FE951152A4540846B31A9FEAA2EBA600594012745881E0CA0B949BEB1A4CDB1EB4EDB03E1ACEA083F324E0EFC9D918E3627CED91ACE9B2867A214299961A19B01EC98B3D1FE59914C96229AF161BFF75A453D605951BA258C11
  310
5A7D30BEA3F5AEAA5FE96647A92833FC1F294DC393A4646C5C578BDD9916B064A29C0B520C2E7DDE1E66F47D723EA2DC6F1574FF02531594D6AC69443903617C506CF8A218A2F3F0BDABEB2760593DCB365C8A326F08C2EFFA20E66DCA1F504B0304140006080800AC70623B503B51794E0100003303000030000000666278
  310
2F30364446464539412D343132462D344431342D413442312D4630364534343133343431372F636E782E786D6CD593C16EC32010447F0571AD6CE3D489D20813A9877E410FBD62D82434182CC055F3F75D1292E692438FBD206B7698593D61BEFD1E2DF982108D773D6D6B460938E5B571FB9ECE6957AD29D90A1EBC4F7736
  310
4A9C1CA1A759A682EF839FA72269D8C9D92654AD71C72206887E0E0A22CAF926B15E498B01E0AA19451807D01A34B919F16B070157417138917400F2F6FA41FCF0092A45DEE414C19BDC21783E4BD39D891265658C3D8DEA00A3ACE59CBC8678ACB54CB26EEB6BD7839D7E9348BE70AD9C8321B9BCA7F9A4A26C542347DEE0
  310
50F09802D22BA6749A800A394DD62899107273365E3C82CFC6A55557BC06C10774B7ABE7AEC3B0F34CF06446280E154026D0542C187BA9DAB6628BF7B6DBB0E566B17C62EB0D63BCC976C107EF6DB9843110FC449477095CA2A2E54D1E3FC2577C449B80AC7D38FD01240228AD173AB78CFFCCA739BF6FC415F02F103F504B
  310
0304140006080800AC70623BD8F6D0D5660500003B100000340000006662782F30364446464539412D343132462D344431342D413442312D4630364534343133343431372F6F626A656374732E786D6CAD575B8F9B3814FE2B887D064292B964C5504D92491555D3568D5AEDC348910187610730B2CD4C667FFD7E06438024
  310
6DF6928780CDF1B97EE762EFC33E4B8D57CA45C2F23BD3B547A641F39045491EDF99A5DC59B7A6F1C1F73863B243661A39C9E89DA9B64DDF8B392B0BBD15D11D295339D85DCDFF304448736A1A614A84B83345F84C33629352B2888A173B2292D8F16E6FBB764DD8671B73523C0F981684D35C4253ECE7E062D44AB9FDE5C8
  310
747CCF51DF7D4FFD6BAAC9792AA7B2A72F3FC985247978246CC066E24E970FE3AB9975359D4EACE9F5D8B5E6ABF9D2726F26A3C5F56231BB7F9841B0901C9CB4269CEE4CFF237CC393D073EA4FADC65AF1532A852CCF6958D90F0B2B9D35C78816348F10C7840A48EB583DEA2F5DE59BCEE7895A6B91DDEDCBACEA9EE8306A
  310
746F9E5D4D59F0274C1097A0820BAA5055FB471B5AE36F74F05AC058AABF25C2C888A43C21A991260127FCDDF441AA487CAFC746A1932B842B0B4CDF3DF0EBEA8AD4F835764F69B92BD35441D3F42B646F817F2A45A559F217E5A7A54127C4AA4C7279AB0D92EF0535FD99E7549BBEA71E93B1FE583BD2D8A52446C86166FD
  310
7560E842E5DE7A69FA9F56C17EA3F2F1B4F082B38272A9E0036835816B9ECA4B5AAC7B51E4D40118D3F3F9C129DFE0F9CF48DF832A881B4FF6D3FD544B919CE462C77886D8D8A3EA678C9A17AB7D3B7E413D1B501FD3B43BFF8AD8735A65FB05E35CFC002E159ADBFF1EBFBECFBA48ED84CFF75E91608C4FB42B372149517A
  310
1E931C0151A03452862DD4F25DB037FD352A252A3B4E91D46F1D72F4E239AFF88EFF9A37AA5525BEF3CC11D041BDBDA0F2C397555A40B7336039AA9395606DDC399F5FFD2F3973BFDC7CDA947C4742FAA80BCB92EE923C91E89D07F07615EA05A267D10B7D7F633C82A1C741D8748390695102DE563E578E8F9B66A11607C9
  310
3D0121CEC54CD53CEF17121E1311D2342539656523A56D430AAB6D91D17302B2B076E8643C4031A7AF899A247A143DB5D0EB439E14CA656DD36BEBB47DC696EFEBCF0025E8531690F440141CAA7DC852C6B7C1FBB62E8426B087237D70FFE8A35B3BD4515C00F80ACA4DC5D11EDE46C96E570A94DD134EFCB15E7403D5D691
  310
E397267F1A89754A4E519C917A846BF43632310F7082BECEF26D822E8EAC3C29BC2B7B2840547CCFF00FCAACD8928C95B9BCC44DA3C69E46FB96797788116F4486CFA6BFA99ED61C153BA2D121543D10A80E74C2A65E786E1E265757A3F1D472EFE72B6B7AB39A59B3EBEB076B3576AF66ABF9C3EDF87EDE6A5469E27B4D83
  310
EAA620BC8986E8953CD16EFEBE3E64ADE93F12299C8F753E3971FDFCBEB631157B0ECE00DFEDC17556A434A3B9240ABD8FEA25FD463054F478D4FBEB8CC4F4022E5F3E6E063A60E782735F55A6D1B7C159BDBB50B97092897C2EB32027493A38A80DB78B3CD66637AE6C9F75416F966AA5FD893154B03489506F2223A62CA3
  310
1255E78262CF332A8098EE501EE9CBC305A75FEB71509220A58D26CF0413712A806AC0AD0C657FDFF80D139C1AA2EE4CF43AFB057F3A114D03A1BE3351DE6412526107E88E6AEEA998030218C2DA1A08A8913C4E3158D787DA757B4AF906E5070D50CB6F492E1996B45DBDBA9B91A240D3EE55D54A372D20FC478637EA1844
  310
E23528656BCB61A335A61283CCAA8DD257034C102F5AF41EF9F573B35CBBA2E979E4A26BD24F415073B524E171752D50FA6995EE975F1D4C02C6FA8B51A4658C585ECEC9E214602E558203454085E6591009A82E7E7FFACA19AEA299B14A0081A705CB3296EBC5BDBECA1A9B675C4CA3279405AA6E1F623C72DDA76AE8D7F7
  310
906D4004B549245EB0D1249CB260803500F2A89BEA10382A0603F2F5D2D00D630AA615688F66D2FA166E2079D4C551A54AB758163F9DFB9D8A1460E098D8FDBF01504B0304140006080000AC70623B000000000000000000000000350000006662782F30364446464539412D343132462D344431342D413442312D46303645
  310
34343133343431372F76657274696365732E62696E504B0304140006080800AC70623BF270F1330600000004000000360000006662782F30364446464539412D343132462D344431342D413442312D4630364534343133343431372F747269616E676C65732E62696E636660600000504B0304140006080000AC70623B0000
  310
00000000000000000000370000006662782F30364446464539412D343132462D344431342D413442312D4630364534343133343431372F617474726962757465732E62696E504B0304140006080800AC70623B08DA0BD19000000041010000360000006662782F30364446464539412D343132462D344431342D413442312D
  310
4630364534343133343431372F6469726563746F72792E786D6C858F410AC3201045AF22B36F53E9A60B35CBEEBAE80D244E44489C6234F4F835464A48035D0DF398FF9F8AF63D0E6CC63039F212F8F9020C7D47C6792B21C5FE7403D62A1188E2E60C98D7234A5830286103A55745067B9D86B8A3CF9C7F90C11DE607FB14
  310
4396D7B6A82D282E9A152AD114D5EF2CB866EEE831B8EEA07A7BB5A8D7D61A2BAAEB7FD5F70921FF497D00504B0304140006080800AC70623BB40F7AF9FE000000A00100003B0000006662782F30364446464539412D343132462D344431342D413442312D4630364534343133343431372F7265736F75726365732F636F72
  310
652E786D6C8D504B6E833010BD0A9A6D65B00950828CA3109513F4029699502BC146FE543D7E4D42A576D7CDCCE87D344F8F9FBE967BF689CE6B6B7A6039850C8DB29336730F315C490BD94970676DF82583CCC8057BD860107C7636AE3BA4AC096842428D9D7007A5F7182053F774F4E0D5072E3297312485BFE5AB543739
  310
63CEF244279DE03EB814207B3ED9260887DE46A7D0F3E2C90A1EA39E768D9ED24F7DD5E8408C63736E86CB1B192F0746AAF29591A1295B72A4675A57B4ADC766E0C566163CE8E527A37228034E204A4A8F843142CB775675B4EECAFA85B61DA5BCD8E47F4C719DFE698ADA8443B9C77DDA3C0896823C08C18BADAFB41E65A6
  310
BD752BBE01504B010214000A0000080000AC70623B3DEE336E79000000790000001B00000000000000000000000000000000006175746F6465736B2D64657369676E2D7061636B6167652E786D6C504B01021400140006080800AC70623BD486FD9CA0000000F40000001300000000000000000000000000B20000005B436F
  310
6E74656E745F54797065735D2E786D6C504B01021400140006080800AC70623BDCE527C8EB0000007C010000080000000000000000000000000083010000636F72652E786D6C504B01021400140006080800AC70623B55019EA25F0000007C000000070000000000000000000000000094020000636E782E786D6C504B0102
  310
1400140006080800AC70623BB24894EB71010000D40300000C00000000000000000000000000180300006662782F636F72652E786D6C504B01021400140006080800AC70623B3A54DFB77D0000009D0000000B00000000000000000000000000B30400006662782F636E782E786D6C504B01021400140006080800AC70623B
  310
4A17098729010000120200003100000000000000000000000000590500006662782F30364446464539412D343132462D344431342D413442312D4630364534343133343431372F636F72652E786D6C504B01021400140006080800AC70623B503B51794E010000330300003000000000000000000000000000D10600006662
  310
782F30364446464539412D343132462D344431342D413442312D4630364534343133343431372F636E782E786D6C504B01021400140006080800AC70623BD8F6D0D5660500003B10000034000000000000000000000000006D0800006662782F30364446464539412D343132462D344431342D413442312D46303645343431
  310
33343431372F6F626A656374732E786D6C504B01021400140006080000AC70623B0000000000000000000000003500000000000000000000000000250E00006662782F30364446464539412D343132462D344431342D413442312D4630364534343133343431372F76657274696365732E62696E504B010214001400060808
  310
00AC70623BF270F13306000000040000003600000000000000000000000000780E00006662782F30364446464539412D343132462D344431342D413442312D4630364534343133343431372F747269616E676C65732E62696E504B01021400140006080000AC70623B00000000000000000000000037000000000000000000
  310
00000000D20E00006662782F30364446464539412D343132462D344431342D413442312D4630364534343133343431372F617474726962757465732E62696E504B01021400140006080800AC70623B08DA0BD190000000410100003600000000000000000000000000270F00006662782F30364446464539412D343132462D
  310
344431342D413442312D4630364534343133343431372F6469726563746F72792E786D6C504B01021400140006080800AC70623BB40F7AF9FE000000A00100003B000000000000000000000000000B1000006662782F30364446464539412D343132462D344431342D413442312D4630364534343133343431372F7265736F
  310
75726365732F636F72652E786D6C504B0506000000000E000E0080040000621100000000
  0
XRECORD
  5
10E
  102
{ACAD_REACTORS
  330
10B
  102
}
  330
10B
  100
AcDbXrecord
  280
1
  270
1
  271
1
  0
XRECORD
  5
10F
  102
{ACAD_REACTORS
  330
10B
  102
}
  330
10B
  100
AcDbXrecord
  280
1
  270
1
  271
1
  0
XRECORD
  5
33B
  102
{ACAD_REACTORS
  330
33A
  102
}
  330
33A
  100
AcDbXrecord
  280
1
  102
DISPLAYNAME
  1
Imperial24
  102
FLAGS
  90
0
  0
CELLSTYLEMAP
  5
300
  102
{ACAD_REACTORS
  330
FF
  102
}
  330
FF
  100
AcDbCellStyleMap
  90
3
  300
CELLSTYLE
  1
TABLEFORMAT_BEGIN
  90
5
  170
1
  91
0
  92
32768
  62
257
  93
1
  300
CONTENTFORMAT
  1
CONTENTFORMAT_BEGIN
  90
0
  91
0
  92
512
  93
0
  300

  40
0
  140
1
  94
5
  62
0
  340
11
  144
0.25
  309
CONTENTFORMAT_END
  171
1
  301
MARGIN
  1
CELLMARGIN_BEGIN
  40
0.06
  40
0.06
  40
0.06
  40
0.06
  40
0.18
  40
0.18
  309
CELLMARGIN_END
  94
6
  95
1
  302
GRIDFORMAT
  1
GRIDFORMAT_BEGIN
  90
0
  91
1
  62
0
  92
-2
  340
0
  93
0
  40
0.045
  309
GRIDFORMAT_END
  95
2
  302
GRIDFORMAT
  1
GRIDFORMAT_BEGIN
  90
0
  91
1
  62
0
  92
-2
  340
0
  93
0
  40
0.045
  309
GRIDFORMAT_END
  95
4
  302
GRIDFORMAT
  1
GRIDFORMAT_BEGIN
  90
0
  91
1
  62
0
  92
-2
  340
0
  93
0
  40
0.045
  309
GRIDFORMAT_END
  95
8
  302
GRIDFORMAT
  1
GRIDFORMAT_BEGIN
  90
0
  91
1
  62
0
  92
-2
  340
0
  93
0
  40
0.045
  309
GRIDFORMAT_END
  95
16
  302
GRIDFORMAT
  1
GRIDFORMAT_BEGIN
  90
0
  91
1
  62
0
  92
-2
  340
0
  93
0
  40
0.045
  309
GRIDFORMAT_END
  95
32
  302
GRIDFORMAT
  1
GRIDFORMAT_BEGIN
  90
0
  91
1
  62
0
  92
-2
  340
0
  93
0
  40
0.045
  309
GRIDFORMAT_END
  309
TABLEFORMAT_END
  1
CELLSTYLE_BEGIN
  90
1
  91
1
  300
_TITLE
  309
CELLSTYLE_END
  300
CELLSTYLE
  1
TABLEFORMAT_BEGIN
  90
5
  170
1
  91
0
  92
0
  62
257
  93
1
  300
CONTENTFORMAT
  1
CONTENTFORMAT_BEGIN
  90
0
  91
0
  92
512
  93
0
  300

  40
0
  140
1
  94
5
  62
0
  340
11
  144
0.18
  309
CONTENTFORMAT_END
  171
1
  301
MARGIN
  1
CELLMARGIN_BEGIN
  40
0.06
  40
0.06
  40
0.06
  40
0.06
  40
0.18
  40
0.18
  309
CELLMARGIN_END
  94
6
  95
1
  302
GRIDFORMAT
  1
GRIDFORMAT_BEGIN
  90
0
  91
1
  62
0
  92
-2
  340
0
  93
0
  40
0.045
  309
GRIDFORMAT_END
  95
2
  302
GRIDFORMAT
  1
GRIDFORMAT_BEGIN
  90
0
  91
1
  62
0
  92
-2
  340
0
  93
0
  40
0.045
  309
GRIDFORMAT_END
  95
4
  302
GRIDFORMAT
  1
GRIDFORMAT_BEGIN
  90
0
  91
1
  62
0
  92
-2
  340
0
  93
0
  40
0.045
  309
GRIDFORMAT_END
  95
8
  302
GRIDFORMAT
  1
GRIDFORMAT_BEGIN
  90
0
  91
1
  62
0
  92
-2
  340
0
  93
0
  40
0.045
  309
GRIDFORMAT_END
  95
16
  302
GRIDFORMAT
  1
GRIDFORMAT_BEGIN
  90
0
  91
1
  62
0
  92
-2
  340
0
  93
0
  40
0.045
  309
GRIDFORMAT_END
  95
32
  302
GRIDFORMAT
  1
GRIDFORMAT_BEGIN
  90
0
  91
1
  62
0
  92
-2
  340
0
  93
0
  40
0.045
  309
GRIDFORMAT_END
  309
TABLEFORMAT_END
  1
CELLSTYLE_BEGIN
  90
2
  91
1
  300
_HEADER
  309
CELLSTYLE_END
  300
CELLSTYLE
  1
TABLEFORMAT_BEGIN
  90
5
  170
1
  91
0
  92
0
  62
257
  93
1
  300
CONTENTFORMAT
  1
CONTENTFORMAT_BEGIN
  90
0
  91
0
  92
512
  93
0
  300

  40
0
  140
1
  94
2
  62
0
  340
11
  144
0.18
  309
CONTENTFORMAT_END
  171
1
  301
MARGIN
  1
CELLMARGIN_BEGIN
  40
0.06
  40
0.06
  40
0.06
  40
0.06
  40
0.18
  40
0.18
  309
CELLMARGIN_END
  94
6
  95
1
  302
GRIDFORMAT
  1
GRIDFORMAT_BEGIN
  90
0
  91
1
  62
0
  92
-2
  340
0
  93
0
  40
0.045
  309
GRIDFORMAT_END
  95
2
  302
GRIDFORMAT
  1
GRIDFORMAT_BEGIN
  90
0
  91
1
  62
0
  92
-2
  340
0
  93
0
  40
0.045
  309
GRIDFORMAT_END
  95
4
  302
GRIDFORMAT
  1
GRIDFORMAT_BEGIN
  90
0
  91
1
  62
0
  92
-2
  340
0
  93
0
  40
0.045
  309
GRIDFORMAT_END
  95
8
  302
GRIDFORMAT
  1
GRIDFORMAT_BEGIN
  90
0
  91
1
  62
0
  92
-2
  340
0
  93
0
  40
0.045
  309
GRIDFORMAT_END
  95
16
  302
GRIDFORMAT
  1
GRIDFORMAT_BEGIN
  90
0
  91
1
  62
0
  92
-2
  340
0
  93
0
  40
0.045
  309
GRIDFORMAT_END
  95
32
  302
GRIDFORMAT
  1
GRIDFORMAT_BEGIN
  90
0
  91
1
  62
0
  92
-2
  340
0
  93
0
  40
0.045
  309
GRIDFORMAT_END
  309
TABLEFORMAT_END
  1
CELLSTYLE_BEGIN
  90
3
  91
2
  300
_DATA
  309
CELLSTYLE_END
  0
XRECORD
  5
315
  102
{ACAD_REACTORS
  330
314
  102
}
  330
314
  100
AcDbXrecord
  280
1
  102
RTVSPost2010Prop28
  280
1
  102
RTVSPost2010PropOp28
  70
1
  102
RTVSPost2010Prop29
  280
1
  102
RTVSPost2010PropOp29
  70
1
  102
RTVSPost2010Prop30
  280
0
  102
RTVSPost2010PropOp30
  70
1
  102
RTVSPost2010Prop31
  280
0
  102
RTVSPost2010PropOp31
  70
1
  102
RTVSPost2010Prop32
  280
0
  102
RTVSPost2010PropOp32
  70
1
  102
RTVSPost2010Prop33
  280
0
  102
RTVSPost2010PropOp33
  70
1
  102
RTVSPost2010Prop34
  280
0
  102
RTVSPost2010PropOp34
  70
1
  102
RTVSPost2010Prop35
  280
0
  102
RTVSPost2010PropOp35
  70
1
  102
RTVSPost2010Prop36
  280
0
  102
RTVSPost2010PropOp36
  70
1
  102
RTVSPost2010Prop37
  90
50
  102
RTVSPost2010PropOp37
  70
1
  102
RTVSPost2010Prop38
  140
0
  102
RTVSPost2010PropOp38
  70
1
  102
RTVSPost2010Prop39
  140
1
  102
RTVSPost2010PropOp39
  70
1
  102
RTVSPost2010Prop40
  90
0
  102
RTVSPost2010PropOp40
  70
1
  102
RTVSPost2010Prop41ColorIndex
  90
18
  102
RTVSPost2010Prop41ColorRGB
  90
0
  102
RTVSPost2010PropOp41
  70
1
  102
RTVSPost2010Prop42
  90
50
  102
RTVSPost2010PropOp42
  70
1
  102
RTVSPost2010Prop43
  90
3
  102
RTVSPost2010PropOp43
  70
1
  102
RTVSPost2010Prop44ColorIndex
  90
5
  102
RTVSPost2010Prop44ColorRGB
  90
255
  102
RTVSPost2010PropOp44
  70
1
  102
RTVSPost2010Prop45
  280
0
  102
RTVSPost2010PropOp45
  70
1
  102
RTVSPost2010Prop46
  90
50
  102
RTVSPost2010PropOp46
  70
1
  102
RTVSPost2010Prop47
  90
50
  102
RTVSPost2010PropOp47
  70
1
  102
RTVSPost2010Prop48
  90
50
  102
RTVSPost2010PropOp48
  70
1
  102
RTVSPost2010Prop49
  280
0
  102
RTVSPost2010PropOp49
  70
1
  102
RTVSPost2010Prop50
  90
50
  102
RTVSPost2010PropOp50
  70
1
  102
RTVSPost2010Prop51ColorIndex
  90
256
  102
RTVSPost2010Prop51ColorRGB
  90
-16777216
  102
RTVSPost2010PropOp51
  70
0
  102
RTVSPost2010Prop52
  140
1
  102
RTVSPost2010PropOp52
  70
0
  102
RTVSPost2010Prop53
  90
2
  102
RTVSPost2010PropOp53
  70
1
  102
RTVSPost2010Prop54
  1
strokes_ogs.tif
  102
RTVSPost2010PropOp54
  70
1
  102
RTVSPost2010Prop55
  280
0
  102
RTVSPost2010PropOp55
  70
1
  102
RTVSPost2010Prop56
  140
1
  102
RTVSPost2010PropOp56
  70
1
  102
RTVSPost2010Prop57
  140
1
  102
RTVSPost2010PropOp57
  70
1
  102
RTVSPropertyOp0
  70
1
  102
RTVSPropertyOp1
  70
1
  102
RTVSPropertyOp2
  70
1
  102
RTVSPropertyOp3
  70
1
  102
RTVSPropertyOp4
  70
1
  102
RTVSPropertyOp5
  70
1
  102
RTVSPropertyOp6
  70
1
  102
RTVSPropertyOp7
  70
1
  102
RTVSPropertyOp8
  70
1
  102
RTVSPropertyOp9
  70
1
  102
RTVSPropertyOp10
  70
1
  102
RTVSPropertyOp11
  70
1
  102
RTVSPropertyOp12
  70
1
  102
RTVSPropertyOp13
  70
1
  102
RTVSPropertyOp14
  70
1
  102
RTVSPropertyOp15
  70
1
  102
RTVSPropertyOp16
  70
1
  102
RTVSPropertyOp17
  70
1
  102
RTVSPropertyOp18
  70
1
  102
RTVSPropertyOp19
  70
1
  102
RTVSPropertyOp20
  70
1
  102
RTVSPropertyOp21
  70
1
  102
RTVSPropertyOp22
  70
1
  102
RTVSPropertyOp23
  70
1
  102
RTVSPropertyOp24
  70
1
  102
RTVSPropertyOp25
  70
1
  102
RTVSPropertyOp26
  70
1
  102
RTVSPropertyOp27
  70
1
  102
RTVSPropertyOp28
  70
1
  102
RTVSPropertyOp29
  70
1
  102
RTVSPropertyOp30
  70
1
  102
RTVSPropertyOp31
  70
1
  102
RTVSPropertyOp32
  70
1
  102
RTVSPropertyOp33
  70
1
  102
RTVSPropertyOp34
  70
1
  102
RTVSPropertyOp35
  70
1
  102
RTVSPropertyOp36
  70
1
  102
RTVSPropertyOp37
  70
1
  102
RTVSPropertyOp38
  70
1
  102
RTVSPropertyOp39
  70
1
  102
RTVSPropertyOp40
  70
1
  102
RTVSPropertyOp41
  70
1
  102
RTVSPropertyOp42
  70
1
  102
RTVSPropertyOp43
  70
1
  102
RTVSPropertyOp44
  70
1
  102
RTVSPropertyOp45
  70
1
  102
RTVSPropertyOp46
  70
1
  102
RTVSPropertyOp47
  70
1
  102
RTVSPropertyOp48
  70
1
  102
RTVSPropertyOp49
  70
1
  102
RTVSPropertyOp50
  70
1
  102
RTVSPropertyOp51
  70
0
  102
RTVSPropertyOp52
  70
0
  102
RTVSPropertyOp53
  70
1
  102
RTVSPropertyOp54
  70
1
  102
RTVSPropertyOp55
  70
1
  102
RTVSPropertyOp56
  70
1
  102
RTVSPropertyOp57
  70
1
  102
RTVSPropertyOp58
  70
1
  102
RTVSPropertyOp59
  70
1
  102
RTVSPropertyOp60
  70
1
  102
RTVSPropertyOp61
  70
1
  102
RTVSPropertyOp62
  70
1
  0
XRECORD
  5
313
  102
{ACAD_REACTORS
  330
312
  102
}
  330
312
  100
AcDbXrecord
  280
1
  102
RTVSPost2010Prop28
  280
0
  102
RTVSPost2010PropOp28
  70
1
  102
RTVSPost2010Prop29
  280
1
  102
RTVSPost2010PropOp29
  70
1
  102
RTVSPost2010Prop30
  280
1
  102
RTVSPost2010PropOp30
  70
1
  102
RTVSPost2010Prop31
  280
0
  102
RTVSPost2010PropOp31
  70
1
  102
RTVSPost2010Prop32
  280
0
  102
RTVSPost2010PropOp32
  70
1
  102
RTVSPost2010Prop33
  280
0
  102
RTVSPost2010PropOp33
  70
1
  102
RTVSPost2010Prop34
  280
0
  102
RTVSPost2010PropOp34
  70
1
  102
RTVSPost2010Prop35
  280
0
  102
RTVSPost2010PropOp35
  70
1
  102
RTVSPost2010Prop36
  280
0
  102
RTVSPost2010PropOp36
  70
1
  102
RTVSPost2010Prop37
  90
50
  102
RTVSPost2010PropOp37
  70
1
  102
RTVSPost2010Prop38
  140
0
  102
RTVSPost2010PropOp38
  70
1
  102
RTVSPost2010Prop39
  140
1
  102
RTVSPost2010PropOp39
  70
1
  102
RTVSPost2010Prop40
  90
0
  102
RTVSPost2010PropOp40
  70
1
  102
RTVSPost2010Prop41ColorIndex
  90
18
  102
RTVSPost2010Prop41ColorRGB
  90
0
  102
RTVSPost2010PropOp41
  70
1
  102
RTVSPost2010Prop42
  90
50
  102
RTVSPost2010PropOp42
  70
1
  102
RTVSPost2010Prop43
  90
3
  102
RTVSPost2010PropOp43
  70
1
  102
RTVSPost2010Prop44ColorIndex
  90
5
  102
RTVSPost2010Prop44ColorRGB
  90
255
  102
RTVSPost2010PropOp44
  70
1
  102
RTVSPost2010Prop45
  280
0
  102
RTVSPost2010PropOp45
  70
1
  102
RTVSPost2010Prop46
  90
50
  102
RTVSPost2010PropOp46
  70
1
  102
RTVSPost2010Prop47
  90
50
  102
RTVSPost2010PropOp47
  70
1
  102
RTVSPost2010Prop48
  90
50
  102
RTVSPost2010PropOp48
  70
1
  102
RTVSPost2010Prop49
  280
0
  102
RTVSPost2010PropOp49
  70
1
  102
RTVSPost2010Prop50
  90
50
  102
RTVSPost2010PropOp50
  70
1
  102
RTVSPost2010Prop51ColorIndex
  90
256
  102
RTVSPost2010Prop51ColorRGB
  90
-16777216
  102
RTVSPost2010PropOp51
  70
0
  102
RTVSPost2010Prop52
  140
1
  102
RTVSPost2010PropOp52
  70
0
  102
RTVSPost2010Prop53
  90
2
  102
RTVSPost2010PropOp53
  70
1
  102
RTVSPost2010Prop54
  1
strokes_ogs.tif
  102
RTVSPost2010PropOp54
  70
1
  102
RTVSPost2010Prop55
  280
0
  102
RTVSPost2010PropOp55
  70
1
  102
RTVSPost2010Prop56
  140
1
  102
RTVSPost2010PropOp56
  70
1
  102
RTVSPost2010Prop57
  140
1
  102
RTVSPost2010PropOp57
  70
1
  102
RTVSPropertyOp0
  70
1
  102
RTVSPropertyOp1
  70
1
  102
RTVSPropertyOp2
  70
1
  102
RTVSPropertyOp3
  70
1
  102
RTVSPropertyOp4
  70
1
  102
RTVSPropertyOp5
  70
1
  102
RTVSPropertyOp6
  70
1
  102
RTVSPropertyOp7
  70
1
  102
RTVSPropertyOp8
  70
1
  102
RTVSPropertyOp9
  70
1
  102
RTVSPropertyOp10
  70
1
  102
RTVSPropertyOp11
  70
1
  102
RTVSPropertyOp12
  70
1
  102
RTVSPropertyOp13
  70
1
  102
RTVSPropertyOp14
  70
1
  102
RTVSPropertyOp15
  70
1
  102
RTVSPropertyOp16
  70
1
  102
RTVSPropertyOp17
  70
1
  102
RTVSPropertyOp18
  70
1
  102
RTVSPropertyOp19
  70
1
  102
RTVSPropertyOp20
  70
1
  102
RTVSPropertyOp21
  70
1
  102
RTVSPropertyOp22
  70
1
  102
RTVSPropertyOp23
  70
1
  102
RTVSPropertyOp24
  70
1
  102
RTVSPropertyOp25
  70
1
  102
RTVSPropertyOp26
  70
1
  102
RTVSPropertyOp27
  70
1
  102
RTVSPropertyOp28
  70
1
  102
RTVSPropertyOp29
  70
1
  102
RTVSPropertyOp30
  70
1
  102
RTVSPropertyOp31
  70
1
  102
RTVSPropertyOp32
  70
1
  102
RTVSPropertyOp33
  70
1
  102
RTVSPropertyOp34
  70
1
  102
RTVSPropertyOp35
  70
1
  102
RTVSPropertyOp36
  70
1
  102
RTVSPropertyOp37
  70
1
  102
RTVSPropertyOp38
  70
1
  102
RTVSPropertyOp39
  70
1
  102
RTVSPropertyOp40
  70
1
  102
RTVSPropertyOp41
  70
1
  102
RTVSPropertyOp42
  70
1
  102
RTVSPropertyOp43
  70
1
  102
RTVSPropertyOp44
  70
1
  102
RTVSPropertyOp45
  70
1
  102
RTVSPropertyOp46
  70
1
  102
RTVSPropertyOp47
  70
1
  102
RTVSPropertyOp48
  70
1
  102
RTVSPropertyOp49
  70
1
  102
RTVSPropertyOp50
  70
1
  102
RTVSPropertyOp51
  70
0
  102
RTVSPropertyOp52
  70
0
  102
RTVSPropertyOp53
  70
1
  102
RTVSPropertyOp54
  70
1
  102
RTVSPropertyOp55
  70
1
  102
RTVSPropertyOp56
  70
1
  102
RTVSPropertyOp57
  70
1
  102
RTVSPropertyOp58
  70
1
  102
RTVSPropertyOp59
  70
1
  102
RTVSPropertyOp60
  70
1
  102
RTVSPropertyOp61
  70
1
  102
RTVSPropertyOp62
  70
1
  0
XRECORD
  5
321
  102
{ACAD_REACTORS
  330
320
  102
}
  330
320
  100
AcDbXrecord
  280
1
  102
RTVSPost2010Prop28
  280
0
  102
RTVSPost2010PropOp28
  70
1
  102
RTVSPost2010Prop29
  280
1
  102
RTVSPost2010PropOp29
  70
1
  102
RTVSPost2010Prop30
  280
1
  102
RTVSPost2010PropOp30
  70
1
  102
RTVSPost2010Prop31
  280
0
  102
RTVSPost2010PropOp31
  70
1
  102
RTVSPost2010Prop32
  280
0
  102
RTVSPost2010PropOp32
  70
1
  102
RTVSPost2010Prop33
  280
0
  102
RTVSPost2010PropOp33
  70
1
  102
RTVSPost2010Prop34
  280
0
  102
RTVSPost2010PropOp34
  70
1
  102
RTVSPost2010Prop35
  280
0
  102
RTVSPost2010PropOp35
  70
1
  102
RTVSPost2010Prop36
  280
0
  102
RTVSPost2010PropOp36
  70
1
  102
RTVSPost2010Prop37
  90
50
  102
RTVSPost2010PropOp37
  70
1
  102
RTVSPost2010Prop38
  140
0
  102
RTVSPost2010PropOp38
  70
1
  102
RTVSPost2010Prop39
  140
1
  102
RTVSPost2010PropOp39
  70
1
  102
RTVSPost2010Prop40
  90
0
  102
RTVSPost2010PropOp40
  70
1
  102
RTVSPost2010Prop41ColorIndex
  90
18
  102
RTVSPost2010Prop41ColorRGB
  90
0
  102
RTVSPost2010PropOp41
  70
1
  102
RTVSPost2010Prop42
  90
50
  102
RTVSPost2010PropOp42
  70
1
  102
RTVSPost2010Prop43
  90
3
  102
RTVSPost2010PropOp43
  70
1
  102
RTVSPost2010Prop44ColorIndex
  90
5
  102
RTVSPost2010Prop44ColorRGB
  90
255
  102
RTVSPost2010PropOp44
  70
1
  102
RTVSPost2010Prop45
  280
0
  102
RTVSPost2010PropOp45
  70
1
  102
RTVSPost2010Prop46
  90
50
  102
RTVSPost2010PropOp46
  70
1
  102
RTVSPost2010Prop47
  90
50
  102
RTVSPost2010PropOp47
  70
1
  102
RTVSPost2010Prop48
  90
50
  102
RTVSPost2010PropOp48
  70
1
  102
RTVSPost2010Prop49
  280
0
  102
RTVSPost2010PropOp49
  70
1
  102
RTVSPost2010Prop50
  90
50
  102
RTVSPost2010PropOp50
  70
1
  102
RTVSPost2010Prop51ColorIndex
  90
256
  102
RTVSPost2010Prop51ColorRGB
  90
-16777216
  102
RTVSPost2010PropOp51
  70
0
  102
RTVSPost2010Prop52
  140
1
  102
RTVSPost2010PropOp52
  70
0
  102
RTVSPost2010Prop53
  90
2
  102
RTVSPost2010PropOp53
  70
1
  102
RTVSPost2010Prop54
  1
strokes_ogs.tif
  102
RTVSPost2010PropOp54
  70
1
  102
RTVSPost2010Prop55
  280
0
  102
RTVSPost2010PropOp55
  70
1
  102
RTVSPost2010Prop56
  140
1
  102
RTVSPost2010PropOp56
  70
1
  102
RTVSPost2010Prop57
  140
1
  102
RTVSPost2010PropOp57
  70
1
  102
RTVSPropertyOp0
  70
1
  102
RTVSPropertyOp1
  70
1
  102
RTVSPropertyOp2
  70
1
  102
RTVSPropertyOp3
  70
1
  102
RTVSPropertyOp4
  70
1
  102
RTVSPropertyOp5
  70
1
  102
RTVSPropertyOp6
  70
1
  102
RTVSPropertyOp7
  70
1
  102
RTVSPropertyOp8
  70
1
  102
RTVSPropertyOp9
  70
1
  102
RTVSPropertyOp10
  70
1
  102
RTVSPropertyOp11
  70
1
  102
RTVSPropertyOp12
  70
1
  102
RTVSPropertyOp13
  70
1
  102
RTVSPropertyOp14
  70
1
  102
RTVSPropertyOp15
  70
1
  102
RTVSPropertyOp16
  70
1
  102
RTVSPropertyOp17
  70
1
  102
RTVSPropertyOp18
  70
1
  102
RTVSPropertyOp19
  70
1
  102
RTVSPropertyOp20
  70
1
  102
RTVSPropertyOp21
  70
1
  102
RTVSPropertyOp22
  70
1
  102
RTVSPropertyOp23
  70
1
  102
RTVSPropertyOp24
  70
1
  102
RTVSPropertyOp25
  70
1
  102
RTVSPropertyOp26
  70
1
  102
RTVSPropertyOp27
  70
1
  102
RTVSPropertyOp28
  70
1
  102
RTVSPropertyOp29
  70
1
  102
RTVSPropertyOp30
  70
1
  102
RTVSPropertyOp31
  70
1
  102
RTVSPropertyOp32
  70
1
  102
RTVSPropertyOp33
  70
1
  102
RTVSPropertyOp34
  70
1
  102
RTVSPropertyOp35
  70
1
  102
RTVSPropertyOp36
  70
1
  102
RTVSPropertyOp37
  70
1
  102
RTVSPropertyOp38
  70
1
  102
RTVSPropertyOp39
  70
1
  102
RTVSPropertyOp40
  70
1
  102
RTVSPropertyOp41
  70
1
  102
RTVSPropertyOp42
  70
1
  102
RTVSPropertyOp43
  70
1
  102
RTVSPropertyOp44
  70
1
  102
RTVSPropertyOp45
  70
1
  102
RTVSPropertyOp46
  70
1
  102
RTVSPropertyOp47
  70
1
  102
RTVSPropertyOp48
  70
1
  102
RTVSPropertyOp49
  70
1
  102
RTVSPropertyOp50
  70
1
  102
RTVSPropertyOp51
  70
0
  102
RTVSPropertyOp52
  70
0
  102
RTVSPropertyOp53
  70
1
  102
RTVSPropertyOp54
  70
1
  102
RTVSPropertyOp55
  70
1
  102
RTVSPropertyOp56
  70
1
  102
RTVSPropertyOp57
  70
1
  102
RTVSPropertyOp58
  70
1
  102
RTVSPropertyOp59
  70
1
  102
RTVSPropertyOp60
  70
1
  102
RTVSPropertyOp61
  70
1
  102
RTVSPropertyOp62
  70
1
  0
XRECORD
  5
329
  102
{ACAD_REACTORS
  330
328
  102
}
  330
328
  100
AcDbXrecord
  280
1
  102
RTVSPost2010Prop28
  280
0
  102
RTVSPost2010PropOp28
  70
1
  102
RTVSPost2010Prop29
  280
1
  102
RTVSPost2010PropOp29
  70
1
  102
RTVSPost2010Prop30
  280
1
  102
RTVSPost2010PropOp30
  70
1
  102
RTVSPost2010Prop31
  280
0
  102
RTVSPost2010PropOp31
  70
1
  102
RTVSPost2010Prop32
  280
0
  102
RTVSPost2010PropOp32
  70
1
  102
RTVSPost2010Prop33
  280
0
  102
RTVSPost2010PropOp33
  70
1
  102
RTVSPost2010Prop34
  280
0
  102
RTVSPost2010PropOp34
  70
1
  102
RTVSPost2010Prop35
  280
0
  102
RTVSPost2010PropOp35
  70
1
  102
RTVSPost2010Prop36
  280
0
  102
RTVSPost2010PropOp36
  70
1
  102
RTVSPost2010Prop37
  90
50
  102
RTVSPost2010PropOp37
  70
1
  102
RTVSPost2010Prop38
  140
0
  102
RTVSPost2010PropOp38
  70
1
  102
RTVSPost2010Prop39
  140
1
  102
RTVSPost2010PropOp39
  70
1
  102
RTVSPost2010Prop40
  90
0
  102
RTVSPost2010PropOp40
  70
1
  102
RTVSPost2010Prop41ColorIndex
  90
18
  102
RTVSPost2010Prop41ColorRGB
  90
0
  102
RTVSPost2010PropOp41
  70
1
  102
RTVSPost2010Prop42
  90
50
  102
RTVSPost2010PropOp42
  70
1
  102
RTVSPost2010Prop43
  90
3
  102
RTVSPost2010PropOp43
  70
1
  102
RTVSPost2010Prop44ColorIndex
  90
5
  102
RTVSPost2010Prop44ColorRGB
  90
255
  102
RTVSPost2010PropOp44
  70
1
  102
RTVSPost2010Prop45
  280
0
  102
RTVSPost2010PropOp45
  70
1
  102
RTVSPost2010Prop46
  90
50
  102
RTVSPost2010PropOp46
  70
1
  102
RTVSPost2010Prop47
  90
50
  102
RTVSPost2010PropOp47
  70
1
  102
RTVSPost2010Prop48
  90
50
  102
RTVSPost2010PropOp48
  70
1
  102
RTVSPost2010Prop49
  280
0
  102
RTVSPost2010PropOp49
  70
1
  102
RTVSPost2010Prop50
  90
50
  102
RTVSPost2010PropOp50
  70
1
  102
RTVSPost2010Prop51ColorIndex
  90
256
  102
RTVSPost2010Prop51ColorRGB
  90
-16777216
  102
RTVSPost2010PropOp51
  70
0
  102
RTVSPost2010Prop52
  140
1
  102
RTVSPost2010PropOp52
  70
0
  102
RTVSPost2010Prop53
  90
2
  102
RTVSPost2010PropOp53
  70
1
  102
RTVSPost2010Prop54
  1
strokes_ogs.tif
  102
RTVSPost2010PropOp54
  70
1
  102
RTVSPost2010Prop55
  280
0
  102
RTVSPost2010PropOp55
  70
1
  102
RTVSPost2010Prop56
  140
1
  102
RTVSPost2010PropOp56
  70
1
  102
RTVSPost2010Prop57
  140
1
  102
RTVSPost2010PropOp57
  70
1
  102
RTVSPropertyOp0
  70
1
  102
RTVSPropertyOp1
  70
1
  102
RTVSPropertyOp2
  70
1
  102
RTVSPropertyOp3
  70
1
  102
RTVSPropertyOp4
  70
1
  102
RTVSPropertyOp5
  70
1
  102
RTVSPropertyOp6
  70
1
  102
RTVSPropertyOp7
  70
1
  102
RTVSPropertyOp8
  70
1
  102
RTVSPropertyOp9
  70
1
  102
RTVSPropertyOp10
  70
1
  102
RTVSPropertyOp11
  70
1
  102
RTVSPropertyOp12
  70
1
  102
RTVSPropertyOp13
  70
1
  102
RTVSPropertyOp14
  70
1
  102
RTVSPropertyOp15
  70
1
  102
RTVSPropertyOp16
  70
1
  102
RTVSPropertyOp17
  70
1
  102
RTVSPropertyOp18
  70
1
  102
RTVSPropertyOp19
  70
1
  102
RTVSPropertyOp20
  70
1
  102
RTVSPropertyOp21
  70
1
  102
RTVSPropertyOp22
  70
1
  102
RTVSPropertyOp23
  70
1
  102
RTVSPropertyOp24
  70
1
  102
RTVSPropertyOp25
  70
1
  102
RTVSPropertyOp26
  70
1
  102
RTVSPropertyOp27
  70
1
  102
RTVSPropertyOp28
  70
1
  102
RTVSPropertyOp29
  70
1
  102
RTVSPropertyOp30
  70
1
  102
RTVSPropertyOp31
  70
1
  102
RTVSPropertyOp32
  70
1
  102
RTVSPropertyOp33
  70
1
  102
RTVSPropertyOp34
  70
1
  102
RTVSPropertyOp35
  70
1
  102
RTVSPropertyOp36
  70
1
  102
RTVSPropertyOp37
  70
1
  102
RTVSPropertyOp38
  70
1
  102
RTVSPropertyOp39
  70
1
  102
RTVSPropertyOp40
  70
1
  102
RTVSPropertyOp41
  70
1
  102
RTVSPropertyOp42
  70
1
  102
RTVSPropertyOp43
  70
1
  102
RTVSPropertyOp44
  70
1
  102
RTVSPropertyOp45
  70
1
  102
RTVSPropertyOp46
  70
1
  102
RTVSPropertyOp47
  70
1
  102
RTVSPropertyOp48
  70
1
  102
RTVSPropertyOp49
  70
1
  102
RTVSPropertyOp50
  70
1
  102
RTVSPropertyOp51
  70
0
  102
RTVSPropertyOp52
  70
0
  102
RTVSPropertyOp53
  70
1
  102
RTVSPropertyOp54
  70
1
  102
RTVSPropertyOp55
  70
1
  102
RTVSPropertyOp56
  70
1
  102
RTVSPropertyOp57
  70
1
  102
RTVSPropertyOp58
  70
1
  102
RTVSPropertyOp59
  70
1
  102
RTVSPropertyOp60
  70
1
  102
RTVSPropertyOp61
  70
1
  102
RTVSPropertyOp62
  70
1
  0
XRECORD
  5
31B
  102
{ACAD_REACTORS
  330
31A
  102
}
  330
31A
  100
AcDbXrecord
  280
1
  102
RTVSPost2010Prop28
  280
0
  102
RTVSPost2010PropOp28
  70
1
  102
RTVSPost2010Prop29
  280
1
  102
RTVSPost2010PropOp29
  70
1
  102
RTVSPost2010Prop30
  280
1
  102
RTVSPost2010PropOp30
  70
1
  102
RTVSPost2010Prop31
  280
0
  102
RTVSPost2010PropOp31
  70
1
  102
RTVSPost2010Prop32
  280
0
  102
RTVSPost2010PropOp32
  70
1
  102
RTVSPost2010Prop33
  280
0
  102
RTVSPost2010PropOp33
  70
1
  102
RTVSPost2010Prop34
  280
0
  102
RTVSPost2010PropOp34
  70
1
  102
RTVSPost2010Prop35
  280
0
  102
RTVSPost2010PropOp35
  70
1
  102
RTVSPost2010Prop36
  280
0
  102
RTVSPost2010PropOp36
  70
1
  102
RTVSPost2010Prop37
  90
50
  102
RTVSPost2010PropOp37
  70
1
  102
RTVSPost2010Prop38
  140
0
  102
RTVSPost2010PropOp38
  70
1
  102
RTVSPost2010Prop39
  140
1
  102
RTVSPost2010PropOp39
  70
1
  102
RTVSPost2010Prop40
  90
0
  102
RTVSPost2010PropOp40
  70
1
  102
RTVSPost2010Prop41ColorIndex
  90
18
  102
RTVSPost2010Prop41ColorRGB
  90
0
  102
RTVSPost2010PropOp41
  70
1
  102
RTVSPost2010Prop42
  90
50
  102
RTVSPost2010PropOp42
  70
1
  102
RTVSPost2010Prop43
  90
3
  102
RTVSPost2010PropOp43
  70
1
  102
RTVSPost2010Prop44ColorIndex
  90
5
  102
RTVSPost2010Prop44ColorRGB
  90
255
  102
RTVSPost2010PropOp44
  70
1
  102
RTVSPost2010Prop45
  280
0
  102
RTVSPost2010PropOp45
  70
1
  102
RTVSPost2010Prop46
  90
50
  102
RTVSPost2010PropOp46
  70
1
  102
RTVSPost2010Prop47
  90
50
  102
RTVSPost2010PropOp47
  70
1
  102
RTVSPost2010Prop48
  90
50
  102
RTVSPost2010PropOp48
  70
1
  102
RTVSPost2010Prop49
  280
0
  102
RTVSPost2010PropOp49
  70
1
  102
RTVSPost2010Prop50
  90
50
  102
RTVSPost2010PropOp50
  70
1
  102
RTVSPost2010Prop51ColorIndex
  90
256
  102
RTVSPost2010Prop51ColorRGB
  90
-16777216
  102
RTVSPost2010PropOp51
  70
0
  102
RTVSPost2010Prop52
  140
1
  102
RTVSPost2010PropOp52
  70
0
  102
RTVSPost2010Prop53
  90
2
  102
RTVSPost2010PropOp53
  70
1
  102
RTVSPost2010Prop54
  1
strokes_ogs.tif
  102
RTVSPost2010PropOp54
  70
1
  102
RTVSPost2010Prop55
  280
0
  102
RTVSPost2010PropOp55
  70
1
  102
RTVSPost2010Prop56
  140
1
  102
RTVSPost2010PropOp56
  70
1
  102
RTVSPost2010Prop57
  140
1
  102
RTVSPost2010PropOp57
  70
1
  102
RTVSPropertyOp0
  70
1
  102
RTVSPropertyOp1
  70
1
  102
RTVSPropertyOp2
  70
1
  102
RTVSPropertyOp3
  70
1
  102
RTVSPropertyOp4
  70
1
  102
RTVSPropertyOp5
  70
1
  102
RTVSPropertyOp6
  70
1
  102
RTVSPropertyOp7
  70
1
  102
RTVSPropertyOp8
  70
1
  102
RTVSPropertyOp9
  70
1
  102
RTVSPropertyOp10
  70
1
  102
RTVSPropertyOp11
  70
1
  102
RTVSPropertyOp12
  70
1
  102
RTVSPropertyOp13
  70
1
  102
RTVSPropertyOp14
  70
1
  102
RTVSPropertyOp15
  70
1
  102
RTVSPropertyOp16
  70
1
  102
RTVSPropertyOp17
  70
1
  102
RTVSPropertyOp18
  70
1
  102
RTVSPropertyOp19
  70
1
  102
RTVSPropertyOp20
  70
1
  102
RTVSPropertyOp21
  70
1
  102
RTVSPropertyOp22
  70
1
  102
RTVSPropertyOp23
  70
1
  102
RTVSPropertyOp24
  70
1
  102
RTVSPropertyOp25
  70
1
  102
RTVSPropertyOp26
  70
1
  102
RTVSPropertyOp27
  70
1
  102
RTVSPropertyOp28
  70
1
  102
RTVSPropertyOp29
  70
1
  102
RTVSPropertyOp30
  70
1
  102
RTVSPropertyOp31
  70
1
  102
RTVSPropertyOp32
  70
1
  102
RTVSPropertyOp33
  70
1
  102
RTVSPropertyOp34
  70
1
  102
RTVSPropertyOp35
  70
1
  102
RTVSPropertyOp36
  70
1
  102
RTVSPropertyOp37
  70
1
  102
RTVSPropertyOp38
  70
1
  102
RTVSPropertyOp39
  70
1
  102
RTVSPropertyOp40
  70
1
  102
RTVSPropertyOp41
  70
1
  102
RTVSPropertyOp42
  70
1
  102
RTVSPropertyOp43
  70
1
  102
RTVSPropertyOp44
  70
1
  102
RTVSPropertyOp45
  70
1
  102
RTVSPropertyOp46
  70
1
  102
RTVSPropertyOp47
  70
1
  102
RTVSPropertyOp48
  70
1
  102
RTVSPropertyOp49
  70
1
  102
RTVSPropertyOp50
  70
1
  102
RTVSPropertyOp51
  70
0
  102
RTVSPropertyOp52
  70
0
  102
RTVSPropertyOp53
  70
1
  102
RTVSPropertyOp54
  70
1
  102
RTVSPropertyOp55
  70
1
  102
RTVSPropertyOp56
  70
1
  102
RTVSPropertyOp57
  70
1
  102
RTVSPropertyOp58
  70
1
  102
RTVSPropertyOp59
  70
1
  102
RTVSPropertyOp60
  70
1
  102
RTVSPropertyOp61
  70
1
  102
RTVSPropertyOp62
  70
1
  0
XRECORD
  5
31F
  102
{ACAD_REACTORS
  330
31E
  102
}
  330
31E
  100
AcDbXrecord
  280
1
  102
RTVSPost2010Prop28
  280
0
  102
RTVSPost2010PropOp28
  70
1
  102
RTVSPost2010Prop29
  280
1
  102
RTVSPost2010PropOp29
  70
1
  102
RTVSPost2010Prop30
  280
1
  102
RTVSPost2010PropOp30
  70
1
  102
RTVSPost2010Prop31
  280
0
  102
RTVSPost2010PropOp31
  70
1
  102
RTVSPost2010Prop32
  280
0
  102
RTVSPost2010PropOp32
  70
1
  102
RTVSPost2010Prop33
  280
0
  102
RTVSPost2010PropOp33
  70
1
  102
RTVSPost2010Prop34
  280
0
  102
RTVSPost2010PropOp34
  70
1
  102
RTVSPost2010Prop35
  280
0
  102
RTVSPost2010PropOp35
  70
1
  102
RTVSPost2010Prop36
  280
0
  102
RTVSPost2010PropOp36
  70
1
  102
RTVSPost2010Prop37
  90
50
  102
RTVSPost2010PropOp37
  70
1
  102
RTVSPost2010Prop38
  140
0
  102
RTVSPost2010PropOp38
  70
1
  102
RTVSPost2010Prop39
  140
1
  102
RTVSPost2010PropOp39
  70
1
  102
RTVSPost2010Prop40
  90
0
  102
RTVSPost2010PropOp40
  70
1
  102
RTVSPost2010Prop41ColorIndex
  90
18
  102
RTVSPost2010Prop41ColorRGB
  90
0
  102
RTVSPost2010PropOp41
  70
1
  102
RTVSPost2010Prop42
  90
50
  102
RTVSPost2010PropOp42
  70
1
  102
RTVSPost2010Prop43
  90
3
  102
RTVSPost2010PropOp43
  70
1
  102
RTVSPost2010Prop44ColorIndex
  90
5
  102
RTVSPost2010Prop44ColorRGB
  90
255
  102
RTVSPost2010PropOp44
  70
1
  102
RTVSPost2010Prop45
  280
0
  102
RTVSPost2010PropOp45
  70
1
  102
RTVSPost2010Prop46
  90
50
  102
RTVSPost2010PropOp46
  70
1
  102
RTVSPost2010Prop47
  90
50
  102
RTVSPost2010PropOp47
  70
1
  102
RTVSPost2010Prop48
  90
50
  102
RTVSPost2010PropOp48
  70
1
  102
RTVSPost2010Prop49
  280
0
  102
RTVSPost2010PropOp49
  70
1
  102
RTVSPost2010Prop50
  90
50
  102
RTVSPost2010PropOp50
  70
1
  102
RTVSPost2010Prop51ColorIndex
  90
256
  102
RTVSPost2010Prop51ColorRGB
  90
-16777216
  102
RTVSPost2010PropOp51
  70
0
  102
RTVSPost2010Prop52
  140
1
  102
RTVSPost2010PropOp52
  70
0
  102
RTVSPost2010Prop53
  90
2
  102
RTVSPost2010PropOp53
  70
1
  102
RTVSPost2010Prop54
  1
strokes_ogs.tif
  102
RTVSPost2010PropOp54
  70
1
  102
RTVSPost2010Prop55
  280
0
  102
RTVSPost2010PropOp55
  70
1
  102
RTVSPost2010Prop56
  140
1
  102
RTVSPost2010PropOp56
  70
1
  102
RTVSPost2010Prop57
  140
1
  102
RTVSPost2010PropOp57
  70
1
  102
RTVSPropertyOp0
  70
1
  102
RTVSPropertyOp1
  70
1
  102
RTVSPropertyOp2
  70
1
  102
RTVSPropertyOp3
  70
1
  102
RTVSPropertyOp4
  70
1
  102
RTVSPropertyOp5
  70
1
  102
RTVSPropertyOp6
  70
1
  102
RTVSPropertyOp7
  70
1
  102
RTVSPropertyOp8
  70
1
  102
RTVSPropertyOp9
  70
1
  102
RTVSPropertyOp10
  70
1
  102
RTVSPropertyOp11
  70
1
  102
RTVSPropertyOp12
  70
1
  102
RTVSPropertyOp13
  70
1
  102
RTVSPropertyOp14
  70
1
  102
RTVSPropertyOp15
  70
1
  102
RTVSPropertyOp16
  70
1
  102
RTVSPropertyOp17
  70
1
  102
RTVSPropertyOp18
  70
1
  102
RTVSPropertyOp19
  70
1
  102
RTVSPropertyOp20
  70
1
  102
RTVSPropertyOp21
  70
1
  102
RTVSPropertyOp22
  70
1
  102
RTVSPropertyOp23
  70
1
  102
RTVSPropertyOp24
  70
1
  102
RTVSPropertyOp25
  70
1
  102
RTVSPropertyOp26
  70
1
  102
RTVSPropertyOp27
  70
1
  102
RTVSPropertyOp28
  70
1
  102
RTVSPropertyOp29
  70
1
  102
RTVSPropertyOp30
  70
1
  102
RTVSPropertyOp31
  70
1
  102
RTVSPropertyOp32
  70
1
  102
RTVSPropertyOp33
  70
1
  102
RTVSPropertyOp34
  70
1
  102
RTVSPropertyOp35
  70
1
  102
RTVSPropertyOp36
  70
1
  102
RTVSPropertyOp37
  70
1
  102
RTVSPropertyOp38
  70
1
  102
RTVSPropertyOp39
  70
1
  102
RTVSPropertyOp40
  70
1
  102
RTVSPropertyOp41
  70
1
  102
RTVSPropertyOp42
  70
1
  102
RTVSPropertyOp43
  70
1
  102
RTVSPropertyOp44
  70
1
  102
RTVSPropertyOp45
  70
1
  102
RTVSPropertyOp46
  70
1
  102
RTVSPropertyOp47
  70
1
  102
RTVSPropertyOp48
  70
1
  102
RTVSPropertyOp49
  70
1
  102
RTVSPropertyOp50
  70
1
  102
RTVSPropertyOp51
  70
0
  102
RTVSPropertyOp52
  70
0
  102
RTVSPropertyOp53
  70
1
  102
RTVSPropertyOp54
  70
1
  102
RTVSPropertyOp55
  70
1
  102
RTVSPropertyOp56
  70
1
  102
RTVSPropertyOp57
  70
1
  102
RTVSPropertyOp58
  70
1
  102
RTVSPropertyOp59
  70
1
  102
RTVSPropertyOp60
  70
1
  102
RTVSPropertyOp61
  70
1
  102
RTVSPropertyOp62
  70
1
  0
XRECORD
  5
32F
  102
{ACAD_REACTORS
  330
32E
  102
}
  330
32E
  100
AcDbXrecord
  280
1
  102
RTVSPost2010Prop28
  280
0
  102
RTVSPost2010PropOp28
  70
1
  102
RTVSPost2010Prop29
  280
1
  102
RTVSPost2010PropOp29
  70
1
  102
RTVSPost2010Prop30
  280
1
  102
RTVSPost2010PropOp30
  70
1
  102
RTVSPost2010Prop31
  280
0
  102
RTVSPost2010PropOp31
  70
1
  102
RTVSPost2010Prop32
  280
0
  102
RTVSPost2010PropOp32
  70
1
  102
RTVSPost2010Prop33
  280
0
  102
RTVSPost2010PropOp33
  70
1
  102
RTVSPost2010Prop34
  280
0
  102
RTVSPost2010PropOp34
  70
1
  102
RTVSPost2010Prop35
  280
0
  102
RTVSPost2010PropOp35
  70
1
  102
RTVSPost2010Prop36
  280
0
  102
RTVSPost2010PropOp36
  70
1
  102
RTVSPost2010Prop37
  90
50
  102
RTVSPost2010PropOp37
  70
1
  102
RTVSPost2010Prop38
  140
0
  102
RTVSPost2010PropOp38
  70
1
  102
RTVSPost2010Prop39
  140
1
  102
RTVSPost2010PropOp39
  70
1
  102
RTVSPost2010Prop40
  90
0
  102
RTVSPost2010PropOp40
  70
1
  102
RTVSPost2010Prop41ColorIndex
  90
18
  102
RTVSPost2010Prop41ColorRGB
  90
0
  102
RTVSPost2010PropOp41
  70
1
  102
RTVSPost2010Prop42
  90
50
  102
RTVSPost2010PropOp42
  70
1
  102
RTVSPost2010Prop43
  90
3
  102
RTVSPost2010PropOp43
  70
1
  102
RTVSPost2010Prop44ColorIndex
  90
5
  102
RTVSPost2010Prop44ColorRGB
  90
255
  102
RTVSPost2010PropOp44
  70
1
  102
RTVSPost2010Prop45
  280
0
  102
RTVSPost2010PropOp45
  70
1
  102
RTVSPost2010Prop46
  90
50
  102
RTVSPost2010PropOp46
  70
1
  102
RTVSPost2010Prop47
  90
50
  102
RTVSPost2010PropOp47
  70
1
  102
RTVSPost2010Prop48
  90
50
  102
RTVSPost2010PropOp48
  70
1
  102
RTVSPost2010Prop49
  280
0
  102
RTVSPost2010PropOp49
  70
1
  102
RTVSPost2010Prop50
  90
50
  102
RTVSPost2010PropOp50
  70
1
  102
RTVSPost2010Prop51ColorIndex
  90
256
  102
RTVSPost2010Prop51ColorRGB
  90
-16777216
  102
RTVSPost2010PropOp51
  70
0
  102
RTVSPost2010Prop52
  140
1
  102
RTVSPost2010PropOp52
  70
0
  102
RTVSPost2010Prop53
  90
2
  102
RTVSPost2010PropOp53
  70
1
  102
RTVSPost2010Prop54
  1
strokes_ogs.tif
  102
RTVSPost2010PropOp54
  70
1
  102
RTVSPost2010Prop55
  280
0
  102
RTVSPost2010PropOp55
  70
1
  102
RTVSPost2010Prop56
  140
1
  102
RTVSPost2010PropOp56
  70
1
  102
RTVSPost2010Prop57
  140
1
  102
RTVSPost2010PropOp57
  70
1
  102
RTVSPropertyOp0
  70
0
  102
RTVSPropertyOp1
  70
0
  102
RTVSPropertyOp2
  70
0
  102
RTVSPropertyOp3
  70
0
  102
RTVSPropertyOp4
  70
0
  102
RTVSPropertyOp5
  70
0
  102
RTVSPropertyOp6
  70
0
  102
RTVSPropertyOp7
  70
0
  102
RTVSPropertyOp8
  70
0
  102
RTVSPropertyOp9
  70
0
  102
RTVSPropertyOp10
  70
0
  102
RTVSPropertyOp11
  70
0
  102
RTVSPropertyOp12
  70
0
  102
RTVSPropertyOp13
  70
0
  102
RTVSPropertyOp14
  70
2
  102
RTVSPropertyOp15
  70
0
  102
RTVSPropertyOp16
  70
0
  102
RTVSPropertyOp17
  70
0
  102
RTVSPropertyOp18
  70
0
  102
RTVSPropertyOp19
  70
0
  102
RTVSPropertyOp20
  70
0
  102
RTVSPropertyOp21
  70
0
  102
RTVSPropertyOp22
  70
0
  102
RTVSPropertyOp23
  70
0
  102
RTVSPropertyOp24
  70
0
  102
RTVSPropertyOp25
  70
0
  102
RTVSPropertyOp26
  70
0
  102
RTVSPropertyOp27
  70
0
  102
RTVSPropertyOp28
  70
1
  102
RTVSPropertyOp29
  70
1
  102
RTVSPropertyOp30
  70
1
  102
RTVSPropertyOp31
  70
1
  102
RTVSPropertyOp32
  70
1
  102
RTVSPropertyOp33
  70
1
  102
RTVSPropertyOp34
  70
1
  102
RTVSPropertyOp35
  70
1
  102
RTVSPropertyOp36
  70
1
  102
RTVSPropertyOp37
  70
1
  102
RTVSPropertyOp38
  70
1
  102
RTVSPropertyOp39
  70
1
  102
RTVSPropertyOp40
  70
1
  102
RTVSPropertyOp41
  70
1
  102
RTVSPropertyOp42
  70
1
  102
RTVSPropertyOp43
  70
1
  102
RTVSPropertyOp44
  70
1
  102
RTVSPropertyOp45
  70
1
  102
RTVSPropertyOp46
  70
1
  102
RTVSPropertyOp47
  70
1
  102
RTVSPropertyOp48
  70
1
  102
RTVSPropertyOp49
  70
1
  102
RTVSPropertyOp50
  70
1
  102
RTVSPropertyOp51
  70
0
  102
RTVSPropertyOp52
  70
0
  102
RTVSPropertyOp53
  70
1
  102
RTVSPropertyOp54
  70
1
  102
RTVSPropertyOp55
  70
1
  102
RTVSPropertyOp56
  70
1
  102
RTVSPropertyOp57
  70
1
  102
RTVSPropertyOp58
  70
1
  102
RTVSPropertyOp59
  70
1
  102
RTVSPropertyOp60
  70
1
  102
RTVSPropertyOp61
  70
1
  102
RTVSPropertyOp62
  70
1
  0
XRECORD
  5
327
  102
{ACAD_REACTORS
  330
326
  102
}
  330
326
  100
AcDbXrecord
  280
1
  102
RTVSPost2010Prop28
  280
0
  102
RTVSPost2010PropOp28
  70
1
  102
RTVSPost2010Prop29
  280
1
  102
RTVSPost2010PropOp29
  70
1
  102
RTVSPost2010Prop30
  280
1
  102
RTVSPost2010PropOp30
  70
1
  102
RTVSPost2010Prop31
  280
0
  102
RTVSPost2010PropOp31
  70
1
  102
RTVSPost2010Prop32
  280
0
  102
RTVSPost2010PropOp32
  70
1
  102
RTVSPost2010Prop33
  280
0
  102
RTVSPost2010PropOp33
  70
1
  102
RTVSPost2010Prop34
  280
0
  102
RTVSPost2010PropOp34
  70
1
  102
RTVSPost2010Prop35
  280
0
  102
RTVSPost2010PropOp35
  70
1
  102
RTVSPost2010Prop36
  280
0
  102
RTVSPost2010PropOp36
  70
1
  102
RTVSPost2010Prop37
  90
50
  102
RTVSPost2010PropOp37
  70
1
  102
RTVSPost2010Prop38
  140
0
  102
RTVSPost2010PropOp38
  70
1
  102
RTVSPost2010Prop39
  140
1
  102
RTVSPost2010PropOp39
  70
1
  102
RTVSPost2010Prop40
  90
0
  102
RTVSPost2010PropOp40
  70
1
  102
RTVSPost2010Prop41ColorIndex
  90
18
  102
RTVSPost2010Prop41ColorRGB
  90
0
  102
RTVSPost2010PropOp41
  70
1
  102
RTVSPost2010Prop42
  90
50
  102
RTVSPost2010PropOp42
  70
1
  102
RTVSPost2010Prop43
  90
3
  102
RTVSPost2010PropOp43
  70
1
  102
RTVSPost2010Prop44ColorIndex
  90
5
  102
RTVSPost2010Prop44ColorRGB
  90
255
  102
RTVSPost2010PropOp44
  70
1
  102
RTVSPost2010Prop45
  280
0
  102
RTVSPost2010PropOp45
  70
1
  102
RTVSPost2010Prop46
  90
50
  102
RTVSPost2010PropOp46
  70
1
  102
RTVSPost2010Prop47
  90
50
  102
RTVSPost2010PropOp47
  70
1
  102
RTVSPost2010Prop48
  90
50
  102
RTVSPost2010PropOp48
  70
1
  102
RTVSPost2010Prop49
  280
0
  102
RTVSPost2010PropOp49
  70
1
  102
RTVSPost2010Prop50
  90
50
  102
RTVSPost2010PropOp50
  70
1
  102
RTVSPost2010Prop51ColorIndex
  90
256
  102
RTVSPost2010Prop51ColorRGB
  90
-16777216
  102
RTVSPost2010PropOp51
  70
0
  102
RTVSPost2010Prop52
  140
1
  102
RTVSPost2010PropOp52
  70
0
  102
RTVSPost2010Prop53
  90
2
  102
RTVSPost2010PropOp53
  70
1
  102
RTVSPost2010Prop54
  1
strokes_ogs.tif
  102
RTVSPost2010PropOp54
  70
1
  102
RTVSPost2010Prop55
  280
0
  102
RTVSPost2010PropOp55
  70
1
  102
RTVSPost2010Prop56
  140
1
  102
RTVSPost2010PropOp56
  70
1
  102
RTVSPost2010Prop57
  140
1
  102
RTVSPost2010PropOp57
  70
1
  102
RTVSPropertyOp0
  70
1
  102
RTVSPropertyOp1
  70
1
  102
RTVSPropertyOp2
  70
1
  102
RTVSPropertyOp3
  70
1
  102
RTVSPropertyOp4
  70
1
  102
RTVSPropertyOp5
  70
1
  102
RTVSPropertyOp6
  70
1
  102
RTVSPropertyOp7
  70
1
  102
RTVSPropertyOp8
  70
1
  102
RTVSPropertyOp9
  70
1
  102
RTVSPropertyOp10
  70
1
  102
RTVSPropertyOp11
  70
1
  102
RTVSPropertyOp12
  70
1
  102
RTVSPropertyOp13
  70
1
  102
RTVSPropertyOp14
  70
1
  102
RTVSPropertyOp15
  70
1
  102
RTVSPropertyOp16
  70
1
  102
RTVSPropertyOp17
  70
1
  102
RTVSPropertyOp18
  70
1
  102
RTVSPropertyOp19
  70
1
  102
RTVSPropertyOp20
  70
1
  102
RTVSPropertyOp21
  70
1
  102
RTVSPropertyOp22
  70
1
  102
RTVSPropertyOp23
  70
1
  102
RTVSPropertyOp24
  70
1
  102
RTVSPropertyOp25
  70
1
  102
RTVSPropertyOp26
  70
1
  102
RTVSPropertyOp27
  70
1
  102
RTVSPropertyOp28
  70
1
  102
RTVSPropertyOp29
  70
1
  102
RTVSPropertyOp30
  70
1
  102
RTVSPropertyOp31
  70
1
  102
RTVSPropertyOp32
  70
1
  102
RTVSPropertyOp33
  70
1
  102
RTVSPropertyOp34
  70
1
  102
RTVSPropertyOp35
  70
1
  102
RTVSPropertyOp36
  70
1
  102
RTVSPropertyOp37
  70
1
  102
RTVSPropertyOp38
  70
1
  102
RTVSPropertyOp39
  70
1
  102
RTVSPropertyOp40
  70
1
  102
RTVSPropertyOp41
  70
1
  102
RTVSPropertyOp42
  70
1
  102
RTVSPropertyOp43
  70
1
  102
RTVSPropertyOp44
  70
1
  102
RTVSPropertyOp45
  70
1
  102
RTVSPropertyOp46
  70
1
  102
RTVSPropertyOp47
  70
1
  102
RTVSPropertyOp48
  70
1
  102
RTVSPropertyOp49
  70
1
  102
RTVSPropertyOp50
  70
1
  102
RTVSPropertyOp51
  70
0
  102
RTVSPropertyOp52
  70
0
  102
RTVSPropertyOp53
  70
1
  102
RTVSPropertyOp54
  70
1
  102
RTVSPropertyOp55
  70
1
  102
RTVSPropertyOp56
  70
1
  102
RTVSPropertyOp57
  70
1
  102
RTVSPropertyOp58
  70
1
  102
RTVSPropertyOp59
  70
1
  102
RTVSPropertyOp60
  70
1
  102
RTVSPropertyOp61
  70
1
  102
RTVSPropertyOp62
  70
1
  0
XRECORD
  5
30B
  102
{ACAD_REACTORS
  330
30A
  102
}
  330
30A
  100
AcDbXrecord
  280
1
  102
RTVSPost2010Prop28
  280
0
  102
RTVSPost2010PropOp28
  70
1
  102
RTVSPost2010Prop29
  280
1
  102
RTVSPost2010PropOp29
  70
1
  102
RTVSPost2010Prop30
  280
1
  102
RTVSPost2010PropOp30
  70
1
  102
RTVSPost2010Prop31
  280
0
  102
RTVSPost2010PropOp31
  70
1
  102
RTVSPost2010Prop32
  280
0
  102
RTVSPost2010PropOp32
  70
1
  102
RTVSPost2010Prop33
  280
0
  102
RTVSPost2010PropOp33
  70
1
  102
RTVSPost2010Prop34
  280
0
  102
RTVSPost2010PropOp34
  70
1
  102
RTVSPost2010Prop35
  280
0
  102
RTVSPost2010PropOp35
  70
1
  102
RTVSPost2010Prop36
  280
0
  102
RTVSPost2010PropOp36
  70
1
  102
RTVSPost2010Prop37
  90
50
  102
RTVSPost2010PropOp37
  70
1
  102
RTVSPost2010Prop38
  140
0
  102
RTVSPost2010PropOp38
  70
1
  102
RTVSPost2010Prop39
  140
1
  102
RTVSPost2010PropOp39
  70
1
  102
RTVSPost2010Prop40
  90
0
  102
RTVSPost2010PropOp40
  70
1
  102
RTVSPost2010Prop41ColorIndex
  90
18
  102
RTVSPost2010Prop41ColorRGB
  90
0
  102
RTVSPost2010PropOp41
  70
1
  102
RTVSPost2010Prop42
  90
50
  102
RTVSPost2010PropOp42
  70
1
  102
RTVSPost2010Prop43
  90
3
  102
RTVSPost2010PropOp43
  70
1
  102
RTVSPost2010Prop44ColorIndex
  90
5
  102
RTVSPost2010Prop44ColorRGB
  90
255
  102
RTVSPost2010PropOp44
  70
1
  102
RTVSPost2010Prop45
  280
0
  102
RTVSPost2010PropOp45
  70
1
  102
RTVSPost2010Prop46
  90
50
  102
RTVSPost2010PropOp46
  70
1
  102
RTVSPost2010Prop47
  90
50
  102
RTVSPost2010PropOp47
  70
1
  102
RTVSPost2010Prop48
  90
50
  102
RTVSPost2010PropOp48
  70
1
  102
RTVSPost2010Prop49
  280
0
  102
RTVSPost2010PropOp49
  70
1
  102
RTVSPost2010Prop50
  90
50
  102
RTVSPost2010PropOp50
  70
1
  102
RTVSPost2010Prop51ColorIndex
  90
256
  102
RTVSPost2010Prop51ColorRGB
  90
-16777216
  102
RTVSPost2010PropOp51
  70
0
  102
RTVSPost2010Prop52
  140
1
  102
RTVSPost2010PropOp52
  70
0
  102
RTVSPost2010Prop53
  90
2
  102
RTVSPost2010PropOp53
  70
1
  102
RTVSPost2010Prop54
  1
strokes_ogs.tif
  102
RTVSPost2010PropOp54
  70
1
  102
RTVSPost2010Prop55
  280
0
  102
RTVSPost2010PropOp55
  70
1
  102
RTVSPost2010Prop56
  140
1
  102
RTVSPost2010PropOp56
  70
1
  102
RTVSPost2010Prop57
  140
1
  102
RTVSPost2010PropOp57
  70
1
  102
RTVSPropertyOp0
  70
1
  102
RTVSPropertyOp1
  70
1
  102
RTVSPropertyOp2
  70
1
  102
RTVSPropertyOp3
  70
1
  102
RTVSPropertyOp4
  70
1
  102
RTVSPropertyOp5
  70
1
  102
RTVSPropertyOp6
  70
1
  102
RTVSPropertyOp7
  70
1
  102
RTVSPropertyOp8
  70
1
  102
RTVSPropertyOp9
  70
1
  102
RTVSPropertyOp10
  70
1
  102
RTVSPropertyOp11
  70
1
  102
RTVSPropertyOp12
  70
1
  102
RTVSPropertyOp13
  70
1
  102
RTVSPropertyOp14
  70
1
  102
RTVSPropertyOp15
  70
1
  102
RTVSPropertyOp16
  70
1
  102
RTVSPropertyOp17
  70
1
  102
RTVSPropertyOp18
  70
1
  102
RTVSPropertyOp19
  70
1
  102
RTVSPropertyOp20
  70
1
  102
RTVSPropertyOp21
  70
1
  102
RTVSPropertyOp22
  70
1
  102
RTVSPropertyOp23
  70
1
  102
RTVSPropertyOp24
  70
1
  102
RTVSPropertyOp25
  70
1
  102
RTVSPropertyOp26
  70
1
  102
RTVSPropertyOp27
  70
1
  102
RTVSPropertyOp28
  70
1
  102
RTVSPropertyOp29
  70
1
  102
RTVSPropertyOp30
  70
1
  102
RTVSPropertyOp31
  70
1
  102
RTVSPropertyOp32
  70
1
  102
RTVSPropertyOp33
  70
1
  102
RTVSPropertyOp34
  70
1
  102
RTVSPropertyOp35
  70
1
  102
RTVSPropertyOp36
  70
1
  102
RTVSPropertyOp37
  70
1
  102
RTVSPropertyOp38
  70
1
  102
RTVSPropertyOp39
  70
1
  102
RTVSPropertyOp40
  70
1
  102
RTVSPropertyOp41
  70
1
  102
RTVSPropertyOp42
  70
1
  102
RTVSPropertyOp43
  70
1
  102
RTVSPropertyOp44
  70
1
  102
RTVSPropertyOp45
  70
1
  102
RTVSPropertyOp46
  70
1
  102
RTVSPropertyOp47
  70
1
  102
RTVSPropertyOp48
  70
1
  102
RTVSPropertyOp49
  70
1
  102
RTVSPropertyOp50
  70
1
  102
RTVSPropertyOp51
  70
0
  102
RTVSPropertyOp52
  70
0
  102
RTVSPropertyOp53
  70
1
  102
RTVSPropertyOp54
  70
1
  102
RTVSPropertyOp55
  70
1
  102
RTVSPropertyOp56
  70
1
  102
RTVSPropertyOp57
  70
1
  102
RTVSPropertyOp58
  70
1
  102
RTVSPropertyOp59
  70
1
  102
RTVSPropertyOp60
  70
1
  102
RTVSPropertyOp61
  70
1
  102
RTVSPropertyOp62
  70
1
  0
XRECORD
  5
30D
  102
{ACAD_REACTORS
  330
30C
  102
}
  330
30C
  100
AcDbXrecord
  280
1
  102
RTVSPost2010Prop28
  280
0
  102
RTVSPost2010PropOp28
  70
1
  102
RTVSPost2010Prop29
  280
1
  102
RTVSPost2010PropOp29
  70
1
  102
RTVSPost2010Prop30
  280
1
  102
RTVSPost2010PropOp30
  70
1
  102
RTVSPost2010Prop31
  280
0
  102
RTVSPost2010PropOp31
  70
1
  102
RTVSPost2010Prop32
  280
0
  102
RTVSPost2010PropOp32
  70
1
  102
RTVSPost2010Prop33
  280
0
  102
RTVSPost2010PropOp33
  70
1
  102
RTVSPost2010Prop34
  280
0
  102
RTVSPost2010PropOp34
  70
1
  102
RTVSPost2010Prop35
  280
0
  102
RTVSPost2010PropOp35
  70
1
  102
RTVSPost2010Prop36
  280
0
  102
RTVSPost2010PropOp36
  70
1
  102
RTVSPost2010Prop37
  90
50
  102
RTVSPost2010PropOp37
  70
1
  102
RTVSPost2010Prop38
  140
0
  102
RTVSPost2010PropOp38
  70
1
  102
RTVSPost2010Prop39
  140
1
  102
RTVSPost2010PropOp39
  70
1
  102
RTVSPost2010Prop40
  90
0
  102
RTVSPost2010PropOp40
  70
1
  102
RTVSPost2010Prop41ColorIndex
  90
18
  102
RTVSPost2010Prop41ColorRGB
  90
0
  102
RTVSPost2010PropOp41
  70
1
  102
RTVSPost2010Prop42
  90
50
  102
RTVSPost2010PropOp42
  70
1
  102
RTVSPost2010Prop43
  90
3
  102
RTVSPost2010PropOp43
  70
1
  102
RTVSPost2010Prop44ColorIndex
  90
5
  102
RTVSPost2010Prop44ColorRGB
  90
255
  102
RTVSPost2010PropOp44
  70
1
  102
RTVSPost2010Prop45
  280
0
  102
RTVSPost2010PropOp45
  70
1
  102
RTVSPost2010Prop46
  90
50
  102
RTVSPost2010PropOp46
  70
1
  102
RTVSPost2010Prop47
  90
50
  102
RTVSPost2010PropOp47
  70
1
  102
RTVSPost2010Prop48
  90
50
  102
RTVSPost2010PropOp48
  70
1
  102
RTVSPost2010Prop49
  280
0
  102
RTVSPost2010PropOp49
  70
1
  102
RTVSPost2010Prop50
  90
50
  102
RTVSPost2010PropOp50
  70
1
  102
RTVSPost2010Prop51ColorIndex
  90
256
  102
RTVSPost2010Prop51ColorRGB
  90
-16777216
  102
RTVSPost2010PropOp51
  70
0
  102
RTVSPost2010Prop52
  140
1
  102
RTVSPost2010PropOp52
  70
0
  102
RTVSPost2010Prop53
  90
2
  102
RTVSPost2010PropOp53
  70
1
  102
RTVSPost2010Prop54
  1
strokes_ogs.tif
  102
RTVSPost2010PropOp54
  70
1
  102
RTVSPost2010Prop55
  280
0
  102
RTVSPost2010PropOp55
  70
1
  102
RTVSPost2010Prop56
  140
1
  102
RTVSPost2010PropOp56
  70
1
  102
RTVSPost2010Prop57
  140
1
  102
RTVSPost2010PropOp57
  70
1
  102
RTVSPropertyOp0
  70
1
  102
RTVSPropertyOp1
  70
1
  102
RTVSPropertyOp2
  70
1
  102
RTVSPropertyOp3
  70
1
  102
RTVSPropertyOp4
  70
1
  102
RTVSPropertyOp5
  70
1
  102
RTVSPropertyOp6
  70
1
  102
RTVSPropertyOp7
  70
1
  102
RTVSPropertyOp8
  70
1
  102
RTVSPropertyOp9
  70
1
  102
RTVSPropertyOp10
  70
1
  102
RTVSPropertyOp11
  70
1
  102
RTVSPropertyOp12
  70
1
  102
RTVSPropertyOp13
  70
1
  102
RTVSPropertyOp14
  70
1
  102
RTVSPropertyOp15
  70
1
  102
RTVSPropertyOp16
  70
1
  102
RTVSPropertyOp17
  70
1
  102
RTVSPropertyOp18
  70
1
  102
RTVSPropertyOp19
  70
1
  102
RTVSPropertyOp20
  70
1
  102
RTVSPropertyOp21
  70
1
  102
RTVSPropertyOp22
  70
1
  102
RTVSPropertyOp23
  70
1
  102
RTVSPropertyOp24
  70
1
  102
RTVSPropertyOp25
  70
1
  102
RTVSPropertyOp26
  70
1
  102
RTVSPropertyOp27
  70
1
  102
RTVSPropertyOp28
  70
1
  102
RTVSPropertyOp29
  70
1
  102
RTVSPropertyOp30
  70
1
  102
RTVSPropertyOp31
  70
1
  102
RTVSPropertyOp32
  70
1
  102
RTVSPropertyOp33
  70
1
  102
RTVSPropertyOp34
  70
1
  102
RTVSPropertyOp35
  70
1
  102
RTVSPropertyOp36
  70
1
  102
RTVSPropertyOp37
  70
1
  102
RTVSPropertyOp38
  70
1
  102
RTVSPropertyOp39
  70
1
  102
RTVSPropertyOp40
  70
1
  102
RTVSPropertyOp41
  70
1
  102
RTVSPropertyOp42
  70
1
  102
RTVSPropertyOp43
  70
1
  102
RTVSPropertyOp44
  70
1
  102
RTVSPropertyOp45
  70
1
  102
RTVSPropertyOp46
  70
1
  102
RTVSPropertyOp47
  70
1
  102
RTVSPropertyOp48
  70
1
  102
RTVSPropertyOp49
  70
1
  102
RTVSPropertyOp50
  70
1
  102
RTVSPropertyOp51
  70
0
  102
RTVSPropertyOp52
  70
0
  102
RTVSPropertyOp53
  70
1
  102
RTVSPropertyOp54
  70
1
  102
RTVSPropertyOp55
  70
1
  102
RTVSPropertyOp56
  70
1
  102
RTVSPropertyOp57
  70
1
  102
RTVSPropertyOp58
  70
1
  102
RTVSPropertyOp59
  70
1
  102
RTVSPropertyOp60
  70
1
  102
RTVSPropertyOp61
  70
1
  102
RTVSPropertyOp62
  70
1
  0
XRECORD
  5
30F
  102
{ACAD_REACTORS
  330
30E
  102
}
  330
30E
  100
AcDbXrecord
  280
1
  102
RTVSPost2010Prop28
  280
0
  102
RTVSPost2010PropOp28
  70
1
  102
RTVSPost2010Prop29
  280
1
  102
RTVSPost2010PropOp29
  70
1
  102
RTVSPost2010Prop30
  280
1
  102
RTVSPost2010PropOp30
  70
1
  102
RTVSPost2010Prop31
  280
0
  102
RTVSPost2010PropOp31
  70
1
  102
RTVSPost2010Prop32
  280
0
  102
RTVSPost2010PropOp32
  70
1
  102
RTVSPost2010Prop33
  280
0
  102
RTVSPost2010PropOp33
  70
1
  102
RTVSPost2010Prop34
  280
0
  102
RTVSPost2010PropOp34
  70
1
  102
RTVSPost2010Prop35
  280
0
  102
RTVSPost2010PropOp35
  70
1
  102
RTVSPost2010Prop36
  280
0
  102
RTVSPost2010PropOp36
  70
1
  102
RTVSPost2010Prop37
  90
50
  102
RTVSPost2010PropOp37
  70
1
  102
RTVSPost2010Prop38
  140
0
  102
RTVSPost2010PropOp38
  70
1
  102
RTVSPost2010Prop39
  140
1
  102
RTVSPost2010PropOp39
  70
1
  102
RTVSPost2010Prop40
  90
0
  102
RTVSPost2010PropOp40
  70
1
  102
RTVSPost2010Prop41ColorIndex
  90
18
  102
RTVSPost2010Prop41ColorRGB
  90
0
  102
RTVSPost2010PropOp41
  70
1
  102
RTVSPost2010Prop42
  90
50
  102
RTVSPost2010PropOp42
  70
1
  102
RTVSPost2010Prop43
  90
3
  102
RTVSPost2010PropOp43
  70
1
  102
RTVSPost2010Prop44ColorIndex
  90
5
  102
RTVSPost2010Prop44ColorRGB
  90
255
  102
RTVSPost2010PropOp44
  70
1
  102
RTVSPost2010Prop45
  280
0
  102
RTVSPost2010PropOp45
  70
1
  102
RTVSPost2010Prop46
  90
50
  102
RTVSPost2010PropOp46
  70
1
  102
RTVSPost2010Prop47
  90
50
  102
RTVSPost2010PropOp47
  70
1
  102
RTVSPost2010Prop48
  90
50
  102
RTVSPost2010PropOp48
  70
1
  102
RTVSPost2010Prop49
  280
0
  102
RTVSPost2010PropOp49
  70
1
  102
RTVSPost2010Prop50
  90
50
  102
RTVSPost2010PropOp50
  70
1
  102
RTVSPost2010Prop51ColorIndex
  90
256
  102
RTVSPost2010Prop51ColorRGB
  90
-16777216
  102
RTVSPost2010PropOp51
  70
0
  102
RTVSPost2010Prop52
  140
1
  102
RTVSPost2010PropOp52
  70
0
  102
RTVSPost2010Prop53
  90
2
  102
RTVSPost2010PropOp53
  70
1
  102
RTVSPost2010Prop54
  1
strokes_ogs.tif
  102
RTVSPost2010PropOp54
  70
1
  102
RTVSPost2010Prop55
  280
0
  102
RTVSPost2010PropOp55
  70
1
  102
RTVSPost2010Prop56
  140
1
  102
RTVSPost2010PropOp56
  70
1
  102
RTVSPost2010Prop57
  140
1
  102
RTVSPost2010PropOp57
  70
1
  102
RTVSPropertyOp0
  70
1
  102
RTVSPropertyOp1
  70
1
  102
RTVSPropertyOp2
  70
1
  102
RTVSPropertyOp3
  70
1
  102
RTVSPropertyOp4
  70
1
  102
RTVSPropertyOp5
  70
1
  102
RTVSPropertyOp6
  70
1
  102
RTVSPropertyOp7
  70
1
  102
RTVSPropertyOp8
  70
1
  102
RTVSPropertyOp9
  70
1
  102
RTVSPropertyOp10
  70
1
  102
RTVSPropertyOp11
  70
1
  102
RTVSPropertyOp12
  70
1
  102
RTVSPropertyOp13
  70
1
  102
RTVSPropertyOp14
  70
1
  102
RTVSPropertyOp15
  70
1
  102
RTVSPropertyOp16
  70
1
  102
RTVSPropertyOp17
  70
1
  102
RTVSPropertyOp18
  70
1
  102
RTVSPropertyOp19
  70
1
  102
RTVSPropertyOp20
  70
1
  102
RTVSPropertyOp21
  70
1
  102
RTVSPropertyOp22
  70
1
  102
RTVSPropertyOp23
  70
1
  102
RTVSPropertyOp24
  70
1
  102
RTVSPropertyOp25
  70
1
  102
RTVSPropertyOp26
  70
1
  102
RTVSPropertyOp27
  70
1
  102
RTVSPropertyOp28
  70
1
  102
RTVSPropertyOp29
  70
1
  102
RTVSPropertyOp30
  70
1
  102
RTVSPropertyOp31
  70
1
  102
RTVSPropertyOp32
  70
1
  102
RTVSPropertyOp33
  70
1
  102
RTVSPropertyOp34
  70
1
  102
RTVSPropertyOp35
  70
1
  102
RTVSPropertyOp36
  70
1
  102
RTVSPropertyOp37
  70
1
  102
RTVSPropertyOp38
  70
1
  102
RTVSPropertyOp39
  70
1
  102
RTVSPropertyOp40
  70
1
  102
RTVSPropertyOp41
  70
1
  102
RTVSPropertyOp42
  70
1
  102
RTVSPropertyOp43
  70
1
  102
RTVSPropertyOp44
  70
1
  102
RTVSPropertyOp45
  70
1
  102
RTVSPropertyOp46
  70
1
  102
RTVSPropertyOp47
  70
1
  102
RTVSPropertyOp48
  70
1
  102
RTVSPropertyOp49
  70
1
  102
RTVSPropertyOp50
  70
1
  102
RTVSPropertyOp51
  70
0
  102
RTVSPropertyOp52
  70
0
  102
RTVSPropertyOp53
  70
1
  102
RTVSPropertyOp54
  70
1
  102
RTVSPropertyOp55
  70
1
  102
RTVSPropertyOp56
  70
1
  102
RTVSPropertyOp57
  70
1
  102
RTVSPropertyOp58
  70
1
  102
RTVSPropertyOp59
  70
1
  102
RTVSPropertyOp60
  70
1
  102
RTVSPropertyOp61
  70
1
  102
RTVSPropertyOp62
  70
1
  0
XRECORD
  5
311
  102
{ACAD_REACTORS
  330
310
  102
}
  330
310
  100
AcDbXrecord
  280
1
  102
RTVSPost2010Prop28
  280
0
  102
RTVSPost2010PropOp28
  70
1
  102
RTVSPost2010Prop29
  280
1
  102
RTVSPost2010PropOp29
  70
1
  102
RTVSPost2010Prop30
  280
1
  102
RTVSPost2010PropOp30
  70
1
  102
RTVSPost2010Prop31
  280
0
  102
RTVSPost2010PropOp31
  70
1
  102
RTVSPost2010Prop32
  280
0
  102
RTVSPost2010PropOp32
  70
1
  102
RTVSPost2010Prop33
  280
0
  102
RTVSPost2010PropOp33
  70
1
  102
RTVSPost2010Prop34
  280
0
  102
RTVSPost2010PropOp34
  70
1
  102
RTVSPost2010Prop35
  280
0
  102
RTVSPost2010PropOp35
  70
1
  102
RTVSPost2010Prop36
  280
0
  102
RTVSPost2010PropOp36
  70
1
  102
RTVSPost2010Prop37
  90
50
  102
RTVSPost2010PropOp37
  70
1
  102
RTVSPost2010Prop38
  140
0
  102
RTVSPost2010PropOp38
  70
1
  102
RTVSPost2010Prop39
  140
1
  102
RTVSPost2010PropOp39
  70
1
  102
RTVSPost2010Prop40
  90
0
  102
RTVSPost2010PropOp40
  70
1
  102
RTVSPost2010Prop41ColorIndex
  90
18
  102
RTVSPost2010Prop41ColorRGB
  90
0
  102
RTVSPost2010PropOp41
  70
1
  102
RTVSPost2010Prop42
  90
50
  102
RTVSPost2010PropOp42
  70
1
  102
RTVSPost2010Prop43
  90
3
  102
RTVSPost2010PropOp43
  70
1
  102
RTVSPost2010Prop44ColorIndex
  90
5
  102
RTVSPost2010Prop44ColorRGB
  90
255
  102
RTVSPost2010PropOp44
  70
1
  102
RTVSPost2010Prop45
  280
0
  102
RTVSPost2010PropOp45
  70
1
  102
RTVSPost2010Prop46
  90
50
  102
RTVSPost2010PropOp46
  70
1
  102
RTVSPost2010Prop47
  90
50
  102
RTVSPost2010PropOp47
  70
1
  102
RTVSPost2010Prop48
  90
50
  102
RTVSPost2010PropOp48
  70
1
  102
RTVSPost2010Prop49
  280
0
  102
RTVSPost2010PropOp49
  70
1
  102
RTVSPost2010Prop50
  90
50
  102
RTVSPost2010PropOp50
  70
1
  102
RTVSPost2010Prop51ColorIndex
  90
256
  102
RTVSPost2010Prop51ColorRGB
  90
-16777216
  102
RTVSPost2010PropOp51
  70
0
  102
RTVSPost2010Prop52
  140
1
  102
RTVSPost2010PropOp52
  70
0
  102
RTVSPost2010Prop53
  90
2
  102
RTVSPost2010PropOp53
  70
1
  102
RTVSPost2010Prop54
  1
strokes_ogs.tif
  102
RTVSPost2010PropOp54
  70
1
  102
RTVSPost2010Prop55
  280
0
  102
RTVSPost2010PropOp55
  70
1
  102
RTVSPost2010Prop56
  140
1
  102
RTVSPost2010PropOp56
  70
1
  102
RTVSPost2010Prop57
  140
1
  102
RTVSPost2010PropOp57
  70
1
  102
RTVSPropertyOp0
  70
1
  102
RTVSPropertyOp1
  70
1
  102
RTVSPropertyOp2
  70
1
  102
RTVSPropertyOp3
  70
1
  102
RTVSPropertyOp4
  70
1
  102
RTVSPropertyOp5
  70
1
  102
RTVSPropertyOp6
  70
1
  102
RTVSPropertyOp7
  70
1
  102
RTVSPropertyOp8
  70
1
  102
RTVSPropertyOp9
  70
1
  102
RTVSPropertyOp10
  70
1
  102
RTVSPropertyOp11
  70
1
  102
RTVSPropertyOp12
  70
1
  102
RTVSPropertyOp13
  70
1
  102
RTVSPropertyOp14
  70
1
  102
RTVSPropertyOp15
  70
1
  102
RTVSPropertyOp16
  70
1
  102
RTVSPropertyOp17
  70
1
  102
RTVSPropertyOp18
  70
1
  102
RTVSPropertyOp19
  70
1
  102
RTVSPropertyOp20
  70
1
  102
RTVSPropertyOp21
  70
1
  102
RTVSPropertyOp22
  70
1
  102
RTVSPropertyOp23
  70
1
  102
RTVSPropertyOp24
  70
1
  102
RTVSPropertyOp25
  70
1
  102
RTVSPropertyOp26
  70
1
  102
RTVSPropertyOp27
  70
1
  102
RTVSPropertyOp28
  70
1
  102
RTVSPropertyOp29
  70
1
  102
RTVSPropertyOp30
  70
1
  102
RTVSPropertyOp31
  70
1
  102
RTVSPropertyOp32
  70
1
  102
RTVSPropertyOp33
  70
1
  102
RTVSPropertyOp34
  70
1
  102
RTVSPropertyOp35
  70
1
  102
RTVSPropertyOp36
  70
1
  102
RTVSPropertyOp37
  70
1
  102
RTVSPropertyOp38
  70
1
  102
RTVSPropertyOp39
  70
1
  102
RTVSPropertyOp40
  70
1
  102
RTVSPropertyOp41
  70
1
  102
RTVSPropertyOp42
  70
1
  102
RTVSPropertyOp43
  70
1
  102
RTVSPropertyOp44
  70
1
  102
RTVSPropertyOp45
  70
1
  102
RTVSPropertyOp46
  70
1
  102
RTVSPropertyOp47
  70
1
  102
RTVSPropertyOp48
  70
1
  102
RTVSPropertyOp49
  70
1
  102
RTVSPropertyOp50
  70
1
  102
RTVSPropertyOp51
  70
0
  102
RTVSPropertyOp52
  70
0
  102
RTVSPropertyOp53
  70
1
  102
RTVSPropertyOp54
  70
1
  102
RTVSPropertyOp55
  70
1
  102
RTVSPropertyOp56
  70
1
  102
RTVSPropertyOp57
  70
1
  102
RTVSPropertyOp58
  70
1
  102
RTVSPropertyOp59
  70
1
  102
RTVSPropertyOp60
  70
1
  102
RTVSPropertyOp61
  70
1
  102
RTVSPropertyOp62
  70
1
  0
XRECORD
  5
319
  102
{ACAD_REACTORS
  330
318
  102
}
  330
318
  100
AcDbXrecord
  280
1
  102
RTVSPost2010Prop28
  280
0
  102
RTVSPost2010PropOp28
  70
1
  102
RTVSPost2010Prop29
  280
1
  102
RTVSPost2010PropOp29
  70
1
  102
RTVSPost2010Prop30
  280
1
  102
RTVSPost2010PropOp30
  70
1
  102
RTVSPost2010Prop31
  280
0
  102
RTVSPost2010PropOp31
  70
1
  102
RTVSPost2010Prop32
  280
0
  102
RTVSPost2010PropOp32
  70
1
  102
RTVSPost2010Prop33
  280
0
  102
RTVSPost2010PropOp33
  70
1
  102
RTVSPost2010Prop34
  280
0
  102
RTVSPost2010PropOp34
  70
1
  102
RTVSPost2010Prop35
  280
0
  102
RTVSPost2010PropOp35
  70
1
  102
RTVSPost2010Prop36
  280
0
  102
RTVSPost2010PropOp36
  70
1
  102
RTVSPost2010Prop37
  90
50
  102
RTVSPost2010PropOp37
  70
1
  102
RTVSPost2010Prop38
  140
0
  102
RTVSPost2010PropOp38
  70
1
  102
RTVSPost2010Prop39
  140
1
  102
RTVSPost2010PropOp39
  70
1
  102
RTVSPost2010Prop40
  90
0
  102
RTVSPost2010PropOp40
  70
1
  102
RTVSPost2010Prop41ColorIndex
  90
18
  102
RTVSPost2010Prop41ColorRGB
  90
0
  102
RTVSPost2010PropOp41
  70
1
  102
RTVSPost2010Prop42
  90
50
  102
RTVSPost2010PropOp42
  70
1
  102
RTVSPost2010Prop43
  90
3
  102
RTVSPost2010PropOp43
  70
1
  102
RTVSPost2010Prop44ColorIndex
  90
5
  102
RTVSPost2010Prop44ColorRGB
  90
255
  102
RTVSPost2010PropOp44
  70
1
  102
RTVSPost2010Prop45
  280
0
  102
RTVSPost2010PropOp45
  70
1
  102
RTVSPost2010Prop46
  90
50
  102
RTVSPost2010PropOp46
  70
1
  102
RTVSPost2010Prop47
  90
50
  102
RTVSPost2010PropOp47
  70
1
  102
RTVSPost2010Prop48
  90
50
  102
RTVSPost2010PropOp48
  70
1
  102
RTVSPost2010Prop49
  280
0
  102
RTVSPost2010PropOp49
  70
1
  102
RTVSPost2010Prop50
  90
50
  102
RTVSPost2010PropOp50
  70
1
  102
RTVSPost2010Prop51ColorIndex
  90
256
  102
RTVSPost2010Prop51ColorRGB
  90
-16777216
  102
RTVSPost2010PropOp51
  70
0
  102
RTVSPost2010Prop52
  140
1
  102
RTVSPost2010PropOp52
  70
0
  102
RTVSPost2010Prop53
  90
2
  102
RTVSPost2010PropOp53
  70
1
  102
RTVSPost2010Prop54
  1
strokes_ogs.tif
  102
RTVSPost2010PropOp54
  70
1
  102
RTVSPost2010Prop55
  280
0
  102
RTVSPost2010PropOp55
  70
1
  102
RTVSPost2010Prop56
  140
1
  102
RTVSPost2010PropOp56
  70
1
  102
RTVSPost2010Prop57
  140
1
  102
RTVSPost2010PropOp57
  70
1
  102
RTVSPropertyOp0
  70
1
  102
RTVSPropertyOp1
  70
1
  102
RTVSPropertyOp2
  70
1
  102
RTVSPropertyOp3
  70
1
  102
RTVSPropertyOp4
  70
1
  102
RTVSPropertyOp5
  70
1
  102
RTVSPropertyOp6
  70
1
  102
RTVSPropertyOp7
  70
1
  102
RTVSPropertyOp8
  70
1
  102
RTVSPropertyOp9
  70
1
  102
RTVSPropertyOp10
  70
1
  102
RTVSPropertyOp11
  70
1
  102
RTVSPropertyOp12
  70
1
  102
RTVSPropertyOp13
  70
1
  102
RTVSPropertyOp14
  70
1
  102
RTVSPropertyOp15
  70
1
  102
RTVSPropertyOp16
  70
1
  102
RTVSPropertyOp17
  70
1
  102
RTVSPropertyOp18
  70
1
  102
RTVSPropertyOp19
  70
1
  102
RTVSPropertyOp20
  70
1
  102
RTVSPropertyOp21
  70
1
  102
RTVSPropertyOp22
  70
1
  102
RTVSPropertyOp23
  70
1
  102
RTVSPropertyOp24
  70
1
  102
RTVSPropertyOp25
  70
1
  102
RTVSPropertyOp26
  70
1
  102
RTVSPropertyOp27
  70
1
  102
RTVSPropertyOp28
  70
1
  102
RTVSPropertyOp29
  70
1
  102
RTVSPropertyOp30
  70
1
  102
RTVSPropertyOp31
  70
1
  102
RTVSPropertyOp32
  70
1
  102
RTVSPropertyOp33
  70
1
  102
RTVSPropertyOp34
  70
1
  102
RTVSPropertyOp35
  70
1
  102
RTVSPropertyOp36
  70
1
  102
RTVSPropertyOp37
  70
1
  102
RTVSPropertyOp38
  70
1
  102
RTVSPropertyOp39
  70
1
  102
RTVSPropertyOp40
  70
1
  102
RTVSPropertyOp41
  70
1
  102
RTVSPropertyOp42
  70
1
  102
RTVSPropertyOp43
  70
1
  102
RTVSPropertyOp44
  70
1
  102
RTVSPropertyOp45
  70
1
  102
RTVSPropertyOp46
  70
1
  102
RTVSPropertyOp47
  70
1
  102
RTVSPropertyOp48
  70
1
  102
RTVSPropertyOp49
  70
1
  102
RTVSPropertyOp50
  70
1
  102
RTVSPropertyOp51
  70
0
  102
RTVSPropertyOp52
  70
0
  102
RTVSPropertyOp53
  70
1
  102
RTVSPropertyOp54
  70
1
  102
RTVSPropertyOp55
  70
1
  102
RTVSPropertyOp56
  70
1
  102
RTVSPropertyOp57
  70
1
  102
RTVSPropertyOp58
  70
1
  102
RTVSPropertyOp59
  70
1
  102
RTVSPropertyOp60
  70
1
  102
RTVSPropertyOp61
  70
1
  102
RTVSPropertyOp62
  70
1
  0
XRECORD
  5
32B
  102
{ACAD_REACTORS
  330
32A
  102
}
  330
32A
  100
AcDbXrecord
  280
1
  102
RTVSPost2010Prop28
  280
0
  102
RTVSPost2010PropOp28
  70
1
  102
RTVSPost2010Prop29
  280
1
  102
RTVSPost2010PropOp29
  70
1
  102
RTVSPost2010Prop30
  280
1
  102
RTVSPost2010PropOp30
  70
1
  102
RTVSPost2010Prop31
  280
0
  102
RTVSPost2010PropOp31
  70
1
  102
RTVSPost2010Prop32
  280
0
  102
RTVSPost2010PropOp32
  70
1
  102
RTVSPost2010Prop33
  280
0
  102
RTVSPost2010PropOp33
  70
1
  102
RTVSPost2010Prop34
  280
0
  102
RTVSPost2010PropOp34
  70
1
  102
RTVSPost2010Prop35
  280
0
  102
RTVSPost2010PropOp35
  70
1
  102
RTVSPost2010Prop36
  280
0
  102
RTVSPost2010PropOp36
  70
1
  102
RTVSPost2010Prop37
  90
50
  102
RTVSPost2010PropOp37
  70
1
  102
RTVSPost2010Prop38
  140
0
  102
RTVSPost2010PropOp38
  70
1
  102
RTVSPost2010Prop39
  140
1
  102
RTVSPost2010PropOp39
  70
1
  102
RTVSPost2010Prop40
  90
0
  102
RTVSPost2010PropOp40
  70
1
  102
RTVSPost2010Prop41ColorIndex
  90
18
  102
RTVSPost2010Prop41ColorRGB
  90
0
  102
RTVSPost2010PropOp41
  70
1
  102
RTVSPost2010Prop42
  90
50
  102
RTVSPost2010PropOp42
  70
1
  102
RTVSPost2010Prop43
  90
3
  102
RTVSPost2010PropOp43
  70
1
  102
RTVSPost2010Prop44ColorIndex
  90
5
  102
RTVSPost2010Prop44ColorRGB
  90
255
  102
RTVSPost2010PropOp44
  70
1
  102
RTVSPost2010Prop45
  280
0
  102
RTVSPost2010PropOp45
  70
1
  102
RTVSPost2010Prop46
  90
50
  102
RTVSPost2010PropOp46
  70
1
  102
RTVSPost2010Prop47
  90
50
  102
RTVSPost2010PropOp47
  70
1
  102
RTVSPost2010Prop48
  90
50
  102
RTVSPost2010PropOp48
  70
1
  102
RTVSPost2010Prop49
  280
0
  102
RTVSPost2010PropOp49
  70
1
  102
RTVSPost2010Prop50
  90
50
  102
RTVSPost2010PropOp50
  70
1
  102
RTVSPost2010Prop51ColorIndex
  90
256
  102
RTVSPost2010Prop51ColorRGB
  90
-16777216
  102
RTVSPost2010PropOp51
  70
0
  102
RTVSPost2010Prop52
  140
1
  102
RTVSPost2010PropOp52
  70
0
  102
RTVSPost2010Prop53
  90
2
  102
RTVSPost2010PropOp53
  70
1
  102
RTVSPost2010Prop54
  1
strokes_ogs.tif
  102
RTVSPost2010PropOp54
  70
1
  102
RTVSPost2010Prop55
  280
0
  102
RTVSPost2010PropOp55
  70
1
  102
RTVSPost2010Prop56
  140
1
  102
RTVSPost2010PropOp56
  70
1
  102
RTVSPost2010Prop57
  140
1
  102
RTVSPost2010PropOp57
  70
1
  102
RTVSPropertyOp0
  70
0
  102
RTVSPropertyOp1
  70
0
  102
RTVSPropertyOp2
  70
0
  102
RTVSPropertyOp3
  70
0
  102
RTVSPropertyOp4
  70
0
  102
RTVSPropertyOp5
  70
0
  102
RTVSPropertyOp6
  70
0
  102
RTVSPropertyOp7
  70
0
  102
RTVSPropertyOp8
  70
0
  102
RTVSPropertyOp9
  70
0
  102
RTVSPropertyOp10
  70
0
  102
RTVSPropertyOp11
  70
0
  102
RTVSPropertyOp12
  70
0
  102
RTVSPropertyOp13
  70
0
  102
RTVSPropertyOp14
  70
2
  102
RTVSPropertyOp15
  70
0
  102
RTVSPropertyOp16
  70
0
  102
RTVSPropertyOp17
  70
0
  102
RTVSPropertyOp18
  70
0
  102
RTVSPropertyOp19
  70
0
  102
RTVSPropertyOp20
  70
0
  102
RTVSPropertyOp21
  70
0
  102
RTVSPropertyOp22
  70
0
  102
RTVSPropertyOp23
  70
0
  102
RTVSPropertyOp24
  70
0
  102
RTVSPropertyOp25
  70
0
  102
RTVSPropertyOp26
  70
0
  102
RTVSPropertyOp27
  70
0
  102
RTVSPropertyOp28
  70
1
  102
RTVSPropertyOp29
  70
1
  102
RTVSPropertyOp30
  70
1
  102
RTVSPropertyOp31
  70
1
  102
RTVSPropertyOp32
  70
1
  102
RTVSPropertyOp33
  70
1
  102
RTVSPropertyOp34
  70
1
  102
RTVSPropertyOp35
  70
1
  102
RTVSPropertyOp36
  70
1
  102
RTVSPropertyOp37
  70
1
  102
RTVSPropertyOp38
  70
1
  102
RTVSPropertyOp39
  70
1
  102
RTVSPropertyOp40
  70
1
  102
RTVSPropertyOp41
  70
1
  102
RTVSPropertyOp42
  70
1
  102
RTVSPropertyOp43
  70
1
  102
RTVSPropertyOp44
  70
1
  102
RTVSPropertyOp45
  70
1
  102
RTVSPropertyOp46
  70
1
  102
RTVSPropertyOp47
  70
1
  102
RTVSPropertyOp48
  70
1
  102
RTVSPropertyOp49
  70
1
  102
RTVSPropertyOp50
  70
1
  102
RTVSPropertyOp51
  70
0
  102
RTVSPropertyOp52
  70
0
  102
RTVSPropertyOp53
  70
1
  102
RTVSPropertyOp54
  70
1
  102
RTVSPropertyOp55
  70
1
  102
RTVSPropertyOp56
  70
1
  102
RTVSPropertyOp57
  70
1
  102
RTVSPropertyOp58
  70
1
  102
RTVSPropertyOp59
  70
1
  102
RTVSPropertyOp60
  70
1
  102
RTVSPropertyOp61
  70
1
  102
RTVSPropertyOp62
  70
1
  0
XRECORD
  5
325
  102
{ACAD_REACTORS
  330
324
  102
}
  330
324
  100
AcDbXrecord
  280
1
  102
RTVSPost2010Prop28
  280
0
  102
RTVSPost2010PropOp28
  70
1
  102
RTVSPost2010Prop29
  280
1
  102
RTVSPost2010PropOp29
  70
1
  102
RTVSPost2010Prop30
  280
1
  102
RTVSPost2010PropOp30
  70
1
  102
RTVSPost2010Prop31
  280
0
  102
RTVSPost2010PropOp31
  70
1
  102
RTVSPost2010Prop32
  280
0
  102
RTVSPost2010PropOp32
  70
1
  102
RTVSPost2010Prop33
  280
0
  102
RTVSPost2010PropOp33
  70
1
  102
RTVSPost2010Prop34
  280
0
  102
RTVSPost2010PropOp34
  70
1
  102
RTVSPost2010Prop35
  280
0
  102
RTVSPost2010PropOp35
  70
1
  102
RTVSPost2010Prop36
  280
0
  102
RTVSPost2010PropOp36
  70
1
  102
RTVSPost2010Prop37
  90
50
  102
RTVSPost2010PropOp37
  70
1
  102
RTVSPost2010Prop38
  140
0
  102
RTVSPost2010PropOp38
  70
1
  102
RTVSPost2010Prop39
  140
1
  102
RTVSPost2010PropOp39
  70
1
  102
RTVSPost2010Prop40
  90
0
  102
RTVSPost2010PropOp40
  70
1
  102
RTVSPost2010Prop41ColorIndex
  90
18
  102
RTVSPost2010Prop41ColorRGB
  90
0
  102
RTVSPost2010PropOp41
  70
1
  102
RTVSPost2010Prop42
  90
50
  102
RTVSPost2010PropOp42
  70
1
  102
RTVSPost2010Prop43
  90
3
  102
RTVSPost2010PropOp43
  70
1
  102
RTVSPost2010Prop44ColorIndex
  90
5
  102
RTVSPost2010Prop44ColorRGB
  90
255
  102
RTVSPost2010PropOp44
  70
1
  102
RTVSPost2010Prop45
  280
0
  102
RTVSPost2010PropOp45
  70
1
  102
RTVSPost2010Prop46
  90
50
  102
RTVSPost2010PropOp46
  70
1
  102
RTVSPost2010Prop47
  90
50
  102
RTVSPost2010PropOp47
  70
1
  102
RTVSPost2010Prop48
  90
50
  102
RTVSPost2010PropOp48
  70
1
  102
RTVSPost2010Prop49
  280
0
  102
RTVSPost2010PropOp49
  70
1
  102
RTVSPost2010Prop50
  90
50
  102
RTVSPost2010PropOp50
  70
1
  102
RTVSPost2010Prop51ColorIndex
  90
256
  102
RTVSPost2010Prop51ColorRGB
  90
-16777216
  102
RTVSPost2010PropOp51
  70
0
  102
RTVSPost2010Prop52
  140
1
  102
RTVSPost2010PropOp52
  70
0
  102
RTVSPost2010Prop53
  90
2
  102
RTVSPost2010PropOp53
  70
1
  102
RTVSPost2010Prop54
  1
strokes_ogs.tif
  102
RTVSPost2010PropOp54
  70
1
  102
RTVSPost2010Prop55
  280
0
  102
RTVSPost2010PropOp55
  70
1
  102
RTVSPost2010Prop56
  140
1
  102
RTVSPost2010PropOp56
  70
1
  102
RTVSPost2010Prop57
  140
1
  102
RTVSPost2010PropOp57
  70
1
  102
RTVSPropertyOp0
  70
1
  102
RTVSPropertyOp1
  70
1
  102
RTVSPropertyOp2
  70
1
  102
RTVSPropertyOp3
  70
1
  102
RTVSPropertyOp4
  70
1
  102
RTVSPropertyOp5
  70
1
  102
RTVSPropertyOp6
  70
1
  102
RTVSPropertyOp7
  70
1
  102
RTVSPropertyOp8
  70
1
  102
RTVSPropertyOp9
  70
1
  102
RTVSPropertyOp10
  70
1
  102
RTVSPropertyOp11
  70
1
  102
RTVSPropertyOp12
  70
1
  102
RTVSPropertyOp13
  70
1
  102
RTVSPropertyOp14
  70
1
  102
RTVSPropertyOp15
  70
1
  102
RTVSPropertyOp16
  70
1
  102
RTVSPropertyOp17
  70
1
  102
RTVSPropertyOp18
  70
1
  102
RTVSPropertyOp19
  70
1
  102
RTVSPropertyOp20
  70
1
  102
RTVSPropertyOp21
  70
1
  102
RTVSPropertyOp22
  70
1
  102
RTVSPropertyOp23
  70
1
  102
RTVSPropertyOp24
  70
1
  102
RTVSPropertyOp25
  70
1
  102
RTVSPropertyOp26
  70
1
  102
RTVSPropertyOp27
  70
1
  102
RTVSPropertyOp28
  70
1
  102
RTVSPropertyOp29
  70
1
  102
RTVSPropertyOp30
  70
1
  102
RTVSPropertyOp31
  70
1
  102
RTVSPropertyOp32
  70
1
  102
RTVSPropertyOp33
  70
1
  102
RTVSPropertyOp34
  70
1
  102
RTVSPropertyOp35
  70
1
  102
RTVSPropertyOp36
  70
1
  102
RTVSPropertyOp37
  70
1
  102
RTVSPropertyOp38
  70
1
  102
RTVSPropertyOp39
  70
1
  102
RTVSPropertyOp40
  70
1
  102
RTVSPropertyOp41
  70
1
  102
RTVSPropertyOp42
  70
1
  102
RTVSPropertyOp43
  70
1
  102
RTVSPropertyOp44
  70
1
  102
RTVSPropertyOp45
  70
1
  102
RTVSPropertyOp46
  70
1
  102
RTVSPropertyOp47
  70
1
  102
RTVSPropertyOp48
  70
1
  102
RTVSPropertyOp49
  70
1
  102
RTVSPropertyOp50
  70
1
  102
RTVSPropertyOp51
  70
0
  102
RTVSPropertyOp52
  70
0
  102
RTVSPropertyOp53
  70
1
  102
RTVSPropertyOp54
  70
1
  102
RTVSPropertyOp55
  70
1
  102
RTVSPropertyOp56
  70
1
  102
RTVSPropertyOp57
  70
1
  102
RTVSPropertyOp58
  70
1
  102
RTVSPropertyOp59
  70
1
  102
RTVSPropertyOp60
  70
1
  102
RTVSPropertyOp61
  70
1
  102
RTVSPropertyOp62
  70
1
  0
XRECORD
  5
32D
  102
{ACAD_REACTORS
  330
32C
  102
}
  330
32C
  100
AcDbXrecord
  280
1
  102
RTVSPost2010Prop28
  280
0
  102
RTVSPost2010PropOp28
  70
1
  102
RTVSPost2010Prop29
  280
1
  102
RTVSPost2010PropOp29
  70
1
  102
RTVSPost2010Prop30
  280
1
  102
RTVSPost2010PropOp30
  70
1
  102
RTVSPost2010Prop31
  280
0
  102
RTVSPost2010PropOp31
  70
1
  102
RTVSPost2010Prop32
  280
0
  102
RTVSPost2010PropOp32
  70
1
  102
RTVSPost2010Prop33
  280
0
  102
RTVSPost2010PropOp33
  70
1
  102
RTVSPost2010Prop34
  280
0
  102
RTVSPost2010PropOp34
  70
1
  102
RTVSPost2010Prop35
  280
0
  102
RTVSPost2010PropOp35
  70
1
  102
RTVSPost2010Prop36
  280
0
  102
RTVSPost2010PropOp36
  70
1
  102
RTVSPost2010Prop37
  90
50
  102
RTVSPost2010PropOp37
  70
1
  102
RTVSPost2010Prop38
  140
0
  102
RTVSPost2010PropOp38
  70
1
  102
RTVSPost2010Prop39
  140
1
  102
RTVSPost2010PropOp39
  70
1
  102
RTVSPost2010Prop40
  90
0
  102
RTVSPost2010PropOp40
  70
1
  102
RTVSPost2010Prop41ColorIndex
  90
18
  102
RTVSPost2010Prop41ColorRGB
  90
0
  102
RTVSPost2010PropOp41
  70
1
  102
RTVSPost2010Prop42
  90
50
  102
RTVSPost2010PropOp42
  70
1
  102
RTVSPost2010Prop43
  90
3
  102
RTVSPost2010PropOp43
  70
1
  102
RTVSPost2010Prop44ColorIndex
  90
5
  102
RTVSPost2010Prop44ColorRGB
  90
255
  102
RTVSPost2010PropOp44
  70
1
  102
RTVSPost2010Prop45
  280
0
  102
RTVSPost2010PropOp45
  70
1
  102
RTVSPost2010Prop46
  90
50
  102
RTVSPost2010PropOp46
  70
1
  102
RTVSPost2010Prop47
  90
50
  102
RTVSPost2010PropOp47
  70
1
  102
RTVSPost2010Prop48
  90
50
  102
RTVSPost2010PropOp48
  70
1
  102
RTVSPost2010Prop49
  280
0
  102
RTVSPost2010PropOp49
  70
1
  102
RTVSPost2010Prop50
  90
50
  102
RTVSPost2010PropOp50
  70
1
  102
RTVSPost2010Prop51ColorIndex
  90
256
  102
RTVSPost2010Prop51ColorRGB
  90
-16777216
  102
RTVSPost2010PropOp51
  70
0
  102
RTVSPost2010Prop52
  140
1
  102
RTVSPost2010PropOp52
  70
0
  102
RTVSPost2010Prop53
  90
2
  102
RTVSPost2010PropOp53
  70
1
  102
RTVSPost2010Prop54
  1
strokes_ogs.tif
  102
RTVSPost2010PropOp54
  70
1
  102
RTVSPost2010Prop55
  280
0
  102
RTVSPost2010PropOp55
  70
1
  102
RTVSPost2010Prop56
  140
1
  102
RTVSPost2010PropOp56
  70
1
  102
RTVSPost2010Prop57
  140
1
  102
RTVSPost2010PropOp57
  70
1
  102
RTVSPropertyOp0
  70
0
  102
RTVSPropertyOp1
  70
0
  102
RTVSPropertyOp2
  70
0
  102
RTVSPropertyOp3
  70
0
  102
RTVSPropertyOp4
  70
0
  102
RTVSPropertyOp5
  70
0
  102
RTVSPropertyOp6
  70
0
  102
RTVSPropertyOp7
  70
0
  102
RTVSPropertyOp8
  70
0
  102
RTVSPropertyOp9
  70
0
  102
RTVSPropertyOp10
  70
0
  102
RTVSPropertyOp11
  70
0
  102
RTVSPropertyOp12
  70
0
  102
RTVSPropertyOp13
  70
0
  102
RTVSPropertyOp14
  70
2
  102
RTVSPropertyOp15
  70
0
  102
RTVSPropertyOp16
  70
0
  102
RTVSPropertyOp17
  70
0
  102
RTVSPropertyOp18
  70
0
  102
RTVSPropertyOp19
  70
0
  102
RTVSPropertyOp20
  70
0
  102
RTVSPropertyOp21
  70
0
  102
RTVSPropertyOp22
  70
0
  102
RTVSPropertyOp23
  70
0
  102
RTVSPropertyOp24
  70
0
  102
RTVSPropertyOp25
  70
0
  102
RTVSPropertyOp26
  70
0
  102
RTVSPropertyOp27
  70
0
  102
RTVSPropertyOp28
  70
1
  102
RTVSPropertyOp29
  70
1
  102
RTVSPropertyOp30
  70
1
  102
RTVSPropertyOp31
  70
1
  102
RTVSPropertyOp32
  70
1
  102
RTVSPropertyOp33
  70
1
  102
RTVSPropertyOp34
  70
1
  102
RTVSPropertyOp35
  70
1
  102
RTVSPropertyOp36
  70
1
  102
RTVSPropertyOp37
  70
1
  102
RTVSPropertyOp38
  70
1
  102
RTVSPropertyOp39
  70
1
  102
RTVSPropertyOp40
  70
1
  102
RTVSPropertyOp41
  70
1
  102
RTVSPropertyOp42
  70
1
  102
RTVSPropertyOp43
  70
1
  102
RTVSPropertyOp44
  70
1
  102
RTVSPropertyOp45
  70
1
  102
RTVSPropertyOp46
  70
1
  102
RTVSPropertyOp47
  70
1
  102
RTVSPropertyOp48
  70
1
  102
RTVSPropertyOp49
  70
1
  102
RTVSPropertyOp50
  70
1
  102
RTVSPropertyOp51
  70
0
  102
RTVSPropertyOp52
  70
0
  102
RTVSPropertyOp53
  70
1
  102
RTVSPropertyOp54
  70
1
  102
RTVSPropertyOp55
  70
1
  102
RTVSPropertyOp56
  70
1
  102
RTVSPropertyOp57
  70
1
  102
RTVSPropertyOp58
  70
1
  102
RTVSPropertyOp59
  70
1
  102
RTVSPropertyOp60
  70
1
  102
RTVSPropertyOp61
  70
1
  102
RTVSPropertyOp62
  70
1
  0
XRECORD
  5
31D
  102
{ACAD_REACTORS
  330
31C
  102
}
  330
31C
  100
AcDbXrecord
  280
1
  102
RTVSPost2010Prop28
  280
0
  102
RTVSPost2010PropOp28
  70
1
  102
RTVSPost2010Prop29
  280
1
  102
RTVSPost2010PropOp29
  70
1
  102
RTVSPost2010Prop30
  280
1
  102
RTVSPost2010PropOp30
  70
1
  102
RTVSPost2010Prop31
  280
0
  102
RTVSPost2010PropOp31
  70
1
  102
RTVSPost2010Prop32
  280
0
  102
RTVSPost2010PropOp32
  70
1
  102
RTVSPost2010Prop33
  280
0
  102
RTVSPost2010PropOp33
  70
1
  102
RTVSPost2010Prop34
  280
0
  102
RTVSPost2010PropOp34
  70
1
  102
RTVSPost2010Prop35
  280
0
  102
RTVSPost2010PropOp35
  70
1
  102
RTVSPost2010Prop36
  280
0
  102
RTVSPost2010PropOp36
  70
1
  102
RTVSPost2010Prop37
  90
50
  102
RTVSPost2010PropOp37
  70
1
  102
RTVSPost2010Prop38
  140
0
  102
RTVSPost2010PropOp38
  70
1
  102
RTVSPost2010Prop39
  140
1
  102
RTVSPost2010PropOp39
  70
1
  102
RTVSPost2010Prop40
  90
0
  102
RTVSPost2010PropOp40
  70
1
  102
RTVSPost2010Prop41ColorIndex
  90
18
  102
RTVSPost2010Prop41ColorRGB
  90
0
  102
RTVSPost2010PropOp41
  70
1
  102
RTVSPost2010Prop42
  90
50
  102
RTVSPost2010PropOp42
  70
1
  102
RTVSPost2010Prop43
  90
3
  102
RTVSPost2010PropOp43
  70
1
  102
RTVSPost2010Prop44ColorIndex
  90
5
  102
RTVSPost2010Prop44ColorRGB
  90
255
  102
RTVSPost2010PropOp44
  70
1
  102
RTVSPost2010Prop45
  280
0
  102
RTVSPost2010PropOp45
  70
1
  102
RTVSPost2010Prop46
  90
50
  102
RTVSPost2010PropOp46
  70
1
  102
RTVSPost2010Prop47
  90
50
  102
RTVSPost2010PropOp47
  70
1
  102
RTVSPost2010Prop48
  90
50
  102
RTVSPost2010PropOp48
  70
1
  102
RTVSPost2010Prop49
  280
0
  102
RTVSPost2010PropOp49
  70
1
  102
RTVSPost2010Prop50
  90
50
  102
RTVSPost2010PropOp50
  70
1
  102
RTVSPost2010Prop51ColorIndex
  90
256
  102
RTVSPost2010Prop51ColorRGB
  90
-16777216
  102
RTVSPost2010PropOp51
  70
0
  102
RTVSPost2010Prop52
  140
1
  102
RTVSPost2010PropOp52
  70
0
  102
RTVSPost2010Prop53
  90
2
  102
RTVSPost2010PropOp53
  70
1
  102
RTVSPost2010Prop54
  1
strokes_ogs.tif
  102
RTVSPost2010PropOp54
  70
1
  102
RTVSPost2010Prop55
  280
0
  102
RTVSPost2010PropOp55
  70
1
  102
RTVSPost2010Prop56
  140
1
  102
RTVSPost2010PropOp56
  70
1
  102
RTVSPost2010Prop57
  140
1
  102
RTVSPost2010PropOp57
  70
1
  102
RTVSPropertyOp0
  70
1
  102
RTVSPropertyOp1
  70
1
  102
RTVSPropertyOp2
  70
1
  102
RTVSPropertyOp3
  70
1
  102
RTVSPropertyOp4
  70
1
  102
RTVSPropertyOp5
  70
1
  102
RTVSPropertyOp6
  70
1
  102
RTVSPropertyOp7
  70
1
  102
RTVSPropertyOp8
  70
1
  102
RTVSPropertyOp9
  70
1
  102
RTVSPropertyOp10
  70
1
  102
RTVSPropertyOp11
  70
1
  102
RTVSPropertyOp12
  70
1
  102
RTVSPropertyOp13
  70
1
  102
RTVSPropertyOp14
  70
1
  102
RTVSPropertyOp15
  70
1
  102
RTVSPropertyOp16
  70
1
  102
RTVSPropertyOp17
  70
1
  102
RTVSPropertyOp18
  70
1
  102
RTVSPropertyOp19
  70
1
  102
RTVSPropertyOp20
  70
1
  102
RTVSPropertyOp21
  70
1
  102
RTVSPropertyOp22
  70
1
  102
RTVSPropertyOp23
  70
1
  102
RTVSPropertyOp24
  70
1
  102
RTVSPropertyOp25
  70
1
  102
RTVSPropertyOp26
  70
1
  102
RTVSPropertyOp27
  70
1
  102
RTVSPropertyOp28
  70
1
  102
RTVSPropertyOp29
  70
1
  102
RTVSPropertyOp30
  70
1
  102
RTVSPropertyOp31
  70
1
  102
RTVSPropertyOp32
  70
1
  102
RTVSPropertyOp33
  70
1
  102
RTVSPropertyOp34
  70
1
  102
RTVSPropertyOp35
  70
1
  102
RTVSPropertyOp36
  70
1
  102
RTVSPropertyOp37
  70
1
  102
RTVSPropertyOp38
  70
1
  102
RTVSPropertyOp39
  70
1
  102
RTVSPropertyOp40
  70
1
  102
RTVSPropertyOp41
  70
1
  102
RTVSPropertyOp42
  70
1
  102
RTVSPropertyOp43
  70
1
  102
RTVSPropertyOp44
  70
1
  102
RTVSPropertyOp45
  70
1
  102
RTVSPropertyOp46
  70
1
  102
RTVSPropertyOp47
  70
1
  102
RTVSPropertyOp48
  70
1
  102
RTVSPropertyOp49
  70
1
  102
RTVSPropertyOp50
  70
1
  102
RTVSPropertyOp51
  70
0
  102
RTVSPropertyOp52
  70
0
  102
RTVSPropertyOp53
  70
1
  102
RTVSPropertyOp54
  70
1
  102
RTVSPropertyOp55
  70
1
  102
RTVSPropertyOp56
  70
1
  102
RTVSPropertyOp57
  70
1
  102
RTVSPropertyOp58
  70
1
  102
RTVSPropertyOp59
  70
1
  102
RTVSPropertyOp60
  70
1
  102
RTVSPropertyOp61
  70
1
  102
RTVSPropertyOp62
  70
1
  0
XRECORD
  5
339
  102
{ACAD_REACTORS
  330
338
  102
}
  330
338
  100
AcDbXrecord
  280
1
  102
RTVSPost2010Prop28
  280
0
  102
RTVSPost2010PropOp28
  70
1
  102
RTVSPost2010Prop29
  280
1
  102
RTVSPost2010PropOp29
  70
1
  102
RTVSPost2010Prop30
  280
1
  102
RTVSPost2010PropOp30
  70
1
  102
RTVSPost2010Prop31
  280
0
  102
RTVSPost2010PropOp31
  70
1
  102
RTVSPost2010Prop32
  280
0
  102
RTVSPost2010PropOp32
  70
1
  102
RTVSPost2010Prop33
  280
0
  102
RTVSPost2010PropOp33
  70
1
  102
RTVSPost2010Prop34
  280
0
  102
RTVSPost2010PropOp34
  70
1
  102
RTVSPost2010Prop35
  280
0
  102
RTVSPost2010PropOp35
  70
1
  102
RTVSPost2010Prop36
  280
0
  102
RTVSPost2010PropOp36
  70
1
  102
RTVSPost2010Prop37
  90
50
  102
RTVSPost2010PropOp37
  70
1
  102
RTVSPost2010Prop38
  140
0
  102
RTVSPost2010PropOp38
  70
1
  102
RTVSPost2010Prop39
  140
1
  102
RTVSPost2010PropOp39
  70
1
  102
RTVSPost2010Prop40
  90
0
  102
RTVSPost2010PropOp40
  70
1
  102
RTVSPost2010Prop41ColorIndex
  90
18
  102
RTVSPost2010Prop41ColorRGB
  90
0
  102
RTVSPost2010PropOp41
  70
1
  102
RTVSPost2010Prop42
  90
50
  102
RTVSPost2010PropOp42
  70
1
  102
RTVSPost2010Prop43
  90
3
  102
RTVSPost2010PropOp43
  70
1
  102
RTVSPost2010Prop44ColorIndex
  90
5
  102
RTVSPost2010Prop44ColorRGB
  90
255
  102
RTVSPost2010PropOp44
  70
1
  102
RTVSPost2010Prop45
  280
0
  102
RTVSPost2010PropOp45
  70
1
  102
RTVSPost2010Prop46
  90
50
  102
RTVSPost2010PropOp46
  70
1
  102
RTVSPost2010Prop47
  90
50
  102
RTVSPost2010PropOp47
  70
1
  102
RTVSPost2010Prop48
  90
50
  102
RTVSPost2010PropOp48
  70
1
  102
RTVSPost2010Prop49
  280
0
  102
RTVSPost2010PropOp49
  70
1
  102
RTVSPost2010Prop50
  90
50
  102
RTVSPost2010PropOp50
  70
1
  102
RTVSPost2010Prop51ColorIndex
  90
256
  102
RTVSPost2010Prop51ColorRGB
  90
-16777216
  102
RTVSPost2010PropOp51
  70
0
  102
RTVSPost2010Prop52
  140
1
  102
RTVSPost2010PropOp52
  70
0
  102
RTVSPost2010Prop53
  90
2
  102
RTVSPost2010PropOp53
  70
1
  102
RTVSPost2010Prop54
  1
strokes_ogs.tif
  102
RTVSPost2010PropOp54
  70
1
  102
RTVSPost2010Prop55
  280
0
  102
RTVSPost2010PropOp55
  70
1
  102
RTVSPost2010Prop56
  140
1
  102
RTVSPost2010PropOp56
  70
1
  102
RTVSPost2010Prop57
  140
1
  102
RTVSPost2010PropOp57
  70
1
  102
RTVSPropertyOp0
  70
1
  102
RTVSPropertyOp1
  70
1
  102
RTVSPropertyOp2
  70
1
  102
RTVSPropertyOp3
  70
1
  102
RTVSPropertyOp4
  70
1
  102
RTVSPropertyOp5
  70
1
  102
RTVSPropertyOp6
  70
1
  102
RTVSPropertyOp7
  70
1
  102
RTVSPropertyOp8
  70
1
  102
RTVSPropertyOp9
  70
1
  102
RTVSPropertyOp10
  70
1
  102
RTVSPropertyOp11
  70
1
  102
RTVSPropertyOp12
  70
1
  102
RTVSPropertyOp13
  70
1
  102
RTVSPropertyOp14
  70
1
  102
RTVSPropertyOp15
  70
1
  102
RTVSPropertyOp16
  70
1
  102
RTVSPropertyOp17
  70
1
  102
RTVSPropertyOp18
  70
1
  102
RTVSPropertyOp19
  70
1
  102
RTVSPropertyOp20
  70
1
  102
RTVSPropertyOp21
  70
1
  102
RTVSPropertyOp22
  70
1
  102
RTVSPropertyOp23
  70
1
  102
RTVSPropertyOp24
  70
1
  102
RTVSPropertyOp25
  70
1
  102
RTVSPropertyOp26
  70
1
  102
RTVSPropertyOp27
  70
1
  102
RTVSPropertyOp28
  70
1
  102
RTVSPropertyOp29
  70
1
  102
RTVSPropertyOp30
  70
1
  102
RTVSPropertyOp31
  70
1
  102
RTVSPropertyOp32
  70
1
  102
RTVSPropertyOp33
  70
1
  102
RTVSPropertyOp34
  70
1
  102
RTVSPropertyOp35
  70
1
  102
RTVSPropertyOp36
  70
1
  102
RTVSPropertyOp37
  70
1
  102
RTVSPropertyOp38
  70
1
  102
RTVSPropertyOp39
  70
1
  102
RTVSPropertyOp40
  70
1
  102
RTVSPropertyOp41
  70
1
  102
RTVSPropertyOp42
  70
1
  102
RTVSPropertyOp43
  70
1
  102
RTVSPropertyOp44
  70
1
  102
RTVSPropertyOp45
  70
1
  102
RTVSPropertyOp46
  70
1
  102
RTVSPropertyOp47
  70
1
  102
RTVSPropertyOp48
  70
1
  102
RTVSPropertyOp49
  70
1
  102
RTVSPropertyOp50
  70
1
  102
RTVSPropertyOp51
  70
0
  102
RTVSPropertyOp52
  70
0
  102
RTVSPropertyOp53
  70
1
  102
RTVSPropertyOp54
  70
1
  102
RTVSPropertyOp55
  70
1
  102
RTVSPropertyOp56
  70
1
  102
RTVSPropertyOp57
  70
1
  102
RTVSPropertyOp58
  70
1
  102
RTVSPropertyOp59
  70
1
  102
RTVSPropertyOp60
  70
1
  102
RTVSPropertyOp61
  70
1
  102
RTVSPropertyOp62
  70
1
  0
XRECORD
  5
337
  102
{ACAD_REACTORS
  330
336
  102
}
  330
336
  100
AcDbXrecord
  280
1
  102
RTVSPost2010Prop28
  280
0
  102
RTVSPost2010PropOp28
  70
1
  102
RTVSPost2010Prop29
  280
1
  102
RTVSPost2010PropOp29
  70
1
  102
RTVSPost2010Prop30
  280
1
  102
RTVSPost2010PropOp30
  70
1
  102
RTVSPost2010Prop31
  280
0
  102
RTVSPost2010PropOp31
  70
1
  102
RTVSPost2010Prop32
  280
0
  102
RTVSPost2010PropOp32
  70
1
  102
RTVSPost2010Prop33
  280
0
  102
RTVSPost2010PropOp33
  70
1
  102
RTVSPost2010Prop34
  280
0
  102
RTVSPost2010PropOp34
  70
1
  102
RTVSPost2010Prop35
  280
0
  102
RTVSPost2010PropOp35
  70
1
  102
RTVSPost2010Prop36
  280
0
  102
RTVSPost2010PropOp36
  70
1
  102
RTVSPost2010Prop37
  90
50
  102
RTVSPost2010PropOp37
  70
1
  102
RTVSPost2010Prop38
  140
0
  102
RTVSPost2010PropOp38
  70
1
  102
RTVSPost2010Prop39
  140
1
  102
RTVSPost2010PropOp39
  70
1
  102
RTVSPost2010Prop40
  90
0
  102
RTVSPost2010PropOp40
  70
1
  102
RTVSPost2010Prop41ColorIndex
  90
18
  102
RTVSPost2010Prop41ColorRGB
  90
0
  102
RTVSPost2010PropOp41
  70
1
  102
RTVSPost2010Prop42
  90
50
  102
RTVSPost2010PropOp42
  70
1
  102
RTVSPost2010Prop43
  90
3
  102
RTVSPost2010PropOp43
  70
1
  102
RTVSPost2010Prop44ColorIndex
  90
5
  102
RTVSPost2010Prop44ColorRGB
  90
255
  102
RTVSPost2010PropOp44
  70
1
  102
RTVSPost2010Prop45
  280
0
  102
RTVSPost2010PropOp45
  70
1
  102
RTVSPost2010Prop46
  90
50
  102
RTVSPost2010PropOp46
  70
1
  102
RTVSPost2010Prop47
  90
50
  102
RTVSPost2010PropOp47
  70
1
  102
RTVSPost2010Prop48
  90
50
  102
RTVSPost2010PropOp48
  70
1
  102
RTVSPost2010Prop49
  280
0
  102
RTVSPost2010PropOp49
  70
1
  102
RTVSPost2010Prop50
  90
50
  102
RTVSPost2010PropOp50
  70
1
  102
RTVSPost2010Prop51ColorIndex
  90
256
  102
RTVSPost2010Prop51ColorRGB
  90
-16777216
  102
RTVSPost2010PropOp51
  70
0
  102
RTVSPost2010Prop52
  140
1
  102
RTVSPost2010PropOp52
  70
0
  102
RTVSPost2010Prop53
  90
2
  102
RTVSPost2010PropOp53
  70
1
  102
RTVSPost2010Prop54
  1
strokes_ogs.tif
  102
RTVSPost2010PropOp54
  70
1
  102
RTVSPost2010Prop55
  280
0
  102
RTVSPost2010PropOp55
  70
1
  102
RTVSPost2010Prop56
  140
1
  102
RTVSPost2010PropOp56
  70
1
  102
RTVSPost2010Prop57
  140
1
  102
RTVSPost2010PropOp57
  70
1
  102
RTVSPropertyOp0
  70
1
  102
RTVSPropertyOp1
  70
1
  102
RTVSPropertyOp2
  70
1
  102
RTVSPropertyOp3
  70
1
  102
RTVSPropertyOp4
  70
1
  102
RTVSPropertyOp5
  70
1
  102
RTVSPropertyOp6
  70
1
  102
RTVSPropertyOp7
  70
1
  102
RTVSPropertyOp8
  70
1
  102
RTVSPropertyOp9
  70
1
  102
RTVSPropertyOp10
  70
1
  102
RTVSPropertyOp11
  70
1
  102
RTVSPropertyOp12
  70
1
  102
RTVSPropertyOp13
  70
1
  102
RTVSPropertyOp14
  70
1
  102
RTVSPropertyOp15
  70
1
  102
RTVSPropertyOp16
  70
1
  102
RTVSPropertyOp17
  70
1
  102
RTVSPropertyOp18
  70
1
  102
RTVSPropertyOp19
  70
1
  102
RTVSPropertyOp20
  70
1
  102
RTVSPropertyOp21
  70
1
  102
RTVSPropertyOp22
  70
1
  102
RTVSPropertyOp23
  70
1
  102
RTVSPropertyOp24
  70
1
  102
RTVSPropertyOp25
  70
1
  102
RTVSPropertyOp26
  70
1
  102
RTVSPropertyOp27
  70
1
  102
RTVSPropertyOp28
  70
1
  102
RTVSPropertyOp29
  70
1
  102
RTVSPropertyOp30
  70
1
  102
RTVSPropertyOp31
  70
1
  102
RTVSPropertyOp32
  70
1
  102
RTVSPropertyOp33
  70
1
  102
RTVSPropertyOp34
  70
1
  102
RTVSPropertyOp35
  70
1
  102
RTVSPropertyOp36
  70
1
  102
RTVSPropertyOp37
  70
1
  102
RTVSPropertyOp38
  70
1
  102
RTVSPropertyOp39
  70
1
  102
RTVSPropertyOp40
  70
1
  102
RTVSPropertyOp41
  70
1
  102
RTVSPropertyOp42
  70
1
  102
RTVSPropertyOp43
  70
1
  102
RTVSPropertyOp44
  70
1
  102
RTVSPropertyOp45
  70
1
  102
RTVSPropertyOp46
  70
1
  102
RTVSPropertyOp47
  70
1
  102
RTVSPropertyOp48
  70
1
  102
RTVSPropertyOp49
  70
1
  102
RTVSPropertyOp50
  70
1
  102
RTVSPropertyOp51
  70
0
  102
RTVSPropertyOp52
  70
0
  102
RTVSPropertyOp53
  70
1
  102
RTVSPropertyOp54
  70
1
  102
RTVSPropertyOp55
  70
1
  102
RTVSPropertyOp56
  70
1
  102
RTVSPropertyOp57
  70
1
  102
RTVSPropertyOp58
  70
1
  102
RTVSPropertyOp59
  70
1
  102
RTVSPropertyOp60
  70
1
  102
RTVSPropertyOp61
  70
1
  102
RTVSPropertyOp62
  70
1
  0
XRECORD
  5
331
  102
{ACAD_REACTORS
  330
330
  102
}
  330
330
  100
AcDbXrecord
  280
1
  102
RTVSPost2010Prop28
  280
0
  102
RTVSPost2010PropOp28
  70
1
  102
RTVSPost2010Prop29
  280
1
  102
RTVSPost2010PropOp29
  70
1
  102
RTVSPost2010Prop30
  280
1
  102
RTVSPost2010PropOp30
  70
1
  102
RTVSPost2010Prop31
  280
0
  102
RTVSPost2010PropOp31
  70
1
  102
RTVSPost2010Prop32
  280
0
  102
RTVSPost2010PropOp32
  70
1
  102
RTVSPost2010Prop33
  280
0
  102
RTVSPost2010PropOp33
  70
1
  102
RTVSPost2010Prop34
  280
0
  102
RTVSPost2010PropOp34
  70
1
  102
RTVSPost2010Prop35
  280
0
  102
RTVSPost2010PropOp35
  70
1
  102
RTVSPost2010Prop36
  280
0
  102
RTVSPost2010PropOp36
  70
1
  102
RTVSPost2010Prop37
  90
50
  102
RTVSPost2010PropOp37
  70
1
  102
RTVSPost2010Prop38
  140
0
  102
RTVSPost2010PropOp38
  70
1
  102
RTVSPost2010Prop39
  140
1
  102
RTVSPost2010PropOp39
  70
1
  102
RTVSPost2010Prop40
  90
0
  102
RTVSPost2010PropOp40
  70
1
  102
RTVSPost2010Prop41ColorIndex
  90
18
  102
RTVSPost2010Prop41ColorRGB
  90
0
  102
RTVSPost2010PropOp41
  70
1
  102
RTVSPost2010Prop42
  90
50
  102
RTVSPost2010PropOp42
  70
1
  102
RTVSPost2010Prop43
  90
3
  102
RTVSPost2010PropOp43
  70
1
  102
RTVSPost2010Prop44ColorIndex
  90
5
  102
RTVSPost2010Prop44ColorRGB
  90
255
  102
RTVSPost2010PropOp44
  70
1
  102
RTVSPost2010Prop45
  280
0
  102
RTVSPost2010PropOp45
  70
1
  102
RTVSPost2010Prop46
  90
50
  102
RTVSPost2010PropOp46
  70
1
  102
RTVSPost2010Prop47
  90
50
  102
RTVSPost2010PropOp47
  70
1
  102
RTVSPost2010Prop48
  90
50
  102
RTVSPost2010PropOp48
  70
1
  102
RTVSPost2010Prop49
  280
0
  102
RTVSPost2010PropOp49
  70
1
  102
RTVSPost2010Prop50
  90
50
  102
RTVSPost2010PropOp50
  70
1
  102
RTVSPost2010Prop51ColorIndex
  90
256
  102
RTVSPost2010Prop51ColorRGB
  90
-16777216
  102
RTVSPost2010PropOp51
  70
0
  102
RTVSPost2010Prop52
  140
1
  102
RTVSPost2010PropOp52
  70
0
  102
RTVSPost2010Prop53
  90
2
  102
RTVSPost2010PropOp53
  70
1
  102
RTVSPost2010Prop54
  1
strokes_ogs.tif
  102
RTVSPost2010PropOp54
  70
1
  102
RTVSPost2010Prop55
  280
0
  102
RTVSPost2010PropOp55
  70
1
  102
RTVSPost2010Prop56
  140
1
  102
RTVSPost2010PropOp56
  70
1
  102
RTVSPost2010Prop57
  140
1
  102
RTVSPost2010PropOp57
  70
1
  102
RTVSPropertyOp0
  70
1
  102
RTVSPropertyOp1
  70
1
  102
RTVSPropertyOp2
  70
1
  102
RTVSPropertyOp3
  70
1
  102
RTVSPropertyOp4
  70
1
  102
RTVSPropertyOp5
  70
1
  102
RTVSPropertyOp6
  70
1
  102
RTVSPropertyOp7
  70
1
  102
RTVSPropertyOp8
  70
1
  102
RTVSPropertyOp9
  70
1
  102
RTVSPropertyOp10
  70
1
  102
RTVSPropertyOp11
  70
1
  102
RTVSPropertyOp12
  70
1
  102
RTVSPropertyOp13
  70
1
  102
RTVSPropertyOp14
  70
1
  102
RTVSPropertyOp15
  70
1
  102
RTVSPropertyOp16
  70
1
  102
RTVSPropertyOp17
  70
1
  102
RTVSPropertyOp18
  70
1
  102
RTVSPropertyOp19
  70
1
  102
RTVSPropertyOp20
  70
1
  102
RTVSPropertyOp21
  70
1
  102
RTVSPropertyOp22
  70
1
  102
RTVSPropertyOp23
  70
1
  102
RTVSPropertyOp24
  70
1
  102
RTVSPropertyOp25
  70
1
  102
RTVSPropertyOp26
  70
1
  102
RTVSPropertyOp27
  70
1
  102
RTVSPropertyOp28
  70
1
  102
RTVSPropertyOp29
  70
1
  102
RTVSPropertyOp30
  70
1
  102
RTVSPropertyOp31
  70
1
  102
RTVSPropertyOp32
  70
1
  102
RTVSPropertyOp33
  70
1
  102
RTVSPropertyOp34
  70
1
  102
RTVSPropertyOp35
  70
1
  102
RTVSPropertyOp36
  70
1
  102
RTVSPropertyOp37
  70
1
  102
RTVSPropertyOp38
  70
1
  102
RTVSPropertyOp39
  70
1
  102
RTVSPropertyOp40
  70
1
  102
RTVSPropertyOp41
  70
1
  102
RTVSPropertyOp42
  70
1
  102
RTVSPropertyOp43
  70
1
  102
RTVSPropertyOp44
  70
1
  102
RTVSPropertyOp45
  70
1
  102
RTVSPropertyOp46
  70
1
  102
RTVSPropertyOp47
  70
1
  102
RTVSPropertyOp48
  70
1
  102
RTVSPropertyOp49
  70
1
  102
RTVSPropertyOp50
  70
1
  102
RTVSPropertyOp51
  70
0
  102
RTVSPropertyOp52
  70
0
  102
RTVSPropertyOp53
  70
1
  102
RTVSPropertyOp54
  70
1
  102
RTVSPropertyOp55
  70
1
  102
RTVSPropertyOp56
  70
1
  102
RTVSPropertyOp57
  70
1
  102
RTVSPropertyOp58
  70
1
  102
RTVSPropertyOp59
  70
1
  102
RTVSPropertyOp60
  70
1
  102
RTVSPropertyOp61
  70
1
  102
RTVSPropertyOp62
  70
1
  0
XRECORD
  5
333
  102
{ACAD_REACTORS
  330
332
  102
}
  330
332
  100
AcDbXrecord
  280
1
  102
RTVSPost2010Prop28
  280
0
  102
RTVSPost2010PropOp28
  70
1
  102
RTVSPost2010Prop29
  280
1
  102
RTVSPost2010PropOp29
  70
1
  102
RTVSPost2010Prop30
  280
1
  102
RTVSPost2010PropOp30
  70
1
  102
RTVSPost2010Prop31
  280
0
  102
RTVSPost2010PropOp31
  70
1
  102
RTVSPost2010Prop32
  280
0
  102
RTVSPost2010PropOp32
  70
1
  102
RTVSPost2010Prop33
  280
0
  102
RTVSPost2010PropOp33
  70
1
  102
RTVSPost2010Prop34
  280
0
  102
RTVSPost2010PropOp34
  70
1
  102
RTVSPost2010Prop35
  280
0
  102
RTVSPost2010PropOp35
  70
1
  102
RTVSPost2010Prop36
  280
0
  102
RTVSPost2010PropOp36
  70
1
  102
RTVSPost2010Prop37
  90
50
  102
RTVSPost2010PropOp37
  70
1
  102
RTVSPost2010Prop38
  140
0
  102
RTVSPost2010PropOp38
  70
1
  102
RTVSPost2010Prop39
  140
1
  102
RTVSPost2010PropOp39
  70
1
  102
RTVSPost2010Prop40
  90
0
  102
RTVSPost2010PropOp40
  70
1
  102
RTVSPost2010Prop41ColorIndex
  90
18
  102
RTVSPost2010Prop41ColorRGB
  90
0
  102
RTVSPost2010PropOp41
  70
1
  102
RTVSPost2010Prop42
  90
50
  102
RTVSPost2010PropOp42
  70
1
  102
RTVSPost2010Prop43
  90
3
  102
RTVSPost2010PropOp43
  70
1
  102
RTVSPost2010Prop44ColorIndex
  90
5
  102
RTVSPost2010Prop44ColorRGB
  90
255
  102
RTVSPost2010PropOp44
  70
1
  102
RTVSPost2010Prop45
  280
0
  102
RTVSPost2010PropOp45
  70
1
  102
RTVSPost2010Prop46
  90
50
  102
RTVSPost2010PropOp46
  70
1
  102
RTVSPost2010Prop47
  90
50
  102
RTVSPost2010PropOp47
  70
1
  102
RTVSPost2010Prop48
  90
50
  102
RTVSPost2010PropOp48
  70
1
  102
RTVSPost2010Prop49
  280
0
  102
RTVSPost2010PropOp49
  70
1
  102
RTVSPost2010Prop50
  90
50
  102
RTVSPost2010PropOp50
  70
1
  102
RTVSPost2010Prop51ColorIndex
  90
256
  102
RTVSPost2010Prop51ColorRGB
  90
-16777216
  102
RTVSPost2010PropOp51
  70
0
  102
RTVSPost2010Prop52
  140
1
  102
RTVSPost2010PropOp52
  70
0
  102
RTVSPost2010Prop53
  90
2
  102
RTVSPost2010PropOp53
  70
1
  102
RTVSPost2010Prop54
  1
strokes_ogs.tif
  102
RTVSPost2010PropOp54
  70
1
  102
RTVSPost2010Prop55
  280
0
  102
RTVSPost2010PropOp55
  70
1
  102
RTVSPost2010Prop56
  140
1
  102
RTVSPost2010PropOp56
  70
1
  102
RTVSPost2010Prop57
  140
1
  102
RTVSPost2010PropOp57
  70
1
  102
RTVSPropertyOp0
  70
1
  102
RTVSPropertyOp1
  70
1
  102
RTVSPropertyOp2
  70
1
  102
RTVSPropertyOp3
  70
1
  102
RTVSPropertyOp4
  70
1
  102
RTVSPropertyOp5
  70
1
  102
RTVSPropertyOp6
  70
1
  102
RTVSPropertyOp7
  70
1
  102
RTVSPropertyOp8
  70
1
  102
RTVSPropertyOp9
  70
1
  102
RTVSPropertyOp10
  70
1
  102
RTVSPropertyOp11
  70
1
  102
RTVSPropertyOp12
  70
1
  102
RTVSPropertyOp13
  70
1
  102
RTVSPropertyOp14
  70
1
  102
RTVSPropertyOp15
  70
1
  102
RTVSPropertyOp16
  70
1
  102
RTVSPropertyOp17
  70
1
  102
RTVSPropertyOp18
  70
1
  102
RTVSPropertyOp19
  70
1
  102
RTVSPropertyOp20
  70
1
  102
RTVSPropertyOp21
  70
1
  102
RTVSPropertyOp22
  70
1
  102
RTVSPropertyOp23
  70
1
  102
RTVSPropertyOp24
  70
1
  102
RTVSPropertyOp25
  70
1
  102
RTVSPropertyOp26
  70
1
  102
RTVSPropertyOp27
  70
1
  102
RTVSPropertyOp28
  70
1
  102
RTVSPropertyOp29
  70
1
  102
RTVSPropertyOp30
  70
1
  102
RTVSPropertyOp31
  70
1
  102
RTVSPropertyOp32
  70
1
  102
RTVSPropertyOp33
  70
1
  102
RTVSPropertyOp34
  70
1
  102
RTVSPropertyOp35
  70
1
  102
RTVSPropertyOp36
  70
1
  102
RTVSPropertyOp37
  70
1
  102
RTVSPropertyOp38
  70
1
  102
RTVSPropertyOp39
  70
1
  102
RTVSPropertyOp40
  70
1
  102
RTVSPropertyOp41
  70
1
  102
RTVSPropertyOp42
  70
1
  102
RTVSPropertyOp43
  70
1
  102
RTVSPropertyOp44
  70
1
  102
RTVSPropertyOp45
  70
1
  102
RTVSPropertyOp46
  70
1
  102
RTVSPropertyOp47
  70
1
  102
RTVSPropertyOp48
  70
1
  102
RTVSPropertyOp49
  70
1
  102
RTVSPropertyOp50
  70
1
  102
RTVSPropertyOp51
  70
0
  102
RTVSPropertyOp52
  70
0
  102
RTVSPropertyOp53
  70
1
  102
RTVSPropertyOp54
  70
1
  102
RTVSPropertyOp55
  70
1
  102
RTVSPropertyOp56
  70
1
  102
RTVSPropertyOp57
  70
1
  102
RTVSPropertyOp58
  70
1
  102
RTVSPropertyOp59
  70
1
  102
RTVSPropertyOp60
  70
1
  102
RTVSPropertyOp61
  70
1
  102
RTVSPropertyOp62
  70
1
  0
XRECORD
  5
323
  102
{ACAD_REACTORS
  330
322
  102
}
  330
322
  100
AcDbXrecord
  280
1
  102
RTVSPost2010Prop28
  280
0
  102
RTVSPost2010PropOp28
  70
1
  102
RTVSPost2010Prop29
  280
1
  102
RTVSPost2010PropOp29
  70
1
  102
RTVSPost2010Prop30
  280
1
  102
RTVSPost2010PropOp30
  70
1
  102
RTVSPost2010Prop31
  280
0
  102
RTVSPost2010PropOp31
  70
1
  102
RTVSPost2010Prop32
  280
0
  102
RTVSPost2010PropOp32
  70
1
  102
RTVSPost2010Prop33
  280
0
  102
RTVSPost2010PropOp33
  70
1
  102
RTVSPost2010Prop34
  280
0
  102
RTVSPost2010PropOp34
  70
1
  102
RTVSPost2010Prop35
  280
0
  102
RTVSPost2010PropOp35
  70
1
  102
RTVSPost2010Prop36
  280
0
  102
RTVSPost2010PropOp36
  70
1
  102
RTVSPost2010Prop37
  90
50
  102
RTVSPost2010PropOp37
  70
1
  102
RTVSPost2010Prop38
  140
0
  102
RTVSPost2010PropOp38
  70
1
  102
RTVSPost2010Prop39
  140
1
  102
RTVSPost2010PropOp39
  70
1
  102
RTVSPost2010Prop40
  90
0
  102
RTVSPost2010PropOp40
  70
1
  102
RTVSPost2010Prop41ColorIndex
  90
18
  102
RTVSPost2010Prop41ColorRGB
  90
0
  102
RTVSPost2010PropOp41
  70
1
  102
RTVSPost2010Prop42
  90
50
  102
RTVSPost2010PropOp42
  70
1
  102
RTVSPost2010Prop43
  90
3
  102
RTVSPost2010PropOp43
  70
1
  102
RTVSPost2010Prop44ColorIndex
  90
5
  102
RTVSPost2010Prop44ColorRGB
  90
255
  102
RTVSPost2010PropOp44
  70
1
  102
RTVSPost2010Prop45
  280
0
  102
RTVSPost2010PropOp45
  70
1
  102
RTVSPost2010Prop46
  90
50
  102
RTVSPost2010PropOp46
  70
1
  102
RTVSPost2010Prop47
  90
50
  102
RTVSPost2010PropOp47
  70
1
  102
RTVSPost2010Prop48
  90
50
  102
RTVSPost2010PropOp48
  70
1
  102
RTVSPost2010Prop49
  280
0
  102
RTVSPost2010PropOp49
  70
1
  102
RTVSPost2010Prop50
  90
50
  102
RTVSPost2010PropOp50
  70
1
  102
RTVSPost2010Prop51ColorIndex
  90
256
  102
RTVSPost2010Prop51ColorRGB
  90
-16777216
  102
RTVSPost2010PropOp51
  70
0
  102
RTVSPost2010Prop52
  140
1
  102
RTVSPost2010PropOp52
  70
0
  102
RTVSPost2010Prop53
  90
2
  102
RTVSPost2010PropOp53
  70
1
  102
RTVSPost2010Prop54
  1
strokes_ogs.tif
  102
RTVSPost2010PropOp54
  70
1
  102
RTVSPost2010Prop55
  280
0
  102
RTVSPost2010PropOp55
  70
1
  102
RTVSPost2010Prop56
  140
1
  102
RTVSPost2010PropOp56
  70
1
  102
RTVSPost2010Prop57
  140
1
  102
RTVSPost2010PropOp57
  70
1
  102
RTVSPropertyOp0
  70
1
  102
RTVSPropertyOp1
  70
1
  102
RTVSPropertyOp2
  70
1
  102
RTVSPropertyOp3
  70
1
  102
RTVSPropertyOp4
  70
1
  102
RTVSPropertyOp5
  70
1
  102
RTVSPropertyOp6
  70
1
  102
RTVSPropertyOp7
  70
1
  102
RTVSPropertyOp8
  70
1
  102
RTVSPropertyOp9
  70
1
  102
RTVSPropertyOp10
  70
1
  102
RTVSPropertyOp11
  70
1
  102
RTVSPropertyOp12
  70
1
  102
RTVSPropertyOp13
  70
1
  102
RTVSPropertyOp14
  70
1
  102
RTVSPropertyOp15
  70
1
  102
RTVSPropertyOp16
  70
1
  102
RTVSPropertyOp17
  70
1
  102
RTVSPropertyOp18
  70
1
  102
RTVSPropertyOp19
  70
1
  102
RTVSPropertyOp20
  70
1
  102
RTVSPropertyOp21
  70
1
  102
RTVSPropertyOp22
  70
1
  102
RTVSPropertyOp23
  70
1
  102
RTVSPropertyOp24
  70
1
  102
RTVSPropertyOp25
  70
1
  102
RTVSPropertyOp26
  70
1
  102
RTVSPropertyOp27
  70
1
  102
RTVSPropertyOp28
  70
1
  102
RTVSPropertyOp29
  70
1
  102
RTVSPropertyOp30
  70
1
  102
RTVSPropertyOp31
  70
1
  102
RTVSPropertyOp32
  70
1
  102
RTVSPropertyOp33
  70
1
  102
RTVSPropertyOp34
  70
1
  102
RTVSPropertyOp35
  70
1
  102
RTVSPropertyOp36
  70
1
  102
RTVSPropertyOp37
  70
1
  102
RTVSPropertyOp38
  70
1
  102
RTVSPropertyOp39
  70
1
  102
RTVSPropertyOp40
  70
1
  102
RTVSPropertyOp41
  70
1
  102
RTVSPropertyOp42
  70
1
  102
RTVSPropertyOp43
  70
1
  102
RTVSPropertyOp44
  70
1
  102
RTVSPropertyOp45
  70
1
  102
RTVSPropertyOp46
  70
1
  102
RTVSPropertyOp47
  70
1
  102
RTVSPropertyOp48
  70
1
  102
RTVSPropertyOp49
  70
1
  102
RTVSPropertyOp50
  70
1
  102
RTVSPropertyOp51
  70
0
  102
RTVSPropertyOp52
  70
0
  102
RTVSPropertyOp53
  70
1
  102
RTVSPropertyOp54
  70
1
  102
RTVSPropertyOp55
  70
1
  102
RTVSPropertyOp56
  70
1
  102
RTVSPropertyOp57
  70
1
  102
RTVSPropertyOp58
  70
1
  102
RTVSPropertyOp59
  70
1
  102
RTVSPropertyOp60
  70
1
  102
RTVSPropertyOp61
  70
1
  102
RTVSPropertyOp62
  70
1
  0
XRECORD
  5
317
  102
{ACAD_REACTORS
  330
316
  102
}
  330
316
  100
AcDbXrecord
  280
1
  102
RTVSPost2010Prop28
  280
0
  102
RTVSPost2010PropOp28
  70
1
  102
RTVSPost2010Prop29
  280
1
  102
RTVSPost2010PropOp29
  70
1
  102
RTVSPost2010Prop30
  280
1
  102
RTVSPost2010PropOp30
  70
1
  102
RTVSPost2010Prop31
  280
0
  102
RTVSPost2010PropOp31
  70
1
  102
RTVSPost2010Prop32
  280
0
  102
RTVSPost2010PropOp32
  70
1
  102
RTVSPost2010Prop33
  280
0
  102
RTVSPost2010PropOp33
  70
1
  102
RTVSPost2010Prop34
  280
0
  102
RTVSPost2010PropOp34
  70
1
  102
RTVSPost2010Prop35
  280
0
  102
RTVSPost2010PropOp35
  70
1
  102
RTVSPost2010Prop36
  280
0
  102
RTVSPost2010PropOp36
  70
1
  102
RTVSPost2010Prop37
  90
50
  102
RTVSPost2010PropOp37
  70
1
  102
RTVSPost2010Prop38
  140
0
  102
RTVSPost2010PropOp38
  70
1
  102
RTVSPost2010Prop39
  140
1
  102
RTVSPost2010PropOp39
  70
1
  102
RTVSPost2010Prop40
  90
0
  102
RTVSPost2010PropOp40
  70
1
  102
RTVSPost2010Prop41ColorIndex
  90
18
  102
RTVSPost2010Prop41ColorRGB
  90
0
  102
RTVSPost2010PropOp41
  70
1
  102
RTVSPost2010Prop42
  90
50
  102
RTVSPost2010PropOp42
  70
1
  102
RTVSPost2010Prop43
  90
3
  102
RTVSPost2010PropOp43
  70
1
  102
RTVSPost2010Prop44ColorIndex
  90
5
  102
RTVSPost2010Prop44ColorRGB
  90
255
  102
RTVSPost2010PropOp44
  70
1
  102
RTVSPost2010Prop45
  280
0
  102
RTVSPost2010PropOp45
  70
1
  102
RTVSPost2010Prop46
  90
50
  102
RTVSPost2010PropOp46
  70
1
  102
RTVSPost2010Prop47
  90
50
  102
RTVSPost2010PropOp47
  70
1
  102
RTVSPost2010Prop48
  90
50
  102
RTVSPost2010PropOp48
  70
1
  102
RTVSPost2010Prop49
  280
0
  102
RTVSPost2010PropOp49
  70
1
  102
RTVSPost2010Prop50
  90
50
  102
RTVSPost2010PropOp50
  70
1
  102
RTVSPost2010Prop51ColorIndex
  90
256
  102
RTVSPost2010Prop51ColorRGB
  90
-16777216
  102
RTVSPost2010PropOp51
  70
0
  102
RTVSPost2010Prop52
  140
1
  102
RTVSPost2010PropOp52
  70
0
  102
RTVSPost2010Prop53
  90
2
  102
RTVSPost2010PropOp53
  70
1
  102
RTVSPost2010Prop54
  1
strokes_ogs.tif
  102
RTVSPost2010PropOp54
  70
1
  102
RTVSPost2010Prop55
  280
0
  102
RTVSPost2010PropOp55
  70
1
  102
RTVSPost2010Prop56
  140
1
  102
RTVSPost2010PropOp56
  70
1
  102
RTVSPost2010Prop57
  140
1
  102
RTVSPost2010PropOp57
  70
1
  102
RTVSPropertyOp0
  70
1
  102
RTVSPropertyOp1
  70
1
  102
RTVSPropertyOp2
  70
1
  102
RTVSPropertyOp3
  70
1
  102
RTVSPropertyOp4
  70
1
  102
RTVSPropertyOp5
  70
1
  102
RTVSPropertyOp6
  70
1
  102
RTVSPropertyOp7
  70
1
  102
RTVSPropertyOp8
  70
1
  102
RTVSPropertyOp9
  70
1
  102
RTVSPropertyOp10
  70
1
  102
RTVSPropertyOp11
  70
1
  102
RTVSPropertyOp12
  70
1
  102
RTVSPropertyOp13
  70
1
  102
RTVSPropertyOp14
  70
1
  102
RTVSPropertyOp15
  70
1
  102
RTVSPropertyOp16
  70
1
  102
RTVSPropertyOp17
  70
1
  102
RTVSPropertyOp18
  70
1
  102
RTVSPropertyOp19
  70
1
  102
RTVSPropertyOp20
  70
1
  102
RTVSPropertyOp21
  70
1
  102
RTVSPropertyOp22
  70
1
  102
RTVSPropertyOp23
  70
1
  102
RTVSPropertyOp24
  70
1
  102
RTVSPropertyOp25
  70
1
  102
RTVSPropertyOp26
  70
1
  102
RTVSPropertyOp27
  70
1
  102
RTVSPropertyOp28
  70
1
  102
RTVSPropertyOp29
  70
1
  102
RTVSPropertyOp30
  70
1
  102
RTVSPropertyOp31
  70
1
  102
RTVSPropertyOp32
  70
1
  102
RTVSPropertyOp33
  70
1
  102
RTVSPropertyOp34
  70
1
  102
RTVSPropertyOp35
  70
1
  102
RTVSPropertyOp36
  70
1
  102
RTVSPropertyOp37
  70
1
  102
RTVSPropertyOp38
  70
1
  102
RTVSPropertyOp39
  70
1
  102
RTVSPropertyOp40
  70
1
  102
RTVSPropertyOp41
  70
1
  102
RTVSPropertyOp42
  70
1
  102
RTVSPropertyOp43
  70
1
  102
RTVSPropertyOp44
  70
1
  102
RTVSPropertyOp45
  70
1
  102
RTVSPropertyOp46
  70
1
  102
RTVSPropertyOp47
  70
1
  102
RTVSPropertyOp48
  70
1
  102
RTVSPropertyOp49
  70
1
  102
RTVSPropertyOp50
  70
1
  102
RTVSPropertyOp51
  70
0
  102
RTVSPropertyOp52
  70
0
  102
RTVSPropertyOp53
  70
1
  102
RTVSPropertyOp54
  70
1
  102
RTVSPropertyOp55
  70
1
  102
RTVSPropertyOp56
  70
1
  102
RTVSPropertyOp57
  70
1
  102
RTVSPropertyOp58
  70
1
  102
RTVSPropertyOp59
  70
1
  102
RTVSPropertyOp60
  70
1
  102
RTVSPropertyOp61
  70
1
  102
RTVSPropertyOp62
  70
1
  0
XRECORD
  5
335
  102
{ACAD_REACTORS
  330
334
  102
}
  330
334
  100
AcDbXrecord
  280
1
  102
RTVSPost2010Prop28
  280
0
  102
RTVSPost2010PropOp28
  70
1
  102
RTVSPost2010Prop29
  280
1
  102
RTVSPost2010PropOp29
  70
1
  102
RTVSPost2010Prop30
  280
1
  102
RTVSPost2010PropOp30
  70
1
  102
RTVSPost2010Prop31
  280
0
  102
RTVSPost2010PropOp31
  70
1
  102
RTVSPost2010Prop32
  280
0
  102
RTVSPost2010PropOp32
  70
1
  102
RTVSPost2010Prop33
  280
0
  102
RTVSPost2010PropOp33
  70
1
  102
RTVSPost2010Prop34
  280
0
  102
RTVSPost2010PropOp34
  70
1
  102
RTVSPost2010Prop35
  280
0
  102
RTVSPost2010PropOp35
  70
1
  102
RTVSPost2010Prop36
  280
0
  102
RTVSPost2010PropOp36
  70
1
  102
RTVSPost2010Prop37
  90
50
  102
RTVSPost2010PropOp37
  70
1
  102
RTVSPost2010Prop38
  140
0
  102
RTVSPost2010PropOp38
  70
1
  102
RTVSPost2010Prop39
  140
1
  102
RTVSPost2010PropOp39
  70
1
  102
RTVSPost2010Prop40
  90
0
  102
RTVSPost2010PropOp40
  70
1
  102
RTVSPost2010Prop41ColorIndex
  90
18
  102
RTVSPost2010Prop41ColorRGB
  90
0
  102
RTVSPost2010PropOp41
  70
1
  102
RTVSPost2010Prop42
  90
50
  102
RTVSPost2010PropOp42
  70
1
  102
RTVSPost2010Prop43
  90
3
  102
RTVSPost2010PropOp43
  70
1
  102
RTVSPost2010Prop44ColorIndex
  90
5
  102
RTVSPost2010Prop44ColorRGB
  90
255
  102
RTVSPost2010PropOp44
  70
1
  102
RTVSPost2010Prop45
  280
0
  102
RTVSPost2010PropOp45
  70
1
  102
RTVSPost2010Prop46
  90
50
  102
RTVSPost2010PropOp46
  70
1
  102
RTVSPost2010Prop47
  90
50
  102
RTVSPost2010PropOp47
  70
1
  102
RTVSPost2010Prop48
  90
50
  102
RTVSPost2010PropOp48
  70
1
  102
RTVSPost2010Prop49
  280
0
  102
RTVSPost2010PropOp49
  70
1
  102
RTVSPost2010Prop50
  90
50
  102
RTVSPost2010PropOp50
  70
1
  102
RTVSPost2010Prop51ColorIndex
  90
256
  102
RTVSPost2010Prop51ColorRGB
  90
-16777216
  102
RTVSPost2010PropOp51
  70
0
  102
RTVSPost2010Prop52
  140
1
  102
RTVSPost2010PropOp52
  70
0
  102
RTVSPost2010Prop53
  90
2
  102
RTVSPost2010PropOp53
  70
1
  102
RTVSPost2010Prop54
  1
strokes_ogs.tif
  102
RTVSPost2010PropOp54
  70
1
  102
RTVSPost2010Prop55
  280
0
  102
RTVSPost2010PropOp55
  70
1
  102
RTVSPost2010Prop56
  140
1
  102
RTVSPost2010PropOp56
  70
1
  102
RTVSPost2010Prop57
  140
1
  102
RTVSPost2010PropOp57
  70
1
  102
RTVSPropertyOp0
  70
1
  102
RTVSPropertyOp1
  70
1
  102
RTVSPropertyOp2
  70
1
  102
RTVSPropertyOp3
  70
1
  102
RTVSPropertyOp4
  70
1
  102
RTVSPropertyOp5
  70
1
  102
RTVSPropertyOp6
  70
1
  102
RTVSPropertyOp7
  70
1
  102
RTVSPropertyOp8
  70
1
  102
RTVSPropertyOp9
  70
1
  102
RTVSPropertyOp10
  70
1
  102
RTVSPropertyOp11
  70
1
  102
RTVSPropertyOp12
  70
1
  102
RTVSPropertyOp13
  70
1
  102
RTVSPropertyOp14
  70
1
  102
RTVSPropertyOp15
  70
1
  102
RTVSPropertyOp16
  70
1
  102
RTVSPropertyOp17
  70
1
  102
RTVSPropertyOp18
  70
1
  102
RTVSPropertyOp19
  70
1
  102
RTVSPropertyOp20
  70
1
  102
RTVSPropertyOp21
  70
1
  102
RTVSPropertyOp22
  70
1
  102
RTVSPropertyOp23
  70
1
  102
RTVSPropertyOp24
  70
1
  102
RTVSPropertyOp25
  70
1
  102
RTVSPropertyOp26
  70
1
  102
RTVSPropertyOp27
  70
1
  102
RTVSPropertyOp28
  70
1
  102
RTVSPropertyOp29
  70
1
  102
RTVSPropertyOp30
  70
1
  102
RTVSPropertyOp31
  70
1
  102
RTVSPropertyOp32
  70
1
  102
RTVSPropertyOp33
  70
1
  102
RTVSPropertyOp34
  70
1
  102
RTVSPropertyOp35
  70
1
  102
RTVSPropertyOp36
  70
1
  102
RTVSPropertyOp37
  70
1
  102
RTVSPropertyOp38
  70
1
  102
RTVSPropertyOp39
  70
1
  102
RTVSPropertyOp40
  70
1
  102
RTVSPropertyOp41
  70
1
  102
RTVSPropertyOp42
  70
1
  102
RTVSPropertyOp43
  70
1
  102
RTVSPropertyOp44
  70
1
  102
RTVSPropertyOp45
  70
1
  102
RTVSPropertyOp46
  70
1
  102
RTVSPropertyOp47
  70
1
  102
RTVSPropertyOp48
  70
1
  102
RTVSPropertyOp49
  70
1
  102
RTVSPropertyOp50
  70
1
  102
RTVSPropertyOp51
  70
0
  102
RTVSPropertyOp52
  70
0
  102
RTVSPropertyOp53
  70
1
  102
RTVSPropertyOp54
  70
1
  102
RTVSPropertyOp55
  70
1
  102
RTVSPropertyOp56
  70
1
  102
RTVSPropertyOp57
  70
1
  102
RTVSPropertyOp58
  70
1
  102
RTVSPropertyOp59
  70
1
  102
RTVSPropertyOp60
  70
1
  102
RTVSPropertyOp61
  70
1
  102
RTVSPropertyOp62
  70
1
  0
ENDSEC
  0
EOF