  0
SECTION
  2
HEADER
  9
$ACADVER
  1
AC1021
  9
$ACADMAINTVER
 70
    50
  9
$DWGCODEPAGE
  3
ANSI_936
  9
$LASTSAVEDBY
  1
MSM
  9
$INSBASE
 10
0.0
 20
0.0
 30
0.0
  9
$EXTMIN
 10
4.697571784138631
 20
3.525788049127186
 30
-0.0015258207003583
  9
$EXTMAX
 10
30.65277152072269
 20
33.52670326564305
 30
0.0000000349246037
  9
$LIMMIN
 10
0.0
 20
0.0
  9
$LIMMAX
 10
420.0
 20
297.0
  9
$ORTHOMODE
 70
     0
  9
$REGENMODE
 70
     1
  9
$FILLMODE
 70
     1
  9
$QTEXTMODE
 70
     0
  9
$MIRRTEXT
 70
     0
  9
$LTSCALE
 40
1.0
  9
$ATTMODE
 70
     1
  9
$TEXTSIZE
 40
2.5
  9
$TRACEWID
 40
1.0
  9
$TEXTSTYLE
  7
Standard
  9
$CLAYER
  8
0
  9
$CELTYPE
  6
ByLayer
  9
$CECOLOR
 62
   256
  9
$CELTSCALE
 40
1.0
  9
$DISPSILH
 70
     0
  9
$DIMSCALE
 40
1.0
  9
$DIMASZ
 40
2.5
  9
$DIMEXO
 40
0.625
  9
$DIMDLI
 40
3.75
  9
$DIMRND
 40
0.0
  9
$DIMDLE
 40
0.0
  9
$DIMEXE
 40
1.25
  9
$DIMTP
 40
0.0
  9
$DIMTM
 40
0.0
  9
$DIMTXT
 40
2.5
  9
$DIMCEN
 40
2.5
  9
$DIMTSZ
 40
0.0
  9
$DIMTOL
 70
     0
  9
$DIMLIM
 70
     0
  9
$DIMTIH
 70
     0
  9
$DIMTOH
 70
     0
  9
$DIMSE1
 70
     0
  9
$DIMSE2
 70
     0
  9
$DIMTAD
 70
     1
  9
$DIMZIN
 70
     8
  9
$DIMBLK
  1

  9
$DIMASO
 70
     1
  9
$DIMSHO
 70
     1
  9
$DIMPOST
  1

  9
$DIMAPOST
  1

  9
$DIMALT
 70
     0
  9
$DIMALTD
 70
     3
  9
$DIMALTF
 40
0.03937007874016
  9
$DIMLFAC
 40
1.0
  9
$DIMTOFL
 70
     1
  9
$DIMTVP
 40
0.0
  9
$DIMTIX
 70
     0
  9
$DIMSOXD
 70
     0
  9
$DIMSAH
 70
     0
  9
$DIMBLK1
  1

  9
$DIMBLK2
  1

  9
$DIMSTYLE
  2
ISO-25
  9
$DIMCLRD
 70
     0
  9
$DIMCLRE
 70
     0
  9
$DIMCLRT
 70
     0
  9
$DIMTFAC
 40
1.0
  9
$DIMGAP
 40
0.625
  9
$DIMJUST
 70
     0
  9
$DIMSD1
 70
     0
  9
$DIMSD2
 70
     0
  9
$DIMTOLJ
 70
     0
  9
$DIMTZIN
 70
     8
  9
$DIMALTZ
 70
     0
  9
$DIMALTTZ
 70
     0
  9
$DIMUPT
 70
     0
  9
$DIMDEC
 70
     2
  9
$DIMTDEC
 70
     2
  9
$DIMALTU
 70
     2
  9
$DIMALTTD
 70
     3
  9
$DIMTXSTY
  7
Standard
  9
$DIMAUNIT
 70
     0
  9
$DIMADEC
 70
     0
  9
$DIMALTRND
 40
0.0
  9
$DIMAZIN
 70
     0
  9
$DIMDSEP
 70
    46
  9
$DIMATFIT
 70
     3
  9
$DIMFRAC
 70
     0
  9
$DIMLDRBLK
  1

  9
$DIMLUNIT
 70
     2
  9
$DIMLWD
 70
    -2
  9
$DIMLWE
 70
    -2
  9
$DIMTMOVE
 70
     0
  9
$DIMFXL
 40
1.0
  9
$DIMFXLON
 70
     0
  9
$DIMJOGANG
 40
1.570796326794896
  9
$DIMTFILL
 70
     0
  9
$DIMTFILLCLR
 70
     0
  9
$DIMARCSYM
 70
     0
  9
$DIMLTYPE
  6

  9
$DIMLTEX1
  6

  9
$DIMLTEX2
  6

  9
$LUNITS
 70
     2
  9
$LUPREC
 70
     4
  9
$SKETCHINC
 40
1.0
  9
$FILLETRAD
 40
0.0
  9
$AUNITS
 70
     0
  9
$AUPREC
 70
     0
  9
$MENU
  1
.
  9
$ELEVATION
 40
0.0
  9
$PELEVATION
 40
0.0
  9
$THICKNESS
 40
0.0
  9
$LIMCHECK
 70
     0
  9
$CHAMFERA
 40
0.0
  9
$CHAMFERB
 40
0.0
  9
$CHAMFERC
 40
0.0
  9
$CHAMFERD
 40
0.0
  9
$SKPOLY
 70
     0
  9
$TDCREATE
 40
2461238.394328704
  9
$TDUCREATE
 40
2461238.060995370
  9
$TDUPDATE
 40
2461238.395023148
  9
$TDUUPDATE
 40
2461238.061689815
  9
$TDINDWG
 40
0.0006944444
  9
$TDUSRTIMER
 40
0.0006944444
  9
$USRTIMER
 70
     1
  9
$ANGBASE
 50
0.0
  9
$ANGDIR
 70
     0
  9
$PDMODE
 70
     0
  9
$PDSIZE
 40
0.0
  9
$PLINEWID
 40
0.0
  9
$SPLFRAME
 70
     0
  9
$SPLINETYPE
 70
     6
  9
$SPLINESEGS
 70
     8
  9
$HANDSEED
  5
262
  9
$SURFTAB1
 70
     6
  9
$SURFTAB2
 70
     6
  9
$SURFTYPE
 70
     6
  9
$SURFU
 70
     6
  9
$SURFV
 70
     6
  9
$UCSBASE
  2

  9
$UCSNAME
  2

  9
$UCSORG
 10
0.0
 20
0.0
 30
0.0
  9
$UCSXDIR
 10
1.0
 20
0.0
 30
0.0
  9
$UCSYDIR
 10
0.0
 20
1.0
 30
0.0
  9
$UCSORTHOREF
  2

  9
$UCSORTHOVIEW
 70
     0
  9
$UCSORGTOP
 10
0.0
 20
0.0
 30
0.0
  9
$UCSORGBOTTOM
 10
0.0
 20
0.0
 30
0.0
  9
$UCSORGLEFT
 10
0.0
 20
0.0
 30
0.0
  9
$UCSORGRIGHT
 10
0.0
 20
0.0
 30
0.0
  9
$UCSORGFRONT
 10
0.0
 20
0.0
 30
0.0
  9
$UCSORGBACK
 10
0.0
 20
0.0
 30
0.0
  9
$PUCSBASE
  2

  9
$PUCSNAME
  2

  9
$PUCSORG
 10
0.0
 20
0.0
 30
0.0
  9
$PUCSXDIR
 10
1.0
 20
0.0
 30
0.0
  9
$PUCSYDIR
 10
0.0
 20
1.0
 30
0.0
  9
$PUCSORTHOREF
  2

  9
$PUCSORTHOVIEW
 70
     0
  9
$PUCSORGTOP
 10
0.0
 20
0.0
 30
0.0
  9
$PUCSORGBOTTOM
 10
0.0
 20
0.0
 30
0.0
  9
$PUCSORGLEFT
 10
0.0
 20
0.0
 30
0.0
  9
$PUCSORGRIGHT
 10
0.0
 20
0.0
 30
0.0
  9
$PUCSORGFRONT
 10
0.0
 20
0.0
 30
0.0
  9
$PUCSORGBACK
 10
0.0
 20
0.0
 30
0.0
  9
$USERI1
 70
     0
  9
$USERI2
 70
     0
  9
$USERI3
 70
     0
  9
$USERI4
 70
     0
  9
$USERI5
 70
     0
  9
$USERR1
 40
0.0
  9
$USERR2
 40
0.0
  9
$USERR3
 40
0.0
  9
$USERR4
 40
0.0
  9
$USERR5
 40
0.0
  9
$WORLDVIEW
 70
     1
  9
$SHADEDGE
 70
     3
  9
$SHADEDIF
 70
    70
  9
$TILEMODE
 70
     1
  9
$MAXACTVP
 70
    64
  9
$PINSBASE
 10
0.0
 20
0.0
 30
0.0
  9
$PLIMCHECK
 70
     0
  9
$PEXTMIN
 10
1.000000000000000E+20
 20
1.000000000000000E+20
 30
1.000000000000000E+20
  9
$PEXTMAX
 10
-1.000000000000000E+20
 20
-1.000000000000000E+20
 30
-1.000000000000000E+20
  9
$PLIMMIN
 10
0.0
 20
0.0
  9
$PLIMMAX
 10
420.0
 20
297.0
  9
$UNITMODE
 70
     0
  9
$VISRETAIN
 70
     1
  9
$PLINEGEN
 70
     0
  9
$PSLTSCALE
 70
     1
  9
$TREEDEPTH
 70
  3020
  9
$CMLSTYLE
  2
Standard
  9
$CMLJUST
 70
     0
  9
$CMLSCALE
 40
20.0
  9
$PROXYGRAPHICS
 70
     1
  9
$MEASUREMENT
 70
     1
  9
$CELWEIGHT
370
    -1
  9
$ENDCAPS
280
     0
  9
$JOINSTYLE
280
     0
  9
$LWDISPLAY
290
     0
  9
$INSUNITS
 70
     4
  9
$HYPERLINKBASE
  1

  9
$STYLESHEET
  1

  9
$XEDIT
290
     1
  9
$CEPSNTYPE
380
     0
  9
$PSTYLEMODE
290
     1
  9
$FINGERPRINTGUID
  2
{3275908D-C308-2642-8288-FCADB1711D16}
  9
$VERSIONGUID
  2
{467DFCC8-3F91-444E-98A6-51A7790475F6}
  9
$EXTNAMES
290
     1
  9
$PSVPSCALE
 40
0.0
  9
$OLESTARTUP
290
     0
  9
$SORTENTS
280
   127
  9
$INDEXCTL
280
     0
  9
$HIDETEXT
280
     1
  9
$XCLIPFRAME
290
     0
  9
$HALOGAP
280
     0
  9
$OBSCOLOR
 70
   257
  9
$OBSLTYPE
280
     0
  9
$INTERSECTIONDISPLAY
280
     0
  9
$INTERSECTIONCOLOR
 70
   257
  9
$DIMASSOC
280
     2
  9
$PROJECTNAME
  1

  9
$CAMERADISPLAY
290
     0
  9
$LENSLENGTH
 40
50.0
  9
$CAMERAHEIGHT
 40
0.0
  9
$STEPSPERSEC
 40
2.0
  9
$STEPSIZE
 40
6.0
  9
$3DDWFPREC
 40
2.0
  9
$PSOLWIDTH
 40
0.25
  9
$PSOLHEIGHT
 40
4.0
  9
$LOFTANG1
 40
1.570796326794896
  9
$LOFTANG2
 40
1.570796326794896
  9
$LOFTMAG1
 40
0.0
  9
$LOFTMAG2
 40
0.0
  9
$LOFTPARAM
 70
     7
  9
$LOFTNORMALS
280
     1
  9
$LATITUDE
 40
37.795
  9
$LONGITUDE
 40
-122.394
  9
$NORTHDIRECTION
 40
0.0
  9
$TIMEZONE
 70
 -8000
  9
$LIGHTGLYPHDISPLAY
280
     1
  9
$TILEMODELIGHTSYNCH
280
     1
  9
$CMATERIAL
347
11
  9
$SOLIDHIST
280
     0
  9
$SHOWHIST
280
     1
  9
$DWFFRAME
280
     2
  9
$DGNFRAME
280
     0
  9
$REALWORLDSCALE
290
     1
  9
$INTERFERECOLOR
 62
     1
  9
$INTERFEREOBJVS
345
33
  9
$INTERFEREVPVS
346
30
  9
$CSHADOW
280
     0
  9
$SHADOWPLANELOCATION
 40
0.0
  0
ENDSEC
  0
SECTION
  2
CLASSES
  0
CLASS
  1
ACDBDICTIONARYWDFLT
  2
AcDbDictionaryWithDefault
  3
ObjectDBX Classes
 90
        0
 91
        1
280
     0
281
     0
  0
CLASS
  1
MATERIAL
  2
AcDbMaterial
  3
ObjectDBX Classes
 90
     1153
 91
        3
280
     0
281
     0
  0
CLASS
  1
VISUALSTYLE
  2
AcDbVisualStyle
  3
ObjectDBX Classes
 90
     4095
 91
       24
280
     0
281
     0
  0
CLASS
  1
SCALE
  2
AcDbScale
  3
ObjectDBX Classes
 90
     1153
 91
       17
280
     0
281
     0
  0
CLASS
  1
TABLESTYLE
  2
AcDbTableStyle
  3
ObjectDBX Classes
 90
     4095
 91
        1
280
     0
281
     0
  0
CLASS
  1
MLEADERSTYLE
  2
AcDbMLeaderStyle
  3
ACDB_MLEADERSTYLE_CLASS
 90
     4095
 91
        1
280
     0
281
     0
  0
CLASS
  1
ACDBSECTIONVIEWSTYLE
  2
AcDbSectionViewStyle
  3
ObjectDBX Classes
 90
     1025
 91
        1
280
     0
281
     0
  0
CLASS
  1
ACDBDETAILVIEWSTYLE
  2
AcDbDetailViewStyle
  3
ObjectDBX Classes
 90
     1025
 91
        1
280
     0
281
     0
  0
CLASS
  1
DICTIONARYVAR
  2
AcDbDictionaryVar
  3
ObjectDBX Classes
 90
        0
 91
        9
280
     0
281
     0
  0
CLASS
  1
SORTENTSTABLE
  2
AcDbSortentsTable
  3
ObjectDBX Classes
 90
        0
 91
        1
280
     0
281
     0
  0
CLASS
  1
CELLSTYLEMAP
  2
AcDbCellStyleMap
  3
ObjectDBX Classes
 90
     1152
 91
        1
280
     0
281
     0
  0
ENDSEC
  0
SECTION
  2
TABLES
  0
TABLE
  2
VPORT
  5
8
330
0
100
AcDbSymbolTable
 70
     1
  0
VPORT
  5
57
330
8
100
AcDbSymbolTableRecord
100
AcDbViewportTableRecord
  2
*Active
 70
     0
 10
0.0
 20
0.0
 11
1.0
 21
1.0
 12
17.67517165243066
 22
18.52624565738512
 13
0.0
 23
0.0
 14
10.0
 24
10.0
 15
10.0
 25
10.0
 16
0.0
 26
0.0
 36
1.0
 17
0.0
 27
0.0
 37
0.0
 40
30.14165445912657
 41
2.003912363067292
 42
50.0
 43
0.0
 44
0.0
 50
0.0
 51
0.0
 71
     0
 72
  1000
 73
     1
 74
     3
 75
     0
 76
     0
 77
     0
 78
     0
281
     0
 65
     1
110
0.0
120
0.0
130
0.0
111
1.0
121
0.0
131
0.0
112
0.0
122
1.0
132
0.0
 79
     0
146
0.0
348
2F
 60
     2
 61
     5
292
     1
282
     1
141
0.0
142
0.0
 63
   250
421
  3355443
1001
ACAD_NAV_VCDISPLAY
1070
     1
  0
ENDTAB
  0
TABLE
  2
LTYPE
  5
5
330
0
100
AcDbSymbolTable
 70
     1
  0
LTYPE
  5
5B
330
5
100
AcDbSymbolTableRecord
100
AcDbLinetypeTableRecord
  2
ByBlock
 70
     0
  3

 72
    65
 73
     0
 40
0.0
  0
LTYPE
  5
5C
330
5
100
AcDbSymbolTableRecord
100
AcDbLinetypeTableRecord
  2
ByLayer
 70
     0
  3

 72
    65
 73
     0
 40
0.0
  0
LTYPE
  5
5D
330
5
100
AcDbSymbolTableRecord
100
AcDbLinetypeTableRecord
  2
Continuous
 70
     0
  3
Solid line
 72
    65
 73
     0
 40
0.0
  0
ENDTAB
  0
TABLE
  2
LAYER
  5
2
102
{ACAD_XDICTIONARY
360
AC
102
}
330
0
100
AcDbSymbolTable
 70
     3
  0
LAYER
  5
54
330
2
100
AcDbSymbolTableRecord
100
AcDbLayerTableRecord
  2
0
 70
     0
 62
     7
  6
Continuous
370
    -3
390
F
347
21
  0
LAYER
  5
A9
330
2
100
AcDbSymbolTableRecord
100
AcDbLayerTableRecord
  2
Defpoints
 70
     0
 62
     7
  6
Continuous
290
     0
370
    -3
390
F
347
21
  0
ENDTAB
  0
TABLE
  2
STYLE
  5
3
330
0
100
AcDbSymbolTable
 70
     2
  0
STYLE
  5
55
330
3
100
AcDbSymbolTableRecord
100
AcDbTextStyleTableRecord
  2
Standard
 70
     0
 40
0.0
 41
1.0
 50
0.0
 71
     0
 42
2.5
  3
txt
  4

  0
ENDTAB
  0
TABLE
  2
VIEW
  5
6
330
0
100
AcDbSymbolTable
 70
     0
  0
ENDTAB
  0
TABLE
  2
UCS
  5
7
330
0
100
AcDbSymbolTable
 70
     0
  0
ENDTAB
  0
TABLE
  2
APPID
  5
9
330
0
100
AcDbSymbolTable
 70
     6
  0
APPID
  5
56
330
9
100
AcDbSymbolTableRecord
100
AcDbRegAppTableRecord
  2
ACAD
 70
     0
  0
APPID
  5
5E
330
9
100
AcDbSymbolTableRecord
100
AcDbRegAppTableRecord
  2
AcadAnnotative
 70
     0
  0
APPID
  5
7D
330
9
100
AcDbSymbolTableRecord
100
AcDbRegAppTableRecord
  2
ACAD_NAV_VCDISPLAY
 70
     0
  0
APPID
  5
AB
330
9
100
AcDbSymbolTableRecord
100
AcDbRegAppTableRecord
  2
AcLayerTools
 70
     0
  0
APPID
  5
25A
330
9
100
AcDbSymbolTableRecord
100
AcDbRegAppTableRecord
  2
ACAD_MLEADERVER
 70
     0
  0
APPID
  5
261
330
9
100
AcDbSymbolTableRecord
100
AcDbRegAppTableRecord
  2
ACAD_OBJECT_CHANGE_GUID
 70
     0
  0
ENDTAB
  0
TABLE
  2
DIMSTYLE
  5
A
330
0
100
AcDbSymbolTable
 70
     3
100
AcDbDimStyleTable
 71
     0
  0
DIMSTYLE
105
58
330
A
100
AcDbSymbolTableRecord
100
AcDbDimStyleTableRecord
  2
ISO-25
 70
     0
 41
2.5
 42
0.625
 43
3.75
 44
1.25
 50
90.0
 73
     0
 74
     0
 77
     1
 78
     8
140
2.5
141
2.5
143
0.03937007874016
147
0.625
171
     3
172
     1
271
     2
272
     2
274
     3
283
     0
284
     8
340
55
  0
DIMSTYLE
105
AA
102
{ACAD_REACTORS
330
13C
330
13D
330
13E
330
1D1
330
1D2
330
1D3
102
}
330
A
100
AcDbSymbolTableRecord
100
AcDbDimStyleTableRecord
  2
Standard
 70
     0
340
55
  0
ENDTAB
  0
TABLE
  2
BLOCK_RECORD
  5
1
330
0
100
AcDbSymbolTable
 70
     8
  0
BLOCK_RECORD
  5
70
330
1
100
AcDbSymbolTableRecord
100
AcDbBlockTableRecord
  2
*Model_Space
340
73
 70
     0
280
     1
281
     0
  0
BLOCK_RECORD
  5
6C
330
1
100
AcDbSymbolTableRecord
100
AcDbBlockTableRecord
  2
*Paper_Space
340
6F
 70
     0
280
     1
281
     0
  0
BLOCK_RECORD
  5
74
330
1
100
AcDbSymbolTableRecord
100
AcDbBlockTableRecord
  2
*Paper_Space0
340
77
 70
     0
280
     1
281
     0
  0
BLOCK_RECORD
  5
1D4
330
1
100
AcDbSymbolTableRecord
100
AcDbBlockTableRecord
  2
*D5
340
0
 70
     0
280
     1
281
     0
  0
BLOCK_RECORD
  5
1E1
330
1
100
AcDbSymbolTableRecord
100
AcDbBlockTableRecord
  2
*D6
340
0
 70
     0
280
     1
281
     0
  0
BLOCK_RECORD
  5
1EE
330
1
100
AcDbSymbolTableRecord
100
AcDbBlockTableRecord
  2
*D7
340
0
 70
     0
280
     1
281
     0
  0
ENDTAB
  0
ENDSEC
  0
SECTION
  2
BLOCKS
  0
BLOCK
  5
71
330
70
100
AcDbEntity
  8
0
100
AcDbBlockBegin
  2
*Model_Space
 70
     0
 10
0.0
 20
0.0
 30
0.0
  3
*Model_Space
  1

  0
ENDBLK
  5
72
330
70
100
AcDbEntity
  8
0
100
AcDbBlockEnd
  0
BLOCK
  5
6D
330
6C
100
AcDbEntity
 67
     1
  8
0
100
AcDbBlockBegin
  2
*Paper_Space
 70
     0
 10
0.0
 20
0.0
 30
0.0
  3
*Paper_Space
  1

  0
ENDBLK
  5
6E
330
6C
100
AcDbEntity
 67
     1
  8
0
100
AcDbBlockEnd
  0
BLOCK
  5
75
330
74
100
AcDbEntity
 67
     1
  8
0
100
AcDbBlockBegin
  2
*Paper_Space0
 70
     0
 10
0.0
 20
0.0
 30
0.0
  3
*Paper_Space0
  1

  0
ENDBLK
  5
76
330
74
100
AcDbEntity
 67
     1
  8
0
100
AcDbBlockEnd
  0
BLOCK
  5
1D5
330
1D4
100
AcDbEntity
  8
0
100
AcDbBlockBegin
  2
*D5
 70
     1
 10
0.0
 20
0.0
 30
0.0
  3
*D5
  1

  0
LINE
  5
1FB
330
1D4
100
AcDbEntity
  8
0
 62
     0
440
 16777216
370
    -2
100
AcDbLine
 10
7.218818482126437
 20
5.337303298910874
 30
0.0
 11
7.218818482126437
 21
3.53333951233219
 31
0.0
  0
LINE
  5
1FC
330
1D4
100
AcDbEntity
  8
0
 62
     0
440
 16777216
370
    -2
100
AcDbLine
 10
20.21983160532169
 20
5.338975132625811
 30
0.0
 11
20.21983160532169
 21
3.53333951233219
 31
0.0
  0
LINE
  5
1FD
330
1D4
100
AcDbEntity
  8
0
 62
     0
440
 16777216
370
    -2
100
AcDbLine
 10
7.398818482126436
 20
3.71333951233219
 30
0.0
 11
13.19432504372406
 21
3.71333951233219
 31
0.0
  0
LINE
  5
1FE
330
1D4
100
AcDbEntity
  8
0
 62
     0
440
 16777216
370
    -2
100
AcDbLine
 10
20.03983160532169
 20
3.71333951233219
 30
0.0
 11
14.24432504372406
 21
3.71333951233219
 31
0.0
  0
SOLID
  5
1FF
330
1D4
100
AcDbEntity
  8
0
 62
     0
440
 16777216
100
AcDbTrace
 10
7.398818482126436
 20
3.74333951233219
 30
0.0
 11
7.398818482126436
 21
3.68333951233219
 31
0.0
 12
7.218818482126437
 22
3.71333951233219
 32
0.0
 13
7.218818482126437
 23
3.71333951233219
 33
0.0
  0
SOLID
  5
200
330
1D4
100
AcDbEntity
  8
0
 62
     0
440
 16777216
100
AcDbTrace
 10
20.03983160532169
 20
3.74333951233219
 30
0.0
 11
20.03983160532169
 21
3.68333951233219
 31
0.0
 12
20.21983160532169
 22
3.71333951233219
 32
0.0
 13
20.21983160532169
 23
3.71333951233219
 33
0.0
  0
MTEXT
  5
201
330
1D4
100
AcDbEntity
  8
0
 62
     0
440
 16777216
100
AcDbMText
 10
13.71932504372406
 20
3.71333951233219
 30
0.0
 40
0.18
 41
0.0
 46
0.0
 71
     5
 72
     1
  1
\A1;13.0010
 73
     1
 44
1.0
  0
POINT
  5
202
330
1D4
100
AcDbEntity
  8
Defpoints
 62
     0
440
 16777216
100
AcDbPoint
 10
7.218818482126437
 20
5.399803298910874
 30
0.0
  0
POINT
  5
203
330
1D4
100
AcDbEntity
  8
Defpoints
 62
     0
440
 16777216
100
AcDbPoint
 10
20.21983160532169
 20
5.401475132625811
 30
0.0
  0
POINT
  5
204
330
1D4
100
AcDbEntity
  8
Defpoints
 62
     0
440
 16777216
100
AcDbPoint
 10
20.21983160532169
 20
3.71333951233219
 30
0.0
  0
ENDBLK
  5
1D6
330
1D4
100
AcDbEntity
  8
0
100
AcDbBlockEnd
  0
BLOCK
  5
1E2
330
1E1
100
AcDbEntity
  8
0
100
AcDbBlockBegin
  2
*D6
 70
     1
 10
0.0
 20
0.0
 30
0.0
  3
*D6
  1

  0
LINE
  5
205
330
1E1
100
AcDbEntity
  8
0
 62
     0
440
 16777216
370
    -2
100
AcDbLine
 10
4.725154342936106
 20
19.92346460484495
 30
0.0
 11
4.725154342936107
 21
33.52357712081606
 31
0.0
  0
LINE
  5
206
330
1E1
100
AcDbEntity
  8
0
 62
     0
440
 16777216
370
    -2
100
AcDbLine
 10
22.71548295893156
 20
19.93208381005571
 30
0.0
 11
22.71548295893156
 21
33.52357712081606
 31
0.0
  0
LINE
  5
207
330
1E1
100
AcDbEntity
  8
0
 62
     0
440
 16777216
370
    -2
100
AcDbLine
 10
4.905154342936107
 20
33.34357712081606
 30
0.0
 11
13.13531865093383
 21
33.34357712081606
 31
0.0
  0
LINE
  5
208
330
1E1
100
AcDbEntity
  8
0
 62
     0
440
 16777216
370
    -2
100
AcDbLine
 10
22.53548295893156
 20
33.34357712081606
 30
0.0
 11
14.30531865093383
 21
33.34357712081606
 31
0.0
  0
SOLID
  5
209
330
1E1
100
AcDbEntity
  8
0
 62
     0
440
 16777216
100
AcDbTrace
 10
4.905154342936107
 20
33.37357712081606
 30
0.0
 11
4.905154342936107
 21
33.31357712081606
 31
0.0
 12
4.725154342936107
 22
33.34357712081606
 32
0.0
 13
4.725154342936107
 23
33.34357712081606
 33
0.0
  0
SOLID
  5
20A
330
1E1
100
AcDbEntity
  8
0
 62
     0
440
 16777216
100
AcDbTrace
 10
22.53548295893156
 20
33.37357712081606
 30
0.0
 11
22.53548295893156
 21
33.31357712081606
 31
0.0
 12
22.71548295893156
 22
33.34357712081606
 32
0.0
 13
22.71548295893156
 23
33.34357712081606
 33
0.0
  0
MTEXT
  5
20B
330
1E1
100
AcDbEntity
  8
0
 62
     0
440
 16777216
100
AcDbMText
 10
13.72031865093383
 20
33.34357712081606
 30
0.0
 40
0.18
 41
0.0
 46
0.0
 71
     5
 72
     1
  1
\A1;17.9903
 73
     1
 44
1.0
  0
POINT
  5
20C
330
1E1
100
AcDbEntity
  8
Defpoints
 62
     0
440
 16777216
100
AcDbPoint
 10
4.725154342936106
 20
19.86096460484495
 30
0.0
  0
POINT
  5
20D
330
1E1
100
AcDbEntity
  8
Defpoints
 62
     0
440
 16777216
100
AcDbPoint
 10
22.71548295893156
 20
19.86958381005571
 30
0.0
  0
POINT
  5
20E
330
1E1
100
AcDbEntity
  8
Defpoints
 62
     0
440
 16777216
100
AcDbPoint
 10
22.71548295893156
 20
33.34357712081606
 30
0.0
  0
ENDBLK
  5
1E3
330
1E1
100
AcDbEntity
  8
0
100
AcDbBlockEnd
  0
BLOCK
  5
1EF
330
1EE
100
AcDbEntity
  8
0
100
AcDbBlockBegin
  2
*D7
 70
     1
 10
0.0
 20
0.0
 30
0.0
  3
*D7
  1

  0
LINE
  5
20F
330
1EE
100
AcDbEntity
  8
0
 62
     0
440
 16777216
370
    -2
100
AcDbLine
 10
13.78239686839814
 20
28.84708563664535
 30
0.0
 11
30.31599372807944
 21
28.84708563664536
 31
0.0
  0
LINE
  5
210
330
1EE
100
AcDbEntity
  8
0
 62
     0
440
 16777216
370
    -2
100
AcDbLine
 10
14.06421872383548
 20
5.357098317296108
 30
0.0
 11
30.31599372807945
 21
5.35709831729611
 31
0.0
  0
LINE
  5
211
330
1EE
100
AcDbEntity
  8
0
 62
     0
440
 16777216
370
    -2
100
AcDbLine
 10
30.13599372807944
 20
28.66708563664536
 30
0.0
 11
30.13599372807945
 21
17.28209197697073
 31
0.0
  0
LINE
  5
212
330
1EE
100
AcDbEntity
  8
0
 62
     0
440
 16777216
370
    -2
100
AcDbLine
 10
30.13599372807945
 20
5.53709831729611
 30
0.0
 11
30.13599372807945
 21
16.92209197697073
 31
0.0
  0
SOLID
  5
213
330
1EE
100
AcDbEntity
  8
0
 62
     0
440
 16777216
100
AcDbTrace
 10
30.10599372807944
 20
28.66708563664536
 30
0.0
 11
30.16599372807944
 21
28.66708563664536
 31
0.0
 12
30.13599372807944
 22
28.84708563664536
 32
0.0
 13
30.13599372807944
 23
28.84708563664536
 33
0.0
  0
SOLID
  5
214
330
1EE
100
AcDbEntity
  8
0
 62
     0
440
 16777216
100
AcDbTrace
 10
30.10599372807945
 20
5.53709831729611
 30
0.0
 11
30.16599372807945
 21
5.53709831729611
 31
0.0
 12
30.13599372807945
 22
5.35709831729611
 32
0.0
 13
30.13599372807945
 23
5.35709831729611
 33
0.0
  0
MTEXT
  5
215
330
1EE
100
AcDbEntity
  8
0
 62
     0
440
 16777216
100
AcDbMText
 10
30.13599372807944
 20
17.10209197697072
 30
0.0
 40
0.18
 41
0.0
 46
0.0
 71
     5
 72
     1
  1
\A1;23.4900
 73
     1
 44
1.0
  0
POINT
  5
216
330
1EE
100
AcDbEntity
  8
Defpoints
 62
     0
440
 16777216
100
AcDbPoint
 10
13.71989686839814
 20
28.84708563664535
 30
0.0
  0
POINT
  5
217
330
1EE
100
AcDbEntity
  8
Defpoints
 62
     0
440
 16777216
100
AcDbPoint
 10
14.00171872383548
 20
5.357098317296108
 30
0.0
  0
POINT
  5
218
330
1EE
100
AcDbEntity
  8
Defpoints
 62
     0
440
 16777216
100
AcDbPoint
 10
30.13599372807945
 20
5.35709831729611
 30
0.0
  0
ENDBLK
  5
1F0
330
1EE
100
AcDbEntity
  8
0
100
AcDbBlockEnd
  0
ENDSEC
  0
SECTION
  2
ENTITIES
  0
LWPOLYLINE
  5
144
330
70
100
AcDbEntity
  8
0
100
AcDbPolyline
 90
        2
 70
     0
 43
0.0127
 10
7.217414450560244
 20
5.352302018496418
 10
20.21741385056025
 20
5.352302018496418
  0
LWPOLYLINE
  5
145
330
70
100
AcDbEntity
  8
0
100
AcDbPolyline
 90
        2
 70
     1
 43
0.00635
 10
7.214239450560246
 20
5.352302018496418
 42
1.0
 10
7.220589450560243
 20
5.352302018496418
 42
1.0
  0
LWPOLYLINE
  5
146
330
70
100
AcDbEntity
  8
0
100
AcDbPolyline
 90
        2
 70
     1
 43
0.00635
 10
20.21423885056024
 20
5.352302018496418
 42
1.0
 10
20.22058885056025
 20
5.352302018496418
 42
1.0
  0
LWPOLYLINE
  5
147
330
70
100
AcDbEntity
  8
0
100
AcDbPolyline
 90
        2
 70
     0
 43
0.0127
 10
7.217414450560244
 20
5.352302018496418
 10
7.217414450560244
 20
13.62735277849642
  0
LWPOLYLINE
  5
148
330
70
100
AcDbEntity
  8
0
100
AcDbPolyline
 90
        2
 70
     1
 43
0.00635
 10
7.214239450560246
 20
5.352302018496418
 42
1.0
 10
7.220589450560243
 20
5.352302018496418
 42
1.0
  0
LWPOLYLINE
  5
149
330
70
100
AcDbEntity
  8
0
100
AcDbPolyline
 90
        2
 70
     1
 43
0.00635
 10
7.214239450560246
 20
13.62735277849642
 42
1.0
 10
7.220589450560243
 20
13.62735277849642
 42
1.0
  0
LWPOLYLINE
  5
14A
330
70
100
AcDbEntity
  8
0
100
AcDbPolyline
 90
        2
 70
     0
 43
0.0127
 10
20.21741385056025
 20
5.352302018496418
 10
20.21741385056025
 20
13.62735277849642
  0
LWPOLYLINE
  5
14B
330
70
100
AcDbEntity
  8
0
100
AcDbPolyline
 90
        2
 70
     1
 43
0.00635
 10
20.21423885056024
 20
5.352302018496418
 42
1.0
 10
20.22058885056025
 20
5.352302018496418
 42
1.0
  0
LWPOLYLINE
  5
14C
330
70
100
AcDbEntity
  8
0
100
AcDbPolyline
 90
        2
 70
     1
 43
0.00635
 10
20.21423885056024
 20
13.62735277849642
 42
1.0
 10
20.22058885056025
 20
13.62735277849642
 42
1.0
  0
LWPOLYLINE
  5
14D
330
70
100
AcDbEntity
  8
0
100
AcDbPolyline
 90
        2
 70
     1
 43
0.00649986
 10
16.10916705056024
 20
19.85230349849642
 42
1.0
 10
16.11566437056024
 20
19.85230349849642
 42
1.0
  0
LWPOLYLINE
  5
14E
330
70
100
AcDbEntity
  8
0
100
AcDbPolyline
 90
        2
 70
     1
 43
0.00649986
 10
11.31916393056024
 20
19.85230349849642
 42
1.0
 10
11.32566125056024
 20
19.85230349849642
 42
1.0
  0
LWPOLYLINE
  5
14F
330
70
100
AcDbEntity
  8
0
100
AcDbPolyline
 90
        2
 70
     0
 43
0.01299972
 10
11.32241259056024
 20
19.85230349849642
 10
13.71741415056024
 20
19.85230349849642
  0
LWPOLYLINE
  5
150
330
70
100
AcDbEntity
  8
0
100
AcDbPolyline
 90
        2
 70
     1
 43
0.00649986
 10
11.31916393056024
 20
19.85230349849642
 42
1.0
 10
11.32566125056024
 20
19.85230349849642
 42
1.0
  0
LWPOLYLINE
  5
151
330
70
100
AcDbEntity
  8
0
100
AcDbPolyline
 90
        2
 70
     1
 43
0.00649986
 10
13.71416549056024
 20
19.85230349849642
 42
1.0
 10
13.72066281056024
 20
19.85230349849642
 42
1.0
  0
LWPOLYLINE
  5
152
330
70
100
AcDbEntity
  8
0
100
AcDbPolyline
 90
        2
 70
     0
 43
0.01299972
 10
11.14741421056025
 20
19.85230349849642
 10
13.71741415056024
 20
19.85230349849642
  0
LWPOLYLINE
  5
153
330
70
100
AcDbEntity
  8
0
100
AcDbPolyline
 90
        2
 70
     1
 43
0.00649986
 10
11.14416555056024
 20
19.85230349849642
 42
1.0
 10
11.15066287056024
 20
19.85230349849642
 42
1.0
  0
LWPOLYLINE
  5
154
330
70
100
AcDbEntity
  8
0
100
AcDbPolyline
 90
        2
 70
     1
 43
0.00649986
 10
13.71416549056024
 20
19.85230349849642
 42
1.0
 10
13.72066281056024
 20
19.85230349849642
 42
1.0
  0
LWPOLYLINE
  5
155
330
70
100
AcDbEntity
  8
0
100
AcDbPolyline
 90
        2
 70
     0
 43
0.0127
 10
13.71741415056024
 20
11.40230261849642
 10
13.71741415056024
 20
28.30230437849642
  0
LWPOLYLINE
  5
156
330
70
100
AcDbEntity
  8
0
100
AcDbPolyline
 90
        2
 70
     1
 43
0.00635
 10
13.71423915056025
 20
11.40230261849642
 42
1.0
 10
13.72058915056024
 20
11.40230261849642
 42
1.0
  0
LWPOLYLINE
  5
157
330
70
100
AcDbEntity
  8
0
100
AcDbPolyline
 90
        2
 70
     1
 43
0.00635
 10
13.71423915056025
 20
28.30230437849642
 42
1.0
 10
13.72058915056024
 20
28.30230437849642
 42
1.0
  0
LWPOLYLINE
  5
158
330
70
100
AcDbEntity
  8
0
100
AcDbPolyline
 90
        2
 70
     0
 43
0.0127
 10
5.267415810560243
 20
19.85230349849642
 10
22.16741503056024
 20
19.85230349849642
  0
LWPOLYLINE
  5
159
330
70
100
AcDbEntity
  8
0
100
AcDbPolyline
 90
        2
 70
     1
 43
0.00635
 10
5.264240810560244
 20
19.85230349849642
 42
1.0
 10
5.270590810560245
 20
19.85230349849642
 42
1.0
  0
LWPOLYLINE
  5
15A
330
70
100
AcDbEntity
  8
0
100
AcDbPolyline
 90
        2
 70
     1
 43
0.00635
 10
22.16424003056024
 20
19.85230349849642
 42
1.0
 10
22.17059003056025
 20
19.85230349849642
 42
1.0
  0
LWPOLYLINE
  5
15B
330
70
100
AcDbEntity
  8
0
100
AcDbPolyline
 90
        2
 70
     0
 43
0.0127
 10
18.06766961056024
 20
15.50337391849642
 10
19.26975001056024
 20
14.30129097849642
  0
LWPOLYLINE
  5
15C
330
70
100
AcDbEntity
  8
0
100
AcDbPolyline
 90
        2
 70
     1
 43
0.00635
 10
18.06449461056024
 20
15.50337391849642
 42
1.0
 10
18.07084461056024
 20
15.50337391849642
 42
1.0
  0
LWPOLYLINE
  5
15D
330
70
100
AcDbEntity
  8
0
100
AcDbPolyline
 90
        2
 70
     1
 43
0.00635
 10
19.26657501056024
 20
14.30129097849642
 42
1.0
 10
19.27292501056024
 20
14.30129097849642
 42
1.0
  0
LWPOLYLINE
  5
15E
330
70
100
AcDbEntity
  8
0
100
AcDbPolyline
 90
        2
 70
     0
 43
0.0127
 10
18.03231281056024
 20
14.26593671849642
 10
19.30251601056024
 20
15.53872817849642
  0
LWPOLYLINE
  5
15F
330
70
100
AcDbEntity
  8
0
100
AcDbPolyline
 90
        2
 70
     1
 43
0.00635
 10
18.02913781056024
 20
14.26593671849642
 42
1.0
 10
18.03548781056025
 20
14.26593671849642
 42
1.0
  0
LWPOLYLINE
  5
160
330
70
100
AcDbEntity
  8
0
100
AcDbPolyline
 90
        2
 70
     1
 43
0.00635
 10
19.29934101056025
 20
15.53872817849642
 42
1.0
 10
19.30569101056024
 20
15.53872817849642
 42
1.0
  0
LINE
  5
161
330
70
100
AcDbEntity
  8
0
100
AcDbLine
 10
8.165080830560246
 20
14.30129097849642
 30
0.0
 11
9.367161230560247
 21
15.50337391849642
 31
0.0
  0
ARC
  5
162
330
70
100
AcDbEntity
  8
0
100
AcDbCircle
 10
8.165080830560246
 20
14.30129097849642
 30
0.0
 40
0.0031750000000006
100
AcDbArc
 50
180.0
 51
0.0
  0
ARC
  5
163
330
70
100
AcDbEntity
  8
0
100
AcDbCircle
 10
8.165080830560246
 20
14.30129097849642
 30
0.0
 40
0.0031750000000006
100
AcDbArc
 50
0.0
 51
180.0
  0
ARC
  5
164
330
70
100
AcDbEntity
  8
0
100
AcDbCircle
 10
9.367161230560244
 20
15.50337391849642
 30
0.0
 40
0.0031749999999988
100
AcDbArc
 50
180.0
 51
0.0
  0
ARC
  5
165
330
70
100
AcDbEntity
  8
0
100
AcDbCircle
 10
9.367161230560244
 20
15.50337391849642
 30
0.0
 40
0.0031749999999988
100
AcDbArc
 50
0.0
 51
180.0
  0
LINE
  5
166
330
70
100
AcDbEntity
  8
0
100
AcDbLine
 10
8.132312290560244
 20
15.53872817849642
 30
0.0
 11
9.402518030560246
 21
14.26593671849642
 31
0.0
  0
ARC
  5
167
330
70
100
AcDbEntity
  8
0
100
AcDbCircle
 10
8.132312290560244
 20
15.53872817849642
 30
0.0
 40
0.0031749999999988
100
AcDbArc
 50
180.0
 51
0.0
  0
ARC
  5
168
330
70
100
AcDbEntity
  8
0
100
AcDbCircle
 10
8.132312290560244
 20
15.53872817849642
 30
0.0
 40
0.0031749999999988
100
AcDbArc
 50
0.0
 51
180.0
  0
ARC
  5
169
330
70
100
AcDbEntity
  8
0
100
AcDbCircle
 10
9.402518030560246
 20
14.26593671849642
 30
0.0
 40
0.0031749999999988
100
AcDbArc
 50
180.0
 51
0.0
  0
ARC
  5
16A
330
70
100
AcDbEntity
  8
0
100
AcDbCircle
 10
9.402518030560246
 20
14.26593671849642
 30
0.0
 40
0.0031749999999988
100
AcDbArc
 50
0.0
 51
180.0
  0
LINE
  5
16B
330
70
100
AcDbEntity
  8
0
100
AcDbLine
 10
18.06808109056025
 20
24.45829123849641
 30
0.0
 11
19.27016149056025
 21
25.66037417849642
 31
0.0
  0
ARC
  5
16C
330
70
100
AcDbEntity
  8
0
100
AcDbCircle
 10
18.06808109056025
 20
24.45829123849641
 30
0.0
 40
0.0031750000000024
100
AcDbArc
 50
180.0
 51
0.0
  0
ARC
  5
16D
330
70
100
AcDbEntity
  8
0
100
AcDbCircle
 10
18.06808109056025
 20
24.45829123849641
 30
0.0
 40
0.0031749999999988
100
AcDbArc
 50
0.0
 51
180.0
  0
ARC
  5
16E
330
70
100
AcDbEntity
  8
0
100
AcDbCircle
 10
19.27016149056025
 20
25.66037417849642
 30
0.0
 40
0.0031750000000024
100
AcDbArc
 50
180.0
 51
0.0
  0
ARC
  5
16F
330
70
100
AcDbEntity
  8
0
100
AcDbCircle
 10
19.27016149056025
 20
25.66037417849642
 30
0.0
 40
0.0031749999999988
100
AcDbArc
 50
0.0
 51
180.0
  0
LINE
  5
170
330
70
100
AcDbEntity
  8
0
100
AcDbLine
 10
18.03272429056024
 20
25.69572843849642
 30
0.0
 11
19.30551829056024
 21
24.42293697849642
 31
0.0
  0
ARC
  5
171
330
70
100
AcDbEntity
  8
0
100
AcDbCircle
 10
18.03272429056024
 20
25.69572843849642
 30
0.0
 40
0.0031749999999988
100
AcDbArc
 50
180.0
 51
0.0
  0
ARC
  5
172
330
70
100
AcDbEntity
  8
0
100
AcDbCircle
 10
18.03272429056024
 20
25.69572843849642
 30
0.0
 40
0.0031749999999988
100
AcDbArc
 50
0.0
 51
180.0
  0
ARC
  5
173
330
70
100
AcDbEntity
  8
0
100
AcDbCircle
 10
19.30551829056024
 20
24.42293697849642
 30
0.0
 40
0.0031749999999988
100
AcDbArc
 50
180.0
 51
0.0
  0
ARC
  5
174
330
70
100
AcDbEntity
  8
0
100
AcDbCircle
 10
19.30551829056024
 20
24.42293697849642
 30
0.0
 40
0.0031750000000024
100
AcDbArc
 50
0.0
 51
180.0
  0
LINE
  5
175
330
70
100
AcDbEntity
  8
0
100
AcDbLine
 10
8.126724290560245
 20
24.42293697849642
 30
0.0
 11
9.399518290560243
 21
25.69572843849642
 31
0.0
  0
ARC
  5
176
330
70
100
AcDbEntity
  8
0
100
AcDbCircle
 10
8.126724290560245
 20
24.42293697849642
 30
0.0
 40
0.0031749999999988
100
AcDbArc
 50
180.0
 51
0.0
  0
ARC
  5
177
330
70
100
AcDbEntity
  8
0
100
AcDbCircle
 10
8.126724290560245
 20
24.42293697849642
 30
0.0
 40
0.0031750000000006
100
AcDbArc
 50
0.0
 51
180.0
  0
ARC
  5
178
330
70
100
AcDbEntity
  8
0
100
AcDbCircle
 10
9.399518290560246
 20
25.69572843849642
 30
0.0
 40
0.0031749999999988
100
AcDbArc
 50
180.0
 51
0.0
  0
ARC
  5
179
330
70
100
AcDbEntity
  8
0
100
AcDbCircle
 10
9.399518290560246
 20
25.69572843849642
 30
0.0
 40
0.0031749999999988
100
AcDbArc
 50
0.0
 51
180.0
  0
LINE
  5
17A
330
70
100
AcDbEntity
  8
0
100
AcDbLine
 10
8.162081090560246
 20
25.66037417849642
 30
0.0
 11
9.364161490560247
 21
24.45829123849641
 31
0.0
  0
ARC
  5
17B
330
70
100
AcDbEntity
  8
0
100
AcDbCircle
 10
8.162081090560244
 20
25.66037417849642
 30
0.0
 40
0.0031749999999988
100
AcDbArc
 50
180.0
 51
0.0
  0
ARC
  5
17C
330
70
100
AcDbEntity
  8
0
100
AcDbCircle
 10
8.162081090560244
 20
25.66037417849642
 30
0.0
 40
0.0031750000000006
100
AcDbArc
 50
0.0
 51
180.0
  0
ARC
  5
17D
330
70
100
AcDbEntity
  8
0
100
AcDbCircle
 10
9.364161490560245
 20
24.45829123849641
 30
0.0
 40
0.0031750000000006
100
AcDbArc
 50
180.0
 51
0.0
  0
ARC
  5
17E
330
70
100
AcDbEntity
  8
0
100
AcDbCircle
 10
9.364161490560245
 20
24.45829123849641
 30
0.0
 40
0.0031750000000006
100
AcDbArc
 50
0.0
 51
180.0
  0
LWPOLYLINE
  5
17F
330
70
100
AcDbEntity
  8
0
100
AcDbPolyline
 90
        2
 70
     0
 43
0.0127
 10
7.217414450560244
 20
13.62735277849642
 42
-2.342299969076055
 10
20.21741385056025
 20
13.62735277849642
  0
LWPOLYLINE
  5
180
330
70
100
AcDbEntity
  8
0
100
AcDbPolyline
 90
        2
 70
     1
 43
0.00635
 10
7.214239450560246
 20
13.62735277849642
 42
1.0
 10
7.220589450560243
 20
13.62735277849642
 42
1.0
  0
LWPOLYLINE
  5
181
330
70
100
AcDbEntity
  8
0
100
AcDbPolyline
 90
        2
 70
     1
 43
0.00635
 10
20.21423885056024
 20
13.62735277849642
 42
1.0
 10
20.22058885056025
 20
13.62735277849642
 42
1.0
  0
LWPOLYLINE
  5
182
330
70
100
AcDbEntity
  8
0
100
AcDbPolyline
 90
        2
 70
     1
 43
0.01299972
 10
20.90477595056024
 20
19.85230349849642
 42
1.0
 10
6.530052350560243
 20
19.85230349849642
 42
1.0
  0
LWPOLYLINE
  5
183
330
70
100
AcDbEntity
  8
0
100
AcDbPolyline
 90
        2
 70
     1
 43
0.00649986
 10
20.90152729056025
 20
19.85230349849642
 42
1.0
 10
20.90802461056025
 20
19.85230349849642
 42
1.0
  0
LWPOLYLINE
  5
184
330
70
100
AcDbEntity
  8
0
100
AcDbPolyline
 90
        2
 70
     1
 43
0.00649986
 10
6.526803690560246
 20
19.85230349849642
 42
1.0
 10
6.533301010560244
 20
19.85230349849642
 42
1.0
  0
REGION
  5
185
102
{ACAD_REACTORS
330
186
102
}
330
70
100
AcDbEntity
  8
0
 62
     1
100
AcDbModelerGeometry
 70
     1
  1
mnmoo mg m mi          
  1
ni ^ *+0;:,4 ^ *+0\^ [ mo ^ LR mmgqoqoqijjlj QK o  
  1
n fqfffffffffffffffjkh:roh nqooooooooooooooooli:rno 
  1
>,27:>;:- {rn rn _nl mmgqoqoqijjlj |
  1
=0;& {rn rn {rn {m {rn {l |
  1
3*2/ {rn rn {rn {rn {k {n |
  1
+->1,90-2 {rn rn oqhohnoihgnngijkhkinh oqhohnoihgnngijkhjhmh o roqhohnoihgnngijkhjhmh oqhohnoihgnngijkhkinh o o o n gqhilnmnmfojiomkhg mjqojfllnklgkfiknkjl o n -0+>+: 10@-:93:<+ 10@,7:>- |
  1
,7:33 {rn rn {rn {rn {rn {j {rn {m |
  1
9><: {rn rn {rn {rn {i {k {rn {h 90-(>-; ;0*=3: 0*+ |
  1
300/ {rn rn {rn {rn {g {j |
  1
/3>1:r,*-9><: {rn rn {rn oqimjoomjjffffffffgkg roqkhjoomgjffffffffhnm o ro o rn n o ro 90-(>-;@) V V V V |
  1
<0:;8: {rn rn {rn {f {no {rn {nn 90-(>-; {i {rn |
  1
<0:;8: {rn rn {rn {nm {g {rn {nl 90-(>-; {i {rn |
  1
<0:;8: {rn rn {rn {g {nm {rn {nk 90-(>-; {i {rn |
  1
:;8: {rn rn {rn {nj o {ni n {g {nh 90-(>-; _h *1410(1 |
  1
<0:;8: {rn rn {rn {no {f {rn {ng 90-(>-; {i {rn |
  1
:;8: {rn rn {rn {ni o {nf n {f {mo 90-(>-; _h *1410(1 |
  1
:;8: {rn rn {rn {mn o {nj n {no {mm 90-(>-; _h *1410(1 |
  1
):-+:' {rn rn {rn {nk m {ml |
  1
):-+:' {rn rn {rn {nl m {mk |
  1
,+->687+r<*-): {rn rn {rn oqmhjoonffoooooooomfj roqhhjoommjffffffffkmf o o oqjffffggooooooooojkl o V V |
  1
:;8: {rn rn {rn {nf o {mn n {nm {mj 90-(>-; _h *1410(1 |
  1
):-+:' {rn rn {rn {ng m {mi |
  1
,+->687+r<*-): {rn rn {rn oqmhjoonffoooooooomfj roqnhjoolkjffffffffkkn o oqhoooonnkoooooooomnh rgqlmiihmigkiggihkojl:rnh o V V |
  1
):-+:' {rn rn {rn {nk m {mh |
  1
,+->687+r<*-): {rn rn {rn oqfhjoolnloooooooojnn roqhhjoommjffffffffkmf o roqhoooonnkoooooooomnh o o V V |
  1
/061+ {rn rn {rn oqmhjoonffoooooooomfj roqhhjoommjffffffffkmf o |
  1
/061+ {rn rn {rn oqmhjoonffoooooooomfj roqnhjoolkjffffffffkkn o |
  1
,+->687+r<*-): {rn rn {rn oqfhjoolnloooooooojnn roqnhjoolkioooooooomhl o o roqjffffghfffffffffkll o V V |
  1
/061+ {rn rn {rn oqfhjoolnloooooooojnn roqnhjoolkioooooooomhl o |
  1
/061+ {rn rn {rn oqfhjoolnloooooooojnn roqhhjoommjffffffffkmf o |
1001
ACAD_OBJECT_CHANGE_GUID
1070
     1
1071
1390918475
1070
 23373
1070
 23369
1070
   155
1070
    13
1070
   164
1070
   176
1070
    73
1070
   141
1070
   168
1070
   152
  0
HATCH
  5
186
330
70
100
AcDbEntity
  8
0
 62
     1
100
AcDbHatch
 10
0.0
 20
0.0
 30
0.0
210
0.0
220
0.0
230
1.0
  2
SOLID
 70
     1
 71
     1
 91
        1
 92
        1
 93
        4
 72
     1
 10
9.505586416009942
 20
24.70577785698431
 11
9.081323195826151
 21
25.1300410771681
 72
     1
 10
9.081323195826151
 20
25.1300410771681
 11
9.576298748758464
 21
25.62501663010042
 72
     1
 10
9.576298748758466
 20
25.62501663010042
 11
10.00056196894226
 21
25.20075340991662
 72
     1
 10
10.00056196894225
 20
25.20075340991662
 11
9.505586416009942
 21
24.70577785698431
 97
        1
330
185
 75
     0
 76
     1
 98
        0
450
        0
451
        0
460
0.0
461
0.0
452
        1
462
0.0
453
        0
470

  0
REGION
  5
187
102
{ACAD_REACTORS
330
188
102
}
330
70
100
AcDbEntity
  8
0
 62
     1
100
AcDbModelerGeometry
 70
     1
  1
mnmoo mg m mi          
  1
ni ^ *+0;:,4 ^ *+0\^ [ mo ^ LR mmgqoqoqijjlj QK o  
  1
n fqfffffffffffffffjkh:roh nqooooooooooooooooli:rno 
  1
>,27:>;:- {rn rn _nl mmgqoqoqijjlj |
  1
=0;& {rn rn {rn {m {rn {l |
  1
3*2/ {rn rn {rn {rn {k {n |
  1
+->1,90-2 {rn rn oqhohnoihgnngijkhkinh oqhohnoihgnngijkhjhmh o roqhohnoihgnngijkhjhmh oqhohnoihgnngijkhkinh o o o n gqhilnmnmfojiomkhg mjqojfllnklgkfiknkjl o n -0+>+: 10@-:93:<+ 10@,7:>- |
  1
,7:33 {rn rn {rn {rn {rn {j {rn {m |
  1
9><: {rn rn {rn {rn {i {k {rn {h 90-(>-; ;0*=3: 0*+ |
  1
300/ {rn rn {rn {rn {g {j |
  1
/3>1:r,*-9><: {rn rn {rn roqimjoooonffffffffgfj roqkhjooolnffffffffhjf o ro o rn n o ro 90-(>-;@) V V V V |
  1
<0:;8: {rn rn {rn {f {no {rn {nn 90-(>-; {i {rn |
  1
<0:;8: {rn rn {rn {nm {g {rn {nl 90-(>-; {i {rn |
  1
<0:;8: {rn rn {rn {g {nm {rn {nk 90-(>-; {i {rn |
  1
:;8: {rn rn {rn {nj o {ni n {g {nh 90-(>-; _h *1410(1 |
  1
<0:;8: {rn rn {rn {no {f {rn {ng 90-(>-; {i {rn |
  1
:;8: {rn rn {rn {ni o {nf n {f {mo 90-(>-; _h *1410(1 |
  1
:;8: {rn rn {rn {mn o {nj n {no {mm 90-(>-; _h *1410(1 |
  1
):-+:' {rn rn {rn {nk m {ml |
  1
):-+:' {rn rn {rn {nl m {mk |
  1
,+->687+r<*-): {rn rn {rn roqfhjooojgffffffffkkg roqhhkfffhnffffffffkhj o o oqjffffggooooooooojkl o V V |
  1
:;8: {rn rn {rn {nf o {mn n {nm {mj 90-(>-; _h *1410(1 |
  1
):-+:' {rn rn {rn {ng m {mi |
  1
,+->687+r<*-): {rn rn {rn roqfhjooojgffffffffkkg roqnhjooofnffffffffkgh o oqhoooonnlffffffffnoh rgqlmiihmigkiggihkojl:rnh o V V |
  1
):-+:' {rn rn {rn {nk m {mh |
  1
,+->687+r<*-): {rn rn {rn roqmhkfffkkffffffffhgi roqhhkfffhnffffffffkhj o roqhoooonnlffffffffnoh o o V V |
  1
/061+ {rn rn {rn roqfhjooojgffffffffkkg roqhhkfffhnffffffffkhj o |
  1
/061+ {rn rn {rn roqfhjooojgffffffffkkg roqnhjooofnffffffffkgh o |
  1
,+->687+r<*-): {rn rn {rn roqmhkfffkkffffffffhgi roqnhjooofmoooooooolm o o roqjffffghfffffffffkll o V V |
  1
/061+ {rn rn {rn roqmhkfffkkffffffffhgi roqnhjooofmoooooooolm o |
  1
/061+ {rn rn {rn roqmhkfffkkffffffffhgi roqhhkfffhnffffffffkhj o |
1001
ACAD_OBJECT_CHANGE_GUID
1070
     1
1071
-1863687563
1070
-16819
1070
  4427
1070
   131
1070
   176
1070
    64
1070
   217
1070
   125
1070
    53
1070
   201
1070
    37
  0
HATCH
  5
188
330
70
100
AcDbEntity
  8
0
 62
     1
100
AcDbHatch
 10
0.0
 20
0.0
 30
0.0
210
0.0
220
0.0
230
1.0
  2
SOLID
 70
     1
 71
     1
 91
        1
 92
        1
 93
        4
 72
     1
 10
8.621699319140038
 20
23.82189435221686
 11
8.197436098956247
 21
24.24615757240065
 72
     1
 10
8.197436098956247
 20
24.24615757240065
 11
8.69241165188856
 21
24.74113312533296
 72
     1
 10
8.69241165188856
 20
24.74113312533296
 11
9.116674872072351
 21
24.31686990514917
 72
     1
 10
9.116674872072351
 20
24.31686990514917
 11
8.621699319140038
 21
23.82189435221686
 97
        1
330
187
 75
     0
 76
     1
 98
        0
450
        0
451
        0
460
0.0
461
0.0
452
        1
462
0.0
453
        0
470

  0
REGION
  5
189
102
{ACAD_REACTORS
330
18A
102
}
330
70
100
AcDbEntity
  8
0
 62
     1
100
AcDbModelerGeometry
 70
     1
  1
mnmoo mg m mi          
  1
ni ^ *+0;:,4 ^ *+0\^ [ mo ^ LR mmgqoqoqijjlj QK o  
  1
n fqfffffffffffffffjkh:roh nqooooooooooooooooli:rno 
  1
>,27:>;:- {rn rn _nl mmgqoqoqijjlj |
  1
=0;& {rn rn {rn {m {rn {l |
  1
3*2/ {rn rn {rn {rn {k {n |
  1
+->1,90-2 {rn rn oqhohnoihgnngijkhkinh oqhohnoihgnngijkhjhmh o roqhohnoihgnngijkhjhmh oqhohnoihgnngijkhkinh o o o n gqhilnmnmfojiomkhg mjqojfllnklgkfiknkjl o n -0+>+: 10@-:93:<+ 10@,7:>- |
  1
,7:33 {rn rn {rn {rn {rn {j {rn {m |
  1
9><: {rn rn {rn {rn {i {k {rn {h 90-(>-; ;0*=3: 0*+ |
  1
300/ {rn rn {rn {rn {g {j |
  1
/3>1:r,*-9><: {rn rn {rn roqimjoomjjffffffffgkg oqkhjoomgioooooooomih o o o rn rn o ro 90-(>-;@) V V V V |
  1
<0:;8: {rn rn {rn {f {no {rn {nn 90-(>-; {i {rn |
  1
<0:;8: {rn rn {rn {nm {g {rn {nl 90-(>-; {i {rn |
  1
<0:;8: {rn rn {rn {g {nm {rn {nk 90-(>-; {i {rn |
  1
:;8: {rn rn {rn {nj o {ni n {g {nh 90-(>-; _h *1410(1 |
  1
<0:;8: {rn rn {rn {no {f {rn {ng 90-(>-; {i {rn |
  1
:;8: {rn rn {rn {ni o {nf n {f {mo 90-(>-; _h *1410(1 |
  1
:;8: {rn rn {rn {mn o {nj n {no {mm 90-(>-; _h *1410(1 |
  1
):-+:' {rn rn {rn {nk m {ml |
  1
):-+:' {rn rn {rn {nl m {mk |
  1
,+->687+r<*-): {rn rn {rn roqfhjoolnloooooooojnn oqnhjoolkioooooooomhl o o oqjffffghfffffffffkll o V V |
  1
:;8: {rn rn {rn {nf o {mn n {nm {mj 90-(>-; _h *1410(1 |
  1
):-+:' {rn rn {rn {ng m {mi |
  1
,+->687+r<*-): {rn rn {rn roqfhjoolnloooooooojnn oqhhjoommjffffffffkmf o oqhoooonnkoooooooomnh o o V V |
  1
):-+:' {rn rn {rn {nk m {mh |
  1
,+->687+r<*-): {rn rn {rn roqmhjoonffoooooooomfj oqnhjoolkjffffffffkkn o roqhoooonnkoooooooomnh gqlmiihmigkiggihkojl:rnh o V V |
  1
/061+ {rn rn {rn roqfhjoolnloooooooojnn oqnhjoolkioooooooomhl o |
  1
/061+ {rn rn {rn roqfhjoolnloooooooojnn oqhhjoommjffffffffkmf o |
  1
,+->687+r<*-): {rn rn {rn roqmhjoonffoooooooomfj oqhhjoommjffffffffkmf o o roqjffffggooooooooojkl o V V |
  1
/061+ {rn rn {rn roqmhjoonffoooooooomfj oqhhjoommjffffffffkmf o |
  1
/061+ {rn rn {rn roqmhjoonffoooooooomfj oqnhjoolkjffffffffkkn o |
1001
ACAD_OBJECT_CHANGE_GUID
1070
     1
1071
1281202777
1070
-26754
1070
-12721
1070
   168
1070
   190
1070
    56
1070
    25
1070
   138
1070
    32
1070
   185
1070
    18
  0
HATCH
  5
18A
330
70
100
AcDbEntity
  8
0
 62
     1
100
AcDbHatch
 10
0.0
 20
0.0
 30
0.0
210
0.0
220
0.0
230
1.0
  2
SOLID
 70
     1
 71
     1
 91
        1
 92
        1
 93
        4
 72
     1
 10
7.949943832362029
 20
24.49364624689242
 11
7.525680612178238
 21
24.91790946707621
 72
     1
 10
7.52568061217824
 20
24.91790946707621
 11
8.020656165110553
 21
25.41288502000852
 72
     1
 10
8.020656165110553
 20
25.41288502000852
 11
8.444919385294344
 21
24.98862179982473
 72
     1
 10
8.444919385294344
 20
24.98862179982473
 11
7.949943832362031
 21
24.49364624689242
 97
        1
330
189
 75
     0
 76
     1
 98
        0
450
        0
451
        0
460
0.0
461
0.0
452
        1
462
0.0
453
        0
470

  0
REGION
  5
18B
102
{ACAD_REACTORS
330
18C
102
}
330
70
100
AcDbEntity
  8
0
 62
     1
100
AcDbModelerGeometry
 70
     1
  1
mnmoo mg m mi          
  1
ni ^ *+0;:,4 ^ *+0\^ [ mo ^ LR mmgqoqoqijjlj QK o  
  1
n fqfffffffffffffffjkh:roh nqooooooooooooooooli:rno 
  1
>,27:>;:- {rn rn _nl mmgqoqoqijjlj |
  1
=0;& {rn rn {rn {m {rn {l |
  1
3*2/ {rn rn {rn {rn {k {n |
  1
+->1,90-2 {rn rn oqhohnoihgnngijkhkinh oqhohnoihgnngijkhjhmh o roqhohnoihgnngijkhjhmh oqhohnoihgnngijkhkinh o o o n gqhilnmnmfojiomkhg mjqojfllnklgkfiknkjl o n -0+>+: 10@-:93:<+ 10@,7:>- |
  1
,7:33 {rn rn {rn {rn {rn {j {rn {m |
  1
9><: {rn rn {rn {rn {i {k {rn {h 90-(>-; ;0*=3: 0*+ |
  1
300/ {rn rn {rn {rn {g {j |
  1
/3>1:r,*-9><: {rn rn {rn oqimjoooonfffffffghgj oqkhjooolmoooooooolnk o o o rn rn o ro 90-(>-;@) V V V V |
  1
<0:;8: {rn rn {rn {f {no {rn {nn 90-(>-; {i {rn |
  1
<0:;8: {rn rn {rn {nm {g {rn {nl 90-(>-; {i {rn |
  1
<0:;8: {rn rn {rn {g {nm {rn {nk 90-(>-; {i {rn |
  1
:;8: {rn rn {rn {nj o {ni n {g {nh 90-(>-; _h *1410(1 |
  1
<0:;8: {rn rn {rn {no {f {rn {ng 90-(>-; {i {rn |
  1
:;8: {rn rn {rn {ni o {nf n {f {mo 90-(>-; _h *1410(1 |
  1
:;8: {rn rn {rn {mn o {nj n {no {mm 90-(>-; _h *1410(1 |
  1
):-+:' {rn rn {rn {nk m {ml |
  1
):-+:' {rn rn {rn {nl m {mk |
  1
,+->687+r<*-): {rn rn {rn oqmhkfffkkffffffffhgi oqnhjooofmoooooooolm o o oqjffffghfffffffffkll o V V |
  1
:;8: {rn rn {rn {nf o {mn n {nm {mj 90-(>-; _h *1410(1 |
  1
):-+:' {rn rn {rn {ng m {mi |
  1
,+->687+r<*-): {rn rn {rn oqmhkfffkkffffffffhgi oqhhkfffhnffffffffkhj o oqhoooonnlffffffffnoh o o V V |
  1
):-+:' {rn rn {rn {nk m {mh |
  1
,+->687+r<*-): {rn rn {rn oqfhjooojgffffffffkkg oqnhjooofnffffffffkgh o roqhoooonnlffffffffnoh gqlmiihmigkiggihkojl:rnh o V V |
  1
/061+ {rn rn {rn oqmhkfffkkffffffffhgi oqnhjooofmoooooooolm o |
  1
/061+ {rn rn {rn oqmhkfffkkffffffffhgi oqhhkfffhnffffffffkhj o |
  1
,+->687+r<*-): {rn rn {rn oqfhjooojgffffffffkkg oqhhkfffhnffffffffkhj o o roqjffffggooooooooojkl o V V |
  1
/061+ {rn rn {rn oqfhjooojgffffffffkkg oqhhkfffhnffffffffkhj o |
  1
/061+ {rn rn {rn oqfhjooojgffffffffkkg oqnhjooofnffffffffkgh o |
1001
ACAD_OBJECT_CHANGE_GUID
1070
     1
1071
1950322062
1070
 21884
1070
 11074
1070
   156
1070
    17
1070
   248
1070
   128
1070
   251
1070
   223
1070
    12
1070
    26
  0
HATCH
  5
18C
330
70
100
AcDbEntity
  8
0
 62
     1
100
AcDbHatch
 10
0.0
 20
0.0
 30
0.0
210
0.0
220
0.0
230
1.0
  2
SOLID
 70
     1
 71
     1
 91
        1
 92
        1
 93
        4
 72
     1
 10
8.833830929231934
 20
25.37752975165987
 11
8.409567709048143
 21
25.80179297184366
 72
     1
 10
8.409567709048143
 20
25.80179297184366
 11
8.904543261980457
 21
26.29676852477598
 72
     1
 10
8.904543261980457
 20
26.29676852477598
 11
9.328806482164248
 21
25.87250530459218
 72
     1
 10
9.328806482164248
 20
25.87250530459219
 11
8.833830929231934
 21
25.37752975165987
 97
        1
330
18B
 75
     0
 76
     1
 98
        0
450
        0
451
        0
460
0.0
461
0.0
452
        1
462
0.0
453
        0
470

  0
REGION
  5
18D
102
{ACAD_REACTORS
330
18E
102
}
330
70
100
AcDbEntity
  8
0
 62
     1
100
AcDbModelerGeometry
 70
     1
  1
mnmoo mg m mi          
  1
ni ^ *+0;:,4 ^ *+0\^ [ mo ^ LR mmgqoqoqijjlj QK o  
  1
n fqfffffffffffffffjkh:roh nqooooooooooooooooli:rno 
  1
>,27:>;:- {rn rn _nl mmgqoqoqijjlj |
  1
=0;& {rn rn {rn {m {rn {l |
  1
3*2/ {rn rn {rn {rn {k {n |
  1
+->1,90-2 {rn rn roqhohnoihgnngijkhkinh oqhohnoihgnngijkhiglg o roqhohnoihgnngijkhiglg roqhohnoihgnngijkhkinh o o o n gqhiihighlojiomkjfh nkqfomfgnkngkfikniih o n -0+>+: 10@-:93:<+ 10@,7:>- |
  1
,7:33 {rn rn {rn {rn {rn {j {rn {m |
  1
9><: {rn rn {rn {rn {i {k {rn {h 90-(>-; ;0*=3: 0*+ |
  1
300/ {rn rn {rn {rn {g {j |
  1
/3>1:r,*-9><: {rn rn {rn oqimkffkflfffffffgghg oqkhkffjmkooooooookog o o o rn rn o ro 90-(>-;@) V V V V |
  1
<0:;8: {rn rn {rn {f {no {rn {nn 90-(>-; {i {rn |
  1
<0:;8: {rn rn {rn {nm {g {rn {nl 90-(>-; {i {rn |
  1
<0:;8: {rn rn {rn {g {nm {rn {nk 90-(>-; {i {rn |
  1
:;8: {rn rn {rn {nj o {ni n {g {nh 90-(>-; _h *1410(1 |
  1
<0:;8: {rn rn {rn {no {f {rn {ng 90-(>-; {i {rn |
  1
:;8: {rn rn {rn {ni o {nf n {f {mo 90-(>-; _h *1410(1 |
  1
:;8: {rn rn {rn {mn o {nj n {no {mm 90-(>-; _h *1410(1 |
  1
):-+:' {rn rn {rn {nk m {ml |
  1
):-+:' {rn rn {rn {nl m {mk |
  1
,+->687+r<*-): {rn rn {rn oqmhkffkliffffffffgg oqnhkffjgkooooooooknk o o oqjffffghfffffffffkll o V V |
  1
:;8: {rn rn {rn {nf o {mn n {nm {mj 90-(>-; _h *1410(1 |
  1
):-+:' {rn rn {rn {ng m {mi |
  1
,+->687+r<*-): {rn rn {rn oqmhkffkliffffffffgg oqhhkffkilffffffffjif o oqhoooonnlffffffffnoh o o V V |
  1
):-+:' {rn rn {rn {nk m {mh |
  1
,+->687+r<*-): {rn rn {rn oqfhkffjjoffffffffjkm oqnhkffjglffffffffjgn o roqhoooonnlffffffffnoh gqlmiihmigkiggihkojl:rnh o V V |
  1
/061+ {rn rn {rn oqmhkffkliffffffffgg oqnhkffjgkooooooooknk o |
  1
/061+ {rn rn {rn oqmhkffkliffffffffgg oqhhkffkilffffffffjif o |
  1
,+->687+r<*-): {rn rn {rn oqfhkffjjoffffffffjkm oqhhkffkilffffffffjif o o roqjffffggooooooooojkl o V V |
  1
/061+ {rn rn {rn oqfhkffjjoffffffffjkm oqhhkffkilffffffffjif o |
  1
/061+ {rn rn {rn oqfhkffjjoffffffffjkm oqnhkffjglffffffffjgn o |
1001
ACAD_OBJECT_CHANGE_GUID
1070
     1
1071
-1875043845
1070
 20772
1070
-22200
1070
   150
1070
    25
1070
    84
1070
   133
1070
   104
1070
   253
1070
   174
1070
   248
  0
HATCH
  5
18E
330
70
100
AcDbEntity
  8
0
 62
     1
100
AcDbHatch
 10
0.0
 20
0.0
 30
0.0
210
0.0
220
0.0
230
1.0
  2
SOLID
 70
     1
 71
     1
 91
        1
 92
        1
 93
        4
 72
     1
 10
8.448577601601687
 20
14.9736910571681
 11
8.024314381417896
 21
14.54942783698431
 72
     1
 10
8.024314381417896
 20
14.54942783698431
 11
7.529338828485583
 21
15.04440338991662
 72
     1
 10
7.529338828485583
 20
15.04440338991662
 11
7.953602048669374
 21
15.46866661010042
 72
     1
 10
7.953602048669374
 20
15.46866661010042
 11
8.448577601601687
 21
14.9736910571681
 97
        1
330
18D
 75
     0
 76
     1
 98
        0
450
        0
451
        0
460
0.0
461
0.0
452
        1
462
0.0
453
        0
470

  0
REGION
  5
18F
102
{ACAD_REACTORS
330
190
102
}
330
70
100
AcDbEntity
  8
0
 62
     1
100
AcDbModelerGeometry
 70
     1
  1
mnmoo mg m mi          
  1
ni ^ *+0;:,4 ^ *+0\^ [ mo ^ LR mmgqoqoqijjlj QK o  
  1
n fqfffffffffffffffjkh:roh nqooooooooooooooooli:rno 
  1
>,27:>;:- {rn rn _nl mmgqoqoqijjlj |
  1
=0;& {rn rn {rn {m {rn {l |
  1
3*2/ {rn rn {rn {rn {k {n |
  1
+->1,90-2 {rn rn roqhohnoihgnngijkhkinh oqhohnoihgnngijkhiglg o roqhohnoihgnngijkhiglg roqhohnoihgnngijkhkinh o o o n gqhiihighlojiomkjfh nkqfomfgnkngkfikniih o n -0+>+: 10@-:93:<+ 10@,7:>- |
  1
,7:33 {rn rn {rn {rn {rn {j {rn {m |
  1
9><: {rn rn {rn {rn {i {k {rn {h 90-(>-; ;0*=3: 0*+ |
  1
300/ {rn rn {rn {rn {g {j |
  1
/3>1:r,*-9><: {rn rn {rn roqimjoojofffffffffgon oqkhjoojkooooooooommn o o o rn rn o ro 90-(>-;@) V V V V |
  1
<0:;8: {rn rn {rn {f {no {rn {nn 90-(>-; {i {rn |
  1
<0:;8: {rn rn {rn {nm {g {rn {nl 90-(>-; {i {rn |
  1
<0:;8: {rn rn {rn {g {nm {rn {nk 90-(>-; {i {rn |
  1
:;8: {rn rn {rn {nj o {ni n {g {nh 90-(>-; _h *1410(1 |
  1
<0:;8: {rn rn {rn {no {f {rn {ng 90-(>-; {i {rn |
  1
:;8: {rn rn {rn {ni o {nf n {f {mo 90-(>-; _h *1410(1 |
  1
:;8: {rn rn {rn {mn o {nj n {no {mm 90-(>-; _h *1410(1 |
  1
):-+:' {rn rn {rn {nk m {ml |
  1
):-+:' {rn rn {rn {nl m {mk |
  1
,+->687+r<*-): {rn rn {rn roqfhjoojiiffffffffljk oqnhjooioooooooooommh o o oqjffffghfffffffffkll o V V |
  1
:;8: {rn rn {rn {nf o {mn n {nm {mj 90-(>-; _h *1410(1 |
  1
):-+:' {rn rn {rn {ng m {mi |
  1
,+->687+r<*-): {rn rn {rn roqfhjoojiiffffffffljk oqhhjookhffffffffflgm o oqhoooonnlffffffffnoh o o V V |
  1
):-+:' {rn rn {rn {nk m {mh |
  1
,+->687+r<*-): {rn rn {rn roqmhjookjmffffffffifl oqnhjoojffffffffffihn o roqhoooonnlffffffffnoh jqjjnnnjnmlnmjhgmhom:rnh o V V |
  1
/061+ {rn rn {rn roqfhjoojiiffffffffljk oqnhjooioooooooooommh o |
  1
/061+ {rn rn {rn roqfhjoojiiffffffffljk oqhhjookhffffffffflgm o |
  1
,+->687+r<*-): {rn rn {rn roqmhjookjmffffffffifl oqhhjookhffffffffflgm o o roqjffffghfffffffffkll o V V |
  1
/061+ {rn rn {rn roqmhjookjmffffffffifl oqhhjookhffffffffflgm o |
  1
/061+ {rn rn {rn roqmhjookjmffffffffifl oqnhjoojffffffffffihn o |
1001
ACAD_OBJECT_CHANGE_GUID
1070
     1
1071
1976479752
1070
  1507
1070
-28852
1070
   189
1070
   206
1070
   216
1070
   127
1070
   116
1070
   175
1070
   240
1070
   223
  0
HATCH
  5
190
330
70
100
AcDbEntity
  8
0
 62
     1
100
AcDbHatch
 10
0.0
 20
0.0
 30
0.0
210
0.0
220
0.0
230
1.0
  2
SOLID
 70
     1
 71
     1
 91
        1
 92
        1
 93
        4
 72
     1
 10
9.332453922164246
 20
14.08980036819575
 11
8.908190701980455
 21
13.66553714801196
 72
     1
 10
8.908190701980455
 20
13.66553714801196
 11
8.413215149048141
 21
14.16051270094427
 72
     1
 10
8.413215149048141
 20
14.16051270094427
 11
8.837478369231932
 21
14.58477592112807
 72
     1
 10
8.837478369231932
 20
14.58477592112806
 11
9.332453922164246
 21
14.08980036819575
 97
        1
330
18F
 75
     0
 76
     1
 98
        0
450
        0
451
        0
460
0.0
461
0.0
452
        1
462
0.0
453
        0
470

  0
REGION
  5
191
102
{ACAD_REACTORS
330
192
102
}
330
70
100
AcDbEntity
  8
0
 62
     1
100
AcDbModelerGeometry
 70
     1
  1
mnmoo mg m mi          
  1
ni ^ *+0;:,4 ^ *+0\^ [ mo ^ LR mmgqoqoqijjlj QK o  
  1
n fqfffffffffffffffjkh:roh nqooooooooooooooooli:rno 
  1
>,27:>;:- {rn rn _nl mmgqoqoqijjlj |
  1
=0;& {rn rn {rn {m {rn {l |
  1
3*2/ {rn rn {rn {rn {k {n |
  1
+->1,90-2 {rn rn roqhohnoihgnngijkhkinh oqhohnoihgnngijkhiglg o roqhohnoihgnngijkhiglg roqhohnoihgnngijkhkinh o o o n gqhiihighlojiomkjfh nkqfomfgnkngkfikniih o n -0+>+: 10@-:93:<+ 10@,7:>- |
  1
,7:33 {rn rn {rn {rn {rn {j {rn {m |
  1
9><: {rn rn {rn {rn {i {k {rn {h 90-(>-; ;0*=3: 0*+ |
  1
300/ {rn rn {rn {rn {g {j |
  1
/3>1:r,*-9><: {rn rn {rn roqimkffkflfffffffffgg roqkhkffjmlffffffffgjm o ro o rn n o ro 90-(>-;@) V V V V |
  1
<0:;8: {rn rn {rn {f {no {rn {nn 90-(>-; {i {rn |
  1
<0:;8: {rn rn {rn {nm {g {rn {nl 90-(>-; {i {rn |
  1
<0:;8: {rn rn {rn {g {nm {rn {nk 90-(>-; {i {rn |
  1
:;8: {rn rn {rn {nj o {ni n {g {nh 90-(>-; _h *1410(1 |
  1
<0:;8: {rn rn {rn {no {f {rn {ng 90-(>-; {i {rn |
  1
:;8: {rn rn {rn {ni o {nf n {f {mo 90-(>-; _h *1410(1 |
  1
:;8: {rn rn {rn {mn o {nj n {no {mm 90-(>-; _h *1410(1 |
  1
):-+:' {rn rn {rn {nk m {ml |
  1
):-+:' {rn rn {rn {nl m {mk |
  1
,+->687+r<*-): {rn rn {rn roqfhkffjjoffffffffjkm roqhhkffkilffffffffjif o o oqjffffggooooooooojkl o V V |
  1
:;8: {rn rn {rn {nf o {mn n {nm {mj 90-(>-; _h *1410(1 |
  1
):-+:' {rn rn {rn {ng m {mi |
  1
,+->687+r<*-): {rn rn {rn roqfhkffjjoffffffffjkm roqnhkffjglffffffffjgn o oqhoooonnlffffffffnoh rgqlmiihmigkiggihkojl:rnh o V V |
  1
):-+:' {rn rn {rn {nk m {mh |
  1
,+->687+r<*-): {rn rn {rn roqmhkffkliffffffffgg roqhhkffkilffffffffjif o roqhoooonnlffffffffnoh o o V V |
  1
/061+ {rn rn {rn roqfhkffjjoffffffffjkm roqhhkffkilffffffffjif o |
  1
/061+ {rn rn {rn roqfhkffjjoffffffffjkm roqnhkffjglffffffffjgn o |
  1
,+->687+r<*-): {rn rn {rn roqmhkffkliffffffffgg roqnhkffjgkooooooooknk o o roqjffffghfffffffffkll o V V |
  1
/061+ {rn rn {rn roqmhkffkliffffffffgg roqnhkffjgkooooooooknk o |
  1
/061+ {rn rn {rn roqmhkffkliffffffffgg roqhhkffkilffffffffjif o |
1001
ACAD_OBJECT_CHANGE_GUID
1070
     1
1071
 62688488
1070
 12166
1070
-10935
1070
   141
1070
    57
1070
   230
1070
    23
1070
   206
1070
   207
1070
   199
1070
   232
  0
HATCH
  5
192
330
70
100
AcDbEntity
  8
0
 62
     1
100
AcDbHatch
 10
0.0
 20
0.0
 30
0.0
210
0.0
220
0.0
230
1.0
  2
SOLID
 70
     1
 71
     1
 91
        1
 92
        1
 93
        4
 72
     1
 10
10.00419863263491
 20
14.76155944707621
 11
9.579935412451117
 21
14.33729622689241
 72
     1
 10
9.579935412451117
 20
14.33729622689241
 11
9.084959859518804
 21
14.83227177982473
 72
     1
 10
9.084959859518804
 20
14.83227177982473
 11
9.509223079702595
 21
15.25653500000852
 72
     1
 10
9.509223079702595
 20
15.25653500000852
 11
10.00419863263491
 21
14.76155944707621
 97
        1
330
191
 75
     0
 76
     1
 98
        0
450
        0
451
        0
460
0.0
461
0.0
452
        1
462
0.0
453
        0
470

  0
REGION
  5
193
102
{ACAD_REACTORS
330
194
102
}
330
70
100
AcDbEntity
  8
0
 62
     1
100
AcDbModelerGeometry
 70
     1
  1
mnmoo mg m mi          
  1
ni ^ *+0;:,4 ^ *+0\^ [ mo ^ LR mmgqoqoqijjlj QK o  
  1
n fqfffffffffffffffjkh:roh nqooooooooooooooooli:rno 
  1
>,27:>;:- {rn rn _nl mmgqoqoqijjlj |
  1
=0;& {rn rn {rn {m {rn {l |
  1
3*2/ {rn rn {rn {rn {k {n |
  1
+->1,90-2 {rn rn roqhohnoihgnngijkhkinh oqhohnoihgnngijkhiglg o roqhohnoihgnngijkhiglg roqhohnoihgnngijkhkinh o o o n gqhiihighlojiomkjfh nkqfomfgnkngkfikniih o n -0+>+: 10@-:93:<+ 10@,7:>- |
  1
,7:33 {rn rn {rn {rn {rn {j {rn {m |
  1
9><: {rn rn {rn {rn {i {k {rn {h 90-(>-; ;0*=3: 0*+ |
  1
300/ {rn rn {rn {rn {g {j |
  1
/3>1:r,*-9><: {rn rn {rn oqimjoojoffffffffgifn roqkhjoojlfffffffffiij o ro o rn n o ro 90-(>-;@) V V V V |
  1
<0:;8: {rn rn {rn {f {no {rn {nn 90-(>-; {i {rn |
  1
<0:;8: {rn rn {rn {nm {g {rn {nl 90-(>-; {i {rn |
  1
<0:;8: {rn rn {rn {g {nm {rn {nk 90-(>-; {i {rn |
  1
:;8: {rn rn {rn {nj o {ni n {g {nh 90-(>-; _h *1410(1 |
  1
<0:;8: {rn rn {rn {no {f {rn {ng 90-(>-; {i {rn |
  1
:;8: {rn rn {rn {ni o {nf n {f {mo 90-(>-; _h *1410(1 |
  1
:;8: {rn rn {rn {mn o {nj n {no {mm 90-(>-; _h *1410(1 |
  1
):-+:' {rn rn {rn {nk m {ml |
  1
):-+:' {rn rn {rn {nl m {mk |
  1
,+->687+r<*-): {rn rn {rn oqmhjookjmffffffffifl roqhhjookhffffffffflgm o o oqjffffghfffffffffkll o V V |
  1
:;8: {rn rn {rn {nf o {mn n {nm {mj 90-(>-; _h *1410(1 |
  1
):-+:' {rn rn {rn {ng m {mi |
  1
,+->687+r<*-): {rn rn {rn oqmhjookjmffffffffifl roqnhjoojffffffffffihn o oqhoooonnlffffffffnoh rjqjjnnnjnmlnmjhgmhom:rnh o V V |
  1
):-+:' {rn rn {rn {nk m {mh |
  1
,+->687+r<*-): {rn rn {rn oqfhjoojiiffffffffljk roqhhjookhffffffffflgm o roqhoooonnlffffffffnoh o o V V |
  1
/061+ {rn rn {rn oqmhjookjmffffffffifl roqhhjookhffffffffflgm o |
  1
/061+ {rn rn {rn oqmhjookjmffffffffifl roqnhjoojffffffffffihn o |
  1
,+->687+r<*-): {rn rn {rn oqfhjoojiiffffffffljk roqnhjooioooooooooommh o o roqjffffghfffffffffkll o V V |
  1
/061+ {rn rn {rn oqfhjoojiiffffffffljk roqnhjooioooooooooommh o |
  1
/061+ {rn rn {rn oqfhjoojiiffffffffljk roqhhjookhffffffffflgm o |
1001
ACAD_OBJECT_CHANGE_GUID
1070
     1
1071
294717376
1070
 -2431
1070
-25018
1070
   143
1070
   197
1070
    51
1070
    64
1070
    51
1070
    30
1070
   221
1070
    32
  0
HATCH
  5
194
330
70
100
AcDbEntity
  8
0
 62
     1
100
AcDbHatch
 10
0.0
 20
0.0
 30
0.0
210
0.0
220
0.0
230
1.0
  2
SOLID
 70
     1
 71
     1
 91
        1
 92
        1
 93
        4
 72
     1
 10
9.12032231207235
 20
15.64545013604856
 11
8.696059091888558
 21
15.22118691586477
 72
     1
 10
8.696059091888558
 20
15.22118691586477
 11
8.201083538956245
 21
15.71616246879708
 72
     1
 10
8.201083538956245
 20
15.71616246879708
 11
8.625346759140036
 21
16.14042568898087
 72
     1
 10
8.625346759140036
 20
16.14042568898087
 11
9.12032231207235
 21
15.64545013604856
 97
        1
330
193
 75
     0
 76
     1
 98
        0
450
        0
451
        0
460
0.0
461
0.0
452
        1
462
0.0
453
        0
470

  0
REGION
  5
195
102
{ACAD_REACTORS
330
196
102
}
330
70
100
AcDbEntity
  8
0
 62
     1
100
AcDbModelerGeometry
 70
     1
  1
mnmoo mg m mi          
  1
ni ^ *+0;:,4 ^ *+0\^ [ mo ^ LR mmgqoqoqijjlj QK o  
  1
n fqfffffffffffffffjkh:roh nqooooooooooooooooli:rno 
  1
>,27:>;:- {rn rn _nl mmgqoqoqijjlj |
  1
=0;& {rn rn {rn {m {rn {l |
  1
3*2/ {rn rn {rn {rn {k {n |
  1
+->1,90-2 {rn rn roqhohnoihgnngijkfjhnn roqhohnoihgnngijkjjhkl o oqhohnoihgnngijkjjhkl roqhohnoihgnngijkfjhnn o o o n ngqiigoimnnojiomkmih nkqfomfgnkngkfikniih o n -0+>+: 10@-:93:<+ 10@,7:>- |
  1
,7:33 {rn rn {rn {rn {rn {j {rn {m |
  1
9><: {rn rn {rn {rn {i {k {rn {h 90-(>-; ;0*=3: 0*+ |
  1
300/ {rn rn {rn {rn {g {j |
  1
/3>1:r,*-9><: {rn rn {rn oqimjoomjjffffffffgkg roqkhjoomgjffffffffhnm o ro o rn n o ro 90-(>-;@) V V V V |
  1
<0:;8: {rn rn {rn {f {no {rn {nn 90-(>-; {i {rn |
  1
<0:;8: {rn rn {rn {nm {g {rn {nl 90-(>-; {i {rn |
  1
<0:;8: {rn rn {rn {g {nm {rn {nk 90-(>-; {i {rn |
  1
:;8: {rn rn {rn {nj o {ni n {g {nh 90-(>-; _h *1410(1 |
  1
<0:;8: {rn rn {rn {no {f {rn {ng 90-(>-; {i {rn |
  1
:;8: {rn rn {rn {ni o {nf n {f {mo 90-(>-; _h *1410(1 |
  1
:;8: {rn rn {rn {mn o {nj n {no {mm 90-(>-; _h *1410(1 |
  1
):-+:' {rn rn {rn {nk m {ml |
  1
):-+:' {rn rn {rn {nl m {mk |
  1
,+->687+r<*-): {rn rn {rn oqmhjoonffoooooooomfj roqhhjoommjffffffffkmf o o oqjffffggooooooooojkl o V V |
  1
:;8: {rn rn {rn {nf o {mn n {nm {mj 90-(>-; _h *1410(1 |
  1
):-+:' {rn rn {rn {ng m {mi |
  1
,+->687+r<*-): {rn rn {rn oqmhjoonffoooooooomfj roqnhjoolkjffffffffkkn o oqhoooonnkoooooooomnh rgqlmiihmigkiggihkojl:rnh o V V |
  1
):-+:' {rn rn {rn {nk m {mh |
  1
,+->687+r<*-): {rn rn {rn oqfhjoolnloooooooojnn roqhhjoommjffffffffkmf o roqhoooonnkoooooooomnh o o V V |
  1
/061+ {rn rn {rn oqmhjoonffoooooooomfj roqhhjoommjffffffffkmf o |
  1
/061+ {rn rn {rn oqmhjoonffoooooooomfj roqnhjoolkjffffffffkkn o |
  1
,+->687+r<*-): {rn rn {rn oqfhjoolnloooooooojnn roqnhjoolkioooooooomhl o o roqjffffghfffffffffkll o V V |
  1
/061+ {rn rn {rn oqfhjoolnloooooooojnn roqnhjoolkioooooooomhl o |
  1
/061+ {rn rn {rn oqfhjoolnloooooooojnn roqhhjoommjffffffffkmf o |
1001
ACAD_OBJECT_CHANGE_GUID
1070
     1
1071
678714678
1070
-12299
1070
 13633
1070
   162
1070
    25
1070
   200
1070
   109
1070
   252
1070
   166
1070
   210
1070
    75
  0
HATCH
  5
196
330
70
100
AcDbEntity
  8
0
 62
     1
100
AcDbHatch
 10
0.0
 20
0.0
 30
0.0
210
0.0
220
0.0
230
1.0
  2
SOLID
 70
     1
 71
     1
 91
        1
 92
        1
 93
        4
 72
     1
 10
17.92559698511055
 20
15.25653500000852
 11
18.34986020529434
 21
14.83227177982473
 72
     1
 10
18.34986020529434
 20
14.83227177982473
 11
17.85488465236202
 21
14.33729622689241
 72
     1
 10
17.85488465236202
 20
14.33729622689242
 11
17.43062143217823
 21
14.76155944707621
 72
     1
 10
17.43062143217823
 20
14.76155944707621
 11
17.92559698511055
 21
15.25653500000852
 97
        1
330
195
 75
     0
 76
     1
 98
        0
450
        0
451
        0
460
0.0
461
0.0
452
        1
462
0.0
453
        0
470

  0
REGION
  5
197
102
{ACAD_REACTORS
330
198
102
}
330
70
100
AcDbEntity
  8
0
 62
     1
100
AcDbModelerGeometry
 70
     1
  1
mnmoo mg m mi          
  1
ni ^ *+0;:,4 ^ *+0\^ [ mo ^ LR mmgqoqoqijjlj QK o  
  1
n fqfffffffffffffffjkh:roh nqooooooooooooooooli:rno 
  1
>,27:>;:- {rn rn _nl mmgqoqoqijjlj |
  1
=0;& {rn rn {rn {m {rn {l |
  1
3*2/ {rn rn {rn {rn {k {n |
  1
+->1,90-2 {rn rn roqhohnoihgnngijkfjhnn roqhohnoihgnngijkjjhkl o oqhohnoihgnngijkjjhkl roqhohnoihgnngijkfjhnn o o o n ngqiigoimnnojiomkmih nkqfomfgnkngkfikniih o n -0+>+: 10@-:93:<+ 10@,7:>- |
  1
,7:33 {rn rn {rn {rn {rn {j {rn {m |
  1
9><: {rn rn {rn {rn {i {k {rn {h 90-(>-; ;0*=3: 0*+ |
  1
300/ {rn rn {rn {rn {g {j |
  1
/3>1:r,*-9><: {rn rn {rn roqimkffhkhfffffffffkn roqkhjoomgjffffffffhnm o ro o rn n o ro 90-(>-;@) V V V V |
  1
<0:;8: {rn rn {rn {f {no {rn {nn 90-(>-; {i {rn |
  1
<0:;8: {rn rn {rn {nm {g {rn {nl 90-(>-; {i {rn |
  1
<0:;8: {rn rn {rn {g {nm {rn {nk 90-(>-; {i {rn |
  1
:;8: {rn rn {rn {nj o {ni n {g {nh 90-(>-; _h *1410(1 |
  1
<0:;8: {rn rn {rn {no {f {rn {ng 90-(>-; {i {rn |
  1
:;8: {rn rn {rn {ni o {nf n {f {mo 90-(>-; _h *1410(1 |
  1
:;8: {rn rn {rn {mn o {nj n {no {mm 90-(>-; _h *1410(1 |
  1
):-+:' {rn rn {rn {nk m {ml |
  1
):-+:' {rn rn {rn {nl m {mk |
  1
,+->687+r<*-): {rn rn {rn roqfhkffgojooooooooioj roqhhjoommjffffffffkmf o o oqjffffggooooooooojkl o V V |
  1
:;8: {rn rn {rn {nf o {mn n {nm {mj 90-(>-; _h *1410(1 |
  1
):-+:' {rn rn {rn {ng m {mi |
  1
,+->687+r<*-): {rn rn {rn roqfhkffgojooooooooioj roqnhjoolkjffffffffkkn o oqhoooonnkooooooonlmh rgqlmiihmigkiggihkojl:rnh o V V |
  1
):-+:' {rn rn {rn {nk m {mh |
  1
,+->687+r<*-): {rn rn {rn roqmhkffifoffffffffgll roqhhjoommjffffffffkmf o roqhoooonnkooooooonlmh o o V V |
  1
/061+ {rn rn {rn roqfhkffgojooooooooioj roqhhjoommjffffffffkmf o |
  1
/061+ {rn rn {rn roqfhkffgojooooooooioj roqnhjoolkjffffffffkkn o |
  1
,+->687+r<*-): {rn rn {rn roqmhkffifoffffffffgll roqnhjoolkioooooooomhl o o roqjffffghfffffffffkll o V V |
  1
/061+ {rn rn {rn roqmhkffifoffffffffgll roqnhjoolkioooooooomhl o |
  1
/061+ {rn rn {rn roqmhkffifoffffffffgll roqhhjoommjffffffffkmf o |
1001
ACAD_OBJECT_CHANGE_GUID
1070
     1
1071
-1936376824
1070
 -7857
1070
-28090
1070
   150
1070
   175
1070
   222
1070
    93
1070
    38
1070
   202
1070
    77
1070
    88
  0
HATCH
  5
198
330
70
100
AcDbEntity
  8
0
 62
     1
100
AcDbHatch
 10
0.0
 20
0.0
 30
0.0
210
0.0
220
0.0
230
1.0
  2
SOLID
 70
     1
 71
     1
 91
        1
 92
        1
 93
        4
 72
     1
 10
18.809480489878
 20
16.14041850477597
 11
19.23374371006179
 21
15.71615528459218
 72
     1
 10
19.2337437100618
 20
15.71615528459218
 11
18.73876815712948
 21
15.22117973165987
 72
     1
 10
18.73876815712948
 20
15.22117973165987
 11
18.31450493694569
 21
15.64544295184366
 72
     1
 10
18.31450493694569
 20
15.64544295184366
 11
18.80948048987801
 21
16.14041850477597
 97
        1
330
197
 75
     0
 76
     1
 98
        0
450
        0
451
        0
460
0.0
461
0.0
452
        1
462
0.0
453
        0
470

  0
REGION
  5
199
102
{ACAD_REACTORS
330
19A
102
}
330
70
100
AcDbEntity
  8
0
 62
     1
100
AcDbModelerGeometry
 70
     1
  1
mnmoo mg m mi          
  1
ni ^ *+0;:,4 ^ *+0\^ [ mo ^ LR mmgqoqoqijjlj QK o  
  1
n fqfffffffffffffffjkh:roh nqooooooooooooooooli:rno 
  1
>,27:>;:- {rn rn _nl mmgqoqoqijjlj |
  1
=0;& {rn rn {rn {m {rn {l |
  1
3*2/ {rn rn {rn {rn {k {n |
  1
+->1,90-2 {rn rn roqhohnoihgnngijkfjhnn roqhohnoihgnngijkjjhkl o oqhohnoihgnngijkjjhkl roqhohnoihgnngijkfjhnn o o o n ngqiigoimnnojiomkmih nkqfomfgnkngkfikniih o n -0+>+: 10@-:93:<+ 10@,7:>- |
  1
,7:33 {rn rn {rn {rn {rn {j {rn {m |
  1
9><: {rn rn {rn {rn {i {k {rn {h 90-(>-; ;0*=3: 0*+ |
  1
300/ {rn rn {rn {rn {g {j |
  1
/3>1:r,*-9><: {rn rn {rn roqimjoomjjffffffffgkg oqkhjoomgioooooooomih o o o rn rn o ro 90-(>-;@) V V V V |
  1
<0:;8: {rn rn {rn {f {no {rn {nn 90-(>-; {i {rn |
  1
<0:;8: {rn rn {rn {nm {g {rn {nl 90-(>-; {i {rn |
  1
<0:;8: {rn rn {rn {g {nm {rn {nk 90-(>-; {i {rn |
  1
:;8: {rn rn {rn {nj o {ni n {g {nh 90-(>-; _h *1410(1 |
  1
<0:;8: {rn rn {rn {no {f {rn {ng 90-(>-; {i {rn |
  1
:;8: {rn rn {rn {ni o {nf n {f {mo 90-(>-; _h *1410(1 |
  1
:;8: {rn rn {rn {mn o {nj n {no {mm 90-(>-; _h *1410(1 |
  1
):-+:' {rn rn {rn {nk m {ml |
  1
):-+:' {rn rn {rn {nl m {mk |
  1
,+->687+r<*-): {rn rn {rn roqfhjoolnloooooooojnn oqnhjoolkioooooooomhl o o oqjffffghfffffffffkll o V V |
  1
:;8: {rn rn {rn {nf o {mn n {nm {mj 90-(>-; _h *1410(1 |
  1
):-+:' {rn rn {rn {ng m {mi |
  1
,+->687+r<*-): {rn rn {rn roqfhjoolnloooooooojnn oqhhjoommjffffffffkmf o oqhoooonnkoooooooomnh o o V V |
  1
):-+:' {rn rn {rn {nk m {mh |
  1
,+->687+r<*-): {rn rn {rn roqmhjoonffoooooooomfj oqnhjoolkjffffffffkkn o roqhoooonnkoooooooomnh gqlmiihmigkiggihkojl:rnh o V V |
  1
/061+ {rn rn {rn roqfhjoolnloooooooojnn oqnhjoolkioooooooomhl o |
  1
/061+ {rn rn {rn roqfhjoolnloooooooojnn oqhhjoommjffffffffkmf o |
  1
,+->687+r<*-): {rn rn {rn roqmhjoonffoooooooomfj oqhhjoommjffffffffkmf o o roqjffffggooooooooojkl o V V |
  1
/061+ {rn rn {rn roqmhjoonffoooooooomfj oqhhjoommjffffffffkmf o |
  1
/061+ {rn rn {rn roqmhjoonffoooooooomfj oqnhjoolkjffffffffkkn o |
1001
ACAD_OBJECT_CHANGE_GUID
1070
     1
1071
246506062
1070
-32419
1070
-17855
1070
   135
1070
   146
1070
   152
1070
   148
1070
    49
1070
    62
1070
    43
1070
   114
  0
HATCH
  5
19A
330
70
100
AcDbEntity
  8
0
 62
     1
100
AcDbHatch
 10
0.0
 20
0.0
 30
0.0
210
0.0
220
0.0
230
1.0
  2
SOLID
 70
     1
 71
     1
 91
        1
 92
        1
 93
        4
 72
     1
 10
19.48123956875846
 20
15.46866661010041
 11
19.90550278894225
 21
15.04440338991662
 72
     1
 10
19.90550278894225
 20
15.04440338991662
 11
19.41052723600993
 21
14.5494278369843
 72
     1
 10
19.41052723600994
 20
14.54942783698431
 11
18.98626401582615
 21
14.9736910571681
 72
     1
 10
18.98626401582615
 20
14.9736910571681
 11
19.48123956875847
 21
15.46866661010042
 97
        1
330
199
 75
     0
 76
     1
 98
        0
450
        0
451
        0
460
0.0
461
0.0
452
        1
462
0.0
453
        0
470

  0
REGION
  5
19B
102
{ACAD_REACTORS
330
19C
102
}
330
70
100
AcDbEntity
  8
0
 62
     1
100
AcDbModelerGeometry
 70
     1
  1
mnmoo mg m mi          
  1
ni ^ *+0;:,4 ^ *+0\^ [ mo ^ LR mmgqoqoqijjlj QK o  
  1
n fqfffffffffffffffjkh:roh nqooooooooooooooooli:rno 
  1
>,27:>;:- {rn rn _nl mmgqoqoqijjlj |
  1
=0;& {rn rn {rn {m {rn {l |
  1
3*2/ {rn rn {rn {rn {k {n |
  1
+->1,90-2 {rn rn roqhohnoihgnngijkfjhnn roqhohnoihgnngijkjjhkl o oqhohnoihgnngijkjjhkl roqhohnoihgnngijkfjhnn o o o n ngqiigoimnnojiomkmih nkqfomfgnkngkfikniih o n -0+>+: 10@-:93:<+ 10@,7:>- |
  1
,7:33 {rn rn {rn {rn {rn {j {rn {m |
  1
9><: {rn rn {rn {rn {i {k {rn {h 90-(>-; ;0*=3: 0*+ |
  1
300/ {rn rn {rn {rn {g {j |
  1
/3>1:r,*-9><: {rn rn {rn oqimkffhkhfffffffffkn oqkhjoomgioooooooomih o o o rn rn o ro 90-(>-;@) V V V V |
  1
<0:;8: {rn rn {rn {f {no {rn {nn 90-(>-; {i {rn |
  1
<0:;8: {rn rn {rn {nm {g {rn {nl 90-(>-; {i {rn |
  1
<0:;8: {rn rn {rn {g {nm {rn {nk 90-(>-; {i {rn |
  1
:;8: {rn rn {rn {nj o {ni n {g {nh 90-(>-; _h *1410(1 |
  1
<0:;8: {rn rn {rn {no {f {rn {ng 90-(>-; {i {rn |
  1
:;8: {rn rn {rn {ni o {nf n {f {mo 90-(>-; _h *1410(1 |
  1
:;8: {rn rn {rn {mn o {nj n {no {mm 90-(>-; _h *1410(1 |
  1
):-+:' {rn rn {rn {nk m {ml |
  1
):-+:' {rn rn {rn {nl m {mk |
  1
,+->687+r<*-): {rn rn {rn oqmhkffifoffffffffgll oqnhjoolkioooooooomhl o o oqjffffghfffffffffkll o V V |
  1
:;8: {rn rn {rn {nf o {mn n {nm {mj 90-(>-; _h *1410(1 |
  1
):-+:' {rn rn {rn {ng m {mi |
  1
,+->687+r<*-): {rn rn {rn oqmhkffifoffffffffgll oqhhjoommjffffffffkmf o oqhoooonnkooooooonlmh o o V V |
  1
):-+:' {rn rn {rn {nk m {mh |
  1
,+->687+r<*-): {rn rn {rn oqfhkffgojooooooooioj oqnhjoolkjffffffffkkn o roqhoooonnkooooooonlmh gqlmiihmigkiggihkojl:rnh o V V |
  1
/061+ {rn rn {rn oqmhkffifoffffffffgll oqnhjoolkioooooooomhl o |
  1
/061+ {rn rn {rn oqmhkffifoffffffffgll oqhhjoommjffffffffkmf o |
  1
,+->687+r<*-): {rn rn {rn oqfhkffgojooooooooioj oqhhjoommjffffffffkmf o o roqjffffggooooooooojkl o V V |
  1
/061+ {rn rn {rn oqfhkffgojooooooooioj oqhhjoommjffffffffkmf o |
  1
/061+ {rn rn {rn oqfhkffgojooooooooioj oqnhjoolkjffffffffkkn o |
1001
ACAD_OBJECT_CHANGE_GUID
1070
     1
1071
1660341854
1070
-14730
1070
  4678
1070
   178
1070
     9
1070
   224
1070
    39
1070
    64
1070
    25
1070
    15
1070
   223
  0
HATCH
  5
19C
330
70
100
AcDbEntity
  8
0
 62
     1
100
AcDbHatch
 10
0.0
 20
0.0
 30
0.0
210
0.0
220
0.0
230
1.0
  2
SOLID
 70
     1
 71
     1
 91
        1
 92
        1
 93
        4
 72
     1
 10
18.59735606399101
 20
14.58478310533296
 11
19.0216192841748
 21
14.16051988514916
 72
     1
 10
19.0216192841748
 20
14.16051988514917
 11
18.52664373124248
 21
13.66554433221686
 72
     1
 10
18.52664373124248
 20
13.66554433221686
 11
18.10238051105869
 21
14.08980755240065
 72
     1
 10
18.10238051105869
 20
14.08980755240065
 11
18.59735606399101
 21
14.58478310533296
 97
        1
330
19B
 75
     0
 76
     1
 98
        0
450
        0
451
        0
460
0.0
461
0.0
452
        1
462
0.0
453
        0
470

  0
REGION
  5
19D
102
{ACAD_REACTORS
330
19E
102
}
330
70
100
AcDbEntity
  8
0
 62
     1
100
AcDbModelerGeometry
 70
     1
  1
mnmoo mg m mi          
  1
ni ^ *+0;:,4 ^ *+0\^ [ mo ^ LR mmgqoqoqijjlj QK o  
  1
n fqfffffffffffffffjkh:roh nqooooooooooooooooli:rno 
  1
>,27:>;:- {rn rn _nl mmgqoqoqijjlj |
  1
=0;& {rn rn {rn {m {rn {l |
  1
3*2/ {rn rn {rn {rn {k {n |
  1
+->1,90-2 {rn rn oqhohnoihgnngijkhljoh roqhohnoihgnngijkhiglg o oqhohnoihgnngijkhiglg oqhohnoihgnngijkhljoh o o o n ngqiifnmnmfojiomkglg mjqojfllnklgkfiknkjl o n -0+>+: 10@-:93:<+ 10@,7:>- |
  1
,7:33 {rn rn {rn {rn {rn {j {rn {m |
  1
9><: {rn rn {rn {rn {i {k {rn {h 90-(>-; ;0*=3: 0*+ |
  1
300/ {rn rn {rn {rn {g {j |
  1
/3>1:r,*-9><: {rn rn {rn oqimjoooonfffffffghgj oqhhkfffhnffffffffkhj o o o rn rn o ro 90-(>-;@) V V V V |
  1
<0:;8: {rn rn {rn {f {no {rn {nn 90-(>-; {i {rn |
  1
<0:;8: {rn rn {rn {nm {g {rn {nl 90-(>-; {i {rn |
  1
<0:;8: {rn rn {rn {g {nm {rn {nk 90-(>-; {i {rn |
  1
:;8: {rn rn {rn {nj o {ni n {g {nh 90-(>-; _h *1410(1 |
  1
<0:;8: {rn rn {rn {no {f {rn {ng 90-(>-; {i {rn |
  1
:;8: {rn rn {rn {ni o {nf n {f {mo 90-(>-; _h *1410(1 |
  1
:;8: {rn rn {rn {mn o {nj n {no {mm 90-(>-; _h *1410(1 |
  1
):-+:' {rn rn {rn {nk m {ml |
  1
):-+:' {rn rn {rn {nl m {mk |
  1
,+->687+r<*-): {rn rn {rn oqmhkfffkjoooooooolkn oqnhjooofnffffffffmn o rnqnnommlomkimjnjijk:rni oqjffffggooooooooojkl o V V |
  1
:;8: {rn rn {rn {nf o {mn n {nm {mj 90-(>-; _h *1410(1 |
  1
):-+:' {rn rn {rn {ng m {mi |
  1
,+->687+r<*-): {rn rn {rn oqmhkfffkkffffffffmln oqhhkfffhnffffffffkhj o oqhoooonnkoooooooomnh o o V V |
  1
):-+:' {rn rn {rn {nk m {mh |
  1
,+->687+r<*-): {rn rn {rn oqfhjooojgffffffffkkg oqnhjooofmoooooooojfg o roqhoooonnlffffffffnoh rnqlghhhghgohgnkkjihi:rni o V V |
  1
/061+ {rn rn {rn oqmhkfffkjoooooooolkn oqnhjooofnffffffffmn o |
  1
/061+ {rn rn {rn oqmhkfffkkffffffffmln oqhhkfffhnffffffffkhj o |
  1
,+->687+r<*-): {rn rn {rn oqfhjooojgffffffffkkg oqhhkfffhnffffffffkhj o o roqjffffghffffffffglml o V V |
  1
/061+ {rn rn {rn oqfhjooojgffffffffkkg oqhhkfffhnffffffffkhj o |
  1
/061+ {rn rn {rn oqfhjooojgffffffffkkg oqnhjooofmoooooooojfg o |
1001
ACAD_OBJECT_CHANGE_GUID
1070
     1
1071
-1681138722
1070
 16879
1070
-30390
1070
   135
1070
   184
1070
    72
1070
    43
1070
    39
1070
    68
1070
   250
1070
   160
  0
HATCH
  5
19E
330
70
100
AcDbEntity
  8
0
 62
     1
100
AcDbHatch
 10
0.0
 20
0.0
 30
0.0
210
0.0
220
0.0
230
1.0
  2
SOLID
 70
     1
 71
     1
 91
        1
 92
        1
 93
        4
 72
     1
 10
18.9873196037237
 20
24.98862179982473
 11
19.4115828239075
 21
25.41288502000852
 72
     1
 10
19.41158282390749
 20
25.41288502000852
 11
19.90655837683981
 21
24.91790946707621
 72
     1
 10
19.9065583768398
 20
24.91790946707621
 11
19.48229515665601
 21
24.49364624689242
 72
     1
 10
19.48229515665601
 20
24.49364624689242
 11
18.9873196037237
 21
24.98862179982473
 97
        1
330
19D
 75
     0
 76
     1
 98
        0
450
        0
451
        0
460
0.0
461
0.0
452
        1
462
0.0
453
        0
470

  0
REGION
  5
19F
102
{ACAD_REACTORS
330
1A0
102
}
330
70
100
AcDbEntity
  8
0
 62
     1
100
AcDbModelerGeometry
 70
     1
  1
mnmoo mg m mi          
  1
ni ^ *+0;:,4 ^ *+0\^ [ mo ^ LR mmgqoqoqijjlj QK o  
  1
n fqfffffffffffffffjkh:roh nqooooooooooooooooli:rno 
  1
>,27:>;:- {rn rn _nl mmgqoqoqijjlj |
  1
=0;& {rn rn {rn {m {rn {l |
  1
3*2/ {rn rn {rn {rn {k {n |
  1
+->1,90-2 {rn rn oqhohnoihgnngijkhljoh roqhohnoihgnngijkhiglg o oqhohnoihgnngijkhiglg oqhohnoihgnngijkhljoh o o o n ngqiifnmnmfojiomkglg mjqojfllnklgkfiknkjl o n -0+>+: 10@-:93:<+ 10@,7:>- |
  1
,7:33 {rn rn {rn {rn {rn {j {rn {m |
  1
9><: {rn rn {rn {rn {i {k {rn {h 90-(>-; ;0*=3: 0*+ |
  1
300/ {rn rn {rn {rn {g {j |
  1
/3>1:r,*-9><: {rn rn {rn roqimjoomjjffffffffgkg oqnhjoolkjffffffffffi o ro o rn n o ro 90-(>-;@) V V V V |
  1
<0:;8: {rn rn {rn {f {no {rn {nn 90-(>-; {i {rn |
  1
<0:;8: {rn rn {rn {nm {g {rn {nl 90-(>-; {i {rn |
  1
<0:;8: {rn rn {rn {g {nm {rn {nk 90-(>-; {i {rn |
  1
:;8: {rn rn {rn {nj o {ni n {g {nh 90-(>-; _h *1410(1 |
  1
<0:;8: {rn rn {rn {no {f {rn {ng 90-(>-; {i {rn |
  1
:;8: {rn rn {rn {ni o {nf n {f {mo 90-(>-; _h *1410(1 |
  1
:;8: {rn rn {rn {mn o {nj n {no {mm 90-(>-; _h *1410(1 |
  1
):-+:' {rn rn {rn {nk m {ml |
  1
):-+:' {rn rn {rn {nl m {mk |
  1
,+->687+r<*-): {rn rn {rn roqfhjoolnloooooooojnn oqnhjoolkjffffffffnil o o oqjffffggooooooooojkl o V V |
  1
:;8: {rn rn {rn {nf o {mn n {nm {mj 90-(>-; _h *1410(1 |
  1
):-+:' {rn rn {rn {ng m {mi |
  1
,+->687+r<*-): {rn rn {rn roqfhjoolnloooooooojnn oqhhjoommjffffffffkmf o oqhoooonnkoooooooomnh o o V V |
  1
):-+:' {rn rn {rn {nk m {mh |
  1
,+->687+r<*-): {rn rn {rn roqmhjoonfgffffffffngk oqnhjoolkioooooooojjn o roqhoooonnkooooooonlmh rnqlghhhghgohgnkkjihi:rni o V V |
  1
/061+ {rn rn {rn roqfhjoolnloooooooojnn oqnhjoolkjffffffffnil o |
  1
/061+ {rn rn {rn roqfhjoolnloooooooojnn oqhhjoommjffffffffkmf o |
  1
,+->687+r<*-): {rn rn {rn roqmhjoonffoooooooomfj oqhhjoommjffffffffkmf o nqnnommlomkimjnjijk:rni roqjffffghffffffffglml o V V |
  1
/061+ {rn rn {rn roqmhjoonffoooooooomfj oqhhjoommjffffffffkmf o |
  1
/061+ {rn rn {rn roqmhjoonfgffffffffngk oqnhjoolkioooooooojjn o |
1001
ACAD_OBJECT_CHANGE_GUID
1070
     1
1071
-2032748094
1070
-30269
1070
-24244
1070
   162
1070
   209
1070
   253
1070
   212
1070
   248
1070
   128
1070
   187
1070
   168
  0
HATCH
  5
1A0
330
70
100
AcDbEntity
  8
0
 62
     1
100
AcDbHatch
 10
0.0
 20
0.0
 30
0.0
210
0.0
220
0.0
230
1.0
  2
SOLID
 70
     1
 71
     1
 91
        1
 92
        1
 93
        4
 72
     1
 10
18.10343609895624
 20
25.87250889669463
 11
18.52769931914004
 21
26.29677211687843
 72
     1
 10
18.52769931914004
 20
26.29677211687842
 11
19.02267487207235
 21
25.80179656394611
 72
     1
 10
19.02267487207235
 20
25.80179656394611
 11
18.59841165188855
 21
25.37753334376232
 72
     1
 10
18.59841165188856
 20
25.37753334376232
 11
18.10343609895625
 21
25.87250889669463
 97
        1
330
19F
 75
     0
 76
     1
 98
        0
450
        0
451
        0
460
0.0
461
0.0
452
        1
462
0.0
453
        0
470

  0
REGION
  5
1A1
102
{ACAD_REACTORS
330
1A2
102
}
330
70
100
AcDbEntity
  8
0
 62
     1
100
AcDbModelerGeometry
 70
     1
  1
mnmoo mg m mi          
  1
ni ^ *+0;:,4 ^ *+0\^ [ mo ^ LR mmgqoqoqijjlj QK o  
  1
n fqfffffffffffffffjkh:roh nqooooooooooooooooli:rno 
  1
>,27:>;:- {rn rn _nl mmgqoqoqijjlj |
  1
=0;& {rn rn {rn {m {rn {l |
  1
3*2/ {rn rn {rn {rn {k {n |
  1
+->1,90-2 {rn rn oqhohnoihgnngijkhljoh roqhohnoihgnngijkhiglg o oqhohnoihgnngijkhiglg oqhohnoihgnngijkhljoh o o o n ngqiifnmnmfojiomkglg mjqojfllnklgkfiknkjl o n -0+>+: 10@-:93:<+ 10@,7:>- |
  1
,7:33 {rn rn {rn {rn {rn {j {rn {m |
  1
9><: {rn rn {rn {rn {i {k {rn {h 90-(>-; ;0*=3: 0*+ |
  1
300/ {rn rn {rn {rn {g {j |
  1
/3>1:r,*-9><: {rn rn {rn roqimjoooonfffffffghgj roqhhkfffhnffffffffkhj o ro o rn n o ro 90-(>-;@) V V V V |
  1
<0:;8: {rn rn {rn {f {no {rn {nn 90-(>-; {i {rn |
  1
<0:;8: {rn rn {rn {nm {g {rn {nl 90-(>-; {i {rn |
  1
<0:;8: {rn rn {rn {g {nm {rn {nk 90-(>-; {i {rn |
  1
:;8: {rn rn {rn {nj o {ni n {g {nh 90-(>-; _h *1410(1 |
  1
<0:;8: {rn rn {rn {no {f {rn {ng 90-(>-; {i {rn |
  1
:;8: {rn rn {rn {ni o {nf n {f {mo 90-(>-; _h *1410(1 |
  1
:;8: {rn rn {rn {mn o {nj n {no {mm 90-(>-; _h *1410(1 |
  1
):-+:' {rn rn {rn {nk m {ml |
  1
):-+:' {rn rn {rn {nl m {mk |
  1
,+->687+r<*-): {rn rn {rn roqfhjooojgffffffffkkg roqhhkfffhnffffffffkhj o o oqjffffghffffffffglml o V V |
  1
:;8: {rn rn {rn {nf o {mn n {nm {mj 90-(>-; _h *1410(1 |
  1
):-+:' {rn rn {rn {ng m {mi |
  1
,+->687+r<*-): {rn rn {rn roqfhjooojgffffffffkkg roqnhjooofmoooooooojfg o oqhoooonnlffffffffnoh nqlghhhghgohgnkkjihi:rni o V V |
  1
):-+:' {rn rn {rn {nk m {mh |
  1
,+->687+r<*-): {rn rn {rn roqmhkfffkkffffffffmln roqhhkfffhnffffffffkhj o roqhoooonnkoooooooomnh o o V V |
  1
/061+ {rn rn {rn roqfhjooojgffffffffkkg roqhhkfffhnffffffffkhj o |
  1
/061+ {rn rn {rn roqfhjooojgffffffffkkg roqnhjooofmoooooooojfg o |
  1
,+->687+r<*-): {rn rn {rn roqmhkfffkjoooooooolkn roqnhjooofnffffffffmn o nqnnommlomkimjnjijk:rni roqjffffggooooooooojkl o V V |
  1
/061+ {rn rn {rn roqmhkfffkjoooooooolkn roqnhjooofnffffffffmn o |
  1
/061+ {rn rn {rn roqmhkfffkkffffffffmln roqhhkfffhnffffffffkhj o |
1001
ACAD_OBJECT_CHANGE_GUID
1070
     1
1071
893787305
1070
 15286
1070
 10827
1070
   167
1070
   197
1070
   231
1070
   101
1070
   161
1070
    29
1070
    47
1070
   239
  0
HATCH
  5
1A2
330
70
100
AcDbEntity
  8
0
 62
     1
100
AcDbHatch
 10
0.0
 20
0.0
 30
0.0
210
0.0
220
0.0
230
1.0
  2
SOLID
 70
     1
 71
     1
 91
        1
 92
        1
 93
        4
 72
     1
 10
17.43168420428068
 20
25.20075340991662
 11
17.85594742446448
 21
25.62501663010041
 72
     1
 10
17.85594742446447
 20
25.62501663010042
 11
18.35092297739679
 21
25.1300410771681
 72
     1
 10
18.35092297739679
 20
25.1300410771681
 11
17.926659757213
 21
24.70577785698431
 72
     1
 10
17.926659757213
 20
24.70577785698431
 11
17.43168420428069
 21
25.20075340991662
 97
        1
330
1A1
 75
     0
 76
     1
 98
        0
450
        0
451
        0
460
0.0
461
0.0
452
        1
462
0.0
453
        0
470

  0
REGION
  5
1A3
102
{ACAD_REACTORS
330
1A4
102
}
330
70
100
AcDbEntity
  8
0
 62
     1
100
AcDbModelerGeometry
 70
     1
  1
mnmoo mg m mi          
  1
ni ^ *+0;:,4 ^ *+0\^ [ mo ^ LR mmgqoqoqijjlj QK o  
  1
n fqfffffffffffffffjkh:roh nqooooooooooooooooli:rno 
  1
>,27:>;:- {rn rn _nl mmgqoqoqijjlj |
  1
=0;& {rn rn {rn {m {rn {l |
  1
3*2/ {rn rn {rn {rn {k {n |
  1
+->1,90-2 {rn rn oqhohnoihgnngijkhljoh roqhohnoihgnngijkhiglg o oqhohnoihgnngijkhiglg oqhohnoihgnngijkhljoh o o o n ngqiifnmnmfojiomkglg mjqojfllnklgkfiknkjl o n -0+>+: 10@-:93:<+ 10@,7:>- |
  1
,7:33 {rn rn {rn {rn {rn {j {rn {m |
  1
9><: {rn rn {rn {rn {i {k {rn {h 90-(>-; ;0*=3: 0*+ |
  1
300/ {rn rn {rn {rn {g {j |
  1
/3>1:r,*-9><: {rn rn {rn oqimjoomjjffffffffgkg roqnhjoolkjffffffffffi o o o rn rn o ro 90-(>-;@) V V V V |
  1
<0:;8: {rn rn {rn {f {no {rn {nn 90-(>-; {i {rn |
  1
<0:;8: {rn rn {rn {nm {g {rn {nl 90-(>-; {i {rn |
  1
<0:;8: {rn rn {rn {g {nm {rn {nk 90-(>-; {i {rn |
  1
:;8: {rn rn {rn {nj o {ni n {g {nh 90-(>-; _h *1410(1 |
  1
<0:;8: {rn rn {rn {no {f {rn {ng 90-(>-; {i {rn |
  1
:;8: {rn rn {rn {ni o {nf n {f {mo 90-(>-; _h *1410(1 |
  1
:;8: {rn rn {rn {mn o {nj n {no {mm 90-(>-; _h *1410(1 |
  1
):-+:' {rn rn {rn {nk m {ml |
  1
):-+:' {rn rn {rn {nl m {mk |
  1
,+->687+r<*-): {rn rn {rn oqmhjoonffoooooooomfj roqhhjoommjffffffffkmf o rnqnnommlomkimjnjijk:rni oqjffffghffffffffglml o V V |
  1
:;8: {rn rn {rn {nf o {mn n {nm {mj 90-(>-; _h *1410(1 |
  1
):-+:' {rn rn {rn {ng m {mi |
  1
,+->687+r<*-): {rn rn {rn oqmhjoonfgffffffffngk roqnhjoolkioooooooojjn o oqhoooonnkooooooonlmh nqlghhhghgohgnkkjihi:rni o V V |
  1
):-+:' {rn rn {rn {nk m {mh |
  1
,+->687+r<*-): {rn rn {rn oqfhjoolnloooooooojnn roqhhjoommjffffffffkmf o roqhoooonnkoooooooomnh o o V V |
  1
/061+ {rn rn {rn oqmhjoonffoooooooomfj roqhhjoommjffffffffkmf o |
  1
/061+ {rn rn {rn oqmhjoonfgffffffffngk roqnhjoolkioooooooojjn o |
  1
,+->687+r<*-): {rn rn {rn oqfhjoolnloooooooojnn roqnhjoolkjffffffffnil o o roqjffffggooooooooojkl o V V |
  1
/061+ {rn rn {rn oqfhjoolnloooooooojnn roqnhjoolkjffffffffnil o |
  1
/061+ {rn rn {rn oqfhjoolnloooooooojnn roqhhjoommjffffffffkmf o |
1001
ACAD_OBJECT_CHANGE_GUID
1070
     1
1071
1458029948
1070
 19664
1070
-16817
1070
   157
1070
    53
1070
   128
1070
   196
1070
    47
1070
   168
1070
   225
1070
    29
  0
HATCH
  5
1A4
330
70
100
AcDbEntity
  8
0
 62
     1
100
AcDbHatch
 10
0.0
 20
0.0
 30
0.0
210
0.0
220
0.0
230
1.0
  2
SOLID
 70
     1
 71
     1
 91
        1
 92
        1
 93
        4
 72
     1
 10
18.31556770904814
 20
24.31686631304672
 11
18.73983092923193
 21
24.74112953323051
 72
     1
 10
18.73983092923193
 20
24.74112953323051
 11
19.23480648216425
 21
24.2461539802982
 72
     1
 10
19.23480648216424
 20
24.2461539802982
 11
18.81054326198045
 21
23.82189076011441
 72
     1
 10
18.81054326198045
 20
23.82189076011441
 11
18.31556770904814
 21
24.31686631304672
 97
        1
330
1A3
 75
     0
 76
     1
 98
        0
450
        0
451
        0
460
0.0
461
0.0
452
        1
462
0.0
453
        0
470

  0
REGION
  5
1A5
102
{ACAD_REACTORS
330
1A6
102
}
330
70
100
AcDbEntity
  8
0
 62
     1
100
AcDbModelerGeometry
 70
     1
  1
mnmoo nl m mi          
  1
ni ^ *+0;:,4 ^ *+0\^ [ mo ^ LR mmgqoqoqijjlj QK o  
  1
n fqfffffffffffffffjkh:roh nqooooooooooooooooli:rno 
  1
>,27:>;:- {rn rn _nl mmgqoqoqijjlj |
  1
=0;& {rn rn {rn {m {rn {l |
  1
3*2/ {rn rn {rn {rn {k {n |
  1
+->1,90-2 {rn rn n o o o n o o o n nmqfihknlnnojiomkjfl nlqkjmloljfgkfiknfmn o n 10@-0+>+: 10@-:93:<+ 10@,7:>- |
  1
,7:33 {rn rn {rn {rn {rn {j {rn {m |
  1
9><: {rn rn {rn {rn {i {k {rn {h 90-(>-; ;0*=3: 0*+ |
  1
300/ {rn rn {rn {rn {g {j |
  1
/3>1:r,*-9><: {rn rn {rn roqnmkfffhjoooooooolkk mqhhjjjhjinjimgfnljn:rnh o ro o n rn o ro 90-(>-;@) V V V V |
  1
<0:;8: {rn rn {rn {g {g {rn {f 90-(>-; {i {rn |
  1
:;8: {rn rn {rn {no o {no iqmglngjlohnhfjgimlm {g {nn 90-(>-; _h *1410(1 |
  1
):-+:' {rn rn {rn {f m {nm |
  1
:336/,:r<*-): {rn rn {rn o o o o o n oqmkffffjooooooooonlk o ro n V V |
  1
/061+ {rn rn {rn oqmkffffjooooooooonlk o o |
1001
ACAD_OBJECT_CHANGE_GUID
1070
     1
1071
-1022362313
1070
 12532
1070
 -9650
1070
   144
1070
    56
1070
   135
1070
   191
1070
   218
1070
   230
1070
   237
1070
   157
  0
HATCH
  5
1A6
330
70
100
AcDbEntity
  8
0
 62
     1
100
AcDbHatch
 10
0.0
 20
0.0
 30
0.0
210
0.0
220
0.0
230
1.0
  2
SOLID
 70
     1
 71
     1
 91
        1
 92
        1
 93
        1
 72
     2
 10
12.96741311056024
 20
13.45230359849642
 40
0.2499995
 50
0.0
 51
360.0
 73
     1
 97
        1
330
1A5
 75
     0
 76
     1
 98
        0
450
        0
451
        0
460
0.0
461
0.0
452
        1
462
0.0
453
        0
470

  0
REGION
  5
1A7
102
{ACAD_REACTORS
330
1A8
102
}
330
70
100
AcDbEntity
  8
0
 62
     1
100
AcDbModelerGeometry
 70
     1
  1
mnmoo nl m mi          
  1
ni ^ *+0;:,4 ^ *+0\^ [ mo ^ LR mmgqoqoqijjlj QK o  
  1
n fqfffffffffffffffjkh:roh nqooooooooooooooooli:rno 
  1
>,27:>;:- {rn rn _nl mmgqoqoqijjlj |
  1
=0;& {rn rn {rn {m {rn {l |
  1
3*2/ {rn rn {rn {rn {k {n |
  1
+->1,90-2 {rn rn n o o o n o o o n nlqkihknkijojiomkjkj nkqmjmlokjlgkfiknhhi o n 10@-0+>+: 10@-:93:<+ 10@,7:>- |
  1
,7:33 {rn rn {rn {rn {rn {j {rn {m |
  1
9><: {rn rn {rn {rn {i {k {rn {h 90-(>-; ;0*=3: 0*+ |
  1
300/ {rn rn {rn {rn {g {j |
  1
/3>1:r,*-9><: {rn rn {rn roqnmkfffhjoooooooolkk mqhhjjjhjinjimgfnljn:rnh o ro o n rn o ro 90-(>-;@) V V V V |
  1
<0:;8: {rn rn {rn {g {g {rn {f 90-(>-; {i {rn |
  1
:;8: {rn rn {rn {no o {no iqmglngjlohnhfjgimlm {g {nn 90-(>-; _h *1410(1 |
  1
):-+:' {rn rn {rn {f m {nm |
  1
:336/,:r<*-): {rn rn {rn o o o o o n oqmkffffjooooooooonlk o ro n V V |
  1
/061+ {rn rn {rn oqmkffffjooooooooonlk o o |
1001
ACAD_OBJECT_CHANGE_GUID
1070
     1
1071
-1517976837
1070
 19565
1070
 16203
1070
   166
1070
   229
1070
   147
1070
    32
1070
   239
1070
    88
1070
   133
1070
   234
  0
HATCH
  5
1A8
330
70
100
AcDbEntity
  8
0
 62
     1
100
AcDbHatch
 10
0.0
 20
0.0
 30
0.0
210
0.0
220
0.0
230
1.0
  2
SOLID
 70
     1
 71
     1
 91
        1
 92
        1
 93
        1
 72
     2
 10
13.46741465056024
 20
14.25230453849642
 40
0.2499995
 50
0.0
 51
360.0
 73
     1
 97
        1
330
1A7
 75
     0
 76
     1
 98
        0
450
        0
451
        0
460
0.0
461
0.0
452
        1
462
0.0
453
        0
470

  0
REGION
  5
1A9
102
{ACAD_REACTORS
330
1AA
102
}
330
70
100
AcDbEntity
  8
0
 62
     1
100
AcDbModelerGeometry
 70
     1
  1
mnmoo nl m mi          
  1
ni ^ *+0;:,4 ^ *+0\^ [ mo ^ LR mmgqoqoqijjlj QK o  
  1
n fqfffffffffffffffjkh:roh nqooooooooooooooooli:rno 
  1
>,27:>;:- {rn rn _nl mmgqoqoqijjlj |
  1
=0;& {rn rn {rn {m {rn {l |
  1
3*2/ {rn rn {rn {rn {k {n |
  1
+->1,90-2 {rn rn n o o o n o o o n nmqonhknjonojiomkjhj nlqkjmloljfgkfiknfmn o n 10@-0+>+: 10@-:93:<+ 10@,7:>- |
  1
,7:33 {rn rn {rn {rn {rn {j {rn {m |
  1
9><: {rn rn {rn {rn {i {k {rn {h 90-(>-; ;0*=3: 0*+ |
  1
300/ {rn rn {rn {rn {g {j |
  1
/3>1:r,*-9><: {rn rn {rn roqnmkfffhjoooooooolkk mqhhjjjhjinjimgfnljn:rnh o ro o n rn o ro 90-(>-;@) V V V V |
  1
<0:;8: {rn rn {rn {g {g {rn {f 90-(>-; {i {rn |
  1
:;8: {rn rn {rn {no o {no iqmglngjlohnhfjgimlm {g {nn 90-(>-; _h *1410(1 |
  1
):-+:' {rn rn {rn {f m {nm |
  1
:336/,:r<*-): {rn rn {rn o o o o o n oqmkffffjooooooooonlk o ro n V V |
  1
/061+ {rn rn {rn oqmkffffjooooooooonlk o o |
1001
ACAD_OBJECT_CHANGE_GUID
1070
     1
1071
403367364
1070
 28893
1070
-17585
1070
   189
1070
   239
1070
   112
1070
    88
1070
    21
1070
   201
1070
   163
1070
   162
  0
HATCH
  5
1AA
330
70
100
AcDbEntity
  8
0
 62
     1
100
AcDbHatch
 10
0.0
 20
0.0
 30
0.0
210
0.0
220
0.0
230
1.0
  2
SOLID
 70
     1
 71
     1
 91
        1
 92
        1
 93
        1
 72
     2
 10
12.01741501056024
 20
13.45230359849642
 40
0.2499995
 50
0.0
 51
360.0
 73
     1
 97
        1
330
1A9
 75
     0
 76
     1
 98
        0
450
        0
451
        0
460
0.0
461
0.0
452
        1
462
0.0
453
        0
470

  0
REGION
  5
1AB
102
{ACAD_REACTORS
330
1AC
102
}
330
70
100
AcDbEntity
  8
0
 62
     1
100
AcDbModelerGeometry
 70
     1
  1
mnmoo nl m mi          
  1
ni ^ *+0;:,4 ^ *+0\^ [ mo ^ LR mmgqoqoqijjlj QK o  
  1
n fqfffffffffffffffjkh:roh nqooooooooooooooooli:rno 
  1
>,27:>;:- {rn rn _nl mmgqoqoqijjlj |
  1
=0;& {rn rn {rn {m {rn {l |
  1
3*2/ {rn rn {rn {rn {k {n |
  1
+->1,90-2 {rn rn n o o o n o o o n nmqjnhknkonojiomkkhm nkqmjmlokjlgkfiknhhi o n 10@-0+>+: 10@-:93:<+ 10@,7:>- |
  1
,7:33 {rn rn {rn {rn {rn {j {rn {m |
  1
9><: {rn rn {rn {rn {i {k {rn {h 90-(>-; ;0*=3: 0*+ |
  1
300/ {rn rn {rn {rn {g {j |
  1
/3>1:r,*-9><: {rn rn {rn roqnmkfffhjoooooooolkk mqhhjjjhjinjimgfnljn:rnh o ro o n rn o ro 90-(>-;@) V V V V |
  1
<0:;8: {rn rn {rn {g {g {rn {f 90-(>-; {i {rn |
  1
:;8: {rn rn {rn {no o {no iqmglngjlohnhfjgimlm {g {nn 90-(>-; _h *1410(1 |
  1
):-+:' {rn rn {rn {f m {nm |
  1
:336/,:r<*-): {rn rn {rn o o o o o n oqmkffffjooooooooonlk o ro n V V |
  1
/061+ {rn rn {rn oqmkffffjooooooooonlk o o |
1001
ACAD_OBJECT_CHANGE_GUID
1070
     1
1071
-681512914
1070
-28787
1070
-17329
1070
   188
1070
   185
1070
   135
1070
   129
1070
   172
1070
     2
1070
    13
1070
   204
  0
HATCH
  5
1AC
330
70
100
AcDbEntity
  8
0
 62
     1
100
AcDbHatch
 10
0.0
 20
0.0
 30
0.0
210
0.0
220
0.0
230
1.0
  2
SOLID
 70
     1
 71
     1
 91
        1
 92
        1
 93
        1
 72
     2
 10
12.51741401056024
 20
14.25230453849642
 40
0.2499995
 50
0.0
 51
360.0
 73
     1
 97
        1
330
1AB
 75
     0
 76
     1
 98
        0
450
        0
451
        0
460
0.0
461
0.0
452
        1
462
0.0
453
        0
470

  0
REGION
  5
1AD
102
{ACAD_REACTORS
330
1AE
102
}
330
70
100
AcDbEntity
  8
0
 62
     1
100
AcDbModelerGeometry
 70
     1
  1
mnmoo nl m mi          
  1
ni ^ *+0;:,4 ^ *+0\^ [ mo ^ LR mmgqoqoqijjlj QK o  
  1
n fqfffffffffffffffjkh:roh nqooooooooooooooooli:rno 
  1
>,27:>;:- {rn rn _nl mmgqoqoqijjlj |
  1
=0;& {rn rn {rn {m {rn {l |
  1
3*2/ {rn rn {rn {rn {k {n |
  1
+->1,90-2 {rn rn n o o o n o o o n njqkihknlnfojiomkngf nlqkjmloljfgkfiknfmn o n 10@-0+>+: 10@-:93:<+ 10@,7:>- |
  1
,7:33 {rn rn {rn {rn {rn {j {rn {m |
  1
9><: {rn rn {rn {rn {i {k {rn {h 90-(>-; ;0*=3: 0*+ |
  1
300/ {rn rn {rn {rn {g {j |
  1
/3>1:r,*-9><: {rn rn {rn roqnmkfffhjoooooooolkk mqhhjjjhjinjimgfnljn:rnh o ro o n rn o ro 90-(>-;@) V V V V |
  1
<0:;8: {rn rn {rn {g {g {rn {f 90-(>-; {i {rn |
  1
:;8: {rn rn {rn {no o {no iqmglngjlohnhfjgimlm {g {nn 90-(>-; _h *1410(1 |
  1
):-+:' {rn rn {rn {f m {nm |
  1
:336/,:r<*-): {rn rn {rn o o o o o n oqmkffffjooooooooonlk o ro n V V |
  1
/061+ {rn rn {rn oqmkffffjooooooooonlk o o |
1001
ACAD_OBJECT_CHANGE_GUID
1070
     1
1071
1537764303
1070
-26988
1070
 31810
1070
   147
1070
     4
1070
   235
1070
   156
1070
    69
1070
   140
1070
   151
1070
    94
  0
HATCH
  5
1AE
330
70
100
AcDbEntity
  8
0
 62
     1
100
AcDbHatch
 10
0.0
 20
0.0
 30
0.0
210
0.0
220
0.0
230
1.0
  2
SOLID
 70
     1
 71
     1
 91
        1
 92
        1
 93
        1
 72
     2
 10
15.46741319056024
 20
13.45230359849642
 40
0.2499995
 50
0.0
 51
360.0
 73
     1
 97
        1
330
1AD
 75
     0
 76
     1
 98
        0
450
        0
451
        0
460
0.0
461
0.0
452
        1
462
0.0
453
        0
470

  0
REGION
  5
1AF
102
{ACAD_REACTORS
330
1B0
102
}
330
70
100
AcDbEntity
  8
0
 62
     1
100
AcDbModelerGeometry
 70
     1
  1
mnmoo nl m mi          
  1
ni ^ *+0;:,4 ^ *+0\^ [ mo ^ LR mmgqoqoqijjlj QK o  
  1
n fqfffffffffffffffjkh:roh nqooooooooooooooooli:rno 
  1
>,27:>;:- {rn rn _nl mmgqoqoqijjlj |
  1
=0;& {rn rn {rn {m {rn {l |
  1
3*2/ {rn rn {rn {rn {k {n |
  1
+->1,90-2 {rn rn n o o o n o o o n nnqlghknlhlojiomkjik nkqmjmlokjlgkfiknhhi o n 10@-0+>+: 10@-:93:<+ 10@,7:>- |
  1
,7:33 {rn rn {rn {rn {rn {j {rn {m |
  1
9><: {rn rn {rn {rn {i {k {rn {h 90-(>-; ;0*=3: 0*+ |
  1
300/ {rn rn {rn {rn {g {j |
  1
/3>1:r,*-9><: {rn rn {rn roqnmkfffhjoooooooolkk mqhhjjjhjinjimgfnljn:rnh o ro o n rn o ro 90-(>-;@) V V V V |
  1
<0:;8: {rn rn {rn {g {g {rn {f 90-(>-; {i {rn |
  1
:;8: {rn rn {rn {no o {no iqmglngjlohnhfjgimlm {g {nn 90-(>-; _h *1410(1 |
  1
):-+:' {rn rn {rn {f m {nm |
  1
:336/,:r<*-): {rn rn {rn o o o o o n oqmkffffjooooooooonlk o ro n V V |
  1
/061+ {rn rn {rn oqmkffffjooooooooonlk o o |
1001
ACAD_OBJECT_CHANGE_GUID
1070
     1
1071
1936451991
1070
 32544
1070
 -9662
1070
   191
1070
    90
1070
   151
1070
   147
1070
    47
1070
    81
1070
    32
1070
    18
  0
HATCH
  5
1B0
330
70
100
AcDbEntity
  8
0
 62
     1
100
AcDbHatch
 10
0.0
 20
0.0
 30
0.0
210
0.0
220
0.0
230
1.0
  2
SOLID
 70
     1
 71
     1
 91
        1
 92
        1
 93
        1
 72
     2
 10
11.38741373056024
 20
14.25230453849642
 40
0.2499995
 50
0.0
 51
360.0
 73
     1
 97
        1
330
1AF
 75
     0
 76
     1
 98
        0
450
        0
451
        0
460
0.0
461
0.0
452
        1
462
0.0
453
        0
470

  0
REGION
  5
1B1
102
{ACAD_REACTORS
330
1B2
102
}
330
70
100
AcDbEntity
  8
0
 62
     1
100
AcDbModelerGeometry
 70
     1
  1
mnmoo nl m mi          
  1
ni ^ *+0;:,4 ^ *+0\^ [ mo ^ LR mmgqoqoqijjlj QK o  
  1
n fqfffffffffffffffjkh:roh nqooooooooooooooooli:rno 
  1
>,27:>;:- {rn rn _nl mmgqoqoqijjlj |
  1
=0;& {rn rn {rn {m {rn {l |
  1
3*2/ {rn rn {rn {rn {k {n |
  1
+->1,90-2 {rn rn n o o o n o o o n niqkihknlhlojiomkjhn nkqmjmlokjlgkfiknhhi o n 10@-0+>+: 10@-:93:<+ 10@,7:>- |
  1
,7:33 {rn rn {rn {rn {rn {j {rn {m |
  1
9><: {rn rn {rn {rn {i {k {rn {h 90-(>-; ;0*=3: 0*+ |
  1
300/ {rn rn {rn {rn {g {j |
  1
/3>1:r,*-9><: {rn rn {rn roqnmkfffhjoooooooolkk mqhhjjjhjinjimgfnljn:rnh o ro o n rn o ro 90-(>-;@) V V V V |
  1
<0:;8: {rn rn {rn {g {g {rn {f 90-(>-; {i {rn |
  1
:;8: {rn rn {rn {no o {no iqmglngjlohnhfjgimlm {g {nn 90-(>-; _h *1410(1 |
  1
):-+:' {rn rn {rn {f m {nm |
  1
:336/,:r<*-): {rn rn {rn o o o o o n oqmkffffjooooooooonlk o ro n V V |
  1
/061+ {rn rn {rn oqmkffffjooooooooonlk o o |
1001
ACAD_OBJECT_CHANGE_GUID
1070
     1
1071
590129018
1070
 -4187
1070
-32186
1070
   180
1070
    77
1070
    64
1070
   215
1070
   206
1070
    93
1070
   253
1070
    50
  0
HATCH
  5
1B2
330
70
100
AcDbEntity
  8
0
 62
     1
100
AcDbHatch
 10
0.0
 20
0.0
 30
0.0
210
0.0
220
0.0
230
1.0
  2
SOLID
 70
     1
 71
     1
 91
        1
 92
        1
 93
        1
 72
     2
 10
16.46741373056024
 20
14.25230453849642
 40
0.2499995
 50
0.0
 51
360.0
 73
     1
 97
        1
330
1B1
 75
     0
 76
     1
 98
        0
450
        0
451
        0
460
0.0
461
0.0
452
        1
462
0.0
453
        0
470

  0
REGION
  5
1B3
102
{ACAD_REACTORS
330
1B4
102
}
330
70
100
AcDbEntity
  8
0
 62
     1
100
AcDbModelerGeometry
 70
     1
  1
mnmoo nl m mi          
  1
ni ^ *+0;:,4 ^ *+0\^ [ mo ^ LR mmgqoqoqijjlj QK o  
  1
n fqfffffffffffffffjkh:roh nqooooooooooooooooli:rno 
  1
>,27:>;:- {rn rn _nl mmgqoqoqijjlj |
  1
=0;& {rn rn {rn {m {rn {l |
  1
3*2/ {rn rn {rn {rn {k {n |
  1
+->1,90-2 {rn rn n o o o n o o o n nkqkihknjnfojiomklfk nkqmjmlokjlgkfiknhhi o n 10@-0+>+: 10@-:93:<+ 10@,7:>- |
  1
,7:33 {rn rn {rn {rn {rn {j {rn {m |
  1
9><: {rn rn {rn {rn {i {k {rn {h 90-(>-; ;0*=3: 0*+ |
  1
300/ {rn rn {rn {rn {g {j |
  1
/3>1:r,*-9><: {rn rn {rn roqnmkfffhjoooooooolkk mqhhjjjhjinjimgfnljn:rnh o ro o n rn o ro 90-(>-;@) V V V V |
  1
<0:;8: {rn rn {rn {g {g {rn {f 90-(>-; {i {rn |
  1
:;8: {rn rn {rn {no o {no iqmglngjlohnhfjgimlm {g {nn 90-(>-; _h *1410(1 |
  1
):-+:' {rn rn {rn {f m {nm |
  1
:336/,:r<*-): {rn rn {rn o o o o o n oqmkffffjooooooooonlk o ro n V V |
  1
/061+ {rn rn {rn oqmkffffjooooooooonlk o o |
1001
ACAD_OBJECT_CHANGE_GUID
1070
     1
1071
-1584553419
1070
   722
1070
 13380
1070
   155
1070
    49
1070
    37
1070
     3
1070
    43
1070
    84
1070
   174
1070
   149
  0
HATCH
  5
1B4
330
70
100
AcDbEntity
  8
0
 62
     1
100
AcDbHatch
 10
0.0
 20
0.0
 30
0.0
210
0.0
220
0.0
230
1.0
  2
SOLID
 70
     1
 71
     1
 91
        1
 92
        1
 93
        1
 72
     2
 10
14.46741519056024
 20
14.25230453849642
 40
0.2499995
 50
0.0
 51
360.0
 73
     1
 97
        1
330
1B3
 75
     0
 76
     1
 98
        0
450
        0
451
        0
460
0.0
461
0.0
452
        1
462
0.0
453
        0
470

  0
REGION
  5
1B5
102
{ACAD_REACTORS
330
1B6
102
}
330
70
100
AcDbEntity
  8
0
 62
     1
100
AcDbModelerGeometry
 70
     1
  1
mnmoo mg m mi          
  1
ni ^ *+0;:,4 ^ *+0\^ [ mo ^ LR mmgqoqoqijjlj QK o  
  1
n fqfffffffffffffffjkh:roh nqooooooooooooooooli:rno 
  1
>,27:>;:- {rn rn _nl mmgqoqoqijjlj |
  1
=0;& {rn rn {rn {m {rn {l |
  1
3*2/ {rn rn {rn {rn {k {n |
  1
+->1,90-2 {rn rn rn nqmmkikihffnkhljlmoh:rni o rnqmmkikihffnkhljlmoh:rni rn o o o n nlqhnhknknjojiomkkfl fqkmhlojmfgkfiknhkoh o n -0+>+: 10@-:93:<+ 10@,7:>- |
  1
,7:33 {rn rn {rn {rn {rn {j {rn {m |
  1
9><: {rn rn {rn {rn {i {k {rn {h 90-(>-; ;0*=3: 0*+ |
  1
300/ {rn rn {rn {rn {g {j |
  1
/3>1:r,*-9><: {rn rn {rn kqlooolmolfffffffinn nqmhkhonjlfffffffigf o o o rn rn o ro 90-(>-;@) V V V V |
  1
<0:;8: {rn rn {rn {f {no {rn {nn 90-(>-; {i {rn |
  1
<0:;8: {rn rn {rn {nm {g {rn {nl 90-(>-; {i {rn |
  1
<0:;8: {rn rn {rn {g {nm {rn {nk 90-(>-; {i {rn |
  1
:;8: {rn rn {rn {nj o {ni n {g {nh 90-(>-; _h *1410(1 |
  1
<0:;8: {rn rn {rn {no {f {rn {ng 90-(>-; {i {rn |
  1
:;8: {rn rn {rn {ni o {nf n {f {mo 90-(>-; _h *1410(1 |
  1
:;8: {rn rn {rn {mn o {nj n {no {mm 90-(>-; _h *1410(1 |
  1
):-+:' {rn rn {rn {nk m {ml |
  1
):-+:' {rn rn {rn {nl m {mk |
  1
,+->687+r<*-): {rn rn {rn jqgooomfokoooooooog oqmhkholjkooooooonlkg o rnqkffffhoooooooookif rmqhhjjjhjinjimgfnljn:rni o V V |
  1
:;8: {rn rn {rn {nf o {mn n {nm {mj 90-(>-; _h *1410(1 |
  1
):-+:' {rn rn {rn {ng m {mi |
  1
,+->687+r<*-): {rn rn {rn kqlooolmolfffffffinn oqmhkholjlfffffffgjhl o o nqfffffjfffffffffggj o V V |
  1
):-+:' {rn rn {rn {nk m {mh |
  1
,+->687+r<*-): {rn rn {rn jqgooomfokoooooooog mqmhkiffjlfffffffgjl o o rnqfffffjfffffffffiil o V V |
  1
/061+ {rn rn {rn jqgooomfokoooooooog oqmhkholjkooooooonlkg o |
  1
/061+ {rn rn {rn kqlooolmolfffffffinn oqmhkholjlfffffffgjhl o |
  1
,+->687+r<*-): {rn rn {rn kqlooolmolfffffffinn mqmhkiffjlfffffffgjl o nqkffffhoooooooookif o o V V |
  1
/061+ {rn rn {rn kqlooolmolfffffffinn mqmhkiffjlfffffffgjl o |
  1
/061+ {rn rn {rn jqgooomfokoooooooog mqmhkiffjlfffffffgjl o |
1001
ACAD_OBJECT_CHANGE_GUID
1070
     1
1071
-1692164463
1070
 12962
1070
-16314
1070
   172
1070
   196
1070
    67
1070
    71
1070
    48
1070
    81
1070
   187
1070
   213
  0
HATCH
  5
1B6
330
70
100
AcDbEntity
  8
0
 62
     1
100
AcDbHatch
 10
0.0
 20
0.0
 30
0.0
210
0.0
220
0.0
230
1.0
  2
SOLID
 70
     1
 71
     1
 91
        1
 92
        1
 93
        4
 72
     1
 10
7.917385110560244
 20
9.152601758496418
 11
9.417382110560247
 21
9.152601758496418
 72
     1
 10
9.417382110560247
 20
9.152601758496418
 11
9.417382110560247
 21
7.15260575849642
 72
     1
 10
9.417382110560247
 20
7.15260575849642
 11
7.917385110560244
 21
7.15260575849642
 72
     1
 10
7.917385110560244
 20
7.15260575849642
 11
7.917385110560244
 21
9.152601758496418
 97
        1
330
1B5
 75
     0
 76
     1
 98
        0
450
        0
451
        0
460
0.0
461
0.0
452
        1
462
0.0
453
        0
470

  0
REGION
  5
1B7
102
{ACAD_REACTORS
330
1B8
102
}
330
70
100
AcDbEntity
  8
0
 62
     1
100
AcDbModelerGeometry
 70
     1
  1
mnmoo mg m mi          
  1
ni ^ *+0;:,4 ^ *+0\^ [ mo ^ LR mmgqoqoqijjlj QK o  
  1
n fqfffffffffffffffjkh:roh nqooooooooooooooooli:rno 
  1
>,27:>;:- {rn rn _nl mmgqoqoqijjlj |
  1
=0;& {rn rn {rn {m {rn {l |
  1
3*2/ {rn rn {rn {rn {k {n |
  1
+->1,90-2 {rn rn rn nqmmkikihffnkhljlmoh:rni o rnqmmkikihffnkhljlmoh:rni rn o o o n nlqhnhknknjojiomkkfl fqkmhlojmfgkfiknhkoh o n -0+>+: 10@-:93:<+ 10@,7:>- |
  1
,7:33 {rn rn {rn {rn {rn {j {rn {m |
  1
9><: {rn rn {rn {rn {i {k {rn {h 90-(>-; ;0*=3: 0*+ |
  1
300/ {rn rn {rn {rn {g {j |
  1
/3>1:r,*-9><: {rn rn {rn rjqgooomlfjfffffffgih nqmhkhonjlfffffffigf o o o rn rn o ro 90-(>-;@) V V V V |
  1
<0:;8: {rn rn {rn {f {no {rn {nn 90-(>-; {i {rn |
  1
<0:;8: {rn rn {rn {nm {g {rn {nl 90-(>-; {i {rn |
  1
<0:;8: {rn rn {rn {g {nm {rn {nk 90-(>-; {i {rn |
  1
:;8: {rn rn {rn {nj o {ni n {g {nh 90-(>-; _h *1410(1 |
  1
<0:;8: {rn rn {rn {no {f {rn {ng 90-(>-; {i {rn |
  1
:;8: {rn rn {rn {ni o {nf n {f {mo 90-(>-; _h *1410(1 |
  1
:;8: {rn rn {rn {mn o {nj n {no {mm 90-(>-; _h *1410(1 |
  1
):-+:' {rn rn {rn {nk m {ml |
  1
):-+:' {rn rn {rn {nl m {mk |
  1
,+->687+r<*-): {rn rn {rn rkqlooomifiooooooomgh oqmhkholjkooooooonlkg o rnqkffffifffffffffjgn rmqhhjjjhjinjimgfnljn:rni o V V |
  1
:;8: {rn rn {rn {nf o {mn n {nm {mj 90-(>-; _h *1410(1 |
  1
):-+:' {rn rn {rn {ng m {mi |
  1
,+->687+r<*-): {rn rn {rn rjqgooomlfjfffffffgih oqmhkholjlfffffffgjhl o o nqfffffjfffffffffggj o V V |
  1
):-+:' {rn rn {rn {nk m {mh |
  1
,+->687+r<*-): {rn rn {rn rkqlooomifiooooooomgh mqmhkiffjlfffffffgjl o o rnqfffffjfffffffffiil o V V |
  1
/061+ {rn rn {rn rkqlooomifiooooooomgh oqmhkholjkooooooonlkg o |
  1
/061+ {rn rn {rn rjqgooomlfjfffffffgih oqmhkholjlfffffffgjhl o |
  1
,+->687+r<*-): {rn rn {rn rjqgooomlfjfffffffgih mqmhkiffjlfffffffgjl o nqkffffifffffffffjgn o o V V |
  1
/061+ {rn rn {rn rjqgooomlfjfffffffgih mqmhkiffjlfffffffgjl o |
  1
/061+ {rn rn {rn rkqlooomifiooooooomgh mqmhkiffjlfffffffgjl o |
1001
ACAD_OBJECT_CHANGE_GUID
1070
     1
1071
-1611084781
1070
 25526
1070
 11330
1070
   185
1070
   250
1070
   107
1070
     3
1070
     0
1070
   213
1070
   109
1070
    73
  0
HATCH
  5
1B8
330
70
100
AcDbEntity
  8
0
 62
     1
100
AcDbHatch
 10
0.0
 20
0.0
 30
0.0
210
0.0
220
0.0
230
1.0
  2
SOLID
 70
     1
 71
     1
 91
        1
 92
        1
 93
        4
 72
     1
 10
18.01744111056025
 20
9.152601758496416
 11
19.51743811056024
 21
9.152601758496416
 72
     1
 10
19.51743811056024
 20
9.152601758496416
 11
19.51743811056024
 21
7.152605758496418
 72
     1
 10
19.51743811056024
 20
7.152605758496418
 11
18.01744111056024
 21
7.152605758496418
 72
     1
 10
18.01744111056025
 20
7.152605758496418
 11
18.01744111056025
 21
9.152601758496416
 97
        1
330
1B7
 75
     0
 76
     1
 98
        0
450
        0
451
        0
460
0.0
461
0.0
452
        1
462
0.0
453
        0
470

  0
REGION
  5
1B9
102
{ACAD_REACTORS
330
1BA
102
}
330
70
100
AcDbEntity
  8
0
 62
     1
100
AcDbModelerGeometry
 70
     1
  1
mnmoo mg m mi          
  1
ni ^ *+0;:,4 ^ *+0\^ [ mo ^ LR mmgqoqoqijjlj QK o  
  1
n fqfffffffffffffffjkh:roh nqooooooooooooooooli:rno 
  1
>,27:>;:- {rn rn _nl mmgqoqoqijjlj |
  1
=0;& {rn rn {rn {m {rn {l |
  1
3*2/ {rn rn {rn {rn {k {n |
  1
+->1,90-2 {rn rn rn nqmmkikihffnkhljlmoh:rni o rnqmmkikihffnkhljlmoh:rni rn o o o n nlqhnhknknjojiomkkfl fqkmhlojmfgkfiknhkoh o n -0+>+: 10@-:93:<+ 10@,7:>- |
  1
,7:33 {rn rn {rn {rn {rn {j {rn {m |
  1
9><: {rn rn {rn {rn {i {k {rn {h 90-(>-; ;0*=3: 0*+ |
  1
300/ {rn rn {rn {rn {g {j |
  1
/3>1:r,*-9><: {rn rn {rn rmqhjmlknkjfffffffhfj rnqmhkifikjffffffffm o ro o rn n o ro 90-(>-;@) V V V V |
  1
<0:;8: {rn rn {rn {f {no {rn {nn 90-(>-; {i {rn |
  1
<0:;8: {rn rn {rn {nm {g {rn {nl 90-(>-; {i {rn |
  1
<0:;8: {rn rn {rn {g {nm {rn {nk 90-(>-; {i {rn |
  1
:;8: {rn rn {rn {nj o {ni n {g {nh 90-(>-; _h *1410(1 |
  1
<0:;8: {rn rn {rn {no {f {rn {ng 90-(>-; {i {rn |
  1
:;8: {rn rn {rn {ni o {nf n {f {mo 90-(>-; _h *1410(1 |
  1
:;8: {rn rn {rn {mn o {nj n {no {mm 90-(>-; _h *1410(1 |
  1
):-+:' {rn rn {rn {nk m {ml |
  1
):-+:' {rn rn {rn {nl m {mk |
  1
,+->687+r<*-): {rn rn {rn rmqiomlknhjfffffffglh rnqfmkifjnjffffffffi o roqmffffflfffffffffnin o o V V |
  1
:;8: {rn rn {rn {nf o {mn n {nm {mj 90-(>-; _h *1410(1 |
  1
):-+:' {rn rn {rn {ng m {mi |
  1
,+->687+r<*-): {rn rn {rn rmqfomlknnjfffffffhjl rnqfmkifjnjffffffffi o o nqmffffhkooooooooogn o V V |
  1
):-+:' {rn rn {rn {nk m {mh |
  1
,+->687+r<*-): {rn rn {rn rmqiomlknhjfffffffglh roqimkifhhjfffffffffog o o rnqmffffhkooooooooogn o V V |
  1
/061+ {rn rn {rn rmqiomlknhjfffffffglh rnqfmkifjnjffffffffi o |
  1
/061+ {rn rn {rn rmqfomlknnjfffffffhjl rnqfmkifjnjffffffffi o |
  1
,+->687+r<*-): {rn rn {rn rmqfomlknnjfffffffhjl roqimkifhhjfffffffffog o oqmffffflfffffffffnin o o V V |
  1
/061+ {rn rn {rn rmqfomlknnjfffffffhjl roqimkifhhjfffffffffog o |
  1
/061+ {rn rn {rn rmqiomlknhjfffffffglh roqimkifhhjfffffffffog o |
1001
ACAD_OBJECT_CHANGE_GUID
1070
     1
1071
991333012
1070
-25594
1070
  2118
1070
   128
1070
   239
1070
    88
1070
   119
1070
   147
1070
   228
1070
   120
1070
   214
  0
HATCH
  5
1BA
330
70
100
AcDbEntity
  8
0
 62
     1
100
AcDbHatch
 10
0.0
 20
0.0
 30
0.0
210
0.0
220
0.0
230
1.0
  2
SOLID
 70
     1
 71
     1
 91
        1
 92
        1
 93
        4
 72
     1
 10
16.31975591056025
 20
11.35200045849641
 11
16.61975531056025
 21
11.35200045849641
 72
     1
 10
16.61975531056024
 20
11.35200045849641
 11
16.61975531056024
 21
10.05200305849641
 72
     1
 10
16.61975531056024
 20
10.05200305849641
 11
16.31975591056024
 21
10.05200305849641
 72
     1
 10
16.31975591056025
 20
10.05200305849641
 11
16.31975591056025
 21
11.35200045849641
 97
        1
330
1B9
 75
     0
 76
     1
 98
        0
450
        0
451
        0
460
0.0
461
0.0
452
        1
462
0.0
453
        0
470

  0
REGION
  5
1BB
102
{ACAD_REACTORS
330
1BC
102
}
330
70
100
AcDbEntity
  8
0
 62
     1
100
AcDbModelerGeometry
 70
     1
  1
mnmoo mg m mi          
  1
ni ^ *+0;:,4 ^ *+0\^ [ mo ^ LR mmgqoqoqijjlj QK o  
  1
n fqfffffffffffffffjkh:roh nqooooooooooooooooli:rno 
  1
>,27:>;:- {rn rn _nl mmgqoqoqijjlj |
  1
=0;& {rn rn {rn {m {rn {l |
  1
3*2/ {rn rn {rn {rn {k {n |
  1
+->1,90-2 {rn rn rn nqmmkikihffnkhljlmoh:rni o rnqmmkikihffnkhljlmoh:rni rn o o o n nlqhnhknknjojiomkkfl fqkmhlojmfgkfiknhkoh o n -0+>+: 10@-:93:<+ 10@,7:>- |
  1
,7:33 {rn rn {rn {rn {rn {j {rn {m |
  1
9><: {rn rn {rn {rn {i {k {rn {h 90-(>-; ;0*=3: 0*+ |
  1
300/ {rn rn {rn {rn {g {j |
  1
/3>1:r,*-9><: {rn rn {rn rmqmjmkifkjffffffffml rnqmhkifikjffffffffm o ro o rn n o ro 90-(>-;@) V V V V |
  1
<0:;8: {rn rn {rn {f {no {rn {nn 90-(>-; {i {rn |
  1
<0:;8: {rn rn {rn {nm {g {rn {nl 90-(>-; {i {rn |
  1
<0:;8: {rn rn {rn {g {nm {rn {nk 90-(>-; {i {rn |
  1
:;8: {rn rn {rn {nj o {ni n {g {nh 90-(>-; _h *1410(1 |
  1
<0:;8: {rn rn {rn {no {f {rn {ng 90-(>-; {i {rn |
  1
:;8: {rn rn {rn {ni o {nf n {f {mo 90-(>-; _h *1410(1 |
  1
:;8: {rn rn {rn {mn o {nj n {no {mm 90-(>-; _h *1410(1 |
  1
):-+:' {rn rn {rn {nk m {ml |
  1
):-+:' {rn rn {rn {nl m {mk |
  1
,+->687+r<*-): {rn rn {rn rmqnomkifhjffffffffij rnqfmkifjnjffffffffi o roqmffffflfffffffffnin o o V V |
  1
:;8: {rn rn {rn {nf o {mn n {nm {mj 90-(>-; _h *1410(1 |
  1
):-+:' {rn rn {rn {ng m {mi |
  1
,+->687+r<*-): {rn rn {rn rmqkomkifnjfffffffggn rnqfmkifjnjffffffffi o o nqmffffhkooooooooogn o V V |
  1
):-+:' {rn rn {rn {nk m {mh |
  1
,+->687+r<*-): {rn rn {rn rmqnomkifhjffffffffij roqimkifhhjfffffffffog o o rnqmffffhkooooooooogn o V V |
  1
/061+ {rn rn {rn rmqnomkifhjffffffffij rnqfmkifjnjffffffffi o |
  1
/061+ {rn rn {rn rmqkomkifnjfffffffggn rnqfmkifjnjffffffffi o |
  1
,+->687+r<*-): {rn rn {rn rmqkomkifnjfffffffggn roqimkifhhjfffffffffog o oqmffffflfffffffffnin o o V V |
  1
/061+ {rn rn {rn rmqkomkifnjfffffffggn roqimkifhhjfffffffffog o |
  1
/061+ {rn rn {rn rmqnomkifhjffffffffij roqimkifhhjfffffffffog o |
1001
ACAD_OBJECT_CHANGE_GUID
1070
     1
1071
-385056956
1070
  7424
1070
 28237
1070
   188
1070
    27
1070
   114
1070
    31
1070
   207
1070
   188
1070
   102
1070
   197
  0
HATCH
  5
1BC
330
70
100
AcDbEntity
  8
0
 62
     1
100
AcDbHatch
 10
0.0
 20
0.0
 30
0.0
210
0.0
220
0.0
230
1.0
  2
SOLID
 70
     1
 71
     1
 91
        1
 92
        1
 93
        4
 72
     1
 10
15.81988391056024
 20
11.35200045849641
 11
16.11988331056025
 21
11.35200045849641
 72
     1
 10
16.11988331056024
 20
11.35200045849641
 11
16.11988331056024
 21
10.05200305849641
 72
     1
 10
16.11988331056024
 20
10.05200305849641
 11
15.81988391056024
 21
10.05200305849641
 72
     1
 10
15.81988391056024
 20
10.05200305849641
 11
15.81988391056024
 21
11.35200045849641
 97
        1
330
1BB
 75
     0
 76
     1
 98
        0
450
        0
451
        0
460
0.0
461
0.0
452
        1
462
0.0
453
        0
470

  0
REGION
  5
1BD
102
{ACAD_REACTORS
330
1BE
102
}
330
70
100
AcDbEntity
  8
0
 62
     1
100
AcDbModelerGeometry
 70
     1
  1
mnmoo mg m mi          
  1
ni ^ *+0;:,4 ^ *+0\^ [ mo ^ LR mmgqoqoqijjlj QK o  
  1
n fqfffffffffffffffjkh:roh nqooooooooooooooooli:rno 
  1
>,27:>;:- {rn rn _nl mmgqoqoqijjlj |
  1
=0;& {rn rn {rn {m {rn {l |
  1
3*2/ {rn rn {rn {rn {k {n |
  1
+->1,90-2 {rn rn rn nqmmkikihffnkhljlmoh:rni o rnqmmkikihffnkhljlmoh:rni rn o o o n nlqhnhknknjojiomkkfl fqkmhlojmfgkfiknhkoh o n -0+>+: 10@-:93:<+ 10@,7:>- |
  1
,7:33 {rn rn {rn {rn {rn {j {rn {m |
  1
9><: {rn rn {rn {rn {i {k {rn {h 90-(>-; ;0*=3: 0*+ |
  1
300/ {rn rn {rn {rn {g {j |
  1
/3>1:r,*-9><: {rn rn {rn rnqhjmlklkjfffffffgjl rnqmhkifikjffffffffm o ro o rn n o ro 90-(>-;@) V V V V |
  1
<0:;8: {rn rn {rn {f {no {rn {nn 90-(>-; {i {rn |
  1
<0:;8: {rn rn {rn {nm {g {rn {nl 90-(>-; {i {rn |
  1
<0:;8: {rn rn {rn {g {nm {rn {nk 90-(>-; {i {rn |
  1
:;8: {rn rn {rn {nj o {ni n {g {nh 90-(>-; _h *1410(1 |
  1
<0:;8: {rn rn {rn {no {f {rn {ng 90-(>-; {i {rn |
  1
:;8: {rn rn {rn {ni o {nf n {f {mo 90-(>-; _h *1410(1 |
  1
:;8: {rn rn {rn {mn o {nj n {no {mm 90-(>-; _h *1410(1 |
  1
):-+:' {rn rn {rn {nk m {ml |
  1
):-+:' {rn rn {rn {nl m {mk |
  1
,+->687+r<*-): {rn rn {rn rnqiomlklhjfffffffgfj rnqfmkifjnjffffffffi o roqmffffflfffffffffnin o o V V |
  1
:;8: {rn rn {rn {nf o {mn n {nm {mj 90-(>-; _h *1410(1 |
  1
):-+:' {rn rn {rn {ng m {mi |
  1
,+->687+r<*-): {rn rn {rn rnqfomlklnjfffffffgnn rnqfmkifjnjffffffffi o o nqmffffhkooooooooogn o V V |
  1
):-+:' {rn rn {rn {nk m {mh |
  1
,+->687+r<*-): {rn rn {rn rnqiomlklhjfffffffgfj roqimkifhhjfffffffffog o o rnqmffffhkooooooooogn o V V |
  1
/061+ {rn rn {rn rnqiomlklhjfffffffgfj rnqfmkifjnjffffffffi o |
  1
/061+ {rn rn {rn rnqfomlklnjfffffffgnn rnqfmkifjnjffffffffi o |
  1
,+->687+r<*-): {rn rn {rn rnqfomlklnjfffffffgnn roqimkifhhjfffffffffog o oqmffffflfffffffffnin o o V V |
  1
/061+ {rn rn {rn rnqfomlklnjfffffffgnn roqimkifhhjfffffffffog o |
  1
/061+ {rn rn {rn rnqiomlklhjfffffffgfj roqimkifhhjfffffffffog o |
1001
ACAD_OBJECT_CHANGE_GUID
1070
     1
1071
-548799221
1070
 -7229
1070
-18613
1070
   135
1070
    57
1070
    59
1070
    76
1070
   142
1070
   112
1070
   144
1070
    73
  0
HATCH
  5
1BE
330
70
100
AcDbEntity
  8
0
 62
     1
100
AcDbHatch
 10
0.0
 20
0.0
 30
0.0
210
0.0
220
0.0
230
1.0
  2
SOLID
 70
     1
 71
     1
 91
        1
 92
        1
 93
        4
 72
     1
 10
15.31975791056024
 20
11.35200045849641
 11
15.61975731056024
 21
11.35200045849641
 72
     1
 10
15.61975731056024
 20
11.35200045849641
 11
15.61975731056024
 21
10.05200305849641
 72
     1
 10
15.61975731056024
 20
10.05200305849641
 11
15.31975791056024
 21
10.05200305849641
 72
     1
 10
15.31975791056024
 20
10.05200305849641
 11
15.31975791056024
 21
11.35200045849641
 97
        1
330
1BD
 75
     0
 76
     1
 98
        0
450
        0
451
        0
460
0.0
461
0.0
452
        1
462
0.0
453
        0
470

  0
REGION
  5
1BF
102
{ACAD_REACTORS
330
1C0
102
}
330
70
100
AcDbEntity
  8
0
 62
     1
100
AcDbModelerGeometry
 70
     1
  1
mnmoo mg m mi          
  1
ni ^ *+0;:,4 ^ *+0\^ [ mo ^ LR mmgqoqoqijjlj QK o  
  1
n fqfffffffffffffffjkh:roh nqooooooooooooooooli:rno 
  1
>,27:>;:- {rn rn _nl mmgqoqoqijjlj |
  1
=0;& {rn rn {rn {m {rn {l |
  1
3*2/ {rn rn {rn {rn {k {n |
  1
+->1,90-2 {rn rn rn nqmmkikihffnkhljlmoh:rni o rnqmmkikihffnkhljlmoh:rni rn o o o n nlqhnhknknjojiomkkfl fqkmhlojmfgkfiknhkoh o n -0+>+: 10@-:93:<+ 10@,7:>- |
  1
,7:33 {rn rn {rn {rn {rn {j {rn {m |
  1
9><: {rn rn {rn {rn {i {k {rn {h 90-(>-; ;0*=3: 0*+ |
  1
300/ {rn rn {rn {rn {g {j |
  1
/3>1:r,*-9><: {rn rn {rn rnqmjmkhnkjffffffffgn rnqmhkifikjffffffffm o ro o rn n o ro 90-(>-;@) V V V V |
  1
<0:;8: {rn rn {rn {f {no {rn {nn 90-(>-; {i {rn |
  1
<0:;8: {rn rn {rn {nm {g {rn {nl 90-(>-; {i {rn |
  1
<0:;8: {rn rn {rn {g {nm {rn {nk 90-(>-; {i {rn |
  1
:;8: {rn rn {rn {nj o {ni n {g {nh 90-(>-; _h *1410(1 |
  1
<0:;8: {rn rn {rn {no {f {rn {ng 90-(>-; {i {rn |
  1
:;8: {rn rn {rn {ni o {nf n {f {mo 90-(>-; _h *1410(1 |
  1
:;8: {rn rn {rn {mn o {nj n {no {mm 90-(>-; _h *1410(1 |
  1
):-+:' {rn rn {rn {nk m {ml |
  1
):-+:' {rn rn {rn {nl m {mk |
  1
,+->687+r<*-): {rn rn {rn rnqnomkhnhiooooooooml rnqfmkifjnjffffffffi o roqmffffflfffffffffnin o o V V |
  1
:;8: {rn rn {rn {nf o {mn n {nm {mj 90-(>-; _h *1410(1 |
  1
):-+:' {rn rn {rn {ng m {mi |
  1
,+->687+r<*-): {rn rn {rn rnqkomkhnnjfffffffflf rnqfmkifjnjffffffffi o o nqmffffhkooooooooogn o V V |
  1
):-+:' {rn rn {rn {nk m {mh |
  1
,+->687+r<*-): {rn rn {rn rnqnomkhnhiooooooooml roqimkifhhjfffffffffog o o rnqmffffhkooooooooogn o V V |
  1
/061+ {rn rn {rn rnqnomkhnhiooooooooml rnqfmkifjnjffffffffi o |
  1
/061+ {rn rn {rn rnqkomkhnnjfffffffflf rnqfmkifjnjffffffffi o |
  1
,+->687+r<*-): {rn rn {rn rnqkomkhnnjfffffffflf roqimkifhhjfffffffffog o oqmffffflfffffffffnin o o V V |
  1
/061+ {rn rn {rn rnqkomkhnnjfffffffflf roqimkifhhjfffffffffog o |
  1
/061+ {rn rn {rn rnqnomkhnhiooooooooml roqimkifhhjfffffffffog o |
1001
ACAD_OBJECT_CHANGE_GUID
1070
     1
1071
864227706
1070
-22294
1070
 11850
1070
   150
1070
   133
1070
   246
1070
   137
1070
   169
1070
   238
1070
    39
1070
   211
  0
HATCH
  5
1C0
330
70
100
AcDbEntity
  8
0
 62
     1
100
AcDbHatch
 10
0.0
 20
0.0
 30
0.0
210
0.0
220
0.0
230
1.0
  2
SOLID
 70
     1
 71
     1
 91
        1
 92
        1
 93
        4
 72
     1
 10
14.81988591056024
 20
11.35200045849641
 11
15.11988531056024
 21
11.35200045849641
 72
     1
 10
15.11988531056024
 20
11.35200045849641
 11
15.11988531056024
 21
10.05200305849641
 72
     1
 10
15.11988531056024
 20
10.05200305849641
 11
14.81988591056024
 21
10.05200305849641
 72
     1
 10
14.81988591056024
 20
10.05200305849641
 11
14.81988591056024
 21
11.35200045849641
 97
        1
330
1BF
 75
     0
 76
     1
 98
        0
450
        0
451
        0
460
0.0
461
0.0
452
        1
462
0.0
453
        0
470

  0
REGION
  5
1C1
102
{ACAD_REACTORS
330
1C2
102
}
330
70
100
AcDbEntity
  8
0
 62
     1
100
AcDbModelerGeometry
 70
     1
  1
mnmoo mg m mi          
  1
ni ^ *+0;:,4 ^ *+0\^ [ mo ^ LR mmgqoqoqijjlj QK o  
  1
n fqfffffffffffffffjkh:roh nqooooooooooooooooli:rno 
  1
>,27:>;:- {rn rn _nl mmgqoqoqijjlj |
  1
=0;& {rn rn {rn {m {rn {l |
  1
3*2/ {rn rn {rn {rn {k {n |
  1
+->1,90-2 {rn rn rn nqmmkikihffnkhljlmoh:rni o rnqmmkikihffnkhljlmoh:rni rn o o o n nlqhnhknknjojiomkkfl fqkmhlojmfgkfiknhkoh o n -0+>+: 10@-:93:<+ 10@,7:>- |
  1
,7:33 {rn rn {rn {rn {rn {j {rn {m |
  1
9><: {rn rn {rn {rn {i {k {rn {h 90-(>-; ;0*=3: 0*+ |
  1
300/ {rn rn {rn {rn {g {j |
  1
/3>1:r,*-9><: {rn rn {rn roqhjmlkjkjffffffffnok rnqmhkifikjffffffffm o ro o rn n o ro 90-(>-;@) V V V V |
  1
<0:;8: {rn rn {rn {f {no {rn {nn 90-(>-; {i {rn |
  1
<0:;8: {rn rn {rn {nm {g {rn {nl 90-(>-; {i {rn |
  1
<0:;8: {rn rn {rn {g {nm {rn {nk 90-(>-; {i {rn |
  1
:;8: {rn rn {rn {nj o {ni n {g {nh 90-(>-; _h *1410(1 |
  1
<0:;8: {rn rn {rn {no {f {rn {ng 90-(>-; {i {rn |
  1
:;8: {rn rn {rn {ni o {nf n {f {mo 90-(>-; _h *1410(1 |
  1
:;8: {rn rn {rn {mn o {nj n {no {mm 90-(>-; _h *1410(1 |
  1
):-+:' {rn rn {rn {nk m {ml |
  1
):-+:' {rn rn {rn {nl m {mk |
  1
,+->687+r<*-): {rn rn {rn roqiomlkjhjfffffffgknl rnqfmkifjnjffffffffi o roqmfffffkooooooooomhm o o V V |
  1
:;8: {rn rn {rn {nf o {mn n {nm {mj 90-(>-; _h *1410(1 |
  1
):-+:' {rn rn {rn {ng m {mi |
  1
,+->687+r<*-): {rn rn {rn roqfomlkjnjfffffffgigj rnqfmkifjnjffffffffi o o nqmffffhkooooooooogn o V V |
  1
):-+:' {rn rn {rn {nk m {mh |
  1
,+->687+r<*-): {rn rn {rn roqiomlkjhiooooooooilk roqimkifhhjfffffffffog o mqmmokkiokfmjolnlogn:rni rnqmffffhkooooooooogn o V V |
  1
/061+ {rn rn {rn roqiomlkjhjfffffffgknl rnqfmkifjnjffffffffi o |
  1
/061+ {rn rn {rn roqfomlkjnjfffffffgigj rnqfmkifjnjffffffffi o |
  1
,+->687+r<*-): {rn rn {rn roqfomlkjnjfffffffgigj roqimkifhhjfffffffffog o oqmffffflffffffffgojn o o V V |
  1
/061+ {rn rn {rn roqfomlkjnjfffffffgigj roqimkifhhjfffffffffog o |
  1
/061+ {rn rn {rn roqiomlkjhiooooooooilk roqimkifhhjfffffffffog o |
1001
ACAD_OBJECT_CHANGE_GUID
1070
     1
1071
  6525583
1070
-26651
1070
 24898
1070
   191
1070
    66
1070
   183
1070
   120
1070
    76
1070
   135
1070
   230
1070
   197
  0
HATCH
  5
1C2
330
70
100
AcDbEntity
  8
0
 62
     1
100
AcDbHatch
 10
0.0
 20
0.0
 30
0.0
210
0.0
220
0.0
230
1.0
  2
SOLID
 70
     1
 71
     1
 91
        1
 92
        1
 93
        4
 72
     1
 10
14.31975991056024
 20
11.35200045849641
 11
14.61975931056024
 21
11.35200045849641
 72
     1
 10
14.61975931056024
 20
11.35200045849641
 11
14.61975931056024
 21
10.05200305849641
 72
     1
 10
14.61975931056024
 20
10.05200305849641
 11
14.31975991056024
 21
10.05200305849641
 72
     1
 10
14.31975991056024
 20
10.05200305849641
 11
14.31975991056024
 21
11.35200045849641
 97
        1
330
1C1
 75
     0
 76
     1
 98
        0
450
        0
451
        0
460
0.0
461
0.0
452
        1
462
0.0
453
        0
470

  0
REGION
  5
1C3
102
{ACAD_REACTORS
330
1C4
102
}
330
70
100
AcDbEntity
  8
0
 62
     1
100
AcDbModelerGeometry
 70
     1
  1
mnmoo mg m mi          
  1
ni ^ *+0;:,4 ^ *+0\^ [ mo ^ LR mmgqoqoqijjlj QK o  
  1
n fqfffffffffffffffjkh:roh nqooooooooooooooooli:rno 
  1
>,27:>;:- {rn rn _nl mmgqoqoqijjlj |
  1
=0;& {rn rn {rn {m {rn {l |
  1
3*2/ {rn rn {rn {rn {k {n |
  1
+->1,90-2 {rn rn rn nqmmkikihffnkhljlmoh:rni o rnqmmkikihffnkhljlmoh:rni rn o o o n nlqhnhknknjojiomkkfl fqkmhlojmfgkfiknhkoh o n -0+>+: 10@-:93:<+ 10@,7:>- |
  1
,7:33 {rn rn {rn {rn {rn {j {rn {m |
  1
9><: {rn rn {rn {rn {i {k {rn {h 90-(>-; ;0*=3: 0*+ |
  1
300/ {rn rn {rn {rn {g {j |
  1
/3>1:r,*-9><: {rn rn {rn roqmjmkhlkjffffffffgmf rnqmhkifikjffffffffm o ro o rn n o ro 90-(>-;@) V V V V |
  1
<0:;8: {rn rn {rn {f {no {rn {nn 90-(>-; {i {rn |
  1
<0:;8: {rn rn {rn {nm {g {rn {nl 90-(>-; {i {rn |
  1
<0:;8: {rn rn {rn {g {nm {rn {nk 90-(>-; {i {rn |
  1
:;8: {rn rn {rn {nj o {ni n {g {nh 90-(>-; _h *1410(1 |
  1
<0:;8: {rn rn {rn {no {f {rn {ng 90-(>-; {i {rn |
  1
:;8: {rn rn {rn {ni o {nf n {f {mo 90-(>-; _h *1410(1 |
  1
:;8: {rn rn {rn {mn o {nj n {no {mm 90-(>-; _h *1410(1 |
  1
):-+:' {rn rn {rn {nk m {ml |
  1
):-+:' {rn rn {rn {nl m {mk |
  1
,+->687+r<*-): {rn rn {rn roqnomkhlhjffffffffnlg rnqfmkifjnjffffffffi o roqmffffflfffffffffhni o o V V |
  1
:;8: {rn rn {rn {nf o {mn n {nm {mj 90-(>-; _h *1410(1 |
  1
):-+:' {rn rn {rn {ng m {mi |
  1
,+->687+r<*-): {rn rn {rn roqkomkhlnjfffffffggjk rnqfmkifjnjffffffffi o rnqiijllkjliflhhlkgnn:rni nqmffffhkooooooooogn o V V |
  1
):-+:' {rn rn {rn {nk m {mh |
  1
,+->687+r<*-): {rn rn {rn roqnomkhlhiooooooooiij roqimkifhhjfffffffffog o nqjmijjiijggjfjfomkl:rni rnqmffffhkooooooooogn o V V |
  1
/061+ {rn rn {rn roqnomkhlhjffffffffnlg rnqfmkifjnjffffffffi o |
  1
/061+ {rn rn {rn roqkomkhlnjfffffffggjk rnqfmkifjnjffffffffi o |
  1
,+->687+r<*-): {rn rn {rn roqkomkhlnioooooooojm roqimkifhhjfffffffffog o oqmffffflfffffffffhni o o V V |
  1
/061+ {rn rn {rn roqkomkhlnioooooooojm roqimkifhhjfffffffffog o |
  1
/061+ {rn rn {rn roqnomkhlhiooooooooiij roqimkifhhjfffffffffog o |
1001
ACAD_OBJECT_CHANGE_GUID
1070
     1
1071
 55972282
1070
  8513
1070
  4422
1070
   140
1070
   111
1070
   169
1070
   101
1070
   113
1070
    28
1070
   174
1070
    96
  0
HATCH
  5
1C4
330
70
100
AcDbEntity
  8
0
 62
     1
100
AcDbHatch
 10
0.0
 20
0.0
 30
0.0
210
0.0
220
0.0
230
1.0
  2
SOLID
 70
     1
 71
     1
 91
        1
 92
        1
 93
        4
 72
     1
 10
13.81988791056024
 20
11.35200045849641
 11
14.11988731056024
 21
11.35200045849641
 72
     1
 10
14.11988731056024
 20
11.35200045849641
 11
14.11988731056024
 21
10.05200305849641
 72
     1
 10
14.11988731056024
 20
10.05200305849641
 11
13.81988791056024
 21
10.05200305849641
 72
     1
 10
13.81988791056024
 20
10.05200305849641
 11
13.81988791056024
 21
11.35200045849641
 97
        1
330
1C3
 75
     0
 76
     1
 98
        0
450
        0
451
        0
460
0.0
461
0.0
452
        1
462
0.0
453
        0
470

  0
REGION
  5
1C5
102
{ACAD_REACTORS
330
1C6
102
}
330
70
100
AcDbEntity
  8
0
 62
     1
100
AcDbModelerGeometry
 70
     1
  1
mnmoo mg m mi          
  1
ni ^ *+0;:,4 ^ *+0\^ [ mo ^ LR mmgqoqoqijjlj QK o  
  1
n fqfffffffffffffffjkh:roh nqooooooooooooooooli:rno 
  1
>,27:>;:- {rn rn _nl mmgqoqoqijjlj |
  1
=0;& {rn rn {rn {m {rn {l |
  1
3*2/ {rn rn {rn {rn {k {n |
  1
+->1,90-2 {rn rn rn nqmmkikihffnkhljlmoh:rni o rnqmmkikihffnkhljlmoh:rni rn o o o n nlqhnhknknjojiomkkfl fqkmhlojmfgkfiknhkoh o n -0+>+: 10@-:93:<+ 10@,7:>- |
  1
,7:33 {rn rn {rn {rn {rn {j {rn {m |
  1
9><: {rn rn {rn {rn {i {k {rn {h 90-(>-; ;0*=3: 0*+ |
  1
300/ {rn rn {rn {rn {g {j |
  1
/3>1:r,*-9><: {rn rn {rn oqmkhijmjlffffffffhii rnqmhkifikjffffffffm o o o rn rn o ro 90-(>-;@) V V V V |
  1
<0:;8: {rn rn {rn {f {no {rn {nn 90-(>-; {i {rn |
  1
<0:;8: {rn rn {rn {nm {g {rn {nl 90-(>-; {i {rn |
  1
<0:;8: {rn rn {rn {g {nm {rn {nk 90-(>-; {i {rn |
  1
:;8: {rn rn {rn {nj o {ni n {g {nh 90-(>-; _h *1410(1 |
  1
<0:;8: {rn rn {rn {no {f {rn {ng 90-(>-; {i {rn |
  1
:;8: {rn rn {rn {ni o {nf n {f {mo 90-(>-; _h *1410(1 |
  1
:;8: {rn rn {rn {mn o {nj n {no {mm 90-(>-; _h *1410(1 |
  1
):-+:' {rn rn {rn {nk m {ml |
  1
):-+:' {rn rn {rn {nl m {mk |
  1
,+->687+r<*-): {rn rn {rn oqlfhijmmkooooooookjh rnqfmkifjnjffffffffi o roqmffffflfffffffffhni o o V V |
  1
:;8: {rn rn {rn {nf o {mn n {nm {mj 90-(>-; _h *1410(1 |
  1
):-+:' {rn rn {rn {ng m {mi |
  1
,+->687+r<*-): {rn rn {rn oqofhijmgkooooooooionj rnqfmkifjnjffffffffi o rnqlghhhghgohgnkkjihi:rni nqmffffhkooooooooogn o V V |
  1
):-+:' {rn rn {rn {nk m {mh |
  1
,+->687+r<*-): {rn rn {rn oqlfhijmmlfffffffflki roqimkifhhjfffffffffog o nqnnommlomkimjnjijk:rni rnqmffffhkooooooooogn o V V |
  1
/061+ {rn rn {rn oqlfhijmmkooooooookjh rnqfmkifjnjffffffffi o |
  1
/061+ {rn rn {rn oqofhijmgkooooooooionj rnqfmkifjnjffffffffi o |
  1
,+->687+r<*-): {rn rn {rn oqofhijmglffffffffmnlh roqimkifhhjfffffffffog o oqmfffffkooooooooomhm o o V V |
  1
/061+ {rn rn {rn oqofhijmglffffffffmnlh roqimkifhhjfffffffffog o |
  1
/061+ {rn rn {rn oqlfhijmmlfffffffflki roqimkifhhjfffffffffog o |
1001
ACAD_OBJECT_CHANGE_GUID
1070
     1
1071
234638008
1070
-23861
1070
 21061
1070
   148
1070
   205
1070
   185
1070
   244
1070
   144
1070
   130
1070
    47
1070
   194
  0
HATCH
  5
1C6
330
70
100
AcDbEntity
  8
0
 62
     1
100
AcDbHatch
 10
0.0
 20
0.0
 30
0.0
210
0.0
220
0.0
230
1.0
  2
SOLID
 70
     1
 71
     1
 91
        1
 92
        1
 93
        4
 72
     1
 10
13.31976191056024
 20
11.35200045849641
 11
13.61976131056024
 21
11.35200045849641
 72
     1
 10
13.61976131056024
 20
11.35200045849641
 11
13.61976131056024
 21
10.05200305849641
 72
     1
 10
13.61976131056024
 20
10.05200305849641
 11
13.31976191056024
 21
10.05200305849641
 72
     1
 10
13.31976191056024
 20
10.05200305849641
 11
13.31976191056024
 21
11.35200045849641
 97
        1
330
1C5
 75
     0
 76
     1
 98
        0
450
        0
451
        0
460
0.0
461
0.0
452
        1
462
0.0
453
        0
470

  0
REGION
  5
1C7
102
{ACAD_REACTORS
330
1C8
102
}
330
70
100
AcDbEntity
  8
0
 62
     1
100
AcDbModelerGeometry
 70
     1
  1
mnmoo mg m mi          
  1
ni ^ *+0;:,4 ^ *+0\^ [ mo ^ LR mmgqoqoqijjlj QK o  
  1
n fqfffffffffffffffjkh:roh nqooooooooooooooooli:rno 
  1
>,27:>;:- {rn rn _nl mmgqoqoqijjlj |
  1
=0;& {rn rn {rn {m {rn {l |
  1
3*2/ {rn rn {rn {rn {k {n |
  1
+->1,90-2 {rn rn rn nqmmkikihffnkhljlmoh:rni o rnqmmkikihffnkhljlmoh:rni rn o o o n nlqhnhknknjojiomkkfl fqkmhlojmfgkfiknhkoh o n -0+>+: 10@-:93:<+ 10@,7:>- |
  1
,7:33 {rn rn {rn {rn {rn {j {rn {m |
  1
9><: {rn rn {rn {rn {i {k {rn {h 90-(>-; ;0*=3: 0*+ |
  1
300/ {rn rn {rn {rn {g {j |
  1
/3>1:r,*-9><: {rn rn {rn oqhkhjmkjlffffffffokn rnqmhkifikjffffffffm o o o rn rn o ro 90-(>-;@) V V V V |
  1
<0:;8: {rn rn {rn {f {no {rn {nn 90-(>-; {i {rn |
  1
<0:;8: {rn rn {rn {nm {g {rn {nl 90-(>-; {i {rn |
  1
<0:;8: {rn rn {rn {g {nm {rn {nk 90-(>-; {i {rn |
  1
:;8: {rn rn {rn {nj o {ni n {g {nh 90-(>-; _h *1410(1 |
  1
<0:;8: {rn rn {rn {no {f {rn {ng 90-(>-; {i {rn |
  1
:;8: {rn rn {rn {ni o {nf n {f {mo 90-(>-; _h *1410(1 |
  1
:;8: {rn rn {rn {mn o {nj n {no {mm 90-(>-; _h *1410(1 |
  1
):-+:' {rn rn {rn {nk m {ml |
  1
):-+:' {rn rn {rn {nl m {mk |
  1
,+->687+r<*-): {rn rn {rn oqgfhjmkmlffffffffhlm rnqfmkifjnjffffffffi o roqmffffflfffffffffnin o o V V |
  1
:;8: {rn rn {rn {nf o {mn n {nm {mj 90-(>-; _h *1410(1 |
  1
):-+:' {rn rn {rn {ng m {mi |
  1
,+->687+r<*-): {rn rn {rn oqjfhjmkgkoooooooojh rnqfmkifjnjffffffffi o rmqmmokkiokfmjolnlogn:rni nqmffffhkooooooooogn o V V |
  1
):-+:' {rn rn {rn {nk m {mh |
  1
,+->687+r<*-): {rn rn {rn oqgfhjmkmlffffffffhlm roqimkifhhjfffffffffog o o rnqmffffhkooooooooogn o V V |
  1
/061+ {rn rn {rn oqgfhjmkmlffffffffhlm rnqfmkifjnjffffffffi o |
  1
/061+ {rn rn {rn oqjfhjmkgkoooooooojh rnqfmkifjnjffffffffi o |
  1
,+->687+r<*-): {rn rn {rn oqjfhjmkglfffffffglj roqimkifhhjfffffffffog o oqmfffffkoooooooonlgm o o V V |
  1
/061+ {rn rn {rn oqjfhjmkglfffffffglj roqimkifhhjfffffffffog o |
  1
/061+ {rn rn {rn oqgfhjmkmlffffffffhlm roqimkifhhjfffffffffog o |
1001
ACAD_OBJECT_CHANGE_GUID
1070
     1
1071
520670446
1070
-16878
1070
  5192
1070
   131
1070
     1
1070
     3
1070
    56
1070
   140
1070
   124
1070
    58
1070
     0
  0
HATCH
  5
1C8
330
70
100
AcDbEntity
  8
0
 62
     1
100
AcDbHatch
 10
0.0
 20
0.0
 30
0.0
210
0.0
220
0.0
230
1.0
  2
SOLID
 70
     1
 71
     1
 91
        1
 92
        1
 93
        4
 72
     1
 10
12.81988991056024
 20
11.35200045849641
 11
13.11988931056024
 21
11.35200045849641
 72
     1
 10
13.11988931056024
 20
11.35200045849641
 11
13.11988931056024
 21
10.05200305849641
 72
     1
 10
13.11988931056024
 20
10.05200305849641
 11
12.81988991056024
 21
10.05200305849641
 72
     1
 10
12.81988991056024
 20
10.05200305849641
 11
12.81988991056024
 21
11.35200045849641
 97
        1
330
1C7
 75
     0
 76
     1
 98
        0
450
        0
451
        0
460
0.0
461
0.0
452
        1
462
0.0
453
        0
470

  0
REGION
  5
1C9
102
{ACAD_REACTORS
330
1CA
102
}
330
70
100
AcDbEntity
  8
0
 62
     1
100
AcDbModelerGeometry
 70
     1
  1
mnmoo mg m mi          
  1
ni ^ *+0;:,4 ^ *+0\^ [ mo ^ LR mmgqoqoqijjlj QK o  
  1
n fqfffffffffffffffjkh:roh nqooooooooooooooooli:rno 
  1
>,27:>;:- {rn rn _nl mmgqoqoqijjlj |
  1
=0;& {rn rn {rn {m {rn {l |
  1
3*2/ {rn rn {rn {rn {k {n |
  1
+->1,90-2 {rn rn rn nqmmkikihffnkhljlmoh:rni o rnqmmkikihffnkhljlmoh:rni rn o o o n nlqhnhknknjojiomkkfl fqkmhlojmfgkfiknhkoh o n -0+>+: 10@-:93:<+ 10@,7:>- |
  1
,7:33 {rn rn {rn {rn {rn {j {rn {m |
  1
9><: {rn rn {rn {rn {i {k {rn {h 90-(>-; ;0*=3: 0*+ |
  1
300/ {rn rn {rn {rn {g {j |
  1
/3>1:r,*-9><: {rn rn {rn nqmkhijojlffffffffhj rnqmhkifikjffffffffm o ro o rn n o ro 90-(>-;@) V V V V |
  1
<0:;8: {rn rn {rn {f {no {rn {nn 90-(>-; {i {rn |
  1
<0:;8: {rn rn {rn {nm {g {rn {nl 90-(>-; {i {rn |
  1
<0:;8: {rn rn {rn {g {nm {rn {nk 90-(>-; {i {rn |
  1
:;8: {rn rn {rn {nj o {ni n {g {nh 90-(>-; _h *1410(1 |
  1
<0:;8: {rn rn {rn {no {f {rn {ng 90-(>-; {i {rn |
  1
:;8: {rn rn {rn {ni o {nf n {f {mo 90-(>-; _h *1410(1 |
  1
:;8: {rn rn {rn {mn o {nj n {no {mm 90-(>-; _h *1410(1 |
  1
):-+:' {rn rn {rn {nk m {ml |
  1
):-+:' {rn rn {rn {nl m {mk |
  1
,+->687+r<*-): {rn rn {rn nqlfhijomlffffffffll rnqfmkifjnjffffffffi o roqmffffflfffffffffnin o o V V |
  1
:;8: {rn rn {rn {nf o {mn n {nm {mj 90-(>-; _h *1410(1 |
  1
):-+:' {rn rn {rn {ng m {mi |
  1
,+->687+r<*-): {rn rn {rn nqofhijogkoooooooonh rnqfmkifjnjffffffffi o o nqmffffhkooooooooogn o V V |
  1
):-+:' {rn rn {rn {nk m {mh |
  1
,+->687+r<*-): {rn rn {rn nqlfhijomlffffffffll roqimkifhhjfffffffffog o o rnqmffffhkooooooooogn o V V |
  1
/061+ {rn rn {rn nqlfhijomlffffffffll rnqfmkifjnjffffffffi o |
  1
/061+ {rn rn {rn nqofhijogkoooooooonh rnqfmkifjnjffffffffi o |
  1
,+->687+r<*-): {rn rn {rn nqofhijogkoooooooonh roqimkifhhjfffffffffog o oqmffffflfffffffffnin o o V V |
  1
/061+ {rn rn {rn nqofhijogkoooooooonh roqimkifhhjfffffffffog o |
  1
/061+ {rn rn {rn nqlfhijomlffffffffll roqimkifhhjfffffffffog o |
1001
ACAD_OBJECT_CHANGE_GUID
1070
     1
1071
-690687283
1070
  2886
1070
-25277
1070
   189
1070
   251
1070
   240
1070
   218
1070
   213
1070
    30
1070
   171
1070
   202
  0
HATCH
  5
1CA
330
70
100
AcDbEntity
  8
0
 62
     1
100
AcDbHatch
 10
0.0
 20
0.0
 30
0.0
210
0.0
220
0.0
230
1.0
  2
SOLID
 70
     1
 71
     1
 91
        1
 92
        1
 93
        4
 72
     1
 10
12.31976391056024
 20
11.35200045849641
 11
12.61976331056024
 21
11.35200045849641
 72
     1
 10
12.61976331056024
 20
11.35200045849641
 11
12.61976331056024
 21
10.05200305849641
 72
     1
 10
12.61976331056024
 20
10.05200305849641
 11
12.31976391056024
 21
10.05200305849641
 72
     1
 10
12.31976391056024
 20
10.05200305849641
 11
12.31976391056024
 21
11.35200045849641
 97
        1
330
1C9
 75
     0
 76
     1
 98
        0
450
        0
451
        0
460
0.0
461
0.0
452
        1
462
0.0
453
        0
470

  0
REGION
  5
1CB
102
{ACAD_REACTORS
330
1CC
102
}
330
70
100
AcDbEntity
  8
0
 62
     1
100
AcDbModelerGeometry
 70
     1
  1
mnmoo mg m mi          
  1
ni ^ *+0;:,4 ^ *+0\^ [ mo ^ LR mmgqoqoqijjlj QK o  
  1
n fqfffffffffffffffjkh:roh nqooooooooooooooooli:rno 
  1
>,27:>;:- {rn rn _nl mmgqoqoqijjlj |
  1
=0;& {rn rn {rn {m {rn {l |
  1
3*2/ {rn rn {rn {rn {k {n |
  1
+->1,90-2 {rn rn rn nqmmkikihffnkhljlmoh:rni o rnqmmkikihffnkhljlmoh:rni rn o o o n nlqhnhknknjojiomkkfl fqkmhlojmfgkfiknhkoh o n -0+>+: 10@-:93:<+ 10@,7:>- |
  1
,7:33 {rn rn {rn {rn {rn {j {rn {m |
  1
9><: {rn rn {rn {rn {i {k {rn {h 90-(>-; ;0*=3: 0*+ |
  1
300/ {rn rn {rn {rn {g {j |
  1
/3>1:r,*-9><: {rn rn {rn nqhkhjmmjlfffffffgkh rnqmhkifikjffffffffm o ro o rn n o ro 90-(>-;@) V V V V |
  1
<0:;8: {rn rn {rn {f {no {rn {nn 90-(>-; {i {rn |
  1
<0:;8: {rn rn {rn {nm {g {rn {nl 90-(>-; {i {rn |
  1
<0:;8: {rn rn {rn {g {nm {rn {nk 90-(>-; {i {rn |
  1
:;8: {rn rn {rn {nj o {ni n {g {nh 90-(>-; _h *1410(1 |
  1
<0:;8: {rn rn {rn {no {f {rn {ng 90-(>-; {i {rn |
  1
:;8: {rn rn {rn {ni o {nf n {f {mo 90-(>-; _h *1410(1 |
  1
:;8: {rn rn {rn {mn o {nj n {no {mm 90-(>-; _h *1410(1 |
  1
):-+:' {rn rn {rn {nk m {ml |
  1
):-+:' {rn rn {rn {nl m {mk |
  1
,+->687+r<*-): {rn rn {rn nqgfhjmmmlfffffffgoj rnqfmkifjnjffffffffi o roqmffffflfffffffffnin o o V V |
  1
:;8: {rn rn {rn {nf o {mn n {nm {mj 90-(>-; _h *1410(1 |
  1
):-+:' {rn rn {rn {ng m {mi |
  1
,+->687+r<*-): {rn rn {rn nqjfhjmmglfffffffggf rnqfmkifjnjffffffffi o o nqmffffhkooooooooogn o V V |
  1
):-+:' {rn rn {rn {nk m {mh |
  1
,+->687+r<*-): {rn rn {rn nqgfhjmmmlfffffffgoj roqimkifhhjfffffffffog o o rnqmffffhkooooooooogn o V V |
  1
/061+ {rn rn {rn nqgfhjmmmlfffffffgoj rnqfmkifjnjffffffffi o |
  1
/061+ {rn rn {rn nqjfhjmmglfffffffggf rnqfmkifjnjffffffffi o |
  1
,+->687+r<*-): {rn rn {rn nqjfhjmmglfffffffggf roqimkifhhjfffffffffog o oqmffffflfffffffffnin o o V V |
  1
/061+ {rn rn {rn nqjfhjmmglfffffffggf roqimkifhhjfffffffffog o |
  1
/061+ {rn rn {rn nqgfhjmmmlfffffffgoj roqimkifhhjfffffffffog o |
1001
ACAD_OBJECT_CHANGE_GUID
1070
     1
1071
1233585710
1070
-19865
1070
 -1722
1070
   135
1070
   247
1070
   203
1070
   113
1070
   156
1070
    65
1070
   231
1070
    60
  0
HATCH
  5
1CC
330
70
100
AcDbEntity
  8
0
 62
     1
100
AcDbHatch
 10
0.0
 20
0.0
 30
0.0
210
0.0
220
0.0
230
1.0
  2
SOLID
 70
     1
 71
     1
 91
        1
 92
        1
 93
        4
 72
     1
 10
11.81989191056024
 20
11.35200045849641
 11
12.11989131056024
 21
11.35200045849641
 72
     1
 10
12.11989131056024
 20
11.35200045849641
 11
12.11989131056024
 21
10.05200305849641
 72
     1
 10
12.11989131056024
 20
10.05200305849641
 11
11.81989191056024
 21
10.05200305849641
 72
     1
 10
11.81989191056024
 20
10.05200305849641
 11
11.81989191056024
 21
11.35200045849641
 97
        1
330
1CB
 75
     0
 76
     1
 98
        0
450
        0
451
        0
460
0.0
461
0.0
452
        1
462
0.0
453
        0
470

  0
REGION
  5
1CD
102
{ACAD_REACTORS
330
1CE
102
}
330
70
100
AcDbEntity
  8
0
 62
     1
100
AcDbModelerGeometry
 70
     1
  1
mnmoo mg m mi          
  1
ni ^ *+0;:,4 ^ *+0\^ [ mo ^ LR mmgqoqoqijjlj QK o  
  1
n fqfffffffffffffffjkh:roh nqooooooooooooooooli:rno 
  1
>,27:>;:- {rn rn _nl mmgqoqoqijjlj |
  1
=0;& {rn rn {rn {m {rn {l |
  1
3*2/ {rn rn {rn {rn {k {n |
  1
+->1,90-2 {rn rn rn nqmmkikihffnkhljlmoh:rni o rnqmmkikihffnkhljlmoh:rni rn o o o n nlqhnhknknjojiomkkfl fqkmhlojmfgkfiknhkoh o n -0+>+: 10@-:93:<+ 10@,7:>- |
  1
,7:33 {rn rn {rn {rn {rn {j {rn {m |
  1
9><: {rn rn {rn {rn {i {k {rn {h 90-(>-; ;0*=3: 0*+ |
  1
300/ {rn rn {rn {rn {g {j |
  1
/3>1:r,*-9><: {rn rn {rn mqmkhikgjlfffffffifj rnqmhkifikjffffffffm o ro o rn n o ro 90-(>-;@) V V V V |
  1
<0:;8: {rn rn {rn {f {no {rn {nn 90-(>-; {i {rn |
  1
<0:;8: {rn rn {rn {nm {g {rn {nl 90-(>-; {i {rn |
  1
<0:;8: {rn rn {rn {g {nm {rn {nk 90-(>-; {i {rn |
  1
:;8: {rn rn {rn {nj o {ni n {g {nh 90-(>-; _h *1410(1 |
  1
<0:;8: {rn rn {rn {no {f {rn {ng 90-(>-; {i {rn |
  1
:;8: {rn rn {rn {ni o {nf n {f {mo 90-(>-; _h *1410(1 |
  1
:;8: {rn rn {rn {mn o {nj n {no {mm 90-(>-; _h *1410(1 |
  1
):-+:' {rn rn {rn {nk m {ml |
  1
):-+:' {rn rn {rn {nl m {mk |
  1
,+->687+r<*-): {rn rn {rn mqlfhikgmlfffffffijl rnqfmkifjnjffffffffi o roqmffffflfffffffffnin o o V V |
  1
:;8: {rn rn {rn {nf o {mn n {nm {mj 90-(>-; _h *1410(1 |
  1
):-+:' {rn rn {rn {ng m {mi |
  1
,+->687+r<*-): {rn rn {rn mqofhikgglfffffffhlh rnqfmkifjnjffffffffi o o nqmffffhkooooooooogn o V V |
  1
):-+:' {rn rn {rn {nk m {mh |
  1
,+->687+r<*-): {rn rn {rn mqlfhikgmlfffffffijl roqimkifhhjfffffffffog o o rnqmffffhkooooooooogn o V V |
  1
/061+ {rn rn {rn mqlfhikgmlfffffffijl rnqfmkifjnjffffffffi o |
  1
/061+ {rn rn {rn mqofhikgglfffffffhlh rnqfmkifjnjffffffffi o |
  1
,+->687+r<*-): {rn rn {rn mqofhikgglfffffffhlh roqimkifhhjfffffffffog o oqmffffflfffffffffnin o o V V |
  1
/061+ {rn rn {rn mqofhikgglfffffffhlh roqimkifhhjfffffffffog o |
  1
/061+ {rn rn {rn mqlfhikgmlfffffffijl roqimkifhhjfffffffffog o |
1001
ACAD_OBJECT_CHANGE_GUID
1070
     1
1071
-1684008313
1070
 14539
1070
-20401
1070
   180
1070
   209
1070
   181
1070
   161
1070
   217
1070
    77
1070
    33
1070
     1
  0
HATCH
  5
1CE
330
70
100
AcDbEntity
  8
0
 62
     1
100
AcDbHatch
 10
0.0
 20
0.0
 30
0.0
210
0.0
220
0.0
230
1.0
  2
SOLID
 70
     1
 71
     1
 91
        1
 92
        1
 93
        4
 72
     1
 10
11.31976591056024
 20
11.35200045849641
 11
11.61976531056024
 21
11.35200045849641
 72
     1
 10
11.61976531056024
 20
11.35200045849641
 11
11.61976531056024
 21
10.05200305849641
 72
     1
 10
11.61976531056024
 20
10.05200305849641
 11
11.31976591056024
 21
10.05200305849641
 72
     1
 10
11.31976591056024
 20
10.05200305849641
 11
11.31976591056024
 21
11.35200045849641
 97
        1
330
1CD
 75
     0
 76
     1
 98
        0
450
        0
451
        0
460
0.0
461
0.0
452
        1
462
0.0
453
        0
470

  0
REGION
  5
1CF
102
{ACAD_REACTORS
330
1D0
102
}
330
70
100
AcDbEntity
  8
0
 62
     1
100
AcDbModelerGeometry
 70
     1
  1
mnmoo mg m mi          
  1
ni ^ *+0;:,4 ^ *+0\^ [ mo ^ LR mmgqoqoqijjlj QK o  
  1
n fqfffffffffffffffjkh:roh nqooooooooooooooooli:rno 
  1
>,27:>;:- {rn rn _nl mmgqoqoqijjlj |
  1
=0;& {rn rn {rn {m {rn {l |
  1
3*2/ {rn rn {rn {rn {k {n |
  1
+->1,90-2 {rn rn rn nqmmkikihffnkhljlmoh:rni o rnqmmkikihffnkhljlmoh:rni rn o o o n nlqhnhknknjojiomkkfl fqkmhlojmfgkfiknhkoh o n -0+>+: 10@-:93:<+ 10@,7:>- |
  1
,7:33 {rn rn {rn {rn {rn {j {rn {m |
  1
9><: {rn rn {rn {rn {i {k {rn {h 90-(>-; ;0*=3: 0*+ |
  1
300/ {rn rn {rn {rn {g {j |
  1
/3>1:r,*-9><: {rn rn {rn mqhkhjmojkoooooooonn rnqmhkifikjffffffffm o ro o rn n o ro 90-(>-;@) V V V V |
  1
<0:;8: {rn rn {rn {f {no {rn {nn 90-(>-; {i {rn |
  1
<0:;8: {rn rn {rn {nm {g {rn {nl 90-(>-; {i {rn |
  1
<0:;8: {rn rn {rn {g {nm {rn {nk 90-(>-; {i {rn |
  1
:;8: {rn rn {rn {nj o {ni n {g {nh 90-(>-; _h *1410(1 |
  1
<0:;8: {rn rn {rn {no {f {rn {ng 90-(>-; {i {rn |
  1
:;8: {rn rn {rn {ni o {nf n {f {mo 90-(>-; _h *1410(1 |
  1
:;8: {rn rn {rn {mn o {nj n {no {mm 90-(>-; _h *1410(1 |
  1
):-+:' {rn rn {rn {nk m {ml |
  1
):-+:' {rn rn {rn {nl m {mk |
  1
,+->687+r<*-): {rn rn {rn mqgfhjmomlffffffffif rnqfmkifjnjffffffffi o roqmfffffkooooooooliom o o V V |
  1
:;8: {rn rn {rn {nf o {mn n {nm {mj 90-(>-; _h *1410(1 |
  1
):-+:' {rn rn {rn {ng m {mi |
  1
,+->687+r<*-): {rn rn {rn mqjfhjmoglfffffffiof rnqfmkifjnjffffffffi o o nqmffffhkooooooooogn o V V |
  1
):-+:' {rn rn {rn {nk m {mh |
  1
,+->687+r<*-): {rn rn {rn mqgfhjmomlffffffffif roqimkifhhjfffffffffog o o rnqmffffhkooooooooogn o V V |
  1
/061+ {rn rn {rn mqgfhjmomlffffffffif rnqfmkifjnjffffffffi o |
  1
/061+ {rn rn {rn mqjfhjmoglfffffffiof rnqfmkifjnjffffffffi o |
  1
,+->687+r<*-): {rn rn {rn mqjfhjmoglfffffffiof roqimkifhhjfffffffffog o oqmfffffkooooooooliom o o V V |
  1
/061+ {rn rn {rn mqjfhjmoglfffffffiof roqimkifhhjfffffffffog o |
  1
/061+ {rn rn {rn mqgfhjmomlffffffffif roqimkifhhjfffffffffog o |
1001
ACAD_OBJECT_CHANGE_GUID
1070
     1
1071
-937186848
1070
 21717
1070
-12990
1070
   186
1070
   216
1070
   133
1070
    91
1070
    79
1070
   113
1070
    56
1070
   146
  0
HATCH
  5
1D0
330
70
100
AcDbEntity
  8
0
 62
     1
100
AcDbHatch
 10
0.0
 20
0.0
 30
0.0
210
0.0
220
0.0
230
1.0
  2
SOLID
 70
     1
 71
     1
 91
        1
 92
        1
 93
        4
 72
     1
 10
10.81989391056024
 20
11.35200045849641
 11
11.11989331056024
 21
11.35200045849641
 72
     1
 10
11.11989331056024
 20
11.35200045849641
 11
11.11989331056024
 21
10.05200305849641
 72
     1
 10
11.11989331056024
 20
10.05200305849641
 11
10.81989391056024
 21
10.05200305849641
 72
     1
 10
10.81989391056024
 20
10.05200305849641
 11
10.81989391056024
 21
11.35200045849641
 97
        1
330
1CF
 75
     0
 76
     1
 98
        0
450
        0
451
        0
460
0.0
461
0.0
452
        1
462
0.0
453
        0
470

  0
DIMENSION
  5
1D1
330
70
100
AcDbEntity
  8
0
100
AcDbDimension
  2
*D5
 10
20.21983160532169
 20
3.71333951233219
 30
0.0
 11
13.71932504372406
 21
3.71333951233219
 31
0.0
 70
    32
 71
     5
 42
13.00101312319525
 73
     0
 74
     0
 75
     0
  3
Standard
100
AcDbAlignedDimension
 13
7.218818482126437
 23
5.399803298910874
 33
0.0
 14
20.21983160532169
 24
5.401475132625811
 34
0.0
100
AcDbRotatedDimension
  0
DIMENSION
  5
1D2
330
70
100
AcDbEntity
  8
0
100
AcDbDimension
  2
*D6
 10
22.71548295893156
 20
33.34357712081606
 30
0.0
 11
13.72031865093383
 21
33.34357712081606
 31
0.0
 70
    32
 71
     5
 42
17.99032861599545
 73
     0
 74
     0
 75
     0
  3
Standard
100
AcDbAlignedDimension
 13
4.725154342936106
 23
19.86096460484495
 33
0.0
 14
22.71548295893156
 24
19.86958381005571
 34
0.0
100
AcDbRotatedDimension
  0
DIMENSION
  5
1D3
330
70
100
AcDbEntity
  8
0
100
AcDbDimension
  2
*D7
 10
30.13599372807945
 20
5.35709831729611
 30
0.0
 11
30.13599372807944
 21
17.10209197697072
 31
0.0
 70
    32
 71
     5
 42
23.48998731934924
 73
     0
 74
     0
 75
     0
  3
Standard
100
AcDbAlignedDimension
 13
13.71989686839813
 23
28.84708563664534
 33
0.0
 14
14.00171872383547
 24
5.357098317296106
 34
0.0
 50
90.0
100
AcDbRotatedDimension
  0
ENDSEC
  0
SECTION
  2
OBJECTS
  0
DICTIONARY
  5
C
330
0
100
AcDbDictionary
281
     1
  3
ACAD_CIP_PREVIOUS_PRODUCT_INFO
350
7E
  3
ACAD_COLOR
350
63
  3
ACAD_DETAILVIEWSTYLE
350
6A
  3
ACAD_GROUP
350
D
  3
ACAD_LAYOUT
350
62
  3
ACAD_MATERIAL
350
10
  3
ACAD_MLEADERSTYLE
350
66
  3
ACAD_MLINESTYLE
350
5F
  3
ACAD_PLOTSETTINGS
350
61
  3
ACAD_PLOTSTYLENAME
350
E
  3
ACAD_SCALELIST
350
42
  3
ACAD_SECTIONVIEWSTYLE
350
68
  3
ACAD_TABLESTYLE
350
64
  3
ACAD_VISUALSTYLE
350
29
  3
ACDB_RECOMPOSE_DATA
350
221
  3
AcDbVariableDictionary
350
78
  3
AcDsDecomposeData
350
227
  0
DICTIONARY
  5
AC
330
2
100
AcDbDictionary
280
     1
281
     1
  3
ACAD_LAYERSTATES
360
AD
  0
XRECORD
  5
7E
102
{ACAD_REACTORS
330
C
102
}
330
C
100
AcDbXrecord
280
     1
300
ACDLT
300
2023
300

  0
DICTIONARY
  5
63
102
{ACAD_REACTORS
330
C
102
}
330
C
100
AcDbDictionary
281
     1
  0
DICTIONARY
  5
6A
102
{ACAD_REACTORS
330
C
102
}
330
C
100
AcDbDictionary
281
     1
  3
Metric50
350
6B
  0
DICTIONARY
  5
D
102
{ACAD_REACTORS
330
C
102
}
330
C
100
AcDbDictionary
281
     1
  0
DICTIONARY
  5
62
102
{ACAD_REACTORS
330
C
102
}
330
C
100
AcDbDictionary
281
     1
  3
Model
350
73
  3
布局1
350
6F
  3
布局2
350
77
  0
DICTIONARY
  5
10
102
{ACAD_REACTORS
330
C
102
}
330
C
100
AcDbDictionary
281
     1
  3
ByBlock
350
19
  3
ByLayer
350
11
  3
Global
350
21
  0
DICTIONARY
  5
66
102
{ACAD_REACTORS
330
C
102
}
330
C
100
AcDbDictionary
281
     1
  3
Standard
350
67
  0
DICTIONARY
  5
5F
102
{ACAD_REACTORS
330
C
102
}
330
C
100
AcDbDictionary
281
     1
  3
Standard
350
60
  0
DICTIONARY
  5
61
102
{ACAD_REACTORS
330
C
102
}
330
C
100
AcDbDictionary
281
     1
  0
ACDBDICTIONARYWDFLT
  5
E
102
{ACAD_REACTORS
330
C
102
}
330
C
100
AcDbDictionary
281
     1
  3
Normal
350
F
100
AcDbDictionaryWithDefault
340
F
  0
DICTIONARY
  5
42
102
{ACAD_REACTORS
330
C
102
}
330
C
100
AcDbDictionary
281
     1
  3
A0
350
43
  3
A1
350
44
  3
A2
350
45
  3
A3
350
46
  3
A4
350
47
  3
A5
350
48
  3
A6
350
49
  3
A7
350
4A
  3
A8
350
4B
  3
A9
350
4C
  3
B0
350
4D
  3
B1
350
4E
  3
B2
350
4F
  3
B3
350
50
  3
B4
350
51
  3
B5
350
52
  3
B6
350
53
  0
DICTIONARY
  5
68
102
{ACAD_REACTORS
330
C
102
}
330
C
100
AcDbDictionary
281
     1
  3
Metric50
350
69
  0
DICTIONARY
  5
64
102
{ACAD_REACTORS
330
C
102
}
330
C
100
AcDbDictionary
281
     1
  3
Standard
350
65
  0
DICTIONARY
  5
29
102
{ACAD_REACTORS
330
C
102
}
330
C
100
AcDbDictionary
281
     1
  3
2dWireframe
350
2F
  3
Basic
350
2E
  3
Brighten
350
35
  3
ColorChange
350
39
  3
Conceptual
350
32
  3
Dim
350
34
  3
EdgeColorOff
350
41
  3
Facepattern
350
38
  3
Flat
350
2A
  3
FlatWithEdges
350
2B
  3
Gouraud
350
2C
  3
GouraudWithEdges
350
2D
  3
Hidden
350
31
  3
JitterOff
350
3F
  3
Linepattern
350
37
  3
OverhangOff
350
40
  3
Realistic
350
33
  3
Shaded
350
3E
  3
Shaded with edges
350
3D
  3
Shades of Gray
350
3A
  3
Sketchy
350
3B
  3
Thicken
350
36
  3
Wireframe
350
30
  3
X-Ray
350
3C
  0
XRECORD
  5
221
102
{ACAD_REACTORS
330
C
102
}
330
C
100
AcDbXrecord
280
     1
 90
        1
330
65
  0
DICTIONARY
  5
78
102
{ACAD_REACTORS
330
C
102
}
330
C
100
AcDbDictionary
281
     1
  3
CANNOSCALE
350
21D
  3
CENTEREXE
350
79
  3
CENTERLTYPEFILE
350
7A
  3
CMLEADERSTYLE
350
21A
  3
CTABLESTYLE
350
219
  3
CVIEWDETAILSTYLE
350
21B
  3
CVIEWSECTIONSTYLE
350
21C
  3
XCLIPFRAME
350
21E
  0
DICTIONARY
  5
227
102
{ACAD_REACTORS
330
C
102
}
330
C
100
AcDbDictionary
281
     1
  3
AcDsRecords
350
229
  3
AcDsSchemas
350
228
1001
ACAD
1070
     2
  0
DICTIONARY
  5
AD
102
{ACAD_REACTORS
330
AC
102
}
330
AC
100
AcDbDictionary
281
     1
  0
ACDBDETAILVIEWSTYLE
  5
6B
102
{ACAD_XDICTIONARY
360
25F
102
}
102
{ACAD_REACTORS
330
6A
102
}
330
6A
100
AcDbModelDocViewStyle
 70
     0
  3
Metric50
290
     0
100
AcDbDetailViewStyle
 70
     0
 71
     0
 90
        3
 71
     1
340
55
 62
   256
 40
5.0
340
0
 62
   256
 40
5.0
300

 40
0.36
280
     1
 71
     2
340
5D
 90
       25
 62
   256
 71
     3
340
55
 62
   256
 40
5.0
 90
        0
 40
15.0
 90
        1
300
%<\AcVar ViewDetailId>% (%<\AcVar ViewScale \f "%sn">%)
 71
     4
340
5D
 90
       25
 62
   256
340
5D
 90
       25
 62
   256
280
     0
  0
LAYOUT
  5
73
102
{ACAD_REACTORS
330
62
102
}
330
62
100
AcDbPlotSettings
  1

  2
导出为WPS PDF
  4

  6

 40
0.0
 41
0.0
 42
0.0
 43
0.0
 44
0.0
 45
0.0
 46
0.0
 47
0.0
 48
0.0
 49
0.0
140
0.0
141
0.0
142
1.0
143
1.0
 70
  1712
 72
     0
 73
     0
 74
     0
  7

 75
     0
147
1.0
 76
     0
 77
     2
 78
   300
148
0.0
149
0.0
100
AcDbLayout
  1
Model
 70
     1
 71
     0
 10
0.0
 20
0.0
 11
12.0
 21
9.0
 12
0.0
 22
0.0
 32
0.0
 14
0.0
 24
0.0
 34
0.0
 15
0.0
 25
0.0
 35
0.0
146
0.0
 13
0.0
 23
0.0
 33
0.0
 16
1.0
 26
0.0
 36
0.0
 17
0.0
 27
1.0
 37
0.0
 76
     0
330
70
331
57
  0
LAYOUT
  5
6F
102
{ACAD_REACTORS
330
62
102
}
330
62
100
AcDbPlotSettings
  1

  2
导出为WPS PDF
  4

  6

 40
0.0
 41
0.0
 42
0.0
 43
0.0
 44
0.0
 45
0.0
 46
0.0
 47
0.0
 48
0.0
 49
0.0
140
0.0
141
0.0
142
1.0
143
1.0
 70
   688
 72
     0
 73
     0
 74
     5
  7

 75
    16
147
1.0
 76
     0
 77
     2
 78
   300
148
0.0
149
0.0
100
AcDbLayout
  1
布局1
 70
     1
 71
     1
 10
0.0
 20
0.0
 11
420.0
 21
297.0
 12
0.0
 22
0.0
 32
0.0
 14
1.000000000000000E+20
 24
1.000000000000000E+20
 34
1.000000000000000E+20
 15
-1.000000000000000E+20
 25
-1.000000000000000E+20
 35
-1.000000000000000E+20
146
0.0
 13
0.0
 23
0.0
 33
0.0
 16
1.0
 26
0.0
 36
0.0
 17
0.0
 27
1.0
 37
0.0
 76
     0
330
6C
  0
LAYOUT
  5
77
102
{ACAD_REACTORS
330
62
102
}
330
62
100
AcDbPlotSettings
  1

  2
导出为WPS PDF
  4

  6

 40
0.0
 41
0.0
 42
0.0
 43
0.0
 44
0.0
 45
0.0
 46
0.0
 47
0.0
 48
0.0
 49
0.0
140
0.0
141
0.0
142
1.0
143
1.0
 70
   688
 72
     0
 73
     0
 74
     5
  7

 75
    16
147
1.0
 76
     0
 77
     2
 78
   300
148
0.0
149
0.0
100
AcDbLayout
  1
布局2
 70
     1
 71
     2
 10
0.0
 20
0.0
 11
12.0
 21
9.0
 12
0.0
 22
0.0
 32
0.0
 14
0.0
 24
0.0
 34
0.0
 15
0.0
 25
0.0
 35
0.0
146
0.0
 13
0.0
 23
0.0
 33
0.0
 16
1.0
 26
0.0
 36
0.0
 17
0.0
 27
1.0
 37
0.0
 76
     0
330
74
  0
MATERIAL
  5
19
102
{ACAD_XDICTIONARY
360
1A
102
}
102
{ACAD_REACTORS
330
10
102
}
330
10
100
AcDbMaterial
  1
ByBlock
 72
     0
 43
0.0208333333333333
 43
0.0
 43
0.0
 43
0.0
 43
0.0
 43
0.0208333333333333
 43
0.0
 43
0.0
 43
0.0
 43
0.0
 43
1.0
 43
0.0
 43
0.0
 43
0.0
 43
0.0
 43
1.0
 77
     0
 47
0.0208333333333333
 47
0.0
 47
0.0
 47
0.0
 47
0.0
 47
0.0208333333333333
 47
0.0
 47
0.0
 47
0.0
 47
0.0
 47
1.0
 47
0.0
 47
0.0
 47
0.0
 47
0.0
 47
1.0
171
     0
 49
0.0208333333333333
 49
0.0
 49
0.0
 49
0.0
 49
0.0
 49
0.0208333333333333
 49
0.0
 49
0.0
 49
0.0
 49
0.0
 49
1.0
 49
0.0
 49
0.0
 49
0.0
 49
0.0
 49
1.0
175
     0
142
0.0208333333333333
142
0.0
142
0.0
142
0.0
142
0.0
142
0.0208333333333333
142
0.0
142
0.0
142
0.0
142
0.0
142
1.0
142
0.0
142
0.0
142
0.0
142
0.0
142
1.0
179
     0
144
0.0208333333333333
144
0.0
144
0.0
144
0.0
144
0.0
144
0.0208333333333333
144
0.0
144
0.0
144
0.0
144
0.0
144
1.0
144
0.0
144
0.0
144
0.0
144
0.0
144
1.0
147
0.0208333333333333
147
0.0
147
0.0
147
0.0
147
0.0
147
0.0208333333333333
147
0.0
147
0.0
147
0.0
147
0.0
147
1.0
147
0.0
147
0.0
147
0.0
147
0.0
147
1.0
  0
MATERIAL
  5
11
102
{ACAD_XDICTIONARY
360
12
102
}
102
{ACAD_REACTORS
330
10
102
}
330
10
100
AcDbMaterial
  1
ByLayer
 72
     0
 43
0.0208333333333333
 43
0.0
 43
0.0
 43
0.0
 43
0.0
 43
0.0208333333333333
 43
0.0
 43
0.0
 43
0.0
 43
0.0
 43
1.0
 43
0.0
 43
0.0
 43
0.0
 43
0.0
 43
1.0
 77
     0
 47
0.0208333333333333
 47
0.0
 47
0.0
 47
0.0
 47
0.0
 47
0.0208333333333333
 47
0.0
 47
0.0
 47
0.0
 47
0.0
 47
1.0
 47
0.0
 47
0.0
 47
0.0
 47
0.0
 47
1.0
171
     0
 49
0.0208333333333333
 49
0.0
 49
0.0
 49
0.0
 49
0.0
 49
0.0208333333333333
 49
0.0
 49
0.0
 49
0.0
 49
0.0
 49
1.0
 49
0.0
 49
0.0
 49
0.0
 49
0.0
 49
1.0
175
     0
142
0.0208333333333333
142
0.0
142
0.0
142
0.0
142
0.0
142
0.0208333333333333
142
0.0
142
0.0
142
0.0
142
0.0
142
1.0
142
0.0
142
0.0
142
0.0
142
0.0
142
1.0
179
     0
144
0.0208333333333333
144
0.0
144
0.0
144
0.0
144
0.0
144
0.0208333333333333
144
0.0
144
0.0
144
0.0
144
0.0
144
1.0
144
0.0
144
0.0
144
0.0
144
0.0
144
1.0
147
0.0208333333333333
147
0.0
147
0.0
147
0.0
147
0.0
147
0.0208333333333333
147
0.0
147
0.0
147
0.0
147
0.0
147
1.0
147
0.0
147
0.0
147
0.0
147
0.0
147
1.0
  0
MATERIAL
  5
21
102
{ACAD_XDICTIONARY
360
22
102
}
102
{ACAD_REACTORS
330
10
102
}
330
10
100
AcDbMaterial
  1
Global
 72
     0
 43
0.0208333333333333
 43
0.0
 43
0.0
 43
0.0
 43
0.0
 43
0.0208333333333333
 43
0.0
 43
0.0
 43
0.0
 43
0.0
 43
1.0
 43
0.0
 43
0.0
 43
0.0
 43
0.0
 43
1.0
 77
     0
 47
0.0208333333333333
 47
0.0
 47
0.0
 47
0.0
 47
0.0
 47
0.0208333333333333
 47
0.0
 47
0.0
 47
0.0
 47
0.0
 47
1.0
 47
0.0
 47
0.0
 47
0.0
 47
0.0
 47
1.0
171
     0
 49
0.0208333333333333
 49
0.0
 49
0.0
 49
0.0
 49
0.0
 49
0.0208333333333333
 49
0.0
 49
0.0
 49
0.0
 49
0.0
 49
1.0
 49
0.0
 49
0.0
 49
0.0
 49
0.0
 49
1.0
175
     0
142
0.0208333333333333
142
0.0
142
0.0
142
0.0
142
0.0
142
0.0208333333333333
142
0.0
142
0.0
142
0.0
142
0.0
142
1.0
142
0.0
142
0.0
142
0.0
142
0.0
142
1.0
179
     0
144
0.0208333333333333
144
0.0
144
0.0
144
0.0
144
0.0
144
0.0208333333333333
144
0.0
144
0.0
144
0.0
144
0.0
144
1.0
144
0.0
144
0.0
144
0.0
144
0.0
144
1.0
147
0.0208333333333333
147
0.0
147
0.0
147
0.0
147
0.0
147
0.0208333333333333
147
0.0
147
0.0
147
0.0
147
0.0
147
1.0
147
0.0
147
0.0
147
0.0
147
0.0
147
1.0
  0
MLEADERSTYLE
  5
67
102
{ACAD_XDICTIONARY
360
25B
102
}
102
{ACAD_REACTORS
330
66
102
}
330
66
100
AcDbMLeaderStyle
170
     2
171
     1
172
     0
 90
        2
 40
0.0
 41
0.0
173
     1
 91
-1056964608
340
5B
 92
       -2
290
     1
 42
0.09
291
     1
 43
0.36
  3
Standard
 44
0.18
300

342
55
174
     1
178
     6
175
     1
176
     0
 93
-1056964608
 45
0.18
292
     0
297
     0
 46
0.18
 94
-1056964608
 47
1.0
 49
1.0
140
1.0
293
     1
141
0.0
294
     1
177
     0
142
1.0
295
     0
296
     0
143
0.125
1001
ACAD_MLEADERVER
1070
     2
  0
MLINESTYLE
  5
60
102
{ACAD_REACTORS
330
5F
102
}
330
5F
100
AcDbMlineStyle
  2
STANDARD
 70
     0
  3

 62
   256
 51
90.0
 52
90.0
 71
     2
 49
0.5
 62
   256
  6
BYLAYER
 49
-0.5
 62
   256
  6
BYLAYER
  0
ACDBPLACEHOLDER
  5
F
102
{ACAD_REACTORS
330
E
102
}
330
E
  0
SCALE
  5
43
102
{ACAD_REACTORS
330
42
102
}
330
42
100
AcDbScale
 70
     0
300
1:1
140
1.0
141
1.0
290
     1
  0
SCALE
  5
44
102
{ACAD_REACTORS
330
42
102
}
330
42
100
AcDbScale
 70
     0
300
1:2
140
1.0
141
2.0
290
     0
  0
SCALE
  5
45
102
{ACAD_REACTORS
330
42
102
}
330
42
100
AcDbScale
 70
     0
300
1:4
140
1.0
141
4.0
290
     0
  0
SCALE
  5
46
102
{ACAD_REACTORS
330
42
102
}
330
42
100
AcDbScale
 70
     0
300
1:5
140
1.0
141
5.0
290
     0
  0
SCALE
  5
47
102
{ACAD_REACTORS
330
42
102
}
330
42
100
AcDbScale
 70
     0
300
1:8
140
1.0
141
8.0
290
     0
  0
SCALE
  5
48
102
{ACAD_REACTORS
330
42
102
}
330
42
100
AcDbScale
 70
     0
300
1:10
140
1.0
141
10.0
290
     0
  0
SCALE
  5
49
102
{ACAD_REACTORS
330
42
102
}
330
42
100
AcDbScale
 70
     0
300
1:16
140
1.0
141
16.0
290
     0
  0
SCALE
  5
4A
102
{ACAD_REACTORS
330
42
102
}
330
42
100
AcDbScale
 70
     0
300
1:20
140
1.0
141
20.0
290
     0
  0
SCALE
  5
4B
102
{ACAD_REACTORS
330
42
102
}
330
42
100
AcDbScale
 70
     0
300
1:30
140
1.0
141
30.0
290
     0
  0
SCALE
  5
4C
102
{ACAD_REACTORS
330
42
102
}
330
42
100
AcDbScale
 70
     0
300
1:40
140
1.0
141
40.0
290
     0
  0
SCALE
  5
4D
102
{ACAD_REACTORS
330
42
102
}
330
42
100
AcDbScale
 70
     0
300
1:50
140
1.0
141
50.0
290
     0
  0
SCALE
  5
4E
102
{ACAD_REACTORS
330
42
102
}
330
42
100
AcDbScale
 70
     0
300
1:100
140
1.0
141
100.0
290
     0
  0
SCALE
  5
4F
102
{ACAD_REACTORS
330
42
102
}
330
42
100
AcDbScale
 70
     0
300
2:1
140
2.0
141
1.0
290
     0
  0
SCALE
  5
50
102
{ACAD_REACTORS
330
42
102
}
330
42
100
AcDbScale
 70
     0
300
4:1
140
4.0
141
1.0
290
     0
  0
SCALE
  5
51
102
{ACAD_REACTORS
330
42
102
}
330
42
100
AcDbScale
 70
     0
300
8:1
140
8.0
141
1.0
290
     0
  0
SCALE
  5
52
102
{ACAD_REACTORS
330
42
102
}
330
42
100
AcDbScale
 70
     0
300
10:1
140
10.0
141
1.0
290
     0
  0
SCALE
  5
53
102
{ACAD_REACTORS
330
42
102
}
330
42
100
AcDbScale
 70
     0
300
100:1
140
100.0
141
1.0
290
     0
  0
ACDBSECTIONVIEWSTYLE
  5
69
102
{ACAD_XDICTIONARY
360
25D
102
}
102
{ACAD_REACTORS
330
68
102
}
330
68
100
AcDbModelDocViewStyle
 70
     0
  3
Metric50
290
     0
100
AcDbSectionViewStyle
 70
     0
 71
     0
 90
      102
 71
     1
340
55
 62
   256
 40
5.0
340
0
340
0
 62
   256
 40
5.0
300
I, O, Q, S, X, Z
 40
10.0
 90
        0
 40
2.5
 90
        0
 71
     2
340
5D
 90
       25
 62
   256
340
5D
 90
       50
 62
   256
 40
5.0
 40
2.5
 40
5.0
 71
     3
340
55
 62
   256
 40
5.0
 90
        0
 40
15.0
 90
        1
300
%<\AcVar ViewSectionStartId>%-%<\AcVar ViewSectionEndId>% (%<\AcVar ViewScale \f "%sn">%)
 71
     4
 62
   256
 62
   257
300
ANSI31
 40
1.0
 90
        0
290
     0
290
     0
 90
        6
 40
0.0
 40
1.570796326794896
 40
0.2617993877991494
 40
1.308996938995747
 40
-0.2617993877991494
 40
1.832595714594046
  0
TABLESTYLE
  5
65
102
{ACAD_XDICTIONARY
360
21F
102
}
102
{ACAD_REACTORS
330
64
102
}
330
64
100
AcDbTableStyle
  3
Standard
 70
     0
 71
     0
 40
1.5
 41
1.5
280
     0
281
     0
  7
Standard
140
4.5
170
     2
 62
     0
 63
     7
283
     0
 90
      512
 91
        0
  1

274
    -2
284
     1
 64
     0
275
    -2
285
     1
 65
     0
276
    -2
286
     1
 66
     0
277
    -2
287
     1
 67
     0
278
    -2
288
     1
 68
     0
279
    -2
289
     1
 69
     0
  7
Standard
140
6.0
170
     5
 62
     0
 63
     7
283
     0
 90
      512
 91
        0
  1

274
    -2
284
     1
 64
     0
275
    -2
285
     1
 65
     0
276
    -2
286
     1
 66
     0
277
    -2
287
     1
 67
     0
278
    -2
288
     1
 68
     0
279
    -2
289
     1
 69
     0
  7
Standard
140
4.5
170
     5
 62
     0
 63
     7
283
     0
 90
      512
 91
        0
  1

274
    -2
284
     1
 64
     0
275
    -2
285
     1
 65
     0
276
    -2
286
     1
 66
     0
277
    -2
287
     1
 67
     0
278
    -2
288
     1
 68
     0
279
    -2
289
     1
 69
     0
  0
VISUALSTYLE
  5
2F
102
{ACAD_XDICTIONARY
360
234
102
}
102
{ACAD_REACTORS
330
29
102
}
330
29
100
AcDbVisualStyle
  2
2dWireframe
 70
     4
 71
     0
 72
     2
 73
     0
 90
        0
 40
-0.6
 41
-30.0
 62
     5
 63
     7
421
 16777215
 74
     1
 91
        4
 64
     7
 65
   257
 75
     1
175
     1
 42
1.0
 92
        0
 66
   257
 43
1.0
 76
     1
 77
     6
 78
     2
 67
     7
 79
     5
170
     0
171
     0
290
     0
174
     0
 93
        1
 44
0.0
173
     0
291
     0
 45
0.0
1001
ACAD
1000
AcDbSavedByObjectVersion
1070
     0
  0
VISUALSTYLE
  5
2E
102
{ACAD_XDICTIONARY
360
232
102
}
102
{ACAD_REACTORS
330
29
102
}
330
29
100
AcDbVisualStyle
  2
Basic
 70
     7
 71
     1
 72
     0
 73
     1
 90
        0
 40
-0.6
 41
-30.0
 62
     5
 63
     7
421
 16777215
 74
     0
 91
        4
 64
     7
 65
   257
 75
     1
175
     1
 42
1.0
 92
        8
 66
     7
 43
1.0
 76
     1
 77
     6
 78
     2
 67
     7
 79
     5
170
     0
171
     0
290
     0
174
     0
 93
        1
 44
0.0
173
     0
291
     1
 45
0.0
1001
ACAD
1000
AcDbSavedByObjectVersion
1070
     0
  0
VISUALSTYLE
  5
35
102
{ACAD_XDICTIONARY
360
240
102
}
102
{ACAD_REACTORS
330
29
102
}
330
29
100
AcDbVisualStyle
  2
Brighten
 70
    12
 71
     2
 72
     2
 73
     0
 90
        0
 40
-0.6
 41
-30.0
 62
     5
 63
     7
421
 16777215
 74
     1
 91
        4
 64
     7
 65
   257
 75
     1
175
     1
 42
1.0
 92
        8
 66
     7
 43
1.0
 76
     1
 77
     6
 78
     2
 67
     7
 79
     5
170
     0
171
     0
290
     0
174
     0
 93
        1
 44
50.0
173
     0
291
     1
 45
0.0
1001
ACAD
1000
AcDbSavedByObjectVersion
1070
     0
  0
VISUALSTYLE
  5
39
102
{ACAD_XDICTIONARY
360
248
102
}
102
{ACAD_REACTORS
330
29
102
}
330
29
100
AcDbVisualStyle
  2
ColorChange
 70
    16
 71
     2
 72
     2
 73
     3
 90
        0
 40
-0.6
 41
-30.0
 62
     5
 63
     8
421
  8421504
 74
     1
 91
        4
 64
     7
 65
   257
 75
     1
175
     1
 42
1.0
 92
        8
 66
     8
424
  8421504
 43
1.0
 76
     1
 77
     6
 78
     2
 67
     7
 79
     5
170
     0
171
     0
290
     0
174
     0
 93
        1
 44
0.0
173
     0
291
     1
 45
0.0
1001
ACAD
1000
AcDbSavedByObjectVersion
1070
     0
  0
VISUALSTYLE
  5
32
102
{ACAD_XDICTIONARY
360
23A
102
}
102
{ACAD_REACTORS
330
29
102
}
330
29
100
AcDbVisualStyle
  2
Conceptual
 70
     9
 71
     3
 72
     2
 73
     0
 90
        0
 40
-0.6
 41
-30.0
 62
     5
 63
     7
421
 16777215
 74
     2
 91
        2
 64
     7
 65
   257
 75
     1
175
     1
 42
179.0
 92
        8
 66
     7
 43
1.0
 76
     1
 77
     6
 78
     2
 67
     7
 79
     3
170
     0
171
     0
290
     0
174
     0
 93
        1
 44
0.0
173
     0
291
     0
 45
0.0
1001
ACAD
1000
AcDbSavedByObjectVersion
1070
     0
  0
VISUALSTYLE
  5
34
102
{ACAD_XDICTIONARY
360
23E
102
}
102
{ACAD_REACTORS
330
29
102
}
330
29
100
AcDbVisualStyle
  2
Dim
 70
    11
 71
     2
 72
     2
 73
     0
 90
        0
 40
-0.6
 41
-30.0
 62
     5
 63
     7
421
 16777215
 74
     1
 91
        4
 64
     7
 65
   257
 75
     1
175
     1
 42
1.0
 92
        8
 66
     7
 43
1.0
 76
     1
 77
     6
 78
     2
 67
     7
 79
     5
170
     0
171
     0
290
     0
174
     0
 93
        1
 44
-50.0
173
     0
291
     1
 45
0.0
1001
ACAD
1000
AcDbSavedByObjectVersion
1070
     0
  0
VISUALSTYLE
  5
41
102
{ACAD_XDICTIONARY
360
258
102
}
102
{ACAD_REACTORS
330
29
102
}
330
29
100
AcDbVisualStyle
  2
EdgeColorOff
 70
    22
 71
     2
 72
     2
 73
     0
 90
        0
 40
-0.6
 41
-30.0
 62
     5
 63
     7
421
 16777215
 74
     1
 91
        4
 64
     7
 65
   257
 75
     1
175
     1
 42
1.0
 92
        8
 66
     7
 43
1.0
 76
     1
 77
     6
 78
     2
 67
     7
 79
     5
170
     0
171
     0
290
     0
174
     0
 93
        1
 44
0.0
173
     0
291
     1
 45
0.0
1001
ACAD
1000
AcDbSavedByObjectVersion
1070
     0
  0
VISUALSTYLE
  5
38
102
{ACAD_XDICTIONARY
360
246
102
}
102
{ACAD_REACTORS
330
29
102
}
330
29
100
AcDbVisualStyle
  2
Facepattern
 70
    15
 71
     2
 72
     2
 73
     0
 90
        0
 40
-0.6
 41
-30.0
 62
     5
 63
     7
421
 16777215
 74
     1
 91
        4
 64
     7
 65
   257
 75
     1
175
     1
 42
1.0
 92
        8
 66
     7
 43
1.0
 76
     1
 77
     6
 78
     2
 67
     7
 79
     5
170
     0
171
     0
290
     0
174
     0
 93
        1
 44
0.0
173
     0
291
     1
 45
0.0
1001
ACAD
1000
AcDbSavedByObjectVersion
1070
     0
  0
VISUALSTYLE
  5
2A
102
{ACAD_XDICTIONARY
360
22A
102
}
102
{ACAD_REACTORS
330
29
102
}
330
29
100
AcDbVisualStyle
  2
Flat
 70
     0
 71
     2
 72
     1
 73
     1
 90
        2
 40
-0.6
 41
30.0
 62
     5
 63
     7
421
 16777215
 74
     0
 91
        0
 64
     7
 65
   257
 75
     1
175
     1
 42
1.0
 92
        8
 66
     7
 43
1.0
 76
     1
 77
     6
 78
     2
 67
     7
 79
     5
170
     0
171
     0
290
     0
174
     0
 93
       13
 44
0.0
173
     0
291
     1
 45
0.0
1001
ACAD
1000
AcDbSavedByObjectVersion
1070
     0
  0
VISUALSTYLE
  5
2B
102
{ACAD_XDICTIONARY
360
22C
102
}
102
{ACAD_REACTORS
330
29
102
}
330
29
100
AcDbVisualStyle
  2
FlatWithEdges
 70
     1
 71
     2
 72
     1
 73
     1
 90
        2
 40
-0.6
 41
30.0
 62
     5
 63
     7
421
 16777215
 74
     1
 91
        0
 64
     7
 65
   257
 75
     1
175
     1
 42
1.0
 92
        0
 66
   257
 43
1.0
 76
     1
 77
     6
 78
     2
 67
     7
 79
     5
170
     0
171
     0
290
     0
174
     0
 93
       13
 44
0.0
173
     0
291
     1
 45
0.0
1001
ACAD
1000
AcDbSavedByObjectVersion
1070
     0
  0
VISUALSTYLE
  5
2C
102
{ACAD_XDICTIONARY
360
22E
102
}
102
{ACAD_REACTORS
330
29
102
}
330
29
100
AcDbVisualStyle
  2
Gouraud
 70
     2
 71
     2
 72
     2
 73
     1
 90
        2
 40
-0.6
 41
30.0
 62
     5
 63
     7
421
 16777215
 74
     0
 91
        0
 64
     7
 65
   257
 75
     1
175
     1
 42
1.0
 92
        0
 66
     7
 43
1.0
 76
     1
 77
     6
 78
     2
 67
     7
 79
     5
170
     0
171
     0
290
     0
174
     0
 93
       13
 44
0.0
173
     0
291
     1
 45
0.0
1001
ACAD
1000
AcDbSavedByObjectVersion
1070
     0
  0
VISUALSTYLE
  5
2D
102
{ACAD_XDICTIONARY
360
230
102
}
102
{ACAD_REACTORS
330
29
102
}
330
29
100
AcDbVisualStyle
  2
GouraudWithEdges
 70
     3
 71
     2
 72
     2
 73
     1
 90
        2
 40
-0.6
 41
30.0
 62
     5
 63
     7
421
 16777215
 74
     1
 91
        0
 64
     7
 65
   257
 75
     1
175
     1
 42
1.0
 92
        0
 66
   257
 43
1.0
 76
     1
 77
     6
 78
     2
 67
     7
 79
     5
170
     0
171
     0
290
     0
174
     0
 93
       13
 44
0.0
173
     0
291
     1
 45
0.0
1001
ACAD
1000
AcDbSavedByObjectVersion
1070
     0
  0
VISUALSTYLE
  5
31
102
{ACAD_XDICTIONARY
360
238
102
}
102
{ACAD_REACTORS
330
29
102
}
330
29
100
AcDbVisualStyle
  2
Hidden
 70
     6
 71
     1
 72
     2
 73
     2
 90
        0
 40
-0.6
 41
-30.0
 62
     5
 63
     7
421
 16777215
 74
     2
 91
        2
 64
     7
 65
   257
 75
     2
175
     1
 42
40.0
 92
        0
 66
   257
 43
1.0
 76
     1
 77
     6
 78
     2
 67
     7
 79
     3
170
     0
171
     0
290
     0
174
     0
 93
        1
 44
0.0
173
     0
291
     0
 45
0.0
1001
ACAD
1000
AcDbSavedByObjectVersion
1070
     0
  0
VISUALSTYLE
  5
3F
102
{ACAD_XDICTIONARY
360
254
102
}
102
{ACAD_REACTORS
330
29
102
}
330
29
100
AcDbVisualStyle
  2
JitterOff
 70
    20
 71
     2
 72
     2
 73
     0
 90
        0
 40
-0.6
 41
-30.0
 62
     5
 63
     7
421
 16777215
 74
     1
 91
        4
 64
     7
 65
   257
 75
     1
175
     1
 42
1.0
 92
       10
 66
     7
 43
1.0
 76
     1
 77
     6
 78
     2
 67
     7
 79
     5
170
     0
171
     0
290
     0
174
     0
 93
        1
 44
0.0
173
     0
291
     1
 45
0.0
1001
ACAD
1000
AcDbSavedByObjectVersion
1070
     0
  0
VISUALSTYLE
  5
37
102
{ACAD_XDICTIONARY
360
244
102
}
102
{ACAD_REACTORS
330
29
102
}
330
29
100
AcDbVisualStyle
  2
Linepattern
 70
    14
 71
     2
 72
     2
 73
     0
 90
        0
 40
-0.6
 41
-30.0
 62
     5
 63
     7
421
 16777215
 74
     1
 91
        4
 64
     7
 65
   257
 75
     7
175
     7
 42
1.0
 92
        8
 66
     7
 43
1.0
 76
     1
 77
     6
 78
     2
 67
     7
 79
     5
170
     0
171
     0
290
     0
174
     0
 93
        1
 44
0.0
173
     0
291
     1
 45
0.0
1001
ACAD
1000
AcDbSavedByObjectVersion
1070
     0
  0
VISUALSTYLE
  5
40
102
{ACAD_XDICTIONARY
360
256
102
}
102
{ACAD_REACTORS
330
29
102
}
330
29
100
AcDbVisualStyle
  2
OverhangOff
 70
    21
 71
     2
 72
     2
 73
     0
 90
        0
 40
-0.6
 41
-30.0
 62
     5
 63
     7
421
 16777215
 74
     1
 91
        4
 64
     7
 65
   257
 75
     1
175
     1
 42
1.0
 92
        9
 66
     7
 43
1.0
 76
     1
 77
     6
 78
     2
 67
     7
 79
     5
170
     0
171
     0
290
     0
174
     0
 93
        1
 44
0.0
173
     0
291
     1
 45
0.0
1001
ACAD
1000
AcDbSavedByObjectVersion
1070
     0
  0
VISUALSTYLE
  5
33
102
{ACAD_XDICTIONARY
360
23C
102
}
102
{ACAD_REACTORS
330
29
102
}
330
29
100
AcDbVisualStyle
  2
Realistic
 70
     8
 71
     2
 72
     3
 73
     0
 90
        2
 40
-0.6
 41
30.0
 62
     5
 63
     7
421
 16777215
 74
     0
 91
        0
 64
     7
 65
   257
 75
     1
175
     1
 42
1.0
 92
        8
 66
   257
 43
1.0
 76
     1
 77
     6
 78
     2
 67
     7
 79
     3
170
     0
171
     0
290
     0
174
     0
 93
       13
 44
0.0
173
     0
291
     0
 45
0.0
1001
ACAD
1000
AcDbSavedByObjectVersion
1070
     0
  0
VISUALSTYLE
  5
3E
102
{ACAD_XDICTIONARY
360
252
102
}
102
{ACAD_REACTORS
330
29
102
}
330
29
100
AcDbVisualStyle
  2
Shaded
 70
    27
 71
     2
 72
     2
 73
     1
 90
        2
 40
-0.6
 41
30.0
 62
     5
 63
     7
421
 16777215
 74
     0
 91
        4
 64
     7
 65
   257
 75
     1
175
     1
 42
1.0
 92
        8
 66
   257
 43
1.0
 76
     1
 77
     6
 78
     2
 67
     8
425
  7895160
 79
     3
170
     0
171
     0
290
     0
174
     0
 93
        5
 44
0.0
173
     0
291
     0
 45
0.0
1001
ACAD
1000
AcDbSavedByObjectVersion
1070
     0
  0
VISUALSTYLE
  5
3D
102
{ACAD_XDICTIONARY
360
250
102
}
102
{ACAD_REACTORS
330
29
102
}
330
29
100
AcDbVisualStyle
  2
Shaded with edges
 70
    26
 71
     2
 72
     2
 73
     1
 90
        2
 40
-0.6
 41
30.0
 62
     5
 63
     7
421
 16777215
 74
     1
 91
        2
 64
     7
 65
   257
 75
     2
175
     1
 42
1.0
 92
        8
 66
   257
 43
1.0
 76
     1
 77
     6
 78
     2
 67
     7
 79
     3
170
     0
171
     0
290
     0
174
     0
 93
        5
 44
0.0
173
     0
291
     0
 45
0.0
1001
ACAD
1000
AcDbSavedByObjectVersion
1070
     0
  0
VISUALSTYLE
  5
3A
102
{ACAD_XDICTIONARY
360
24A
102
}
102
{ACAD_REACTORS
330
29
102
}
330
29
100
AcDbVisualStyle
  2
Shades of Gray
 70
    23
 71
     2
 72
     2
 73
     3
 90
        0
 40
-0.6
 41
-30.0
 62
     5
 63
     7
421
 16777215
 74
     2
 91
        2
 64
     7
 65
     7
 75
     1
175
     1
 42
40.0
 92
        8
 66
     7
 43
1.0
 76
     1
 77
     6
 78
     2
 67
     7
 79
     3
170
     0
171
     0
290
     0
174
     0
 93
        1
 44
0.0
173
     0
291
     0
 45
0.0
1001
ACAD
1000
AcDbSavedByObjectVersion
1070
     0
  0
VISUALSTYLE
  5
3B
102
{ACAD_XDICTIONARY
360
24C
102
}
102
{ACAD_REACTORS
330
29
102
}
330
29
100
AcDbVisualStyle
  2
Sketchy
 70
    24
 71
     1
 72
     2
 73
     2
 90
        0
 40
-0.6
 41
-30.0
 62
     5
 63
     7
421
 16777215
 74
     2
 91
        2
 64
     7
 65
     7
 75
     1
175
     1
 42
40.0
 92
       11
 66
     7
 43
1.0
 76
     1
 77
     6
 78
     2
 67
     7
 79
     6
170
     0
171
     0
290
     0
174
     0
 93
        1
 44
0.0
173
     0
291
     0
 45
0.0
1001
ACAD
1000
AcDbSavedByObjectVersion
1070
     0
  0
VISUALSTYLE
  5
36
102
{ACAD_XDICTIONARY
360
242
102
}
102
{ACAD_REACTORS
330
29
102
}
330
29
100
AcDbVisualStyle
  2
Thicken
 70
    13
 71
     2
 72
     2
 73
     0
 90
        0
 40
-0.6
 41
-30.0
 62
     5
 63
     7
421
 16777215
 74
     1
 91
        4
 64
     7
 65
   257
 75
     1
175
     1
 42
1.0
 92
       12
 66
     7
 43
1.0
 76
     1
 77
     6
 78
     2
 67
     7
 79
     5
170
     0
171
     0
290
     0
174
     0
 93
        1
 44
0.0
173
     0
291
     1
 45
0.0
1001
ACAD
1000
AcDbSavedByObjectVersion
1070
     0
  0
VISUALSTYLE
  5
30
102
{ACAD_XDICTIONARY
360
236
102
}
102
{ACAD_REACTORS
330
29
102
}
330
29
100
AcDbVisualStyle
  2
Wireframe
 70
     5
 71
     0
 72
     2
 73
     0
 90
        0
 40
-0.6
 41
-30.0
 62
     5
 63
     7
421
 16777215
 74
     1
 91
        4
 64
     7
 65
   257
 75
     1
175
     1
 42
1.0
 92
        0
 66
   257
 43
1.0
 76
     1
 77
     6
 78
     2
 67
     7
 79
     3
170
     0
171
     0
290
     0
174
     0
 93
        1
 44
0.0
173
     0
291
     0
 45
0.0
1001
ACAD
1000
AcDbSavedByObjectVersion
1070
     0
  0
VISUALSTYLE
  5
3C
102
{ACAD_XDICTIONARY
360
24E
102
}
102
{ACAD_REACTORS
330
29
102
}
330
29
100
AcDbVisualStyle
  2
X-Ray
 70
    25
 71
     2
 72
     2
 73
     1
 90
        1
 40
0.5
 41
-30.0
 62
     5
 63
     7
421
 16777215
 74
     1
 91
        0
 64
     7
 65
   257
 75
     1
175
     1
 42
1.0
 92
        8
 66
     7
 43
1.0
 76
     1
 77
     6
 78
     2
 67
     7
 79
     3
170
     0
171
     0
290
     0
174
     0
 93
       13
 44
0.0
173
     0
291
     0
 45
0.0
1001
ACAD
1000
AcDbSavedByObjectVersion
1070
     0
  0
DICTIONARYVAR
  5
21D
102
{ACAD_REACTORS
330
78
102
}
330
78
100
DictionaryVariables
280
     0
  1
1:1
  0
DICTIONARYVAR
  5
79
102
{ACAD_REACTORS
330
78
102
}
330
78
100
DictionaryVariables
280
     0
  1
3.500000
  0
DICTIONARYVAR
  5
7A
102
{ACAD_REACTORS
330
78
102
}
330
78
100
DictionaryVariables
280
     0
  1
ACADLTiso.lin
  0
DICTIONARYVAR
  5
21A
102
{ACAD_REACTORS
330
78
102
}
330
78
100
DictionaryVariables
280
     0
  1
STANDARD
  0
DICTIONARYVAR
  5
219
102
{ACAD_REACTORS
330
78
102
}
330
78
100
DictionaryVariables
280
     0
  1
STANDARD
  0
DICTIONARYVAR
  5
21B
102
{ACAD_REACTORS
330
78
102
}
330
78
100
DictionaryVariables
280
     0
  1
Metric50
  0
DICTIONARYVAR
  5
21C
102
{ACAD_REACTORS
330
78
102
}
330
78
100
DictionaryVariables
280
     0
  1
Metric50
  0
DICTIONARYVAR
  5
21E
102
{ACAD_REACTORS
330
78
102
}
330
78
100
DictionaryVariables
280
     0
  1
2
  0
DICTIONARY
  5
229
102
{ACAD_REACTORS
330
227
102
}
330
227
100
AcDbDictionary
281
     1
  0
DICTIONARY
  5
228
102
{ACAD_REACTORS
330
227
102
}
330
227
100
AcDbDictionary
281
     1
  3
2180992824352
350
222
  3
2180992824368
350
223
  3
2180992824384
350
224
  3
2180992824400
350
225
  3
2180992824416
350
226
  0
DICTIONARY
  5
25F
330
6B
100
AcDbDictionary
280
     1
281
     1
  3
ACAD_XREC_ROUNDTRIP
360
260
  0
DICTIONARY
  5
1A
330
19
100
AcDbDictionary
280
     1
281
     1
  3
BUMPTILE
360
1C
  3
DIFFUSETILE
360
1B
  3
OPACITYTILE
360
1F
  3
REFLECTIONTILE
360
1E
  3
REFRACTIONTILE
360
20
  3
SPECULARTILE
360
1D
  0
DICTIONARY
  5
12
330
11
100
AcDbDictionary
280
     1
281
     1
  3
BUMPTILE
360
14
  3
DIFFUSETILE
360
13
  3
OPACITYTILE
360
17
  3
REFLECTIONTILE
360
16
  3
REFRACTIONTILE
360
18
  3
SPECULARTILE
360
15
  0
DICTIONARY
  5
22
330
21
100
AcDbDictionary
280
     1
281
     1
  3
BUMPTILE
360
24
  3
DIFFUSETILE
360
23
  3
OPACITYTILE
360
27
  3
REFLECTIONTILE
360
26
  3
REFRACTIONTILE
360
28
  3
SPECULARTILE
360
25
  0
DICTIONARY
  5
25B
330
67
100
AcDbDictionary
280
     1
281
     1
  3
ACAD_XREC_ROUNDTRIP
360
25C
  0
DICTIONARY
  5
25D
330
69
100
AcDbDictionary
280
     1
281
     1
  3
ACAD_XREC_ROUNDTRIP
360
25E
  0
DICTIONARY
  5
21F
330
65
100
AcDbDictionary
280
     1
281
     1
  3
ACAD_ROUNDTRIP_2008_TABLESTYLE_CELLSTYLEMAP
360
220
  0
DICTIONARY
  5
234
330
2F
100
AcDbDictionary
280
     1
281
     1
  3
ACAD_XREC_ROUNDTRIP
360
235
  0
DICTIONARY
  5
232
330
2E
100
AcDbDictionary
280
     1
281
     1
  3
ACAD_XREC_ROUNDTRIP
360
233
  0
DICTIONARY
  5
240
330
35
100
AcDbDictionary
280
     1
281
     1
  3
ACAD_XREC_ROUNDTRIP
360
241
  0
DICTIONARY
  5
248
330
39
100
AcDbDictionary
280
     1
281
     1
  3
ACAD_XREC_ROUNDTRIP
360
249
  0
DICTIONARY
  5
23A
330
32
100
AcDbDictionary
280
     1
281
     1
  3
ACAD_XREC_ROUNDTRIP
360
23B
  0
DICTIONARY
  5
23E
330
34
100
AcDbDictionary
280
     1
281
     1
  3
ACAD_XREC_ROUNDTRIP
360
23F
  0
DICTIONARY
  5
258
330
41
100
AcDbDictionary
280
     1
281
     1
  3
ACAD_XREC_ROUNDTRIP
360
259
  0
DICTIONARY
  5
246
330
38
100
AcDbDictionary
280
     1
281
     1
  3
ACAD_XREC_ROUNDTRIP
360
247
  0
DICTIONARY
  5
22A
330
2A
100
AcDbDictionary
280
     1
281
     1
  3
ACAD_XREC_ROUNDTRIP
360
22B
  0
DICTIONARY
  5
22C
330
2B
100
AcDbDictionary
280
     1
281
     1
  3
ACAD_XREC_ROUNDTRIP
360
22D
  0
DICTIONARY
  5
22E
330
2C
100
AcDbDictionary
280
     1
281
     1
  3
ACAD_XREC_ROUNDTRIP
360
22F
  0
DICTIONARY
  5
230
330
2D
100
AcDbDictionary
280
     1
281
     1
  3
ACAD_XREC_ROUNDTRIP
360
231
  0
DICTIONARY
  5
238
330
31
100
AcDbDictionary
280
     1
281
     1
  3
ACAD_XREC_ROUNDTRIP
360
239
  0
DICTIONARY
  5
254
330
3F
100
AcDbDictionary
280
     1
281
     1
  3
ACAD_XREC_ROUNDTRIP
360
255
  0
DICTIONARY
  5
244
330
37
100
AcDbDictionary
280
     1
281
     1
  3
ACAD_XREC_ROUNDTRIP
360
245
  0
DICTIONARY
  5
256
330
40
100
AcDbDictionary
280
     1
281
     1
  3
ACAD_XREC_ROUNDTRIP
360
257
  0
DICTIONARY
  5
23C
330
33
100
AcDbDictionary
280
     1
281
     1
  3
ACAD_XREC_ROUNDTRIP
360
23D
  0
DICTIONARY
  5
252
330
3E
100
AcDbDictionary
280
     1
281
     1
  3
ACAD_XREC_ROUNDTRIP
360
253
  0
DICTIONARY
  5
250
330
3D
100
AcDbDictionary
280
     1
281
     1
  3
ACAD_XREC_ROUNDTRIP
360
251
  0
DICTIONARY
  5
24A
330
3A
100
AcDbDictionary
280
     1
281
     1
  3
ACAD_XREC_ROUNDTRIP
360
24B
  0
DICTIONARY
  5
24C
330
3B
100
AcDbDictionary
280
     1
281
     1
  3
ACAD_XREC_ROUNDTRIP
360
24D
  0
DICTIONARY
  5
242
330
36
100
AcDbDictionary
280
     1
281
     1
  3
ACAD_XREC_ROUNDTRIP
360
243
  0
DICTIONARY
  5
236
330
30
100
AcDbDictionary
280
     1
281
     1
  3
ACAD_XREC_ROUNDTRIP
360
237
  0
DICTIONARY
  5
24E
330
3C
100
AcDbDictionary
280
     1
281
     1
  3
ACAD_XREC_ROUNDTRIP
360
24F
  0
XRECORD
  5
222
102
{ACAD_REACTORS
330
228
102
}
330
228
100
AcDbXrecord
280
     1
  1
AcDb3DSolid_ASM_Data
102
{ATTRRECORD
341
223
  2
AcDbDs::TreatedAsObjectData
280
     1
291
     1
102
ATTRRECORD}
102
{ATTRRECORD
341
224
  2
AcDbDs::Legacy
280
     1
291
     1
102
ATTRRECORD}
  2
AcDbDs::ID
280
    10
 91
        8
102
{ATTRRECORD
341
225
  2
AcDs:Indexable
280
     1
291
     1
102
ATTRRECORD}
102
{ATTRRECORD
341
226
  2
AcDbDs::HandleAttribute
280
     7
282
     1
102
ATTRRECORD}
  2
ASM_Data
280
    15
 91
        0
  0
XRECORD
  5
223
102
{ACAD_REACTORS
330
228
102
}
330
228
100
AcDbXrecord
280
     1
  1
AcDbDs::TreatedAsObjectDataSchema
  2
AcDbDs::TreatedAsObjectData
280
     1
 91
        0
  0
XRECORD
  5
224
102
{ACAD_REACTORS
330
228
102
}
330
228
100
AcDbXrecord
280
     1
  1
AcDbDs::LegacySchema
  2
AcDbDs::Legacy
280
     1
 91
        0
  0
XRECORD
  5
225
102
{ACAD_REACTORS
330
228
102
}
330
228
100
AcDbXrecord
280
     1
  1
AcDbDs::IndexedPropertySchema
  2
AcDs:Indexable
280
     1
 91
        0
  0
XRECORD
  5
226
102
{ACAD_REACTORS
330
228
102
}
330
228
100
AcDbXrecord
280
     1
  1
AcDbDs::HandleAttributeSchema
  2
AcDbDs::HandleAttribute
280
     7
 91
        1
284
     1
  0
XRECORD
  5
260
102
{ACAD_REACTORS
330
25F
102
}
330
25F
100
AcDbXrecord
280
     1
102
DISPLAYNAME
  1
Metric50
102
FLAGS
 90
        0
  0
XRECORD
  5
1C
102
{ACAD_REACTORS
330
1A
102
}
330
1A
100
AcDbXrecord
280
     1
270
     1
271
     1
  0
XRECORD
  5
1B
102
{ACAD_REACTORS
330
1A
102
}
330
1A
100
AcDbXrecord
280
     1
270
     1
271
     1
  0
XRECORD
  5
1F
102
{ACAD_REACTORS
330
1A
102
}
330
1A
100
AcDbXrecord
280
     1
270
     1
271
     1
  0
XRECORD
  5
1E
102
{ACAD_REACTORS
330
1A
102
}
330
1A
100
AcDbXrecord
280
     1
270
     1
271
     1
  0
XRECORD
  5
20
102
{ACAD_REACTORS
330
1A
102
}
330
1A
100
AcDbXrecord
280
     1
270
     1
271
     1
  0
XRECORD
  5
1D
102
{ACAD_REACTORS
330
1A
102
}
330
1A
100
AcDbXrecord
280
     1
270
     1
271
     1
  0
XRECORD
  5
14
102
{ACAD_REACTORS
330
12
102
}
330
12
100
AcDbXrecord
280
     1
270
     1
271
     1
  0
XRECORD
  5
13
102
{ACAD_REACTORS
330
12
102
}
330
12
100
AcDbXrecord
280
     1
270
     1
271
     1
  0
XRECORD
  5
17
102
{ACAD_REACTORS
330
12
102
}
330
12
100
AcDbXrecord
280
     1
270
     1
271
     1
  0
XRECORD
  5
16
102
{ACAD_REACTORS
330
12
102
}
330
12
100
AcDbXrecord
280
     1
270
     1
271
     1
  0
XRECORD
  5
18
102
{ACAD_REACTORS
330
12
102
}
330
12
100
AcDbXrecord
280
     1
270
     1
271
     1
  0
XRECORD
  5
15
102
{ACAD_REACTORS
330
12
102
}
330
12
100
AcDbXrecord
280
     1
270
     1
271
     1
  0
XRECORD
  5
24
102
{ACAD_REACTORS
330
22
102
}
330
22
100
AcDbXrecord
280
     1
270
     1
271
     1
  0
XRECORD
  5
23
102
{ACAD_REACTORS
330
22
102
}
330
22
100
AcDbXrecord
280
     1
270
     1
271
     1
  0
XRECORD
  5
27
102
{ACAD_REACTORS
330
22
102
}
330
22
100
AcDbXrecord
280
     1
270
     1
271
     1
  0
XRECORD
  5
26
102
{ACAD_REACTORS
330
22
102
}
330
22
100
AcDbXrecord
280
     1
270
     1
271
     1
  0
XRECORD
  5
28
102
{ACAD_REACTORS
330
22
102
}
330
22
100
AcDbXrecord
280
     1
270
     1
271
     1
  0
XRECORD
  5
25
102
{ACAD_REACTORS
330
22
102
}
330
22
100
AcDbXrecord
280
     1
270
     1
271
     1
  0
XRECORD
  5
25C
102
{ACAD_REACTORS
330
25B
102
}
330
25B
100
AcDbXrecord
280
     1
102
ACAD_ROUNDTRIP_2012_MLEADER_STYLE
298
     1
  0
XRECORD
  5
25E
102
{ACAD_REACTORS
330
25D
102
}
330
25D
100
AcDbXrecord
280
     1
102
DISPLAYNAME
  1
Metric50
102
FLAGS
 90
        0
  0
CELLSTYLEMAP
  5
220
102
{ACAD_REACTORS
330
21F
102
}
330
21F
100
AcDbCellStyleMap
 90
        3
300
CELLSTYLE
  1
TABLEFORMAT_BEGIN
 90
        5
170
     1
 91
        0
 92
    32768
 62
   257
 93
        1
300
CONTENTFORMAT
  1
CONTENTFORMAT_BEGIN
 90
        0
 91
        0
 92
      512
 93
        0
300

 40
0.0
140
1.0
 94
        5
 62
     0
340
55
144
6.0
309
CONTENTFORMAT_END
171
     1
301
MARGIN
  1
CELLMARGIN_BEGIN
 40
1.5
 40
1.5
 40
1.5
 40
1.5
 40
4.5
 40
4.5
309
CELLMARGIN_END
 94
        6
 95
        1
302
GRIDFORMAT
  1
GRIDFORMAT_BEGIN
 90
        0
 91
        1
 62
     0
 92
       -2
340
0
 93
        0
 40
1.125
309
GRIDFORMAT_END
 95
        2
302
GRIDFORMAT
  1
GRIDFORMAT_BEGIN
 90
        0
 91
        1
 62
     0
 92
       -2
340
0
 93
        0
 40
1.125
309
GRIDFORMAT_END
 95
        4
302
GRIDFORMAT
  1
GRIDFORMAT_BEGIN
 90
        0
 91
        1
 62
     0
 92
       -2
340
0
 93
        0
 40
1.125
309
GRIDFORMAT_END
 95
        8
302
GRIDFORMAT
  1
GRIDFORMAT_BEGIN
 90
        0
 91
        1
 62
     0
 92
       -2
340
0
 93
        0
 40
1.125
309
GRIDFORMAT_END
 95
       16
302
GRIDFORMAT
  1
GRIDFORMAT_BEGIN
 90
        0
 91
        1
 62
     0
 92
       -2
340
0
 93
        0
 40
1.125
309
GRIDFORMAT_END
 95
       32
302
GRIDFORMAT
  1
GRIDFORMAT_BEGIN
 90
        0
 91
        1
 62
     0
 92
       -2
340
0
 93
        0
 40
1.125
309
GRIDFORMAT_END
309
TABLEFORMAT_END
  1
CELLSTYLE_BEGIN
 90
        1
 91
        1
300
_TITLE
309
CELLSTYLE_END
300
CELLSTYLE
  1
TABLEFORMAT_BEGIN
 90
        5
170
     1
 91
        0
 92
        0
 62
   257
 93
        1
300
CONTENTFORMAT
  1
CONTENTFORMAT_BEGIN
 90
        0
 91
        0
 92
      512
 93
        0
300

 40
0.0
140
1.0
 94
        5
 62
     0
340
55
144
4.5
309
CONTENTFORMAT_END
171
     1
301
MARGIN
  1
CELLMARGIN_BEGIN
 40
1.5
 40
1.5
 40
1.5
 40
1.5
 40
4.5
 40
4.5
309
CELLMARGIN_END
 94
        6
 95
        1
302
GRIDFORMAT
  1
GRIDFORMAT_BEGIN
 90
        0
 91
        1
 62
     0
 92
       -2
340
0
 93
        0
 40
1.125
309
GRIDFORMAT_END
 95
        2
302
GRIDFORMAT
  1
GRIDFORMAT_BEGIN
 90
        0
 91
        1
 62
     0
 92
       -2
340
0
 93
        0
 40
1.125
309
GRIDFORMAT_END
 95
        4
302
GRIDFORMAT
  1
GRIDFORMAT_BEGIN
 90
        0
 91
        1
 62
     0
 92
       -2
340
0
 93
        0
 40
1.125
309
GRIDFORMAT_END
 95
        8
302
GRIDFORMAT
  1
GRIDFORMAT_BEGIN
 90
        0
 91
        1
 62
     0
 92
       -2
340
0
 93
        0
 40
1.125
309
GRIDFORMAT_END
 95
       16
302
GRIDFORMAT
  1
GRIDFORMAT_BEGIN
 90
        0
 91
        1
 62
     0
 92
       -2
340
0
 93
        0
 40
1.125
309
GRIDFORMAT_END
 95
       32
302
GRIDFORMAT
  1
GRIDFORMAT_BEGIN
 90
        0
 91
        1
 62
     0
 92
       -2
340
0
 93
        0
 40
1.125
309
GRIDFORMAT_END
309
TABLEFORMAT_END
  1
CELLSTYLE_BEGIN
 90
        2
 91
        1
300
_HEADER
309
CELLSTYLE_END
300
CELLSTYLE
  1
TABLEFORMAT_BEGIN
 90
        5
170
     1
 91
        0
 92
        0
 62
   257
 93
        1
300
CONTENTFORMAT
  1
CONTENTFORMAT_BEGIN
 90
        0
 91
        0
 92
      512
 93
        0
300

 40
0.0
140
1.0
 94
        2
 62
     0
340
55
144
4.5
309
CONTENTFORMAT_END
171
     1
301
MARGIN
  1
CELLMARGIN_BEGIN
 40
1.5
 40
1.5
 40
1.5
 40
1.5
 40
4.5
 40
4.5
309
CELLMARGIN_END
 94
        6
 95
        1
302
GRIDFORMAT
  1
GRIDFORMAT_BEGIN
 90
        0
 91
        1
 62
     0
 92
       -2
340
0
 93
        0
 40
1.125
309
GRIDFORMAT_END
 95
        2
302
GRIDFORMAT
  1
GRIDFORMAT_BEGIN
 90
        0
 91
        1
 62
     0
 92
       -2
340
0
 93
        0
 40
1.125
309
GRIDFORMAT_END
 95
        4
302
GRIDFORMAT
  1
GRIDFORMAT_BEGIN
 90
        0
 91
        1
 62
     0
 92
       -2
340
0
 93
        0
 40
1.125
309
GRIDFORMAT_END
 95
        8
302
GRIDFORMAT
  1
GRIDFORMAT_BEGIN
 90
        0
 91
        1
 62
     0
 92
       -2
340
0
 93
        0
 40
1.125
309
GRIDFORMAT_END
 95
       16
302
GRIDFORMAT
  1
GRIDFORMAT_BEGIN
 90
        0
 91
        1
 62
     0
 92
       -2
340
0
 93
        0
 40
1.125
309
GRIDFORMAT_END
 95
       32
302
GRIDFORMAT
  1
GRIDFORMAT_BEGIN
 90
        0
 91
        1
 62
     0
 92
       -2
340
0
 93
        0
 40
1.125
309
GRIDFORMAT_END
309
TABLEFORMAT_END
  1
CELLSTYLE_BEGIN
 90
        3
 91
        2
300
_DATA
309
CELLSTYLE_END
  0
XRECORD
  5
235
102
{ACAD_REACTORS
330
234
102
}
330
234
100
AcDbXrecord
280
     1
102
RTVSPost2010Prop28
280
     1
102
RTVSPost2010PropOp28
 70
     1
102
RTVSPost2010Prop29
280
     1
102
RTVSPost2010PropOp29
 70
     1
102
RTVSPost2010Prop30
280
     0
102
RTVSPost2010PropOp30
 70
     1
102
RTVSPost2010Prop31
280
     0
102
RTVSPost2010PropOp31
 70
     1
102
RTVSPost2010Prop32
280
     0
102
RTVSPost2010PropOp32
 70
     1
102
RTVSPost2010Prop33
280
     0
102
RTVSPost2010PropOp33
 70
     1
102
RTVSPost2010Prop34
280
     0
102
RTVSPost2010PropOp34
 70
     1
102
RTVSPost2010Prop35
280
     0
102
RTVSPost2010PropOp35
 70
     1
102
RTVSPost2010Prop36
280
     0
102
RTVSPost2010PropOp36
 70
     1
102
RTVSPost2010Prop37
 90
       50
102
RTVSPost2010PropOp37
 70
     1
102
RTVSPost2010Prop38
140
0.0
102
RTVSPost2010PropOp38
 70
     1
102
RTVSPost2010Prop39
140
1.0
102
RTVSPost2010PropOp39
 70
     1
102
RTVSPost2010Prop40
 90
        0
102
RTVSPost2010PropOp40
 70
     1
102
RTVSPost2010Prop41ColorIndex
 90
       18
102
RTVSPost2010Prop41ColorRGB
 90
        0
102
RTVSPost2010PropOp41
 70
     1
102
RTVSPost2010Prop42
 90
       50
102
RTVSPost2010PropOp42
 70
     1
102
RTVSPost2010Prop43
 90
        3
102
RTVSPost2010PropOp43
 70
     1
102
RTVSPost2010Prop44ColorIndex
 90
        5
102
RTVSPost2010Prop44ColorRGB
 90
      255
102
RTVSPost2010PropOp44
 70
     1
102
RTVSPost2010Prop45
280
     0
102
RTVSPost2010PropOp45
 70
     1
102
RTVSPost2010Prop46
 90
       50
102
RTVSPost2010PropOp46
 70
     1
102
RTVSPost2010Prop47
 90
       50
102
RTVSPost2010PropOp47
 70
     1
102
RTVSPost2010Prop48
 90
       50
102
RTVSPost2010PropOp48
 70
     1
102
RTVSPost2010Prop49
280
     0
102
RTVSPost2010PropOp49
 70
     1
102
RTVSPost2010Prop50
 90
       50
102
RTVSPost2010PropOp50
 70
     1
102
RTVSPost2010Prop51ColorIndex
 90
      256
102
RTVSPost2010Prop51ColorRGB
 90
-16777216
102
RTVSPost2010PropOp51
 70
     0
102
RTVSPost2010Prop52
140
1.0
102
RTVSPost2010PropOp52
 70
     0
102
RTVSPost2010Prop53
 90
        2
102
RTVSPost2010PropOp53
 70
     1
102
RTVSPost2010Prop54
  1
strokes_ogs.tif
102
RTVSPost2010PropOp54
 70
     1
102
RTVSPost2010Prop55
280
     0
102
RTVSPost2010PropOp55
 70
     1
102
RTVSPost2010Prop56
140
1.0
102
RTVSPost2010PropOp56
 70
     1
102
RTVSPost2010Prop57
140
1.0
102
RTVSPost2010PropOp57
 70
     1
102
RTVSPropertyOp0
 70
     1
102
RTVSPropertyOp1
 70
     1
102
RTVSPropertyOp2
 70
     1
102
RTVSPropertyOp3
 70
     1
102
RTVSPropertyOp4
 70
     1
102
RTVSPropertyOp5
 70
     1
102
RTVSPropertyOp6
 70
     1
102
RTVSPropertyOp7
 70
     1
102
RTVSPropertyOp8
 70
     1
102
RTVSPropertyOp9
 70
     1
102
RTVSPropertyOp10
 70
     1
102
RTVSPropertyOp11
 70
     1
102
RTVSPropertyOp12
 70
     1
102
RTVSPropertyOp13
 70
     1
102
RTVSPropertyOp14
 70
     1
102
RTVSPropertyOp15
 70
     1
102
RTVSPropertyOp16
 70
     1
102
RTVSPropertyOp17
 70
     1
102
RTVSPropertyOp18
 70
     1
102
RTVSPropertyOp19
 70
     1
102
RTVSPropertyOp20
 70
     1
102
RTVSPropertyOp21
 70
     1
102
RTVSPropertyOp22
 70
     1
102
RTVSPropertyOp23
 70
     1
102
RTVSPropertyOp24
 70
     1
102
RTVSPropertyOp25
 70
     1
102
RTVSPropertyOp26
 70
     1
102
RTVSPropertyOp27
 70
     1
102
RTVSPropertyOp28
 70
     1
102
RTVSPropertyOp29
 70
     1
102
RTVSPropertyOp30
 70
     1
102
RTVSPropertyOp31
 70
     1
102
RTVSPropertyOp32
 70
     1
102
RTVSPropertyOp33
 70
     1
102
RTVSPropertyOp34
 70
     1
102
RTVSPropertyOp35
 70
     1
102
RTVSPropertyOp36
 70
     1
102
RTVSPropertyOp37
 70
     1
102
RTVSPropertyOp38
 70
     1
102
RTVSPropertyOp39
 70
     1
102
RTVSPropertyOp40
 70
     1
102
RTVSPropertyOp41
 70
     1
102
RTVSPropertyOp42
 70
     1
102
RTVSPropertyOp43
 70
     1
102
RTVSPropertyOp44
 70
     1
102
RTVSPropertyOp45
 70
     1
102
RTVSPropertyOp46
 70
     1
102
RTVSPropertyOp47
 70
     1
102
RTVSPropertyOp48
 70
     1
102
RTVSPropertyOp49
 70
     1
102
RTVSPropertyOp50
 70
     1
102
RTVSPropertyOp51
 70
     0
102
RTVSPropertyOp52
 70
     0
102
RTVSPropertyOp53
 70
     1
102
RTVSPropertyOp54
 70
     1
102
RTVSPropertyOp55
 70
     1
102
RTVSPropertyOp56
 70
     1
102
RTVSPropertyOp57
 70
     1
102
RTVSPropertyOp58
 70
     1
102
RTVSPropertyOp59
 70
     1
102
RTVSPropertyOp60
 70
     1
102
RTVSPropertyOp61
 70
     1
102
RTVSPropertyOp62
 70
     1
  0
XRECORD
  5
233
102
{ACAD_REACTORS
330
232
102
}
330
232
100
AcDbXrecord
280
     1
102
RTVSPost2010Prop28
280
     0
102
RTVSPost2010PropOp28
 70
     1
102
RTVSPost2010Prop29
280
     1
102
RTVSPost2010PropOp29
 70
     1
102
RTVSPost2010Prop30
280
     1
102
RTVSPost2010PropOp30
 70
     1
102
RTVSPost2010Prop31
280
     0
102
RTVSPost2010PropOp31
 70
     1
102
RTVSPost2010Prop32
280
     0
102
RTVSPost2010PropOp32
 70
     1
102
RTVSPost2010Prop33
280
     0
102
RTVSPost2010PropOp33
 70
     1
102
RTVSPost2010Prop34
280
     0
102
RTVSPost2010PropOp34
 70
     1
102
RTVSPost2010Prop35
280
     0
102
RTVSPost2010PropOp35
 70
     1
102
RTVSPost2010Prop36
280
     0
102
RTVSPost2010PropOp36
 70
     1
102
RTVSPost2010Prop37
 90
       50
102
RTVSPost2010PropOp37
 70
     1
102
RTVSPost2010Prop38
140
0.0
102
RTVSPost2010PropOp38
 70
     1
102
RTVSPost2010Prop39
140
1.0
102
RTVSPost2010PropOp39
 70
     1
102
RTVSPost2010Prop40
 90
        0
102
RTVSPost2010PropOp40
 70
     1
102
RTVSPost2010Prop41ColorIndex
 90
       18
102
RTVSPost2010Prop41ColorRGB
 90
        0
102
RTVSPost2010PropOp41
 70
     1
102
RTVSPost2010Prop42
 90
       50
102
RTVSPost2010PropOp42
 70
     1
102
RTVSPost2010Prop43
 90
        3
102
RTVSPost2010PropOp43
 70
     1
102
RTVSPost2010Prop44ColorIndex
 90
        5
102
RTVSPost2010Prop44ColorRGB
 90
      255
102
RTVSPost2010PropOp44
 70
     1
102
RTVSPost2010Prop45
280
     0
102
RTVSPost2010PropOp45
 70
     1
102
RTVSPost2010Prop46
 90
       50
102
RTVSPost2010PropOp46
 70
     1
102
RTVSPost2010Prop47
 90
       50
102
RTVSPost2010PropOp47
 70
     1
102
RTVSPost2010Prop48
 90
       50
102
RTVSPost2010PropOp48
 70
     1
102
RTVSPost2010Prop49
280
     0
102
RTVSPost2010PropOp49
 70
     1
102
RTVSPost2010Prop50
 90
       50
102
RTVSPost2010PropOp50
 70
     1
102
RTVSPost2010Prop51ColorIndex
 90
      256
102
RTVSPost2010Prop51ColorRGB
 90
-16777216
102
RTVSPost2010PropOp51
 70
     0
102
RTVSPost2010Prop52
140
1.0
102
RTVSPost2010PropOp52
 70
     0
102
RTVSPost2010Prop53
 90
        2
102
RTVSPost2010PropOp53
 70
     1
102
RTVSPost2010Prop54
  1
strokes_ogs.tif
102
RTVSPost2010PropOp54
 70
     1
102
RTVSPost2010Prop55
280
     0
102
RTVSPost2010PropOp55
 70
     1
102
RTVSPost2010Prop56
140
1.0
102
RTVSPost2010PropOp56
 70
     1
102
RTVSPost2010Prop57
140
1.0
102
RTVSPost2010PropOp57
 70
     1
102
RTVSPropertyOp0
 70
     1
102
RTVSPropertyOp1
 70
     1
102
RTVSPropertyOp2
 70
     1
102
RTVSPropertyOp3
 70
     1
102
RTVSPropertyOp4
 70
     1
102
RTVSPropertyOp5
 70
     1
102
RTVSPropertyOp6
 70
     1
102
RTVSPropertyOp7
 70
     1
102
RTVSPropertyOp8
 70
     1
102
RTVSPropertyOp9
 70
     1
102
RTVSPropertyOp10
 70
     1
102
RTVSPropertyOp11
 70
     1
102
RTVSPropertyOp12
 70
     1
102
RTVSPropertyOp13
 70
     1
102
RTVSPropertyOp14
 70
     1
102
RTVSPropertyOp15
 70
     1
102
RTVSPropertyOp16
 70
     1
102
RTVSPropertyOp17
 70
     1
102
RTVSPropertyOp18
 70
     1
102
RTVSPropertyOp19
 70
     1
102
RTVSPropertyOp20
 70
     1
102
RTVSPropertyOp21
 70
     1
102
RTVSPropertyOp22
 70
     1
102
RTVSPropertyOp23
 70
     1
102
RTVSPropertyOp24
 70
     1
102
RTVSPropertyOp25
 70
     1
102
RTVSPropertyOp26
 70
     1
102
RTVSPropertyOp27
 70
     1
102
RTVSPropertyOp28
 70
     1
102
RTVSPropertyOp29
 70
     1
102
RTVSPropertyOp30
 70
     1
102
RTVSPropertyOp31
 70
     1
102
RTVSPropertyOp32
 70
     1
102
RTVSPropertyOp33
 70
     1
102
RTVSPropertyOp34
 70
     1
102
RTVSPropertyOp35
 70
     1
102
RTVSPropertyOp36
 70
     1
102
RTVSPropertyOp37
 70
     1
102
RTVSPropertyOp38
 70
     1
102
RTVSPropertyOp39
 70
     1
102
RTVSPropertyOp40
 70
     1
102
RTVSPropertyOp41
 70
     1
102
RTVSPropertyOp42
 70
     1
102
RTVSPropertyOp43
 70
     1
102
RTVSPropertyOp44
 70
     1
102
RTVSPropertyOp45
 70
     1
102
RTVSPropertyOp46
 70
     1
102
RTVSPropertyOp47
 70
     1
102
RTVSPropertyOp48
 70
     1
102
RTVSPropertyOp49
 70
     1
102
RTVSPropertyOp50
 70
     1
102
RTVSPropertyOp51
 70
     0
102
RTVSPropertyOp52
 70
     0
102
RTVSPropertyOp53
 70
     1
102
RTVSPropertyOp54
 70
     1
102
RTVSPropertyOp55
 70
     1
102
RTVSPropertyOp56
 70
     1
102
RTVSPropertyOp57
 70
     1
102
RTVSPropertyOp58
 70
     1
102
RTVSPropertyOp59
 70
     1
102
RTVSPropertyOp60
 70
     1
102
RTVSPropertyOp61
 70
     1
102
RTVSPropertyOp62
 70
     1
  0
XRECORD
  5
241
102
{ACAD_REACTORS
330
240
102
}
330
240
100
AcDbXrecord
280
     1
102
RTVSPost2010Prop28
280
     0
102
RTVSPost2010PropOp28
 70
     1
102
RTVSPost2010Prop29
280
     1
102
RTVSPost2010PropOp29
 70
     1
102
RTVSPost2010Prop30
280
     1
102
RTVSPost2010PropOp30
 70
     1
102
RTVSPost2010Prop31
280
     0
102
RTVSPost2010PropOp31
 70
     1
102
RTVSPost2010Prop32
280
     0
102
RTVSPost2010PropOp32
 70
     1
102
RTVSPost2010Prop33
280
     0
102
RTVSPost2010PropOp33
 70
     1
102
RTVSPost2010Prop34
280
     0
102
RTVSPost2010PropOp34
 70
     1
102
RTVSPost2010Prop35
280
     0
102
RTVSPost2010PropOp35
 70
     1
102
RTVSPost2010Prop36
280
     0
102
RTVSPost2010PropOp36
 70
     1
102
RTVSPost2010Prop37
 90
       50
102
RTVSPost2010PropOp37
 70
     1
102
RTVSPost2010Prop38
140
0.0
102
RTVSPost2010PropOp38
 70
     1
102
RTVSPost2010Prop39
140
1.0
102
RTVSPost2010PropOp39
 70
     1
102
RTVSPost2010Prop40
 90
        0
102
RTVSPost2010PropOp40
 70
     1
102
RTVSPost2010Prop41ColorIndex
 90
       18
102
RTVSPost2010Prop41ColorRGB
 90
        0
102
RTVSPost2010PropOp41
 70
     1
102
RTVSPost2010Prop42
 90
       50
102
RTVSPost2010PropOp42
 70
     1
102
RTVSPost2010Prop43
 90
        3
102
RTVSPost2010PropOp43
 70
     1
102
RTVSPost2010Prop44ColorIndex
 90
        5
102
RTVSPost2010Prop44ColorRGB
 90
      255
102
RTVSPost2010PropOp44
 70
     1
102
RTVSPost2010Prop45
280
     0
102
RTVSPost2010PropOp45
 70
     1
102
RTVSPost2010Prop46
 90
       50
102
RTVSPost2010PropOp46
 70
     1
102
RTVSPost2010Prop47
 90
       50
102
RTVSPost2010PropOp47
 70
     1
102
RTVSPost2010Prop48
 90
       50
102
RTVSPost2010PropOp48
 70
     1
102
RTVSPost2010Prop49
280
     0
102
RTVSPost2010PropOp49
 70
     1
102
RTVSPost2010Prop50
 90
       50
102
RTVSPost2010PropOp50
 70
     1
102
RTVSPost2010Prop51ColorIndex
 90
      256
102
RTVSPost2010Prop51ColorRGB
 90
-16777216
102
RTVSPost2010PropOp51
 70
     0
102
RTVSPost2010Prop52
140
1.0
102
RTVSPost2010PropOp52
 70
     0
102
RTVSPost2010Prop53
 90
        2
102
RTVSPost2010PropOp53
 70
     1
102
RTVSPost2010Prop54
  1
strokes_ogs.tif
102
RTVSPost2010PropOp54
 70
     1
102
RTVSPost2010Prop55
280
     0
102
RTVSPost2010PropOp55
 70
     1
102
RTVSPost2010Prop56
140
1.0
102
RTVSPost2010PropOp56
 70
     1
102
RTVSPost2010Prop57
140
1.0
102
RTVSPost2010PropOp57
 70
     1
102
RTVSPropertyOp0
 70
     1
102
RTVSPropertyOp1
 70
     1
102
RTVSPropertyOp2
 70
     1
102
RTVSPropertyOp3
 70
     1
102
RTVSPropertyOp4
 70
     1
102
RTVSPropertyOp5
 70
     1
102
RTVSPropertyOp6
 70
     1
102
RTVSPropertyOp7
 70
     1
102
RTVSPropertyOp8
 70
     1
102
RTVSPropertyOp9
 70
     1
102
RTVSPropertyOp10
 70
     1
102
RTVSPropertyOp11
 70
     1
102
RTVSPropertyOp12
 70
     1
102
RTVSPropertyOp13
 70
     1
102
RTVSPropertyOp14
 70
     1
102
RTVSPropertyOp15
 70
     1
102
RTVSPropertyOp16
 70
     1
102
RTVSPropertyOp17
 70
     1
102
RTVSPropertyOp18
 70
     1
102
RTVSPropertyOp19
 70
     1
102
RTVSPropertyOp20
 70
     1
102
RTVSPropertyOp21
 70
     1
102
RTVSPropertyOp22
 70
     1
102
RTVSPropertyOp23
 70
     1
102
RTVSPropertyOp24
 70
     1
102
RTVSPropertyOp25
 70
     1
102
RTVSPropertyOp26
 70
     1
102
RTVSPropertyOp27
 70
     1
102
RTVSPropertyOp28
 70
     1
102
RTVSPropertyOp29
 70
     1
102
RTVSPropertyOp30
 70
     1
102
RTVSPropertyOp31
 70
     1
102
RTVSPropertyOp32
 70
     1
102
RTVSPropertyOp33
 70
     1
102
RTVSPropertyOp34
 70
     1
102
RTVSPropertyOp35
 70
     1
102
RTVSPropertyOp36
 70
     1
102
RTVSPropertyOp37
 70
     1
102
RTVSPropertyOp38
 70
     1
102
RTVSPropertyOp39
 70
     1
102
RTVSPropertyOp40
 70
     1
102
RTVSPropertyOp41
 70
     1
102
RTVSPropertyOp42
 70
     1
102
RTVSPropertyOp43
 70
     1
102
RTVSPropertyOp44
 70
     1
102
RTVSPropertyOp45
 70
     1
102
RTVSPropertyOp46
 70
     1
102
RTVSPropertyOp47
 70
     1
102
RTVSPropertyOp48
 70
     1
102
RTVSPropertyOp49
 70
     1
102
RTVSPropertyOp50
 70
     1
102
RTVSPropertyOp51
 70
     0
102
RTVSPropertyOp52
 70
     0
102
RTVSPropertyOp53
 70
     1
102
RTVSPropertyOp54
 70
     1
102
RTVSPropertyOp55
 70
     1
102
RTVSPropertyOp56
 70
     1
102
RTVSPropertyOp57
 70
     1
102
RTVSPropertyOp58
 70
     1
102
RTVSPropertyOp59
 70
     1
102
RTVSPropertyOp60
 70
     1
102
RTVSPropertyOp61
 70
     1
102
RTVSPropertyOp62
 70
     1
  0
XRECORD
  5
249
102
{ACAD_REACTORS
330
248
102
}
330
248
100
AcDbXrecord
280
     1
102
RTVSPost2010Prop28
280
     0
102
RTVSPost2010PropOp28
 70
     1
102
RTVSPost2010Prop29
280
     1
102
RTVSPost2010PropOp29
 70
     1
102
RTVSPost2010Prop30
280
     1
102
RTVSPost2010PropOp30
 70
     1
102
RTVSPost2010Prop31
280
     0
102
RTVSPost2010PropOp31
 70
     1
102
RTVSPost2010Prop32
280
     0
102
RTVSPost2010PropOp32
 70
     1
102
RTVSPost2010Prop33
280
     0
102
RTVSPost2010PropOp33
 70
     1
102
RTVSPost2010Prop34
280
     0
102
RTVSPost2010PropOp34
 70
     1
102
RTVSPost2010Prop35
280
     0
102
RTVSPost2010PropOp35
 70
     1
102
RTVSPost2010Prop36
280
     0
102
RTVSPost2010PropOp36
 70
     1
102
RTVSPost2010Prop37
 90
       50
102
RTVSPost2010PropOp37
 70
     1
102
RTVSPost2010Prop38
140
0.0
102
RTVSPost2010PropOp38
 70
     1
102
RTVSPost2010Prop39
140
1.0
102
RTVSPost2010PropOp39
 70
     1
102
RTVSPost2010Prop40
 90
        0
102
RTVSPost2010PropOp40
 70
     1
102
RTVSPost2010Prop41ColorIndex
 90
       18
102
RTVSPost2010Prop41ColorRGB
 90
        0
102
RTVSPost2010PropOp41
 70
     1
102
RTVSPost2010Prop42
 90
       50
102
RTVSPost2010PropOp42
 70
     1
102
RTVSPost2010Prop43
 90
        3
102
RTVSPost2010PropOp43
 70
     1
102
RTVSPost2010Prop44ColorIndex
 90
        5
102
RTVSPost2010Prop44ColorRGB
 90
      255
102
RTVSPost2010PropOp44
 70
     1
102
RTVSPost2010Prop45
280
     0
102
RTVSPost2010PropOp45
 70
     1
102
RTVSPost2010Prop46
 90
       50
102
RTVSPost2010PropOp46
 70
     1
102
RTVSPost2010Prop47
 90
       50
102
RTVSPost2010PropOp47
 70
     1
102
RTVSPost2010Prop48
 90
       50
102
RTVSPost2010PropOp48
 70
     1
102
RTVSPost2010Prop49
280
     0
102
RTVSPost2010PropOp49
 70
     1
102
RTVSPost2010Prop50
 90
       50
102
RTVSPost2010PropOp50
 70
     1
102
RTVSPost2010Prop51ColorIndex
 90
      256
102
RTVSPost2010Prop51ColorRGB
 90
-16777216
102
RTVSPost2010PropOp51
 70
     0
102
RTVSPost2010Prop52
140
1.0
102
RTVSPost2010PropOp52
 70
     0
102
RTVSPost2010Prop53
 90
        2
102
RTVSPost2010PropOp53
 70
     1
102
RTVSPost2010Prop54
  1
strokes_ogs.tif
102
RTVSPost2010PropOp54
 70
     1
102
RTVSPost2010Prop55
280
     0
102
RTVSPost2010PropOp55
 70
     1
102
RTVSPost2010Prop56
140
1.0
102
RTVSPost2010PropOp56
 70
     1
102
RTVSPost2010Prop57
140
1.0
102
RTVSPost2010PropOp57
 70
     1
102
RTVSPropertyOp0
 70
     1
102
RTVSPropertyOp1
 70
     1
102
RTVSPropertyOp2
 70
     1
102
RTVSPropertyOp3
 70
     1
102
RTVSPropertyOp4
 70
     1
102
RTVSPropertyOp5
 70
     1
102
RTVSPropertyOp6
 70
     1
102
RTVSPropertyOp7
 70
     1
102
RTVSPropertyOp8
 70
     1
102
RTVSPropertyOp9
 70
     1
102
RTVSPropertyOp10
 70
     1
102
RTVSPropertyOp11
 70
     1
102
RTVSPropertyOp12
 70
     1
102
RTVSPropertyOp13
 70
     1
102
RTVSPropertyOp14
 70
     1
102
RTVSPropertyOp15
 70
     1
102
RTVSPropertyOp16
 70
     1
102
RTVSPropertyOp17
 70
     1
102
RTVSPropertyOp18
 70
     1
102
RTVSPropertyOp19
 70
     1
102
RTVSPropertyOp20
 70
     1
102
RTVSPropertyOp21
 70
     1
102
RTVSPropertyOp22
 70
     1
102
RTVSPropertyOp23
 70
     1
102
RTVSPropertyOp24
 70
     1
102
RTVSPropertyOp25
 70
     1
102
RTVSPropertyOp26
 70
     1
102
RTVSPropertyOp27
 70
     1
102
RTVSPropertyOp28
 70
     1
102
RTVSPropertyOp29
 70
     1
102
RTVSPropertyOp30
 70
     1
102
RTVSPropertyOp31
 70
     1
102
RTVSPropertyOp32
 70
     1
102
RTVSPropertyOp33
 70
     1
102
RTVSPropertyOp34
 70
     1
102
RTVSPropertyOp35
 70
     1
102
RTVSPropertyOp36
 70
     1
102
RTVSPropertyOp37
 70
     1
102
RTVSPropertyOp38
 70
     1
102
RTVSPropertyOp39
 70
     1
102
RTVSPropertyOp40
 70
     1
102
RTVSPropertyOp41
 70
     1
102
RTVSPropertyOp42
 70
     1
102
RTVSPropertyOp43
 70
     1
102
RTVSPropertyOp44
 70
     1
102
RTVSPropertyOp45
 70
     1
102
RTVSPropertyOp46
 70
     1
102
RTVSPropertyOp47
 70
     1
102
RTVSPropertyOp48
 70
     1
102
RTVSPropertyOp49
 70
     1
102
RTVSPropertyOp50
 70
     1
102
RTVSPropertyOp51
 70
     0
102
RTVSPropertyOp52
 70
     0
102
RTVSPropertyOp53
 70
     1
102
RTVSPropertyOp54
 70
     1
102
RTVSPropertyOp55
 70
     1
102
RTVSPropertyOp56
 70
     1
102
RTVSPropertyOp57
 70
     1
102
RTVSPropertyOp58
 70
     1
102
RTVSPropertyOp59
 70
     1
102
RTVSPropertyOp60
 70
     1
102
RTVSPropertyOp61
 70
     1
102
RTVSPropertyOp62
 70
     1
  0
XRECORD
  5
23B
102
{ACAD_REACTORS
330
23A
102
}
330
23A
100
AcDbXrecord
280
     1
102
RTVSPost2010Prop28
280
     0
102
RTVSPost2010PropOp28
 70
     1
102
RTVSPost2010Prop29
280
     1
102
RTVSPost2010PropOp29
 70
     1
102
RTVSPost2010Prop30
280
     1
102
RTVSPost2010PropOp30
 70
     1
102
RTVSPost2010Prop31
280
     0
102
RTVSPost2010PropOp31
 70
     1
102
RTVSPost2010Prop32
280
     0
102
RTVSPost2010PropOp32
 70
     1
102
RTVSPost2010Prop33
280
     0
102
RTVSPost2010PropOp33
 70
     1
102
RTVSPost2010Prop34
280
     0
102
RTVSPost2010PropOp34
 70
     1
102
RTVSPost2010Prop35
280
     0
102
RTVSPost2010PropOp35
 70
     1
102
RTVSPost2010Prop36
280
     0
102
RTVSPost2010PropOp36
 70
     1
102
RTVSPost2010Prop37
 90
       50
102
RTVSPost2010PropOp37
 70
     1
102
RTVSPost2010Prop38
140
0.0
102
RTVSPost2010PropOp38
 70
     1
102
RTVSPost2010Prop39
140
1.0
102
RTVSPost2010PropOp39
 70
     1
102
RTVSPost2010Prop40
 90
        0
102
RTVSPost2010PropOp40
 70
     1
102
RTVSPost2010Prop41ColorIndex
 90
       18
102
RTVSPost2010Prop41ColorRGB
 90
        0
102
RTVSPost2010PropOp41
 70
     1
102
RTVSPost2010Prop42
 90
       50
102
RTVSPost2010PropOp42
 70
     1
102
RTVSPost2010Prop43
 90
        3
102
RTVSPost2010PropOp43
 70
     1
102
RTVSPost2010Prop44ColorIndex
 90
        5
102
RTVSPost2010Prop44ColorRGB
 90
      255
102
RTVSPost2010PropOp44
 70
     1
102
RTVSPost2010Prop45
280
     0
102
RTVSPost2010PropOp45
 70
     1
102
RTVSPost2010Prop46
 90
       50
102
RTVSPost2010PropOp46
 70
     1
102
RTVSPost2010Prop47
 90
       50
102
RTVSPost2010PropOp47
 70
     1
102
RTVSPost2010Prop48
 90
       50
102
RTVSPost2010PropOp48
 70
     1
102
RTVSPost2010Prop49
280
     0
102
RTVSPost2010PropOp49
 70
     1
102
RTVSPost2010Prop50
 90
       50
102
RTVSPost2010PropOp50
 70
     1
102
RTVSPost2010Prop51ColorIndex
 90
      256
102
RTVSPost2010Prop51ColorRGB
 90
-16777216
102
RTVSPost2010PropOp51
 70
     0
102
RTVSPost2010Prop52
140
1.0
102
RTVSPost2010PropOp52
 70
     0
102
RTVSPost2010Prop53
 90
        2
102
RTVSPost2010PropOp53
 70
     1
102
RTVSPost2010Prop54
  1
strokes_ogs.tif
102
RTVSPost2010PropOp54
 70
     1
102
RTVSPost2010Prop55
280
     0
102
RTVSPost2010PropOp55
 70
     1
102
RTVSPost2010Prop56
140
1.0
102
RTVSPost2010PropOp56
 70
     1
102
RTVSPost2010Prop57
140
1.0
102
RTVSPost2010PropOp57
 70
     1
102
RTVSPropertyOp0
 70
     1
102
RTVSPropertyOp1
 70
     1
102
RTVSPropertyOp2
 70
     1
102
RTVSPropertyOp3
 70
     1
102
RTVSPropertyOp4
 70
     1
102
RTVSPropertyOp5
 70
     1
102
RTVSPropertyOp6
 70
     1
102
RTVSPropertyOp7
 70
     1
102
RTVSPropertyOp8
 70
     1
102
RTVSPropertyOp9
 70
     1
102
RTVSPropertyOp10
 70
     1
102
RTVSPropertyOp11
 70
     1
102
RTVSPropertyOp12
 70
     1
102
RTVSPropertyOp13
 70
     1
102
RTVSPropertyOp14
 70
     1
102
RTVSPropertyOp15
 70
     1
102
RTVSPropertyOp16
 70
     1
102
RTVSPropertyOp17
 70
     1
102
RTVSPropertyOp18
 70
     1
102
RTVSPropertyOp19
 70
     1
102
RTVSPropertyOp20
 70
     1
102
RTVSPropertyOp21
 70
     1
102
RTVSPropertyOp22
 70
     1
102
RTVSPropertyOp23
 70
     1
102
RTVSPropertyOp24
 70
     1
102
RTVSPropertyOp25
 70
     1
102
RTVSPropertyOp26
 70
     1
102
RTVSPropertyOp27
 70
     1
102
RTVSPropertyOp28
 70
     1
102
RTVSPropertyOp29
 70
     1
102
RTVSPropertyOp30
 70
     1
102
RTVSPropertyOp31
 70
     1
102
RTVSPropertyOp32
 70
     1
102
RTVSPropertyOp33
 70
     1
102
RTVSPropertyOp34
 70
     1
102
RTVSPropertyOp35
 70
     1
102
RTVSPropertyOp36
 70
     1
102
RTVSPropertyOp37
 70
     1
102
RTVSPropertyOp38
 70
     1
102
RTVSPropertyOp39
 70
     1
102
RTVSPropertyOp40
 70
     1
102
RTVSPropertyOp41
 70
     1
102
RTVSPropertyOp42
 70
     1
102
RTVSPropertyOp43
 70
     1
102
RTVSPropertyOp44
 70
     1
102
RTVSPropertyOp45
 70
     1
102
RTVSPropertyOp46
 70
     1
102
RTVSPropertyOp47
 70
     1
102
RTVSPropertyOp48
 70
     1
102
RTVSPropertyOp49
 70
     1
102
RTVSPropertyOp50
 70
     1
102
RTVSPropertyOp51
 70
     0
102
RTVSPropertyOp52
 70
     0
102
RTVSPropertyOp53
 70
     1
102
RTVSPropertyOp54
 70
     1
102
RTVSPropertyOp55
 70
     1
102
RTVSPropertyOp56
 70
     1
102
RTVSPropertyOp57
 70
     1
102
RTVSPropertyOp58
 70
     1
102
RTVSPropertyOp59
 70
     1
102
RTVSPropertyOp60
 70
     1
102
RTVSPropertyOp61
 70
     1
102
RTVSPropertyOp62
 70
     1
  0
XRECORD
  5
23F
102
{ACAD_REACTORS
330
23E
102
}
330
23E
100
AcDbXrecord
280
     1
102
RTVSPost2010Prop28
280
     0
102
RTVSPost2010PropOp28
 70
     1
102
RTVSPost2010Prop29
280
     1
102
RTVSPost2010PropOp29
 70
     1
102
RTVSPost2010Prop30
280
     1
102
RTVSPost2010PropOp30
 70
     1
102
RTVSPost2010Prop31
280
     0
102
RTVSPost2010PropOp31
 70
     1
102
RTVSPost2010Prop32
280
     0
102
RTVSPost2010PropOp32
 70
     1
102
RTVSPost2010Prop33
280
     0
102
RTVSPost2010PropOp33
 70
     1
102
RTVSPost2010Prop34
280
     0
102
RTVSPost2010PropOp34
 70
     1
102
RTVSPost2010Prop35
280
     0
102
RTVSPost2010PropOp35
 70
     1
102
RTVSPost2010Prop36
280
     0
102
RTVSPost2010PropOp36
 70
     1
102
RTVSPost2010Prop37
 90
       50
102
RTVSPost2010PropOp37
 70
     1
102
RTVSPost2010Prop38
140
0.0
102
RTVSPost2010PropOp38
 70
     1
102
RTVSPost2010Prop39
140
1.0
102
RTVSPost2010PropOp39
 70
     1
102
RTVSPost2010Prop40
 90
        0
102
RTVSPost2010PropOp40
 70
     1
102
RTVSPost2010Prop41ColorIndex
 90
       18
102
RTVSPost2010Prop41ColorRGB
 90
        0
102
RTVSPost2010PropOp41
 70
     1
102
RTVSPost2010Prop42
 90
       50
102
RTVSPost2010PropOp42
 70
     1
102
RTVSPost2010Prop43
 90
        3
102
RTVSPost2010PropOp43
 70
     1
102
RTVSPost2010Prop44ColorIndex
 90
        5
102
RTVSPost2010Prop44ColorRGB
 90
      255
102
RTVSPost2010PropOp44
 70
     1
102
RTVSPost2010Prop45
280
     0
102
RTVSPost2010PropOp45
 70
     1
102
RTVSPost2010Prop46
 90
       50
102
RTVSPost2010PropOp46
 70
     1
102
RTVSPost2010Prop47
 90
       50
102
RTVSPost2010PropOp47
 70
     1
102
RTVSPost2010Prop48
 90
       50
102
RTVSPost2010PropOp48
 70
     1
102
RTVSPost2010Prop49
280
     0
102
RTVSPost2010PropOp49
 70
     1
102
RTVSPost2010Prop50
 90
       50
102
RTVSPost2010PropOp50
 70
     1
102
RTVSPost2010Prop51ColorIndex
 90
      256
102
RTVSPost2010Prop51ColorRGB
 90
-16777216
102
RTVSPost2010PropOp51
 70
     0
102
RTVSPost2010Prop52
140
1.0
102
RTVSPost2010PropOp52
 70
     0
102
RTVSPost2010Prop53
 90
        2
102
RTVSPost2010PropOp53
 70
     1
102
RTVSPost2010Prop54
  1
strokes_ogs.tif
102
RTVSPost2010PropOp54
 70
     1
102
RTVSPost2010Prop55
280
     0
102
RTVSPost2010PropOp55
 70
     1
102
RTVSPost2010Prop56
140
1.0
102
RTVSPost2010PropOp56
 70
     1
102
RTVSPost2010Prop57
140
1.0
102
RTVSPost2010PropOp57
 70
     1
102
RTVSPropertyOp0
 70
     1
102
RTVSPropertyOp1
 70
     1
102
RTVSPropertyOp2
 70
     1
102
RTVSPropertyOp3
 70
     1
102
RTVSPropertyOp4
 70
     1
102
RTVSPropertyOp5
 70
     1
102
RTVSPropertyOp6
 70
     1
102
RTVSPropertyOp7
 70
     1
102
RTVSPropertyOp8
 70
     1
102
RTVSPropertyOp9
 70
     1
102
RTVSPropertyOp10
 70
     1
102
RTVSPropertyOp11
 70
     1
102
RTVSPropertyOp12
 70
     1
102
RTVSPropertyOp13
 70
     1
102
RTVSPropertyOp14
 70
     1
102
RTVSPropertyOp15
 70
     1
102
RTVSPropertyOp16
 70
     1
102
RTVSPropertyOp17
 70
     1
102
RTVSPropertyOp18
 70
     1
102
RTVSPropertyOp19
 70
     1
102
RTVSPropertyOp20
 70
     1
102
RTVSPropertyOp21
 70
     1
102
RTVSPropertyOp22
 70
     1
102
RTVSPropertyOp23
 70
     1
102
RTVSPropertyOp24
 70
     1
102
RTVSPropertyOp25
 70
     1
102
RTVSPropertyOp26
 70
     1
102
RTVSPropertyOp27
 70
     1
102
RTVSPropertyOp28
 70
     1
102
RTVSPropertyOp29
 70
     1
102
RTVSPropertyOp30
 70
     1
102
RTVSPropertyOp31
 70
     1
102
RTVSPropertyOp32
 70
     1
102
RTVSPropertyOp33
 70
     1
102
RTVSPropertyOp34
 70
     1
102
RTVSPropertyOp35
 70
     1
102
RTVSPropertyOp36
 70
     1
102
RTVSPropertyOp37
 70
     1
102
RTVSPropertyOp38
 70
     1
102
RTVSPropertyOp39
 70
     1
102
RTVSPropertyOp40
 70
     1
102
RTVSPropertyOp41
 70
     1
102
RTVSPropertyOp42
 70
     1
102
RTVSPropertyOp43
 70
     1
102
RTVSPropertyOp44
 70
     1
102
RTVSPropertyOp45
 70
     1
102
RTVSPropertyOp46
 70
     1
102
RTVSPropertyOp47
 70
     1
102
RTVSPropertyOp48
 70
     1
102
RTVSPropertyOp49
 70
     1
102
RTVSPropertyOp50
 70
     1
102
RTVSPropertyOp51
 70
     0
102
RTVSPropertyOp52
 70
     0
102
RTVSPropertyOp53
 70
     1
102
RTVSPropertyOp54
 70
     1
102
RTVSPropertyOp55
 70
     1
102
RTVSPropertyOp56
 70
     1
102
RTVSPropertyOp57
 70
     1
102
RTVSPropertyOp58
 70
     1
102
RTVSPropertyOp59
 70
     1
102
RTVSPropertyOp60
 70
     1
102
RTVSPropertyOp61
 70
     1
102
RTVSPropertyOp62
 70
     1
  0
XRECORD
  5
259
102
{ACAD_REACTORS
330
258
102
}
330
258
100
AcDbXrecord
280
     1
102
RTVSPost2010Prop28
280
     0
102
RTVSPost2010PropOp28
 70
     0
102
RTVSPost2010Prop29
280
     1
102
RTVSPost2010PropOp29
 70
     0
102
RTVSPost2010Prop30
280
     1
102
RTVSPost2010PropOp30
 70
     0
102
RTVSPost2010Prop31
280
     0
102
RTVSPost2010PropOp31
 70
     0
102
RTVSPost2010Prop32
280
     0
102
RTVSPost2010PropOp32
 70
     0
102
RTVSPost2010Prop33
280
     0
102
RTVSPost2010PropOp33
 70
     0
102
RTVSPost2010Prop34
280
     0
102
RTVSPost2010PropOp34
 70
     0
102
RTVSPost2010Prop35
280
     0
102
RTVSPost2010PropOp35
 70
     0
102
RTVSPost2010Prop36
280
     0
102
RTVSPost2010PropOp36
 70
     0
102
RTVSPost2010Prop37
 90
       50
102
RTVSPost2010PropOp37
 70
     0
102
RTVSPost2010Prop38
140
0.0
102
RTVSPost2010PropOp38
 70
     0
102
RTVSPost2010Prop39
140
1.0
102
RTVSPost2010PropOp39
 70
     0
102
RTVSPost2010Prop40
 90
        0
102
RTVSPost2010PropOp40
 70
     0
102
RTVSPost2010Prop41ColorIndex
 90
       18
102
RTVSPost2010Prop41ColorRGB
 90
        0
102
RTVSPost2010PropOp41
 70
     0
102
RTVSPost2010Prop42
 90
       50
102
RTVSPost2010PropOp42
 70
     0
102
RTVSPost2010Prop43
 90
        3
102
RTVSPost2010PropOp43
 70
     0
102
RTVSPost2010Prop44ColorIndex
 90
        5
102
RTVSPost2010Prop44ColorRGB
 90
      255
102
RTVSPost2010PropOp44
 70
     0
102
RTVSPost2010Prop45
280
     0
102
RTVSPost2010PropOp45
 70
     0
102
RTVSPost2010Prop46
 90
       50
102
RTVSPost2010PropOp46
 70
     0
102
RTVSPost2010Prop47
 90
       50
102
RTVSPost2010PropOp47
 70
     0
102
RTVSPost2010Prop48
 90
       50
102
RTVSPost2010PropOp48
 70
     0
102
RTVSPost2010Prop49
280
     0
102
RTVSPost2010PropOp49
 70
     0
102
RTVSPost2010Prop50
 90
       50
102
RTVSPost2010PropOp50
 70
     0
102
RTVSPost2010Prop51ColorIndex
 90
      256
102
RTVSPost2010Prop51ColorRGB
 90
-16777216
102
RTVSPost2010PropOp51
 70
     0
102
RTVSPost2010Prop52
140
1.0
102
RTVSPost2010PropOp52
 70
     0
102
RTVSPost2010Prop53
 90
        2
102
RTVSPost2010PropOp53
 70
     0
102
RTVSPost2010Prop54
  1
strokes_ogs.tif
102
RTVSPost2010PropOp54
 70
     0
102
RTVSPost2010Prop55
280
     0
102
RTVSPost2010PropOp55
 70
     0
102
RTVSPost2010Prop56
140
1.0
102
RTVSPost2010PropOp56
 70
     0
102
RTVSPost2010Prop57
140
1.0
102
RTVSPost2010PropOp57
 70
     0
102
RTVSPropertyOp0
 70
     0
102
RTVSPropertyOp1
 70
     0
102
RTVSPropertyOp2
 70
     0
102
RTVSPropertyOp3
 70
     0
102
RTVSPropertyOp4
 70
     0
102
RTVSPropertyOp5
 70
     0
102
RTVSPropertyOp6
 70
     0
102
RTVSPropertyOp7
 70
     0
102
RTVSPropertyOp8
 70
     0
102
RTVSPropertyOp9
 70
     0
102
RTVSPropertyOp10
 70
     0
102
RTVSPropertyOp11
 70
     0
102
RTVSPropertyOp12
 70
     0
102
RTVSPropertyOp13
 70
     0
102
RTVSPropertyOp14
 70
     2
102
RTVSPropertyOp15
 70
     0
102
RTVSPropertyOp16
 70
     0
102
RTVSPropertyOp17
 70
     0
102
RTVSPropertyOp18
 70
     0
102
RTVSPropertyOp19
 70
     0
102
RTVSPropertyOp20
 70
     0
102
RTVSPropertyOp21
 70
     0
102
RTVSPropertyOp22
 70
     0
102
RTVSPropertyOp23
 70
     0
102
RTVSPropertyOp24
 70
     0
102
RTVSPropertyOp25
 70
     0
102
RTVSPropertyOp26
 70
     0
102
RTVSPropertyOp27
 70
     0
102
RTVSPropertyOp28
 70
     0
102
RTVSPropertyOp29
 70
     0
102
RTVSPropertyOp30
 70
     0
102
RTVSPropertyOp31
 70
     0
102
RTVSPropertyOp32
 70
     0
102
RTVSPropertyOp33
 70
     0
102
RTVSPropertyOp34
 70
     0
102
RTVSPropertyOp35
 70
     0
102
RTVSPropertyOp36
 70
     0
102
RTVSPropertyOp37
 70
     0
102
RTVSPropertyOp38
 70
     0
102
RTVSPropertyOp39
 70
     0
102
RTVSPropertyOp40
 70
     0
102
RTVSPropertyOp41
 70
     0
102
RTVSPropertyOp42
 70
     0
102
RTVSPropertyOp43
 70
     0
102
RTVSPropertyOp44
 70
     0
102
RTVSPropertyOp45
 70
     0
102
RTVSPropertyOp46
 70
     0
102
RTVSPropertyOp47
 70
     0
102
RTVSPropertyOp48
 70
     0
102
RTVSPropertyOp49
 70
     0
102
RTVSPropertyOp50
 70
     0
102
RTVSPropertyOp51
 70
     0
102
RTVSPropertyOp52
 70
     0
102
RTVSPropertyOp53
 70
     0
102
RTVSPropertyOp54
 70
     0
102
RTVSPropertyOp55
 70
     0
102
RTVSPropertyOp56
 70
     0
102
RTVSPropertyOp57
 70
     0
102
RTVSPropertyOp58
 70
     0
102
RTVSPropertyOp59
 70
     0
102
RTVSPropertyOp60
 70
     0
102
RTVSPropertyOp61
 70
     0
102
RTVSPropertyOp62
 70
     0
  0
XRECORD
  5
247
102
{ACAD_REACTORS
330
246
102
}
330
246
100
AcDbXrecord
280
     1
102
RTVSPost2010Prop28
280
     0
102
RTVSPost2010PropOp28
 70
     1
102
RTVSPost2010Prop29
280
     1
102
RTVSPost2010PropOp29
 70
     1
102
RTVSPost2010Prop30
280
     1
102
RTVSPost2010PropOp30
 70
     1
102
RTVSPost2010Prop31
280
     0
102
RTVSPost2010PropOp31
 70
     1
102
RTVSPost2010Prop32
280
     0
102
RTVSPost2010PropOp32
 70
     1
102
RTVSPost2010Prop33
280
     0
102
RTVSPost2010PropOp33
 70
     1
102
RTVSPost2010Prop34
280
     0
102
RTVSPost2010PropOp34
 70
     1
102
RTVSPost2010Prop35
280
     0
102
RTVSPost2010PropOp35
 70
     1
102
RTVSPost2010Prop36
280
     0
102
RTVSPost2010PropOp36
 70
     1
102
RTVSPost2010Prop37
 90
       50
102
RTVSPost2010PropOp37
 70
     1
102
RTVSPost2010Prop38
140
0.0
102
RTVSPost2010PropOp38
 70
     1
102
RTVSPost2010Prop39
140
1.0
102
RTVSPost2010PropOp39
 70
     1
102
RTVSPost2010Prop40
 90
        0
102
RTVSPost2010PropOp40
 70
     1
102
RTVSPost2010Prop41ColorIndex
 90
       18
102
RTVSPost2010Prop41ColorRGB
 90
        0
102
RTVSPost2010PropOp41
 70
     1
102
RTVSPost2010Prop42
 90
       50
102
RTVSPost2010PropOp42
 70
     1
102
RTVSPost2010Prop43
 90
        3
102
RTVSPost2010PropOp43
 70
     1
102
RTVSPost2010Prop44ColorIndex
 90
        5
102
RTVSPost2010Prop44ColorRGB
 90
      255
102
RTVSPost2010PropOp44
 70
     1
102
RTVSPost2010Prop45
280
     0
102
RTVSPost2010PropOp45
 70
     1
102
RTVSPost2010Prop46
 90
       50
102
RTVSPost2010PropOp46
 70
     1
102
RTVSPost2010Prop47
 90
       50
102
RTVSPost2010PropOp47
 70
     1
102
RTVSPost2010Prop48
 90
       50
102
RTVSPost2010PropOp48
 70
     1
102
RTVSPost2010Prop49
280
     0
102
RTVSPost2010PropOp49
 70
     1
102
RTVSPost2010Prop50
 90
       50
102
RTVSPost2010PropOp50
 70
     1
102
RTVSPost2010Prop51ColorIndex
 90
      256
102
RTVSPost2010Prop51ColorRGB
 90
-16777216
102
RTVSPost2010PropOp51
 70
     0
102
RTVSPost2010Prop52
140
1.0
102
RTVSPost2010PropOp52
 70
     0
102
RTVSPost2010Prop53
 90
        2
102
RTVSPost2010PropOp53
 70
     1
102
RTVSPost2010Prop54
  1
strokes_ogs.tif
102
RTVSPost2010PropOp54
 70
     1
102
RTVSPost2010Prop55
280
     0
102
RTVSPost2010PropOp55
 70
     1
102
RTVSPost2010Prop56
140
1.0
102
RTVSPost2010PropOp56
 70
     1
102
RTVSPost2010Prop57
140
1.0
102
RTVSPost2010PropOp57
 70
     1
102
RTVSPropertyOp0
 70
     1
102
RTVSPropertyOp1
 70
     1
102
RTVSPropertyOp2
 70
     1
102
RTVSPropertyOp3
 70
     1
102
RTVSPropertyOp4
 70
     1
102
RTVSPropertyOp5
 70
     1
102
RTVSPropertyOp6
 70
     1
102
RTVSPropertyOp7
 70
     1
102
RTVSPropertyOp8
 70
     1
102
RTVSPropertyOp9
 70
     1
102
RTVSPropertyOp10
 70
     1
102
RTVSPropertyOp11
 70
     1
102
RTVSPropertyOp12
 70
     1
102
RTVSPropertyOp13
 70
     1
102
RTVSPropertyOp14
 70
     1
102
RTVSPropertyOp15
 70
     1
102
RTVSPropertyOp16
 70
     1
102
RTVSPropertyOp17
 70
     1
102
RTVSPropertyOp18
 70
     1
102
RTVSPropertyOp19
 70
     1
102
RTVSPropertyOp20
 70
     1
102
RTVSPropertyOp21
 70
     1
102
RTVSPropertyOp22
 70
     1
102
RTVSPropertyOp23
 70
     1
102
RTVSPropertyOp24
 70
     1
102
RTVSPropertyOp25
 70
     1
102
RTVSPropertyOp26
 70
     1
102
RTVSPropertyOp27
 70
     1
102
RTVSPropertyOp28
 70
     1
102
RTVSPropertyOp29
 70
     1
102
RTVSPropertyOp30
 70
     1
102
RTVSPropertyOp31
 70
     1
102
RTVSPropertyOp32
 70
     1
102
RTVSPropertyOp33
 70
     1
102
RTVSPropertyOp34
 70
     1
102
RTVSPropertyOp35
 70
     1
102
RTVSPropertyOp36
 70
     1
102
RTVSPropertyOp37
 70
     1
102
RTVSPropertyOp38
 70
     1
102
RTVSPropertyOp39
 70
     1
102
RTVSPropertyOp40
 70
     1
102
RTVSPropertyOp41
 70
     1
102
RTVSPropertyOp42
 70
     1
102
RTVSPropertyOp43
 70
     1
102
RTVSPropertyOp44
 70
     1
102
RTVSPropertyOp45
 70
     1
102
RTVSPropertyOp46
 70
     1
102
RTVSPropertyOp47
 70
     1
102
RTVSPropertyOp48
 70
     1
102
RTVSPropertyOp49
 70
     1
102
RTVSPropertyOp50
 70
     1
102
RTVSPropertyOp51
 70
     0
102
RTVSPropertyOp52
 70
     0
102
RTVSPropertyOp53
 70
     1
102
RTVSPropertyOp54
 70
     1
102
RTVSPropertyOp55
 70
     1
102
RTVSPropertyOp56
 70
     1
102
RTVSPropertyOp57
 70
     1
102
RTVSPropertyOp58
 70
     1
102
RTVSPropertyOp59
 70
     1
102
RTVSPropertyOp60
 70
     1
102
RTVSPropertyOp61
 70
     1
102
RTVSPropertyOp62
 70
     1
  0
XRECORD
  5
22B
102
{ACAD_REACTORS
330
22A
102
}
330
22A
100
AcDbXrecord
280
     1
102
RTVSPost2010Prop28
280
     0
102
RTVSPost2010PropOp28
 70
     1
102
RTVSPost2010Prop29
280
     1
102
RTVSPost2010PropOp29
 70
     1
102
RTVSPost2010Prop30
280
     1
102
RTVSPost2010PropOp30
 70
     1
102
RTVSPost2010Prop31
280
     0
102
RTVSPost2010PropOp31
 70
     1
102
RTVSPost2010Prop32
280
     0
102
RTVSPost2010PropOp32
 70
     1
102
RTVSPost2010Prop33
280
     0
102
RTVSPost2010PropOp33
 70
     1
102
RTVSPost2010Prop34
280
     0
102
RTVSPost2010PropOp34
 70
     1
102
RTVSPost2010Prop35
280
     0
102
RTVSPost2010PropOp35
 70
     1
102
RTVSPost2010Prop36
280
     0
102
RTVSPost2010PropOp36
 70
     1
102
RTVSPost2010Prop37
 90
       50
102
RTVSPost2010PropOp37
 70
     1
102
RTVSPost2010Prop38
140
0.0
102
RTVSPost2010PropOp38
 70
     1
102
RTVSPost2010Prop39
140
1.0
102
RTVSPost2010PropOp39
 70
     1
102
RTVSPost2010Prop40
 90
        0
102
RTVSPost2010PropOp40
 70
     1
102
RTVSPost2010Prop41ColorIndex
 90
       18
102
RTVSPost2010Prop41ColorRGB
 90
        0
102
RTVSPost2010PropOp41
 70
     1
102
RTVSPost2010Prop42
 90
       50
102
RTVSPost2010PropOp42
 70
     1
102
RTVSPost2010Prop43
 90
        3
102
RTVSPost2010PropOp43
 70
     1
102
RTVSPost2010Prop44ColorIndex
 90
        5
102
RTVSPost2010Prop44ColorRGB
 90
      255
102
RTVSPost2010PropOp44
 70
     1
102
RTVSPost2010Prop45
280
     0
102
RTVSPost2010PropOp45
 70
     1
102
RTVSPost2010Prop46
 90
       50
102
RTVSPost2010PropOp46
 70
     1
102
RTVSPost2010Prop47
 90
       50
102
RTVSPost2010PropOp47
 70
     1
102
RTVSPost2010Prop48
 90
       50
102
RTVSPost2010PropOp48
 70
     1
102
RTVSPost2010Prop49
280
     0
102
RTVSPost2010PropOp49
 70
     1
102
RTVSPost2010Prop50
 90
       50
102
RTVSPost2010PropOp50
 70
     1
102
RTVSPost2010Prop51ColorIndex
 90
      256
102
RTVSPost2010Prop51ColorRGB
 90
-16777216
102
RTVSPost2010PropOp51
 70
     0
102
RTVSPost2010Prop52
140
1.0
102
RTVSPost2010PropOp52
 70
     0
102
RTVSPost2010Prop53
 90
        2
102
RTVSPost2010PropOp53
 70
     1
102
RTVSPost2010Prop54
  1
strokes_ogs.tif
102
RTVSPost2010PropOp54
 70
     1
102
RTVSPost2010Prop55
280
     0
102
RTVSPost2010PropOp55
 70
     1
102
RTVSPost2010Prop56
140
1.0
102
RTVSPost2010PropOp56
 70
     1
102
RTVSPost2010Prop57
140
1.0
102
RTVSPost2010PropOp57
 70
     1
102
RTVSPropertyOp0
 70
     1
102
RTVSPropertyOp1
 70
     1
102
RTVSPropertyOp2
 70
     1
102
RTVSPropertyOp3
 70
     1
102
RTVSPropertyOp4
 70
     1
102
RTVSPropertyOp5
 70
     1
102
RTVSPropertyOp6
 70
     1
102
RTVSPropertyOp7
 70
     1
102
RTVSPropertyOp8
 70
     1
102
RTVSPropertyOp9
 70
     1
102
RTVSPropertyOp10
 70
     1
102
RTVSPropertyOp11
 70
     1
102
RTVSPropertyOp12
 70
     1
102
RTVSPropertyOp13
 70
     1
102
RTVSPropertyOp14
 70
     1
102
RTVSPropertyOp15
 70
     1
102
RTVSPropertyOp16
 70
     1
102
RTVSPropertyOp17
 70
     1
102
RTVSPropertyOp18
 70
     1
102
RTVSPropertyOp19
 70
     1
102
RTVSPropertyOp20
 70
     1
102
RTVSPropertyOp21
 70
     1
102
RTVSPropertyOp22
 70
     1
102
RTVSPropertyOp23
 70
     1
102
RTVSPropertyOp24
 70
     1
102
RTVSPropertyOp25
 70
     1
102
RTVSPropertyOp26
 70
     1
102
RTVSPropertyOp27
 70
     1
102
RTVSPropertyOp28
 70
     1
102
RTVSPropertyOp29
 70
     1
102
RTVSPropertyOp30
 70
     1
102
RTVSPropertyOp31
 70
     1
102
RTVSPropertyOp32
 70
     1
102
RTVSPropertyOp33
 70
     1
102
RTVSPropertyOp34
 70
     1
102
RTVSPropertyOp35
 70
     1
102
RTVSPropertyOp36
 70
     1
102
RTVSPropertyOp37
 70
     1
102
RTVSPropertyOp38
 70
     1
102
RTVSPropertyOp39
 70
     1
102
RTVSPropertyOp40
 70
     1
102
RTVSPropertyOp41
 70
     1
102
RTVSPropertyOp42
 70
     1
102
RTVSPropertyOp43
 70
     1
102
RTVSPropertyOp44
 70
     1
102
RTVSPropertyOp45
 70
     1
102
RTVSPropertyOp46
 70
     1
102
RTVSPropertyOp47
 70
     1
102
RTVSPropertyOp48
 70
     1
102
RTVSPropertyOp49
 70
     1
102
RTVSPropertyOp50
 70
     1
102
RTVSPropertyOp51
 70
     0
102
RTVSPropertyOp52
 70
     0
102
RTVSPropertyOp53
 70
     1
102
RTVSPropertyOp54
 70
     1
102
RTVSPropertyOp55
 70
     1
102
RTVSPropertyOp56
 70
     1
102
RTVSPropertyOp57
 70
     1
102
RTVSPropertyOp58
 70
     1
102
RTVSPropertyOp59
 70
     1
102
RTVSPropertyOp60
 70
     1
102
RTVSPropertyOp61
 70
     1
102
RTVSPropertyOp62
 70
     1
  0
XRECORD
  5
22D
102
{ACAD_REACTORS
330
22C
102
}
330
22C
100
AcDbXrecord
280
     1
102
RTVSPost2010Prop28
280
     0
102
RTVSPost2010PropOp28
 70
     1
102
RTVSPost2010Prop29
280
     1
102
RTVSPost2010PropOp29
 70
     1
102
RTVSPost2010Prop30
280
     1
102
RTVSPost2010PropOp30
 70
     1
102
RTVSPost2010Prop31
280
     0
102
RTVSPost2010PropOp31
 70
     1
102
RTVSPost2010Prop32
280
     0
102
RTVSPost2010PropOp32
 70
     1
102
RTVSPost2010Prop33
280
     0
102
RTVSPost2010PropOp33
 70
     1
102
RTVSPost2010Prop34
280
     0
102
RTVSPost2010PropOp34
 70
     1
102
RTVSPost2010Prop35
280
     0
102
RTVSPost2010PropOp35
 70
     1
102
RTVSPost2010Prop36
280
     0
102
RTVSPost2010PropOp36
 70
     1
102
RTVSPost2010Prop37
 90
       50
102
RTVSPost2010PropOp37
 70
     1
102
RTVSPost2010Prop38
140
0.0
102
RTVSPost2010PropOp38
 70
     1
102
RTVSPost2010Prop39
140
1.0
102
RTVSPost2010PropOp39
 70
     1
102
RTVSPost2010Prop40
 90
        0
102
RTVSPost2010PropOp40
 70
     1
102
RTVSPost2010Prop41ColorIndex
 90
       18
102
RTVSPost2010Prop41ColorRGB
 90
        0
102
RTVSPost2010PropOp41
 70
     1
102
RTVSPost2010Prop42
 90
       50
102
RTVSPost2010PropOp42
 70
     1
102
RTVSPost2010Prop43
 90
        3
102
RTVSPost2010PropOp43
 70
     1
102
RTVSPost2010Prop44ColorIndex
 90
        5
102
RTVSPost2010Prop44ColorRGB
 90
      255
102
RTVSPost2010PropOp44
 70
     1
102
RTVSPost2010Prop45
280
     0
102
RTVSPost2010PropOp45
 70
     1
102
RTVSPost2010Prop46
 90
       50
102
RTVSPost2010PropOp46
 70
     1
102
RTVSPost2010Prop47
 90
       50
102
RTVSPost2010PropOp47
 70
     1
102
RTVSPost2010Prop48
 90
       50
102
RTVSPost2010PropOp48
 70
     1
102
RTVSPost2010Prop49
280
     0
102
RTVSPost2010PropOp49
 70
     1
102
RTVSPost2010Prop50
 90
       50
102
RTVSPost2010PropOp50
 70
     1
102
RTVSPost2010Prop51ColorIndex
 90
      256
102
RTVSPost2010Prop51ColorRGB
 90
-16777216
102
RTVSPost2010PropOp51
 70
     0
102
RTVSPost2010Prop52
140
1.0
102
RTVSPost2010PropOp52
 70
     0
102
RTVSPost2010Prop53
 90
        2
102
RTVSPost2010PropOp53
 70
     1
102
RTVSPost2010Prop54
  1
strokes_ogs.tif
102
RTVSPost2010PropOp54
 70
     1
102
RTVSPost2010Prop55
280
     0
102
RTVSPost2010PropOp55
 70
     1
102
RTVSPost2010Prop56
140
1.0
102
RTVSPost2010PropOp56
 70
     1
102
RTVSPost2010Prop57
140
1.0
102
RTVSPost2010PropOp57
 70
     1
102
RTVSPropertyOp0
 70
     1
102
RTVSPropertyOp1
 70
     1
102
RTVSPropertyOp2
 70
     1
102
RTVSPropertyOp3
 70
     1
102
RTVSPropertyOp4
 70
     1
102
RTVSPropertyOp5
 70
     1
102
RTVSPropertyOp6
 70
     1
102
RTVSPropertyOp7
 70
     1
102
RTVSPropertyOp8
 70
     1
102
RTVSPropertyOp9
 70
     1
102
RTVSPropertyOp10
 70
     1
102
RTVSPropertyOp11
 70
     1
102
RTVSPropertyOp12
 70
     1
102
RTVSPropertyOp13
 70
     1
102
RTVSPropertyOp14
 70
     1
102
RTVSPropertyOp15
 70
     1
102
RTVSPropertyOp16
 70
     1
102
RTVSPropertyOp17
 70
     1
102
RTVSPropertyOp18
 70
     1
102
RTVSPropertyOp19
 70
     1
102
RTVSPropertyOp20
 70
     1
102
RTVSPropertyOp21
 70
     1
102
RTVSPropertyOp22
 70
     1
102
RTVSPropertyOp23
 70
     1
102
RTVSPropertyOp24
 70
     1
102
RTVSPropertyOp25
 70
     1
102
RTVSPropertyOp26
 70
     1
102
RTVSPropertyOp27
 70
     1
102
RTVSPropertyOp28
 70
     1
102
RTVSPropertyOp29
 70
     1
102
RTVSPropertyOp30
 70
     1
102
RTVSPropertyOp31
 70
     1
102
RTVSPropertyOp32
 70
     1
102
RTVSPropertyOp33
 70
     1
102
RTVSPropertyOp34
 70
     1
102
RTVSPropertyOp35
 70
     1
102
RTVSPropertyOp36
 70
     1
102
RTVSPropertyOp37
 70
     1
102
RTVSPropertyOp38
 70
     1
102
RTVSPropertyOp39
 70
     1
102
RTVSPropertyOp40
 70
     1
102
RTVSPropertyOp41
 70
     1
102
RTVSPropertyOp42
 70
     1
102
RTVSPropertyOp43
 70
     1
102
RTVSPropertyOp44
 70
     1
102
RTVSPropertyOp45
 70
     1
102
RTVSPropertyOp46
 70
     1
102
RTVSPropertyOp47
 70
     1
102
RTVSPropertyOp48
 70
     1
102
RTVSPropertyOp49
 70
     1
102
RTVSPropertyOp50
 70
     1
102
RTVSPropertyOp51
 70
     0
102
RTVSPropertyOp52
 70
     0
102
RTVSPropertyOp53
 70
     1
102
RTVSPropertyOp54
 70
     1
102
RTVSPropertyOp55
 70
     1
102
RTVSPropertyOp56
 70
     1
102
RTVSPropertyOp57
 70
     1
102
RTVSPropertyOp58
 70
     1
102
RTVSPropertyOp59
 70
     1
102
RTVSPropertyOp60
 70
     1
102
RTVSPropertyOp61
 70
     1
102
RTVSPropertyOp62
 70
     1
  0
XRECORD
  5
22F
102
{ACAD_REACTORS
330
22E
102
}
330
22E
100
AcDbXrecord
280
     1
102
RTVSPost2010Prop28
280
     0
102
RTVSPost2010PropOp28
 70
     1
102
RTVSPost2010Prop29
280
     1
102
RTVSPost2010PropOp29
 70
     1
102
RTVSPost2010Prop30
280
     1
102
RTVSPost2010PropOp30
 70
     1
102
RTVSPost2010Prop31
280
     0
102
RTVSPost2010PropOp31
 70
     1
102
RTVSPost2010Prop32
280
     0
102
RTVSPost2010PropOp32
 70
     1
102
RTVSPost2010Prop33
280
     0
102
RTVSPost2010PropOp33
 70
     1
102
RTVSPost2010Prop34
280
     0
102
RTVSPost2010PropOp34
 70
     1
102
RTVSPost2010Prop35
280
     0
102
RTVSPost2010PropOp35
 70
     1
102
RTVSPost2010Prop36
280
     0
102
RTVSPost2010PropOp36
 70
     1
102
RTVSPost2010Prop37
 90
       50
102
RTVSPost2010PropOp37
 70
     1
102
RTVSPost2010Prop38
140
0.0
102
RTVSPost2010PropOp38
 70
     1
102
RTVSPost2010Prop39
140
1.0
102
RTVSPost2010PropOp39
 70
     1
102
RTVSPost2010Prop40
 90
        0
102
RTVSPost2010PropOp40
 70
     1
102
RTVSPost2010Prop41ColorIndex
 90
       18
102
RTVSPost2010Prop41ColorRGB
 90
        0
102
RTVSPost2010PropOp41
 70
     1
102
RTVSPost2010Prop42
 90
       50
102
RTVSPost2010PropOp42
 70
     1
102
RTVSPost2010Prop43
 90
        3
102
RTVSPost2010PropOp43
 70
     1
102
RTVSPost2010Prop44ColorIndex
 90
        5
102
RTVSPost2010Prop44ColorRGB
 90
      255
102
RTVSPost2010PropOp44
 70
     1
102
RTVSPost2010Prop45
280
     0
102
RTVSPost2010PropOp45
 70
     1
102
RTVSPost2010Prop46
 90
       50
102
RTVSPost2010PropOp46
 70
     1
102
RTVSPost2010Prop47
 90
       50
102
RTVSPost2010PropOp47
 70
     1
102
RTVSPost2010Prop48
 90
       50
102
RTVSPost2010PropOp48
 70
     1
102
RTVSPost2010Prop49
280
     0
102
RTVSPost2010PropOp49
 70
     1
102
RTVSPost2010Prop50
 90
       50
102
RTVSPost2010PropOp50
 70
     1
102
RTVSPost2010Prop51ColorIndex
 90
      256
102
RTVSPost2010Prop51ColorRGB
 90
-16777216
102
RTVSPost2010PropOp51
 70
     0
102
RTVSPost2010Prop52
140
1.0
102
RTVSPost2010PropOp52
 70
     0
102
RTVSPost2010Prop53
 90
        2
102
RTVSPost2010PropOp53
 70
     1
102
RTVSPost2010Prop54
  1
strokes_ogs.tif
102
RTVSPost2010PropOp54
 70
     1
102
RTVSPost2010Prop55
280
     0
102
RTVSPost2010PropOp55
 70
     1
102
RTVSPost2010Prop56
140
1.0
102
RTVSPost2010PropOp56
 70
     1
102
RTVSPost2010Prop57
140
1.0
102
RTVSPost2010PropOp57
 70
     1
102
RTVSPropertyOp0
 70
     1
102
RTVSPropertyOp1
 70
     1
102
RTVSPropertyOp2
 70
     1
102
RTVSPropertyOp3
 70
     1
102
RTVSPropertyOp4
 70
     1
102
RTVSPropertyOp5
 70
     1
102
RTVSPropertyOp6
 70
     1
102
RTVSPropertyOp7
 70
     1
102
RTVSPropertyOp8
 70
     1
102
RTVSPropertyOp9
 70
     1
102
RTVSPropertyOp10
 70
     1
102
RTVSPropertyOp11
 70
     1
102
RTVSPropertyOp12
 70
     1
102
RTVSPropertyOp13
 70
     1
102
RTVSPropertyOp14
 70
     1
102
RTVSPropertyOp15
 70
     1
102
RTVSPropertyOp16
 70
     1
102
RTVSPropertyOp17
 70
     1
102
RTVSPropertyOp18
 70
     1
102
RTVSPropertyOp19
 70
     1
102
RTVSPropertyOp20
 70
     1
102
RTVSPropertyOp21
 70
     1
102
RTVSPropertyOp22
 70
     1
102
RTVSPropertyOp23
 70
     1
102
RTVSPropertyOp24
 70
     1
102
RTVSPropertyOp25
 70
     1
102
RTVSPropertyOp26
 70
     1
102
RTVSPropertyOp27
 70
     1
102
RTVSPropertyOp28
 70
     1
102
RTVSPropertyOp29
 70
     1
102
RTVSPropertyOp30
 70
     1
102
RTVSPropertyOp31
 70
     1
102
RTVSPropertyOp32
 70
     1
102
RTVSPropertyOp33
 70
     1
102
RTVSPropertyOp34
 70
     1
102
RTVSPropertyOp35
 70
     1
102
RTVSPropertyOp36
 70
     1
102
RTVSPropertyOp37
 70
     1
102
RTVSPropertyOp38
 70
     1
102
RTVSPropertyOp39
 70
     1
102
RTVSPropertyOp40
 70
     1
102
RTVSPropertyOp41
 70
     1
102
RTVSPropertyOp42
 70
     1
102
RTVSPropertyOp43
 70
     1
102
RTVSPropertyOp44
 70
     1
102
RTVSPropertyOp45
 70
     1
102
RTVSPropertyOp46
 70
     1
102
RTVSPropertyOp47
 70
     1
102
RTVSPropertyOp48
 70
     1
102
RTVSPropertyOp49
 70
     1
102
RTVSPropertyOp50
 70
     1
102
RTVSPropertyOp51
 70
     0
102
RTVSPropertyOp52
 70
     0
102
RTVSPropertyOp53
 70
     1
102
RTVSPropertyOp54
 70
     1
102
RTVSPropertyOp55
 70
     1
102
RTVSPropertyOp56
 70
     1
102
RTVSPropertyOp57
 70
     1
102
RTVSPropertyOp58
 70
     1
102
RTVSPropertyOp59
 70
     1
102
RTVSPropertyOp60
 70
     1
102
RTVSPropertyOp61
 70
     1
102
RTVSPropertyOp62
 70
     1
  0
XRECORD
  5
231
102
{ACAD_REACTORS
330
230
102
}
330
230
100
AcDbXrecord
280
     1
102
RTVSPost2010Prop28
280
     0
102
RTVSPost2010PropOp28
 70
     1
102
RTVSPost2010Prop29
280
     1
102
RTVSPost2010PropOp29
 70
     1
102
RTVSPost2010Prop30
280
     1
102
RTVSPost2010PropOp30
 70
     1
102
RTVSPost2010Prop31
280
     0
102
RTVSPost2010PropOp31
 70
     1
102
RTVSPost2010Prop32
280
     0
102
RTVSPost2010PropOp32
 70
     1
102
RTVSPost2010Prop33
280
     0
102
RTVSPost2010PropOp33
 70
     1
102
RTVSPost2010Prop34
280
     0
102
RTVSPost2010PropOp34
 70
     1
102
RTVSPost2010Prop35
280
     0
102
RTVSPost2010PropOp35
 70
     1
102
RTVSPost2010Prop36
280
     0
102
RTVSPost2010PropOp36
 70
     1
102
RTVSPost2010Prop37
 90
       50
102
RTVSPost2010PropOp37
 70
     1
102
RTVSPost2010Prop38
140
0.0
102
RTVSPost2010PropOp38
 70
     1
102
RTVSPost2010Prop39
140
1.0
102
RTVSPost2010PropOp39
 70
     1
102
RTVSPost2010Prop40
 90
        0
102
RTVSPost2010PropOp40
 70
     1
102
RTVSPost2010Prop41ColorIndex
 90
       18
102
RTVSPost2010Prop41ColorRGB
 90
        0
102
RTVSPost2010PropOp41
 70
     1
102
RTVSPost2010Prop42
 90
       50
102
RTVSPost2010PropOp42
 70
     1
102
RTVSPost2010Prop43
 90
        3
102
RTVSPost2010PropOp43
 70
     1
102
RTVSPost2010Prop44ColorIndex
 90
        5
102
RTVSPost2010Prop44ColorRGB
 90
      255
102
RTVSPost2010PropOp44
 70
     1
102
RTVSPost2010Prop45
280
     0
102
RTVSPost2010PropOp45
 70
     1
102
RTVSPost2010Prop46
 90
       50
102
RTVSPost2010PropOp46
 70
     1
102
RTVSPost2010Prop47
 90
       50
102
RTVSPost2010PropOp47
 70
     1
102
RTVSPost2010Prop48
 90
       50
102
RTVSPost2010PropOp48
 70
     1
102
RTVSPost2010Prop49
280
     0
102
RTVSPost2010PropOp49
 70
     1
102
RTVSPost2010Prop50
 90
       50
102
RTVSPost2010PropOp50
 70
     1
102
RTVSPost2010Prop51ColorIndex
 90
      256
102
RTVSPost2010Prop51ColorRGB
 90
-16777216
102
RTVSPost2010PropOp51
 70
     0
102
RTVSPost2010Prop52
140
1.0
102
RTVSPost2010PropOp52
 70
     0
102
RTVSPost2010Prop53
 90
        2
102
RTVSPost2010PropOp53
 70
     1
102
RTVSPost2010Prop54
  1
strokes_ogs.tif
102
RTVSPost2010PropOp54
 70
     1
102
RTVSPost2010Prop55
280
     0
102
RTVSPost2010PropOp55
 70
     1
102
RTVSPost2010Prop56
140
1.0
102
RTVSPost2010PropOp56
 70
     1
102
RTVSPost2010Prop57
140
1.0
102
RTVSPost2010PropOp57
 70
     1
102
RTVSPropertyOp0
 70
     1
102
RTVSPropertyOp1
 70
     1
102
RTVSPropertyOp2
 70
     1
102
RTVSPropertyOp3
 70
     1
102
RTVSPropertyOp4
 70
     1
102
RTVSPropertyOp5
 70
     1
102
RTVSPropertyOp6
 70
     1
102
RTVSPropertyOp7
 70
     1
102
RTVSPropertyOp8
 70
     1
102
RTVSPropertyOp9
 70
     1
102
RTVSPropertyOp10
 70
     1
102
RTVSPropertyOp11
 70
     1
102
RTVSPropertyOp12
 70
     1
102
RTVSPropertyOp13
 70
     1
102
RTVSPropertyOp14
 70
     1
102
RTVSPropertyOp15
 70
     1
102
RTVSPropertyOp16
 70
     1
102
RTVSPropertyOp17
 70
     1
102
RTVSPropertyOp18
 70
     1
102
RTVSPropertyOp19
 70
     1
102
RTVSPropertyOp20
 70
     1
102
RTVSPropertyOp21
 70
     1
102
RTVSPropertyOp22
 70
     1
102
RTVSPropertyOp23
 70
     1
102
RTVSPropertyOp24
 70
     1
102
RTVSPropertyOp25
 70
     1
102
RTVSPropertyOp26
 70
     1
102
RTVSPropertyOp27
 70
     1
102
RTVSPropertyOp28
 70
     1
102
RTVSPropertyOp29
 70
     1
102
RTVSPropertyOp30
 70
     1
102
RTVSPropertyOp31
 70
     1
102
RTVSPropertyOp32
 70
     1
102
RTVSPropertyOp33
 70
     1
102
RTVSPropertyOp34
 70
     1
102
RTVSPropertyOp35
 70
     1
102
RTVSPropertyOp36
 70
     1
102
RTVSPropertyOp37
 70
     1
102
RTVSPropertyOp38
 70
     1
102
RTVSPropertyOp39
 70
     1
102
RTVSPropertyOp40
 70
     1
102
RTVSPropertyOp41
 70
     1
102
RTVSPropertyOp42
 70
     1
102
RTVSPropertyOp43
 70
     1
102
RTVSPropertyOp44
 70
     1
102
RTVSPropertyOp45
 70
     1
102
RTVSPropertyOp46
 70
     1
102
RTVSPropertyOp47
 70
     1
102
RTVSPropertyOp48
 70
     1
102
RTVSPropertyOp49
 70
     1
102
RTVSPropertyOp50
 70
     1
102
RTVSPropertyOp51
 70
     0
102
RTVSPropertyOp52
 70
     0
102
RTVSPropertyOp53
 70
     1
102
RTVSPropertyOp54
 70
     1
102
RTVSPropertyOp55
 70
     1
102
RTVSPropertyOp56
 70
     1
102
RTVSPropertyOp57
 70
     1
102
RTVSPropertyOp58
 70
     1
102
RTVSPropertyOp59
 70
     1
102
RTVSPropertyOp60
 70
     1
102
RTVSPropertyOp61
 70
     1
102
RTVSPropertyOp62
 70
     1
  0
XRECORD
  5
239
102
{ACAD_REACTORS
330
238
102
}
330
238
100
AcDbXrecord
280
     1
102
RTVSPost2010Prop28
280
     0
102
RTVSPost2010PropOp28
 70
     1
102
RTVSPost2010Prop29
280
     1
102
RTVSPost2010PropOp29
 70
     1
102
RTVSPost2010Prop30
280
     1
102
RTVSPost2010PropOp30
 70
     1
102
RTVSPost2010Prop31
280
     0
102
RTVSPost2010PropOp31
 70
     1
102
RTVSPost2010Prop32
280
     0
102
RTVSPost2010PropOp32
 70
     1
102
RTVSPost2010Prop33
280
     0
102
RTVSPost2010PropOp33
 70
     1
102
RTVSPost2010Prop34
280
     0
102
RTVSPost2010PropOp34
 70
     1
102
RTVSPost2010Prop35
280
     0
102
RTVSPost2010PropOp35
 70
     1
102
RTVSPost2010Prop36
280
     0
102
RTVSPost2010PropOp36
 70
     1
102
RTVSPost2010Prop37
 90
       50
102
RTVSPost2010PropOp37
 70
     1
102
RTVSPost2010Prop38
140
0.0
102
RTVSPost2010PropOp38
 70
     1
102
RTVSPost2010Prop39
140
1.0
102
RTVSPost2010PropOp39
 70
     1
102
RTVSPost2010Prop40
 90
        0
102
RTVSPost2010PropOp40
 70
     1
102
RTVSPost2010Prop41ColorIndex
 90
       18
102
RTVSPost2010Prop41ColorRGB
 90
        0
102
RTVSPost2010PropOp41
 70
     1
102
RTVSPost2010Prop42
 90
       50
102
RTVSPost2010PropOp42
 70
     1
102
RTVSPost2010Prop43
 90
        3
102
RTVSPost2010PropOp43
 70
     1
102
RTVSPost2010Prop44ColorIndex
 90
        5
102
RTVSPost2010Prop44ColorRGB
 90
      255
102
RTVSPost2010PropOp44
 70
     1
102
RTVSPost2010Prop45
280
     0
102
RTVSPost2010PropOp45
 70
     1
102
RTVSPost2010Prop46
 90
       50
102
RTVSPost2010PropOp46
 70
     1
102
RTVSPost2010Prop47
 90
       50
102
RTVSPost2010PropOp47
 70
     1
102
RTVSPost2010Prop48
 90
       50
102
RTVSPost2010PropOp48
 70
     1
102
RTVSPost2010Prop49
280
     0
102
RTVSPost2010PropOp49
 70
     1
102
RTVSPost2010Prop50
 90
       50
102
RTVSPost2010PropOp50
 70
     1
102
RTVSPost2010Prop51ColorIndex
 90
      256
102
RTVSPost2010Prop51ColorRGB
 90
-16777216
102
RTVSPost2010PropOp51
 70
     0
102
RTVSPost2010Prop52
140
1.0
102
RTVSPost2010PropOp52
 70
     0
102
RTVSPost2010Prop53
 90
        2
102
RTVSPost2010PropOp53
 70
     1
102
RTVSPost2010Prop54
  1
strokes_ogs.tif
102
RTVSPost2010PropOp54
 70
     1
102
RTVSPost2010Prop55
280
     0
102
RTVSPost2010PropOp55
 70
     1
102
RTVSPost2010Prop56
140
1.0
102
RTVSPost2010PropOp56
 70
     1
102
RTVSPost2010Prop57
140
1.0
102
RTVSPost2010PropOp57
 70
     1
102
RTVSPropertyOp0
 70
     1
102
RTVSPropertyOp1
 70
     1
102
RTVSPropertyOp2
 70
     1
102
RTVSPropertyOp3
 70
     1
102
RTVSPropertyOp4
 70
     1
102
RTVSPropertyOp5
 70
     1
102
RTVSPropertyOp6
 70
     1
102
RTVSPropertyOp7
 70
     1
102
RTVSPropertyOp8
 70
     1
102
RTVSPropertyOp9
 70
     1
102
RTVSPropertyOp10
 70
     1
102
RTVSPropertyOp11
 70
     1
102
RTVSPropertyOp12
 70
     1
102
RTVSPropertyOp13
 70
     1
102
RTVSPropertyOp14
 70
     1
102
RTVSPropertyOp15
 70
     1
102
RTVSPropertyOp16
 70
     1
102
RTVSPropertyOp17
 70
     1
102
RTVSPropertyOp18
 70
     1
102
RTVSPropertyOp19
 70
     1
102
RTVSPropertyOp20
 70
     1
102
RTVSPropertyOp21
 70
     1
102
RTVSPropertyOp22
 70
     1
102
RTVSPropertyOp23
 70
     1
102
RTVSPropertyOp24
 70
     1
102
RTVSPropertyOp25
 70
     1
102
RTVSPropertyOp26
 70
     1
102
RTVSPropertyOp27
 70
     1
102
RTVSPropertyOp28
 70
     1
102
RTVSPropertyOp29
 70
     1
102
RTVSPropertyOp30
 70
     1
102
RTVSPropertyOp31
 70
     1
102
RTVSPropertyOp32
 70
     1
102
RTVSPropertyOp33
 70
     1
102
RTVSPropertyOp34
 70
     1
102
RTVSPropertyOp35
 70
     1
102
RTVSPropertyOp36
 70
     1
102
RTVSPropertyOp37
 70
     1
102
RTVSPropertyOp38
 70
     1
102
RTVSPropertyOp39
 70
     1
102
RTVSPropertyOp40
 70
     1
102
RTVSPropertyOp41
 70
     1
102
RTVSPropertyOp42
 70
     1
102
RTVSPropertyOp43
 70
     1
102
RTVSPropertyOp44
 70
     1
102
RTVSPropertyOp45
 70
     1
102
RTVSPropertyOp46
 70
     1
102
RTVSPropertyOp47
 70
     1
102
RTVSPropertyOp48
 70
     1
102
RTVSPropertyOp49
 70
     1
102
RTVSPropertyOp50
 70
     1
102
RTVSPropertyOp51
 70
     0
102
RTVSPropertyOp52
 70
     0
102
RTVSPropertyOp53
 70
     1
102
RTVSPropertyOp54
 70
     1
102
RTVSPropertyOp55
 70
     1
102
RTVSPropertyOp56
 70
     1
102
RTVSPropertyOp57
 70
     1
102
RTVSPropertyOp58
 70
     1
102
RTVSPropertyOp59
 70
     1
102
RTVSPropertyOp60
 70
     1
102
RTVSPropertyOp61
 70
     1
102
RTVSPropertyOp62
 70
     1
  0
XRECORD
  5
255
102
{ACAD_REACTORS
330
254
102
}
330
254
100
AcDbXrecord
280
     1
102
RTVSPost2010Prop28
280
     0
102
RTVSPost2010PropOp28
 70
     0
102
RTVSPost2010Prop29
280
     1
102
RTVSPost2010PropOp29
 70
     0
102
RTVSPost2010Prop30
280
     1
102
RTVSPost2010PropOp30
 70
     0
102
RTVSPost2010Prop31
280
     0
102
RTVSPost2010PropOp31
 70
     0
102
RTVSPost2010Prop32
280
     0
102
RTVSPost2010PropOp32
 70
     0
102
RTVSPost2010Prop33
280
     0
102
RTVSPost2010PropOp33
 70
     0
102
RTVSPost2010Prop34
280
     0
102
RTVSPost2010PropOp34
 70
     0
102
RTVSPost2010Prop35
280
     0
102
RTVSPost2010PropOp35
 70
     0
102
RTVSPost2010Prop36
280
     0
102
RTVSPost2010PropOp36
 70
     0
102
RTVSPost2010Prop37
 90
       50
102
RTVSPost2010PropOp37
 70
     0
102
RTVSPost2010Prop38
140
0.0
102
RTVSPost2010PropOp38
 70
     0
102
RTVSPost2010Prop39
140
1.0
102
RTVSPost2010PropOp39
 70
     0
102
RTVSPost2010Prop40
 90
        0
102
RTVSPost2010PropOp40
 70
     0
102
RTVSPost2010Prop41ColorIndex
 90
       18
102
RTVSPost2010Prop41ColorRGB
 90
        0
102
RTVSPost2010PropOp41
 70
     0
102
RTVSPost2010Prop42
 90
       50
102
RTVSPost2010PropOp42
 70
     0
102
RTVSPost2010Prop43
 90
        3
102
RTVSPost2010PropOp43
 70
     0
102
RTVSPost2010Prop44ColorIndex
 90
        5
102
RTVSPost2010Prop44ColorRGB
 90
      255
102
RTVSPost2010PropOp44
 70
     0
102
RTVSPost2010Prop45
280
     0
102
RTVSPost2010PropOp45
 70
     0
102
RTVSPost2010Prop46
 90
       50
102
RTVSPost2010PropOp46
 70
     0
102
RTVSPost2010Prop47
 90
       50
102
RTVSPost2010PropOp47
 70
     0
102
RTVSPost2010Prop48
 90
       50
102
RTVSPost2010PropOp48
 70
     0
102
RTVSPost2010Prop49
280
     0
102
RTVSPost2010PropOp49
 70
     0
102
RTVSPost2010Prop50
 90
       50
102
RTVSPost2010PropOp50
 70
     0
102
RTVSPost2010Prop51ColorIndex
 90
      256
102
RTVSPost2010Prop51ColorRGB
 90
-16777216
102
RTVSPost2010PropOp51
 70
     0
102
RTVSPost2010Prop52
140
1.0
102
RTVSPost2010PropOp52
 70
     0
102
RTVSPost2010Prop53
 90
        2
102
RTVSPost2010PropOp53
 70
     0
102
RTVSPost2010Prop54
  1
strokes_ogs.tif
102
RTVSPost2010PropOp54
 70
     0
102
RTVSPost2010Prop55
280
     0
102
RTVSPost2010PropOp55
 70
     0
102
RTVSPost2010Prop56
140
1.0
102
RTVSPost2010PropOp56
 70
     0
102
RTVSPost2010Prop57
140
1.0
102
RTVSPost2010PropOp57
 70
     0
102
RTVSPropertyOp0
 70
     0
102
RTVSPropertyOp1
 70
     0
102
RTVSPropertyOp2
 70
     0
102
RTVSPropertyOp3
 70
     0
102
RTVSPropertyOp4
 70
     0
102
RTVSPropertyOp5
 70
     0
102
RTVSPropertyOp6
 70
     0
102
RTVSPropertyOp7
 70
     0
102
RTVSPropertyOp8
 70
     0
102
RTVSPropertyOp9
 70
     0
102
RTVSPropertyOp10
 70
     0
102
RTVSPropertyOp11
 70
     0
102
RTVSPropertyOp12
 70
     0
102
RTVSPropertyOp13
 70
     0
102
RTVSPropertyOp14
 70
     2
102
RTVSPropertyOp15
 70
     0
102
RTVSPropertyOp16
 70
     0
102
RTVSPropertyOp17
 70
     0
102
RTVSPropertyOp18
 70
     0
102
RTVSPropertyOp19
 70
     0
102
RTVSPropertyOp20
 70
     0
102
RTVSPropertyOp21
 70
     0
102
RTVSPropertyOp22
 70
     0
102
RTVSPropertyOp23
 70
     0
102
RTVSPropertyOp24
 70
     0
102
RTVSPropertyOp25
 70
     0
102
RTVSPropertyOp26
 70
     0
102
RTVSPropertyOp27
 70
     0
102
RTVSPropertyOp28
 70
     0
102
RTVSPropertyOp29
 70
     0
102
RTVSPropertyOp30
 70
     0
102
RTVSPropertyOp31
 70
     0
102
RTVSPropertyOp32
 70
     0
102
RTVSPropertyOp33
 70
     0
102
RTVSPropertyOp34
 70
     0
102
RTVSPropertyOp35
 70
     0
102
RTVSPropertyOp36
 70
     0
102
RTVSPropertyOp37
 70
     0
102
RTVSPropertyOp38
 70
     0
102
RTVSPropertyOp39
 70
     0
102
RTVSPropertyOp40
 70
     0
102
RTVSPropertyOp41
 70
     0
102
RTVSPropertyOp42
 70
     0
102
RTVSPropertyOp43
 70
     0
102
RTVSPropertyOp44
 70
     0
102
RTVSPropertyOp45
 70
     0
102
RTVSPropertyOp46
 70
     0
102
RTVSPropertyOp47
 70
     0
102
RTVSPropertyOp48
 70
     0
102
RTVSPropertyOp49
 70
     0
102
RTVSPropertyOp50
 70
     0
102
RTVSPropertyOp51
 70
     0
102
RTVSPropertyOp52
 70
     0
102
RTVSPropertyOp53
 70
     0
102
RTVSPropertyOp54
 70
     0
102
RTVSPropertyOp55
 70
     0
102
RTVSPropertyOp56
 70
     0
102
RTVSPropertyOp57
 70
     0
102
RTVSPropertyOp58
 70
     0
102
RTVSPropertyOp59
 70
     0
102
RTVSPropertyOp60
 70
     0
102
RTVSPropertyOp61
 70
     0
102
RTVSPropertyOp62
 70
     0
  0
XRECORD
  5
245
102
{ACAD_REACTORS
330
244
102
}
330
244
100
AcDbXrecord
280
     1
102
RTVSPost2010Prop28
280
     0
102
RTVSPost2010PropOp28
 70
     1
102
RTVSPost2010Prop29
280
     1
102
RTVSPost2010PropOp29
 70
     1
102
RTVSPost2010Prop30
280
     1
102
RTVSPost2010PropOp30
 70
     1
102
RTVSPost2010Prop31
280
     0
102
RTVSPost2010PropOp31
 70
     1
102
RTVSPost2010Prop32
280
     0
102
RTVSPost2010PropOp32
 70
     1
102
RTVSPost2010Prop33
280
     0
102
RTVSPost2010PropOp33
 70
     1
102
RTVSPost2010Prop34
280
     0
102
RTVSPost2010PropOp34
 70
     1
102
RTVSPost2010Prop35
280
     0
102
RTVSPost2010PropOp35
 70
     1
102
RTVSPost2010Prop36
280
     0
102
RTVSPost2010PropOp36
 70
     1
102
RTVSPost2010Prop37
 90
       50
102
RTVSPost2010PropOp37
 70
     1
102
RTVSPost2010Prop38
140
0.0
102
RTVSPost2010PropOp38
 70
     1
102
RTVSPost2010Prop39
140
1.0
102
RTVSPost2010PropOp39
 70
     1
102
RTVSPost2010Prop40
 90
        0
102
RTVSPost2010PropOp40
 70
     1
102
RTVSPost2010Prop41ColorIndex
 90
       18
102
RTVSPost2010Prop41ColorRGB
 90
        0
102
RTVSPost2010PropOp41
 70
     1
102
RTVSPost2010Prop42
 90
       50
102
RTVSPost2010PropOp42
 70
     1
102
RTVSPost2010Prop43
 90
        3
102
RTVSPost2010PropOp43
 70
     1
102
RTVSPost2010Prop44ColorIndex
 90
        5
102
RTVSPost2010Prop44ColorRGB
 90
      255
102
RTVSPost2010PropOp44
 70
     1
102
RTVSPost2010Prop45
280
     0
102
RTVSPost2010PropOp45
 70
     1
102
RTVSPost2010Prop46
 90
       50
102
RTVSPost2010PropOp46
 70
     1
102
RTVSPost2010Prop47
 90
       50
102
RTVSPost2010PropOp47
 70
     1
102
RTVSPost2010Prop48
 90
       50
102
RTVSPost2010PropOp48
 70
     1
102
RTVSPost2010Prop49
280
     0
102
RTVSPost2010PropOp49
 70
     1
102
RTVSPost2010Prop50
 90
       50
102
RTVSPost2010PropOp50
 70
     1
102
RTVSPost2010Prop51ColorIndex
 90
      256
102
RTVSPost2010Prop51ColorRGB
 90
-16777216
102
RTVSPost2010PropOp51
 70
     0
102
RTVSPost2010Prop52
140
1.0
102
RTVSPost2010PropOp52
 70
     0
102
RTVSPost2010Prop53
 90
        2
102
RTVSPost2010PropOp53
 70
     1
102
RTVSPost2010Prop54
  1
strokes_ogs.tif
102
RTVSPost2010PropOp54
 70
     1
102
RTVSPost2010Prop55
280
     0
102
RTVSPost2010PropOp55
 70
     1
102
RTVSPost2010Prop56
140
1.0
102
RTVSPost2010PropOp56
 70
     1
102
RTVSPost2010Prop57
140
1.0
102
RTVSPost2010PropOp57
 70
     1
102
RTVSPropertyOp0
 70
     1
102
RTVSPropertyOp1
 70
     1
102
RTVSPropertyOp2
 70
     1
102
RTVSPropertyOp3
 70
     1
102
RTVSPropertyOp4
 70
     1
102
RTVSPropertyOp5
 70
     1
102
RTVSPropertyOp6
 70
     1
102
RTVSPropertyOp7
 70
     1
102
RTVSPropertyOp8
 70
     1
102
RTVSPropertyOp9
 70
     1
102
RTVSPropertyOp10
 70
     1
102
RTVSPropertyOp11
 70
     1
102
RTVSPropertyOp12
 70
     1
102
RTVSPropertyOp13
 70
     1
102
RTVSPropertyOp14
 70
     1
102
RTVSPropertyOp15
 70
     1
102
RTVSPropertyOp16
 70
     1
102
RTVSPropertyOp17
 70
     1
102
RTVSPropertyOp18
 70
     1
102
RTVSPropertyOp19
 70
     1
102
RTVSPropertyOp20
 70
     1
102
RTVSPropertyOp21
 70
     1
102
RTVSPropertyOp22
 70
     1
102
RTVSPropertyOp23
 70
     1
102
RTVSPropertyOp24
 70
     1
102
RTVSPropertyOp25
 70
     1
102
RTVSPropertyOp26
 70
     1
102
RTVSPropertyOp27
 70
     1
102
RTVSPropertyOp28
 70
     1
102
RTVSPropertyOp29
 70
     1
102
RTVSPropertyOp30
 70
     1
102
RTVSPropertyOp31
 70
     1
102
RTVSPropertyOp32
 70
     1
102
RTVSPropertyOp33
 70
     1
102
RTVSPropertyOp34
 70
     1
102
RTVSPropertyOp35
 70
     1
102
RTVSPropertyOp36
 70
     1
102
RTVSPropertyOp37
 70
     1
102
RTVSPropertyOp38
 70
     1
102
RTVSPropertyOp39
 70
     1
102
RTVSPropertyOp40
 70
     1
102
RTVSPropertyOp41
 70
     1
102
RTVSPropertyOp42
 70
     1
102
RTVSPropertyOp43
 70
     1
102
RTVSPropertyOp44
 70
     1
102
RTVSPropertyOp45
 70
     1
102
RTVSPropertyOp46
 70
     1
102
RTVSPropertyOp47
 70
     1
102
RTVSPropertyOp48
 70
     1
102
RTVSPropertyOp49
 70
     1
102
RTVSPropertyOp50
 70
     1
102
RTVSPropertyOp51
 70
     0
102
RTVSPropertyOp52
 70
     0
102
RTVSPropertyOp53
 70
     1
102
RTVSPropertyOp54
 70
     1
102
RTVSPropertyOp55
 70
     1
102
RTVSPropertyOp56
 70
     1
102
RTVSPropertyOp57
 70
     1
102
RTVSPropertyOp58
 70
     1
102
RTVSPropertyOp59
 70
     1
102
RTVSPropertyOp60
 70
     1
102
RTVSPropertyOp61
 70
     1
102
RTVSPropertyOp62
 70
     1
  0
XRECORD
  5
257
102
{ACAD_REACTORS
330
256
102
}
330
256
100
AcDbXrecord
280
     1
102
RTVSPost2010Prop28
280
     0
102
RTVSPost2010PropOp28
 70
     0
102
RTVSPost2010Prop29
280
     1
102
RTVSPost2010PropOp29
 70
     0
102
RTVSPost2010Prop30
280
     1
102
RTVSPost2010PropOp30
 70
     0
102
RTVSPost2010Prop31
280
     0
102
RTVSPost2010PropOp31
 70
     0
102
RTVSPost2010Prop32
280
     0
102
RTVSPost2010PropOp32
 70
     0
102
RTVSPost2010Prop33
280
     0
102
RTVSPost2010PropOp33
 70
     0
102
RTVSPost2010Prop34
280
     0
102
RTVSPost2010PropOp34
 70
     0
102
RTVSPost2010Prop35
280
     0
102
RTVSPost2010PropOp35
 70
     0
102
RTVSPost2010Prop36
280
     0
102
RTVSPost2010PropOp36
 70
     0
102
RTVSPost2010Prop37
 90
       50
102
RTVSPost2010PropOp37
 70
     0
102
RTVSPost2010Prop38
140
0.0
102
RTVSPost2010PropOp38
 70
     0
102
RTVSPost2010Prop39
140
1.0
102
RTVSPost2010PropOp39
 70
     0
102
RTVSPost2010Prop40
 90
        0
102
RTVSPost2010PropOp40
 70
     0
102
RTVSPost2010Prop41ColorIndex
 90
       18
102
RTVSPost2010Prop41ColorRGB
 90
        0
102
RTVSPost2010PropOp41
 70
     0
102
RTVSPost2010Prop42
 90
       50
102
RTVSPost2010PropOp42
 70
     0
102
RTVSPost2010Prop43
 90
        3
102
RTVSPost2010PropOp43
 70
     0
102
RTVSPost2010Prop44ColorIndex
 90
        5
102
RTVSPost2010Prop44ColorRGB
 90
      255
102
RTVSPost2010PropOp44
 70
     0
102
RTVSPost2010Prop45
280
     0
102
RTVSPost2010PropOp45
 70
     0
102
RTVSPost2010Prop46
 90
       50
102
RTVSPost2010PropOp46
 70
     0
102
RTVSPost2010Prop47
 90
       50
102
RTVSPost2010PropOp47
 70
     0
102
RTVSPost2010Prop48
 90
       50
102
RTVSPost2010PropOp48
 70
     0
102
RTVSPost2010Prop49
280
     0
102
RTVSPost2010PropOp49
 70
     0
102
RTVSPost2010Prop50
 90
       50
102
RTVSPost2010PropOp50
 70
     0
102
RTVSPost2010Prop51ColorIndex
 90
      256
102
RTVSPost2010Prop51ColorRGB
 90
-16777216
102
RTVSPost2010PropOp51
 70
     0
102
RTVSPost2010Prop52
140
1.0
102
RTVSPost2010PropOp52
 70
     0
102
RTVSPost2010Prop53
 90
        2
102
RTVSPost2010PropOp53
 70
     0
102
RTVSPost2010Prop54
  1
strokes_ogs.tif
102
RTVSPost2010PropOp54
 70
     0
102
RTVSPost2010Prop55
280
     0
102
RTVSPost2010PropOp55
 70
     0
102
RTVSPost2010Prop56
140
1.0
102
RTVSPost2010PropOp56
 70
     0
102
RTVSPost2010Prop57
140
1.0
102
RTVSPost2010PropOp57
 70
     0
102
RTVSPropertyOp0
 70
     0
102
RTVSPropertyOp1
 70
     0
102
RTVSPropertyOp2
 70
     0
102
RTVSPropertyOp3
 70
     0
102
RTVSPropertyOp4
 70
     0
102
RTVSPropertyOp5
 70
     0
102
RTVSPropertyOp6
 70
     0
102
RTVSPropertyOp7
 70
     0
102
RTVSPropertyOp8
 70
     0
102
RTVSPropertyOp9
 70
     0
102
RTVSPropertyOp10
 70
     0
102
RTVSPropertyOp11
 70
     0
102
RTVSPropertyOp12
 70
     0
102
RTVSPropertyOp13
 70
     0
102
RTVSPropertyOp14
 70
     2
102
RTVSPropertyOp15
 70
     0
102
RTVSPropertyOp16
 70
     0
102
RTVSPropertyOp17
 70
     0
102
RTVSPropertyOp18
 70
     0
102
RTVSPropertyOp19
 70
     0
102
RTVSPropertyOp20
 70
     0
102
RTVSPropertyOp21
 70
     0
102
RTVSPropertyOp22
 70
     0
102
RTVSPropertyOp23
 70
     0
102
RTVSPropertyOp24
 70
     0
102
RTVSPropertyOp25
 70
     0
102
RTVSPropertyOp26
 70
     0
102
RTVSPropertyOp27
 70
     0
102
RTVSPropertyOp28
 70
     0
102
RTVSPropertyOp29
 70
     0
102
RTVSPropertyOp30
 70
     0
102
RTVSPropertyOp31
 70
     0
102
RTVSPropertyOp32
 70
     0
102
RTVSPropertyOp33
 70
     0
102
RTVSPropertyOp34
 70
     0
102
RTVSPropertyOp35
 70
     0
102
RTVSPropertyOp36
 70
     0
102
RTVSPropertyOp37
 70
     0
102
RTVSPropertyOp38
 70
     0
102
RTVSPropertyOp39
 70
     0
102
RTVSPropertyOp40
 70
     0
102
RTVSPropertyOp41
 70
     0
102
RTVSPropertyOp42
 70
     0
102
RTVSPropertyOp43
 70
     0
102
RTVSPropertyOp44
 70
     0
102
RTVSPropertyOp45
 70
     0
102
RTVSPropertyOp46
 70
     0
102
RTVSPropertyOp47
 70
     0
102
RTVSPropertyOp48
 70
     0
102
RTVSPropertyOp49
 70
     0
102
RTVSPropertyOp50
 70
     0
102
RTVSPropertyOp51
 70
     0
102
RTVSPropertyOp52
 70
     0
102
RTVSPropertyOp53
 70
     0
102
RTVSPropertyOp54
 70
     0
102
RTVSPropertyOp55
 70
     0
102
RTVSPropertyOp56
 70
     0
102
RTVSPropertyOp57
 70
     0
102
RTVSPropertyOp58
 70
     0
102
RTVSPropertyOp59
 70
     0
102
RTVSPropertyOp60
 70
     0
102
RTVSPropertyOp61
 70
     0
102
RTVSPropertyOp62
 70
     0
  0
XRECORD
  5
23D
102
{ACAD_REACTORS
330
23C
102
}
330
23C
100
AcDbXrecord
280
     1
102
RTVSPost2010Prop28
280
     0
102
RTVSPost2010PropOp28
 70
     1
102
RTVSPost2010Prop29
280
     1
102
RTVSPost2010PropOp29
 70
     1
102
RTVSPost2010Prop30
280
     1
102
RTVSPost2010PropOp30
 70
     1
102
RTVSPost2010Prop31
280
     0
102
RTVSPost2010PropOp31
 70
     1
102
RTVSPost2010Prop32
280
     0
102
RTVSPost2010PropOp32
 70
     1
102
RTVSPost2010Prop33
280
     0
102
RTVSPost2010PropOp33
 70
     1
102
RTVSPost2010Prop34
280
     0
102
RTVSPost2010PropOp34
 70
     1
102
RTVSPost2010Prop35
280
     0
102
RTVSPost2010PropOp35
 70
     1
102
RTVSPost2010Prop36
280
     0
102
RTVSPost2010PropOp36
 70
     1
102
RTVSPost2010Prop37
 90
       50
102
RTVSPost2010PropOp37
 70
     1
102
RTVSPost2010Prop38
140
0.0
102
RTVSPost2010PropOp38
 70
     1
102
RTVSPost2010Prop39
140
1.0
102
RTVSPost2010PropOp39
 70
     1
102
RTVSPost2010Prop40
 90
        0
102
RTVSPost2010PropOp40
 70
     1
102
RTVSPost2010Prop41ColorIndex
 90
       18
102
RTVSPost2010Prop41ColorRGB
 90
        0
102
RTVSPost2010PropOp41
 70
     1
102
RTVSPost2010Prop42
 90
       50
102
RTVSPost2010PropOp42
 70
     1
102
RTVSPost2010Prop43
 90
        3
102
RTVSPost2010PropOp43
 70
     1
102
RTVSPost2010Prop44ColorIndex
 90
        5
102
RTVSPost2010Prop44ColorRGB
 90
      255
102
RTVSPost2010PropOp44
 70
     1
102
RTVSPost2010Prop45
280
     0
102
RTVSPost2010PropOp45
 70
     1
102
RTVSPost2010Prop46
 90
       50
102
RTVSPost2010PropOp46
 70
     1
102
RTVSPost2010Prop47
 90
       50
102
RTVSPost2010PropOp47
 70
     1
102
RTVSPost2010Prop48
 90
       50
102
RTVSPost2010PropOp48
 70
     1
102
RTVSPost2010Prop49
280
     0
102
RTVSPost2010PropOp49
 70
     1
102
RTVSPost2010Prop50
 90
       50
102
RTVSPost2010PropOp50
 70
     1
102
RTVSPost2010Prop51ColorIndex
 90
      256
102
RTVSPost2010Prop51ColorRGB
 90
-16777216
102
RTVSPost2010PropOp51
 70
     0
102
RTVSPost2010Prop52
140
1.0
102
RTVSPost2010PropOp52
 70
     0
102
RTVSPost2010Prop53
 90
        2
102
RTVSPost2010PropOp53
 70
     1
102
RTVSPost2010Prop54
  1
strokes_ogs.tif
102
RTVSPost2010PropOp54
 70
     1
102
RTVSPost2010Prop55
280
     0
102
RTVSPost2010PropOp55
 70
     1
102
RTVSPost2010Prop56
140
1.0
102
RTVSPost2010PropOp56
 70
     1
102
RTVSPost2010Prop57
140
1.0
102
RTVSPost2010PropOp57
 70
     1
102
RTVSPropertyOp0
 70
     1
102
RTVSPropertyOp1
 70
     1
102
RTVSPropertyOp2
 70
     1
102
RTVSPropertyOp3
 70
     1
102
RTVSPropertyOp4
 70
     1
102
RTVSPropertyOp5
 70
     1
102
RTVSPropertyOp6
 70
     1
102
RTVSPropertyOp7
 70
     1
102
RTVSPropertyOp8
 70
     1
102
RTVSPropertyOp9
 70
     1
102
RTVSPropertyOp10
 70
     1
102
RTVSPropertyOp11
 70
     1
102
RTVSPropertyOp12
 70
     1
102
RTVSPropertyOp13
 70
     1
102
RTVSPropertyOp14
 70
     1
102
RTVSPropertyOp15
 70
     1
102
RTVSPropertyOp16
 70
     1
102
RTVSPropertyOp17
 70
     1
102
RTVSPropertyOp18
 70
     1
102
RTVSPropertyOp19
 70
     1
102
RTVSPropertyOp20
 70
     1
102
RTVSPropertyOp21
 70
     1
102
RTVSPropertyOp22
 70
     1
102
RTVSPropertyOp23
 70
     1
102
RTVSPropertyOp24
 70
     1
102
RTVSPropertyOp25
 70
     1
102
RTVSPropertyOp26
 70
     1
102
RTVSPropertyOp27
 70
     1
102
RTVSPropertyOp28
 70
     1
102
RTVSPropertyOp29
 70
     1
102
RTVSPropertyOp30
 70
     1
102
RTVSPropertyOp31
 70
     1
102
RTVSPropertyOp32
 70
     1
102
RTVSPropertyOp33
 70
     1
102
RTVSPropertyOp34
 70
     1
102
RTVSPropertyOp35
 70
     1
102
RTVSPropertyOp36
 70
     1
102
RTVSPropertyOp37
 70
     1
102
RTVSPropertyOp38
 70
     1
102
RTVSPropertyOp39
 70
     1
102
RTVSPropertyOp40
 70
     1
102
RTVSPropertyOp41
 70
     1
102
RTVSPropertyOp42
 70
     1
102
RTVSPropertyOp43
 70
     1
102
RTVSPropertyOp44
 70
     1
102
RTVSPropertyOp45
 70
     1
102
RTVSPropertyOp46
 70
     1
102
RTVSPropertyOp47
 70
     1
102
RTVSPropertyOp48
 70
     1
102
RTVSPropertyOp49
 70
     1
102
RTVSPropertyOp50
 70
     1
102
RTVSPropertyOp51
 70
     0
102
RTVSPropertyOp52
 70
     0
102
RTVSPropertyOp53
 70
     1
102
RTVSPropertyOp54
 70
     1
102
RTVSPropertyOp55
 70
     1
102
RTVSPropertyOp56
 70
     1
102
RTVSPropertyOp57
 70
     1
102
RTVSPropertyOp58
 70
     1
102
RTVSPropertyOp59
 70
     1
102
RTVSPropertyOp60
 70
     1
102
RTVSPropertyOp61
 70
     1
102
RTVSPropertyOp62
 70
     1
  0
XRECORD
  5
253
102
{ACAD_REACTORS
330
252
102
}
330
252
100
AcDbXrecord
280
     1
102
RTVSPost2010Prop28
280
     0
102
RTVSPost2010PropOp28
 70
     1
102
RTVSPost2010Prop29
280
     1
102
RTVSPost2010PropOp29
 70
     1
102
RTVSPost2010Prop30
280
     1
102
RTVSPost2010PropOp30
 70
     1
102
RTVSPost2010Prop31
280
     0
102
RTVSPost2010PropOp31
 70
     1
102
RTVSPost2010Prop32
280
     0
102
RTVSPost2010PropOp32
 70
     1
102
RTVSPost2010Prop33
280
     0
102
RTVSPost2010PropOp33
 70
     1
102
RTVSPost2010Prop34
280
     0
102
RTVSPost2010PropOp34
 70
     1
102
RTVSPost2010Prop35
280
     0
102
RTVSPost2010PropOp35
 70
     1
102
RTVSPost2010Prop36
280
     0
102
RTVSPost2010PropOp36
 70
     1
102
RTVSPost2010Prop37
 90
       50
102
RTVSPost2010PropOp37
 70
     1
102
RTVSPost2010Prop38
140
0.0
102
RTVSPost2010PropOp38
 70
     1
102
RTVSPost2010Prop39
140
1.0
102
RTVSPost2010PropOp39
 70
     1
102
RTVSPost2010Prop40
 90
        0
102
RTVSPost2010PropOp40
 70
     1
102
RTVSPost2010Prop41ColorIndex
 90
       18
102
RTVSPost2010Prop41ColorRGB
 90
        0
102
RTVSPost2010PropOp41
 70
     1
102
RTVSPost2010Prop42
 90
       50
102
RTVSPost2010PropOp42
 70
     1
102
RTVSPost2010Prop43
 90
        3
102
RTVSPost2010PropOp43
 70
     1
102
RTVSPost2010Prop44ColorIndex
 90
        5
102
RTVSPost2010Prop44ColorRGB
 90
      255
102
RTVSPost2010PropOp44
 70
     1
102
RTVSPost2010Prop45
280
     0
102
RTVSPost2010PropOp45
 70
     1
102
RTVSPost2010Prop46
 90
       50
102
RTVSPost2010PropOp46
 70
     1
102
RTVSPost2010Prop47
 90
       50
102
RTVSPost2010PropOp47
 70
     1
102
RTVSPost2010Prop48
 90
       50
102
RTVSPost2010PropOp48
 70
     1
102
RTVSPost2010Prop49
280
     0
102
RTVSPost2010PropOp49
 70
     1
102
RTVSPost2010Prop50
 90
       50
102
RTVSPost2010PropOp50
 70
     1
102
RTVSPost2010Prop51ColorIndex
 90
      256
102
RTVSPost2010Prop51ColorRGB
 90
-16777216
102
RTVSPost2010PropOp51
 70
     0
102
RTVSPost2010Prop52
140
1.0
102
RTVSPost2010PropOp52
 70
     0
102
RTVSPost2010Prop53
 90
        2
102
RTVSPost2010PropOp53
 70
     1
102
RTVSPost2010Prop54
  1
strokes_ogs.tif
102
RTVSPost2010PropOp54
 70
     1
102
RTVSPost2010Prop55
280
     0
102
RTVSPost2010PropOp55
 70
     1
102
RTVSPost2010Prop56
140
1.0
102
RTVSPost2010PropOp56
 70
     1
102
RTVSPost2010Prop57
140
1.0
102
RTVSPost2010PropOp57
 70
     1
102
RTVSPropertyOp0
 70
     1
102
RTVSPropertyOp1
 70
     1
102
RTVSPropertyOp2
 70
     1
102
RTVSPropertyOp3
 70
     1
102
RTVSPropertyOp4
 70
     1
102
RTVSPropertyOp5
 70
     1
102
RTVSPropertyOp6
 70
     1
102
RTVSPropertyOp7
 70
     1
102
RTVSPropertyOp8
 70
     1
102
RTVSPropertyOp9
 70
     1
102
RTVSPropertyOp10
 70
     1
102
RTVSPropertyOp11
 70
     1
102
RTVSPropertyOp12
 70
     1
102
RTVSPropertyOp13
 70
     1
102
RTVSPropertyOp14
 70
     1
102
RTVSPropertyOp15
 70
     1
102
RTVSPropertyOp16
 70
     1
102
RTVSPropertyOp17
 70
     1
102
RTVSPropertyOp18
 70
     1
102
RTVSPropertyOp19
 70
     1
102
RTVSPropertyOp20
 70
     1
102
RTVSPropertyOp21
 70
     1
102
RTVSPropertyOp22
 70
     1
102
RTVSPropertyOp23
 70
     1
102
RTVSPropertyOp24
 70
     1
102
RTVSPropertyOp25
 70
     1
102
RTVSPropertyOp26
 70
     1
102
RTVSPropertyOp27
 70
     1
102
RTVSPropertyOp28
 70
     1
102
RTVSPropertyOp29
 70
     1
102
RTVSPropertyOp30
 70
     1
102
RTVSPropertyOp31
 70
     1
102
RTVSPropertyOp32
 70
     1
102
RTVSPropertyOp33
 70
     1
102
RTVSPropertyOp34
 70
     1
102
RTVSPropertyOp35
 70
     1
102
RTVSPropertyOp36
 70
     1
102
RTVSPropertyOp37
 70
     1
102
RTVSPropertyOp38
 70
     1
102
RTVSPropertyOp39
 70
     1
102
RTVSPropertyOp40
 70
     1
102
RTVSPropertyOp41
 70
     1
102
RTVSPropertyOp42
 70
     1
102
RTVSPropertyOp43
 70
     1
102
RTVSPropertyOp44
 70
     1
102
RTVSPropertyOp45
 70
     1
102
RTVSPropertyOp46
 70
     1
102
RTVSPropertyOp47
 70
     1
102
RTVSPropertyOp48
 70
     1
102
RTVSPropertyOp49
 70
     1
102
RTVSPropertyOp50
 70
     1
102
RTVSPropertyOp51
 70
     0
102
RTVSPropertyOp52
 70
     0
102
RTVSPropertyOp53
 70
     1
102
RTVSPropertyOp54
 70
     1
102
RTVSPropertyOp55
 70
     1
102
RTVSPropertyOp56
 70
     1
102
RTVSPropertyOp57
 70
     1
102
RTVSPropertyOp58
 70
     1
102
RTVSPropertyOp59
 70
     1
102
RTVSPropertyOp60
 70
     1
102
RTVSPropertyOp61
 70
     1
102
RTVSPropertyOp62
 70
     1
  0
XRECORD
  5
251
102
{ACAD_REACTORS
330
250
102
}
330
250
100
AcDbXrecord
280
     1
102
RTVSPost2010Prop28
280
     0
102
RTVSPost2010PropOp28
 70
     1
102
RTVSPost2010Prop29
280
     1
102
RTVSPost2010PropOp29
 70
     1
102
RTVSPost2010Prop30
280
     1
102
RTVSPost2010PropOp30
 70
     1
102
RTVSPost2010Prop31
280
     0
102
RTVSPost2010PropOp31
 70
     1
102
RTVSPost2010Prop32
280
     0
102
RTVSPost2010PropOp32
 70
     1
102
RTVSPost2010Prop33
280
     0
102
RTVSPost2010PropOp33
 70
     1
102
RTVSPost2010Prop34
280
     0
102
RTVSPost2010PropOp34
 70
     1
102
RTVSPost2010Prop35
280
     0
102
RTVSPost2010PropOp35
 70
     1
102
RTVSPost2010Prop36
280
     0
102
RTVSPost2010PropOp36
 70
     1
102
RTVSPost2010Prop37
 90
       50
102
RTVSPost2010PropOp37
 70
     1
102
RTVSPost2010Prop38
140
0.0
102
RTVSPost2010PropOp38
 70
     1
102
RTVSPost2010Prop39
140
1.0
102
RTVSPost2010PropOp39
 70
     1
102
RTVSPost2010Prop40
 90
        0
102
RTVSPost2010PropOp40
 70
     1
102
RTVSPost2010Prop41ColorIndex
 90
       18
102
RTVSPost2010Prop41ColorRGB
 90
        0
102
RTVSPost2010PropOp41
 70
     1
102
RTVSPost2010Prop42
 90
       50
102
RTVSPost2010PropOp42
 70
     1
102
RTVSPost2010Prop43
 90
        3
102
RTVSPost2010PropOp43
 70
     1
102
RTVSPost2010Prop44ColorIndex
 90
        5
102
RTVSPost2010Prop44ColorRGB
 90
      255
102
RTVSPost2010PropOp44
 70
     1
102
RTVSPost2010Prop45
280
     0
102
RTVSPost2010PropOp45
 70
     1
102
RTVSPost2010Prop46
 90
       50
102
RTVSPost2010PropOp46
 70
     1
102
RTVSPost2010Prop47
 90
       50
102
RTVSPost2010PropOp47
 70
     1
102
RTVSPost2010Prop48
 90
       50
102
RTVSPost2010PropOp48
 70
     1
102
RTVSPost2010Prop49
280
     0
102
RTVSPost2010PropOp49
 70
     1
102
RTVSPost2010Prop50
 90
       50
102
RTVSPost2010PropOp50
 70
     1
102
RTVSPost2010Prop51ColorIndex
 90
      256
102
RTVSPost2010Prop51ColorRGB
 90
-16777216
102
RTVSPost2010PropOp51
 70
     0
102
RTVSPost2010Prop52
140
1.0
102
RTVSPost2010PropOp52
 70
     0
102
RTVSPost2010Prop53
 90
        2
102
RTVSPost2010PropOp53
 70
     1
102
RTVSPost2010Prop54
  1
strokes_ogs.tif
102
RTVSPost2010PropOp54
 70
     1
102
RTVSPost2010Prop55
280
     0
102
RTVSPost2010PropOp55
 70
     1
102
RTVSPost2010Prop56
140
1.0
102
RTVSPost2010PropOp56
 70
     1
102
RTVSPost2010Prop57
140
1.0
102
RTVSPost2010PropOp57
 70
     1
102
RTVSPropertyOp0
 70
     1
102
RTVSPropertyOp1
 70
     1
102
RTVSPropertyOp2
 70
     1
102
RTVSPropertyOp3
 70
     1
102
RTVSPropertyOp4
 70
     1
102
RTVSPropertyOp5
 70
     1
102
RTVSPropertyOp6
 70
     1
102
RTVSPropertyOp7
 70
     1
102
RTVSPropertyOp8
 70
     1
102
RTVSPropertyOp9
 70
     1
102
RTVSPropertyOp10
 70
     1
102
RTVSPropertyOp11
 70
     1
102
RTVSPropertyOp12
 70
     1
102
RTVSPropertyOp13
 70
     1
102
RTVSPropertyOp14
 70
     1
102
RTVSPropertyOp15
 70
     1
102
RTVSPropertyOp16
 70
     1
102
RTVSPropertyOp17
 70
     1
102
RTVSPropertyOp18
 70
     1
102
RTVSPropertyOp19
 70
     1
102
RTVSPropertyOp20
 70
     1
102
RTVSPropertyOp21
 70
     1
102
RTVSPropertyOp22
 70
     1
102
RTVSPropertyOp23
 70
     1
102
RTVSPropertyOp24
 70
     1
102
RTVSPropertyOp25
 70
     1
102
RTVSPropertyOp26
 70
     1
102
RTVSPropertyOp27
 70
     1
102
RTVSPropertyOp28
 70
     1
102
RTVSPropertyOp29
 70
     1
102
RTVSPropertyOp30
 70
     1
102
RTVSPropertyOp31
 70
     1
102
RTVSPropertyOp32
 70
     1
102
RTVSPropertyOp33
 70
     1
102
RTVSPropertyOp34
 70
     1
102
RTVSPropertyOp35
 70
     1
102
RTVSPropertyOp36
 70
     1
102
RTVSPropertyOp37
 70
     1
102
RTVSPropertyOp38
 70
     1
102
RTVSPropertyOp39
 70
     1
102
RTVSPropertyOp40
 70
     1
102
RTVSPropertyOp41
 70
     1
102
RTVSPropertyOp42
 70
     1
102
RTVSPropertyOp43
 70
     1
102
RTVSPropertyOp44
 70
     1
102
RTVSPropertyOp45
 70
     1
102
RTVSPropertyOp46
 70
     1
102
RTVSPropertyOp47
 70
     1
102
RTVSPropertyOp48
 70
     1
102
RTVSPropertyOp49
 70
     1
102
RTVSPropertyOp50
 70
     1
102
RTVSPropertyOp51
 70
     0
102
RTVSPropertyOp52
 70
     0
102
RTVSPropertyOp53
 70
     1
102
RTVSPropertyOp54
 70
     1
102
RTVSPropertyOp55
 70
     1
102
RTVSPropertyOp56
 70
     1
102
RTVSPropertyOp57
 70
     1
102
RTVSPropertyOp58
 70
     1
102
RTVSPropertyOp59
 70
     1
102
RTVSPropertyOp60
 70
     1
102
RTVSPropertyOp61
 70
     1
102
RTVSPropertyOp62
 70
     1
  0
XRECORD
  5
24B
102
{ACAD_REACTORS
330
24A
102
}
330
24A
100
AcDbXrecord
280
     1
102
RTVSPost2010Prop28
280
     0
102
RTVSPost2010PropOp28
 70
     1
102
RTVSPost2010Prop29
280
     1
102
RTVSPost2010PropOp29
 70
     1
102
RTVSPost2010Prop30
280
     1
102
RTVSPost2010PropOp30
 70
     1
102
RTVSPost2010Prop31
280
     0
102
RTVSPost2010PropOp31
 70
     1
102
RTVSPost2010Prop32
280
     0
102
RTVSPost2010PropOp32
 70
     1
102
RTVSPost2010Prop33
280
     0
102
RTVSPost2010PropOp33
 70
     1
102
RTVSPost2010Prop34
280
     0
102
RTVSPost2010PropOp34
 70
     1
102
RTVSPost2010Prop35
280
     0
102
RTVSPost2010PropOp35
 70
     1
102
RTVSPost2010Prop36
280
     0
102
RTVSPost2010PropOp36
 70
     1
102
RTVSPost2010Prop37
 90
       50
102
RTVSPost2010PropOp37
 70
     1
102
RTVSPost2010Prop38
140
0.0
102
RTVSPost2010PropOp38
 70
     1
102
RTVSPost2010Prop39
140
1.0
102
RTVSPost2010PropOp39
 70
     1
102
RTVSPost2010Prop40
 90
        0
102
RTVSPost2010PropOp40
 70
     1
102
RTVSPost2010Prop41ColorIndex
 90
       18
102
RTVSPost2010Prop41ColorRGB
 90
        0
102
RTVSPost2010PropOp41
 70
     1
102
RTVSPost2010Prop42
 90
       50
102
RTVSPost2010PropOp42
 70
     1
102
RTVSPost2010Prop43
 90
        3
102
RTVSPost2010PropOp43
 70
     1
102
RTVSPost2010Prop44ColorIndex
 90
        5
102
RTVSPost2010Prop44ColorRGB
 90
      255
102
RTVSPost2010PropOp44
 70
     1
102
RTVSPost2010Prop45
280
     0
102
RTVSPost2010PropOp45
 70
     1
102
RTVSPost2010Prop46
 90
       50
102
RTVSPost2010PropOp46
 70
     1
102
RTVSPost2010Prop47
 90
       50
102
RTVSPost2010PropOp47
 70
     1
102
RTVSPost2010Prop48
 90
       50
102
RTVSPost2010PropOp48
 70
     1
102
RTVSPost2010Prop49
280
     0
102
RTVSPost2010PropOp49
 70
     1
102
RTVSPost2010Prop50
 90
       50
102
RTVSPost2010PropOp50
 70
     1
102
RTVSPost2010Prop51ColorIndex
 90
      256
102
RTVSPost2010Prop51ColorRGB
 90
-16777216
102
RTVSPost2010PropOp51
 70
     0
102
RTVSPost2010Prop52
140
1.0
102
RTVSPost2010PropOp52
 70
     0
102
RTVSPost2010Prop53
 90
        2
102
RTVSPost2010PropOp53
 70
     1
102
RTVSPost2010Prop54
  1
strokes_ogs.tif
102
RTVSPost2010PropOp54
 70
     1
102
RTVSPost2010Prop55
280
     0
102
RTVSPost2010PropOp55
 70
     1
102
RTVSPost2010Prop56
140
1.0
102
RTVSPost2010PropOp56
 70
     1
102
RTVSPost2010Prop57
140
1.0
102
RTVSPost2010PropOp57
 70
     1
102
RTVSPropertyOp0
 70
     1
102
RTVSPropertyOp1
 70
     1
102
RTVSPropertyOp2
 70
     1
102
RTVSPropertyOp3
 70
     1
102
RTVSPropertyOp4
 70
     1
102
RTVSPropertyOp5
 70
     1
102
RTVSPropertyOp6
 70
     1
102
RTVSPropertyOp7
 70
     1
102
RTVSPropertyOp8
 70
     1
102
RTVSPropertyOp9
 70
     1
102
RTVSPropertyOp10
 70
     1
102
RTVSPropertyOp11
 70
     1
102
RTVSPropertyOp12
 70
     1
102
RTVSPropertyOp13
 70
     1
102
RTVSPropertyOp14
 70
     1
102
RTVSPropertyOp15
 70
     1
102
RTVSPropertyOp16
 70
     1
102
RTVSPropertyOp17
 70
     1
102
RTVSPropertyOp18
 70
     1
102
RTVSPropertyOp19
 70
     1
102
RTVSPropertyOp20
 70
     1
102
RTVSPropertyOp21
 70
     1
102
RTVSPropertyOp22
 70
     1
102
RTVSPropertyOp23
 70
     1
102
RTVSPropertyOp24
 70
     1
102
RTVSPropertyOp25
 70
     1
102
RTVSPropertyOp26
 70
     1
102
RTVSPropertyOp27
 70
     1
102
RTVSPropertyOp28
 70
     1
102
RTVSPropertyOp29
 70
     1
102
RTVSPropertyOp30
 70
     1
102
RTVSPropertyOp31
 70
     1
102
RTVSPropertyOp32
 70
     1
102
RTVSPropertyOp33
 70
     1
102
RTVSPropertyOp34
 70
     1
102
RTVSPropertyOp35
 70
     1
102
RTVSPropertyOp36
 70
     1
102
RTVSPropertyOp37
 70
     1
102
RTVSPropertyOp38
 70
     1
102
RTVSPropertyOp39
 70
     1
102
RTVSPropertyOp40
 70
     1
102
RTVSPropertyOp41
 70
     1
102
RTVSPropertyOp42
 70
     1
102
RTVSPropertyOp43
 70
     1
102
RTVSPropertyOp44
 70
     1
102
RTVSPropertyOp45
 70
     1
102
RTVSPropertyOp46
 70
     1
102
RTVSPropertyOp47
 70
     1
102
RTVSPropertyOp48
 70
     1
102
RTVSPropertyOp49
 70
     1
102
RTVSPropertyOp50
 70
     1
102
RTVSPropertyOp51
 70
     0
102
RTVSPropertyOp52
 70
     0
102
RTVSPropertyOp53
 70
     1
102
RTVSPropertyOp54
 70
     1
102
RTVSPropertyOp55
 70
     1
102
RTVSPropertyOp56
 70
     1
102
RTVSPropertyOp57
 70
     1
102
RTVSPropertyOp58
 70
     1
102
RTVSPropertyOp59
 70
     1
102
RTVSPropertyOp60
 70
     1
102
RTVSPropertyOp61
 70
     1
102
RTVSPropertyOp62
 70
     1
  0
XRECORD
  5
24D
102
{ACAD_REACTORS
330
24C
102
}
330
24C
100
AcDbXrecord
280
     1
102
RTVSPost2010Prop28
280
     0
102
RTVSPost2010PropOp28
 70
     1
102
RTVSPost2010Prop29
280
     1
102
RTVSPost2010PropOp29
 70
     1
102
RTVSPost2010Prop30
280
     1
102
RTVSPost2010PropOp30
 70
     1
102
RTVSPost2010Prop31
280
     0
102
RTVSPost2010PropOp31
 70
     1
102
RTVSPost2010Prop32
280
     0
102
RTVSPost2010PropOp32
 70
     1
102
RTVSPost2010Prop33
280
     0
102
RTVSPost2010PropOp33
 70
     1
102
RTVSPost2010Prop34
280
     0
102
RTVSPost2010PropOp34
 70
     1
102
RTVSPost2010Prop35
280
     0
102
RTVSPost2010PropOp35
 70
     1
102
RTVSPost2010Prop36
280
     0
102
RTVSPost2010PropOp36
 70
     1
102
RTVSPost2010Prop37
 90
       50
102
RTVSPost2010PropOp37
 70
     1
102
RTVSPost2010Prop38
140
0.0
102
RTVSPost2010PropOp38
 70
     1
102
RTVSPost2010Prop39
140
1.0
102
RTVSPost2010PropOp39
 70
     1
102
RTVSPost2010Prop40
 90
        0
102
RTVSPost2010PropOp40
 70
     1
102
RTVSPost2010Prop41ColorIndex
 90
       18
102
RTVSPost2010Prop41ColorRGB
 90
        0
102
RTVSPost2010PropOp41
 70
     1
102
RTVSPost2010Prop42
 90
       50
102
RTVSPost2010PropOp42
 70
     1
102
RTVSPost2010Prop43
 90
        3
102
RTVSPost2010PropOp43
 70
     1
102
RTVSPost2010Prop44ColorIndex
 90
        5
102
RTVSPost2010Prop44ColorRGB
 90
      255
102
RTVSPost2010PropOp44
 70
     1
102
RTVSPost2010Prop45
280
     0
102
RTVSPost2010PropOp45
 70
     1
102
RTVSPost2010Prop46
 90
       50
102
RTVSPost2010PropOp46
 70
     1
102
RTVSPost2010Prop47
 90
       50
102
RTVSPost2010PropOp47
 70
     1
102
RTVSPost2010Prop48
 90
       50
102
RTVSPost2010PropOp48
 70
     1
102
RTVSPost2010Prop49
280
     0
102
RTVSPost2010PropOp49
 70
     1
102
RTVSPost2010Prop50
 90
       50
102
RTVSPost2010PropOp50
 70
     1
102
RTVSPost2010Prop51ColorIndex
 90
      256
102
RTVSPost2010Prop51ColorRGB
 90
-16777216
102
RTVSPost2010PropOp51
 70
     0
102
RTVSPost2010Prop52
140
1.0
102
RTVSPost2010PropOp52
 70
     0
102
RTVSPost2010Prop53
 90
        2
102
RTVSPost2010PropOp53
 70
     1
102
RTVSPost2010Prop54
  1
strokes_ogs.tif
102
RTVSPost2010PropOp54
 70
     1
102
RTVSPost2010Prop55
280
     0
102
RTVSPost2010PropOp55
 70
     1
102
RTVSPost2010Prop56
140
1.0
102
RTVSPost2010PropOp56
 70
     1
102
RTVSPost2010Prop57
140
1.0
102
RTVSPost2010PropOp57
 70
     1
102
RTVSPropertyOp0
 70
     1
102
RTVSPropertyOp1
 70
     1
102
RTVSPropertyOp2
 70
     1
102
RTVSPropertyOp3
 70
     1
102
RTVSPropertyOp4
 70
     1
102
RTVSPropertyOp5
 70
     1
102
RTVSPropertyOp6
 70
     1
102
RTVSPropertyOp7
 70
     1
102
RTVSPropertyOp8
 70
     1
102
RTVSPropertyOp9
 70
     1
102
RTVSPropertyOp10
 70
     1
102
RTVSPropertyOp11
 70
     1
102
RTVSPropertyOp12
 70
     1
102
RTVSPropertyOp13
 70
     1
102
RTVSPropertyOp14
 70
     1
102
RTVSPropertyOp15
 70
     1
102
RTVSPropertyOp16
 70
     1
102
RTVSPropertyOp17
 70
     1
102
RTVSPropertyOp18
 70
     1
102
RTVSPropertyOp19
 70
     1
102
RTVSPropertyOp20
 70
     1
102
RTVSPropertyOp21
 70
     1
102
RTVSPropertyOp22
 70
     1
102
RTVSPropertyOp23
 70
     1
102
RTVSPropertyOp24
 70
     1
102
RTVSPropertyOp25
 70
     1
102
RTVSPropertyOp26
 70
     1
102
RTVSPropertyOp27
 70
     1
102
RTVSPropertyOp28
 70
     1
102
RTVSPropertyOp29
 70
     1
102
RTVSPropertyOp30
 70
     1
102
RTVSPropertyOp31
 70
     1
102
RTVSPropertyOp32
 70
     1
102
RTVSPropertyOp33
 70
     1
102
RTVSPropertyOp34
 70
     1
102
RTVSPropertyOp35
 70
     1
102
RTVSPropertyOp36
 70
     1
102
RTVSPropertyOp37
 70
     1
102
RTVSPropertyOp38
 70
     1
102
RTVSPropertyOp39
 70
     1
102
RTVSPropertyOp40
 70
     1
102
RTVSPropertyOp41
 70
     1
102
RTVSPropertyOp42
 70
     1
102
RTVSPropertyOp43
 70
     1
102
RTVSPropertyOp44
 70
     1
102
RTVSPropertyOp45
 70
     1
102
RTVSPropertyOp46
 70
     1
102
RTVSPropertyOp47
 70
     1
102
RTVSPropertyOp48
 70
     1
102
RTVSPropertyOp49
 70
     1
102
RTVSPropertyOp50
 70
     1
102
RTVSPropertyOp51
 70
     0
102
RTVSPropertyOp52
 70
     0
102
RTVSPropertyOp53
 70
     1
102
RTVSPropertyOp54
 70
     1
102
RTVSPropertyOp55
 70
     1
102
RTVSPropertyOp56
 70
     1
102
RTVSPropertyOp57
 70
     1
102
RTVSPropertyOp58
 70
     1
102
RTVSPropertyOp59
 70
     1
102
RTVSPropertyOp60
 70
     1
102
RTVSPropertyOp61
 70
     1
102
RTVSPropertyOp62
 70
     1
  0
XRECORD
  5
243
102
{ACAD_REACTORS
330
242
102
}
330
242
100
AcDbXrecord
280
     1
102
RTVSPost2010Prop28
280
     0
102
RTVSPost2010PropOp28
 70
     1
102
RTVSPost2010Prop29
280
     1
102
RTVSPost2010PropOp29
 70
     1
102
RTVSPost2010Prop30
280
     1
102
RTVSPost2010PropOp30
 70
     1
102
RTVSPost2010Prop31
280
     0
102
RTVSPost2010PropOp31
 70
     1
102
RTVSPost2010Prop32
280
     0
102
RTVSPost2010PropOp32
 70
     1
102
RTVSPost2010Prop33
280
     0
102
RTVSPost2010PropOp33
 70
     1
102
RTVSPost2010Prop34
280
     0
102
RTVSPost2010PropOp34
 70
     1
102
RTVSPost2010Prop35
280
     0
102
RTVSPost2010PropOp35
 70
     1
102
RTVSPost2010Prop36
280
     0
102
RTVSPost2010PropOp36
 70
     1
102
RTVSPost2010Prop37
 90
       50
102
RTVSPost2010PropOp37
 70
     1
102
RTVSPost2010Prop38
140
0.0
102
RTVSPost2010PropOp38
 70
     1
102
RTVSPost2010Prop39
140
1.0
102
RTVSPost2010PropOp39
 70
     1
102
RTVSPost2010Prop40
 90
        0
102
RTVSPost2010PropOp40
 70
     1
102
RTVSPost2010Prop41ColorIndex
 90
       18
102
RTVSPost2010Prop41ColorRGB
 90
        0
102
RTVSPost2010PropOp41
 70
     1
102
RTVSPost2010Prop42
 90
       50
102
RTVSPost2010PropOp42
 70
     1
102
RTVSPost2010Prop43
 90
        3
102
RTVSPost2010PropOp43
 70
     1
102
RTVSPost2010Prop44ColorIndex
 90
        5
102
RTVSPost2010Prop44ColorRGB
 90
      255
102
RTVSPost2010PropOp44
 70
     1
102
RTVSPost2010Prop45
280
     0
102
RTVSPost2010PropOp45
 70
     1
102
RTVSPost2010Prop46
 90
       50
102
RTVSPost2010PropOp46
 70
     1
102
RTVSPost2010Prop47
 90
       50
102
RTVSPost2010PropOp47
 70
     1
102
RTVSPost2010Prop48
 90
       50
102
RTVSPost2010PropOp48
 70
     1
102
RTVSPost2010Prop49
280
     0
102
RTVSPost2010PropOp49
 70
     1
102
RTVSPost2010Prop50
 90
       50
102
RTVSPost2010PropOp50
 70
     1
102
RTVSPost2010Prop51ColorIndex
 90
      256
102
RTVSPost2010Prop51ColorRGB
 90
-16777216
102
RTVSPost2010PropOp51
 70
     0
102
RTVSPost2010Prop52
140
1.0
102
RTVSPost2010PropOp52
 70
     0
102
RTVSPost2010Prop53
 90
        2
102
RTVSPost2010PropOp53
 70
     1
102
RTVSPost2010Prop54
  1
strokes_ogs.tif
102
RTVSPost2010PropOp54
 70
     1
102
RTVSPost2010Prop55
280
     0
102
RTVSPost2010PropOp55
 70
     1
102
RTVSPost2010Prop56
140
1.0
102
RTVSPost2010PropOp56
 70
     1
102
RTVSPost2010Prop57
140
1.0
102
RTVSPost2010PropOp57
 70
     1
102
RTVSPropertyOp0
 70
     1
102
RTVSPropertyOp1
 70
     1
102
RTVSPropertyOp2
 70
     1
102
RTVSPropertyOp3
 70
     1
102
RTVSPropertyOp4
 70
     1
102
RTVSPropertyOp5
 70
     1
102
RTVSPropertyOp6
 70
     1
102
RTVSPropertyOp7
 70
     1
102
RTVSPropertyOp8
 70
     1
102
RTVSPropertyOp9
 70
     1
102
RTVSPropertyOp10
 70
     1
102
RTVSPropertyOp11
 70
     1
102
RTVSPropertyOp12
 70
     1
102
RTVSPropertyOp13
 70
     1
102
RTVSPropertyOp14
 70
     1
102
RTVSPropertyOp15
 70
     1
102
RTVSPropertyOp16
 70
     1
102
RTVSPropertyOp17
 70
     1
102
RTVSPropertyOp18
 70
     1
102
RTVSPropertyOp19
 70
     1
102
RTVSPropertyOp20
 70
     1
102
RTVSPropertyOp21
 70
     1
102
RTVSPropertyOp22
 70
     1
102
RTVSPropertyOp23
 70
     1
102
RTVSPropertyOp24
 70
     1
102
RTVSPropertyOp25
 70
     1
102
RTVSPropertyOp26
 70
     1
102
RTVSPropertyOp27
 70
     1
102
RTVSPropertyOp28
 70
     1
102
RTVSPropertyOp29
 70
     1
102
RTVSPropertyOp30
 70
     1
102
RTVSPropertyOp31
 70
     1
102
RTVSPropertyOp32
 70
     1
102
RTVSPropertyOp33
 70
     1
102
RTVSPropertyOp34
 70
     1
102
RTVSPropertyOp35
 70
     1
102
RTVSPropertyOp36
 70
     1
102
RTVSPropertyOp37
 70
     1
102
RTVSPropertyOp38
 70
     1
102
RTVSPropertyOp39
 70
     1
102
RTVSPropertyOp40
 70
     1
102
RTVSPropertyOp41
 70
     1
102
RTVSPropertyOp42
 70
     1
102
RTVSPropertyOp43
 70
     1
102
RTVSPropertyOp44
 70
     1
102
RTVSPropertyOp45
 70
     1
102
RTVSPropertyOp46
 70
     1
102
RTVSPropertyOp47
 70
     1
102
RTVSPropertyOp48
 70
     1
102
RTVSPropertyOp49
 70
     1
102
RTVSPropertyOp50
 70
     1
102
RTVSPropertyOp51
 70
     0
102
RTVSPropertyOp52
 70
     0
102
RTVSPropertyOp53
 70
     1
102
RTVSPropertyOp54
 70
     1
102
RTVSPropertyOp55
 70
     1
102
RTVSPropertyOp56
 70
     1
102
RTVSPropertyOp57
 70
     1
102
RTVSPropertyOp58
 70
     1
102
RTVSPropertyOp59
 70
     1
102
RTVSPropertyOp60
 70
     1
102
RTVSPropertyOp61
 70
     1
102
RTVSPropertyOp62
 70
     1
  0
XRECORD
  5
237
102
{ACAD_REACTORS
330
236
102
}
330
236
100
AcDbXrecord
280
     1
102
RTVSPost2010Prop28
280
     0
102
RTVSPost2010PropOp28
 70
     1
102
RTVSPost2010Prop29
280
     1
102
RTVSPost2010PropOp29
 70
     1
102
RTVSPost2010Prop30
280
     1
102
RTVSPost2010PropOp30
 70
     1
102
RTVSPost2010Prop31
280
     0
102
RTVSPost2010PropOp31
 70
     1
102
RTVSPost2010Prop32
280
     0
102
RTVSPost2010PropOp32
 70
     1
102
RTVSPost2010Prop33
280
     0
102
RTVSPost2010PropOp33
 70
     1
102
RTVSPost2010Prop34
280
     0
102
RTVSPost2010PropOp34
 70
     1
102
RTVSPost2010Prop35
280
     0
102
RTVSPost2010PropOp35
 70
     1
102
RTVSPost2010Prop36
280
     0
102
RTVSPost2010PropOp36
 70
     1
102
RTVSPost2010Prop37
 90
       50
102
RTVSPost2010PropOp37
 70
     1
102
RTVSPost2010Prop38
140
0.0
102
RTVSPost2010PropOp38
 70
     1
102
RTVSPost2010Prop39
140
1.0
102
RTVSPost2010PropOp39
 70
     1
102
RTVSPost2010Prop40
 90
        0
102
RTVSPost2010PropOp40
 70
     1
102
RTVSPost2010Prop41ColorIndex
 90
       18
102
RTVSPost2010Prop41ColorRGB
 90
        0
102
RTVSPost2010PropOp41
 70
     1
102
RTVSPost2010Prop42
 90
       50
102
RTVSPost2010PropOp42
 70
     1
102
RTVSPost2010Prop43
 90
        3
102
RTVSPost2010PropOp43
 70
     1
102
RTVSPost2010Prop44ColorIndex
 90
        5
102
RTVSPost2010Prop44ColorRGB
 90
      255
102
RTVSPost2010PropOp44
 70
     1
102
RTVSPost2010Prop45
280
     0
102
RTVSPost2010PropOp45
 70
     1
102
RTVSPost2010Prop46
 90
       50
102
RTVSPost2010PropOp46
 70
     1
102
RTVSPost2010Prop47
 90
       50
102
RTVSPost2010PropOp47
 70
     1
102
RTVSPost2010Prop48
 90
       50
102
RTVSPost2010PropOp48
 70
     1
102
RTVSPost2010Prop49
280
     0
102
RTVSPost2010PropOp49
 70
     1
102
RTVSPost2010Prop50
 90
       50
102
RTVSPost2010PropOp50
 70
     1
102
RTVSPost2010Prop51ColorIndex
 90
      256
102
RTVSPost2010Prop51ColorRGB
 90
-16777216
102
RTVSPost2010PropOp51
 70
     0
102
RTVSPost2010Prop52
140
1.0
102
RTVSPost2010PropOp52
 70
     0
102
RTVSPost2010Prop53
 90
        2
102
RTVSPost2010PropOp53
 70
     1
102
RTVSPost2010Prop54
  1
strokes_ogs.tif
102
RTVSPost2010PropOp54
 70
     1
102
RTVSPost2010Prop55
280
     0
102
RTVSPost2010PropOp55
 70
     1
102
RTVSPost2010Prop56
140
1.0
102
RTVSPost2010PropOp56
 70
     1
102
RTVSPost2010Prop57
140
1.0
102
RTVSPost2010PropOp57
 70
     1
102
RTVSPropertyOp0
 70
     1
102
RTVSPropertyOp1
 70
     1
102
RTVSPropertyOp2
 70
     1
102
RTVSPropertyOp3
 70
     1
102
RTVSPropertyOp4
 70
     1
102
RTVSPropertyOp5
 70
     1
102
RTVSPropertyOp6
 70
     1
102
RTVSPropertyOp7
 70
     1
102
RTVSPropertyOp8
 70
     1
102
RTVSPropertyOp9
 70
     1
102
RTVSPropertyOp10
 70
     1
102
RTVSPropertyOp11
 70
     1
102
RTVSPropertyOp12
 70
     1
102
RTVSPropertyOp13
 70
     1
102
RTVSPropertyOp14
 70
     1
102
RTVSPropertyOp15
 70
     1
102
RTVSPropertyOp16
 70
     1
102
RTVSPropertyOp17
 70
     1
102
RTVSPropertyOp18
 70
     1
102
RTVSPropertyOp19
 70
     1
102
RTVSPropertyOp20
 70
     1
102
RTVSPropertyOp21
 70
     1
102
RTVSPropertyOp22
 70
     1
102
RTVSPropertyOp23
 70
     1
102
RTVSPropertyOp24
 70
     1
102
RTVSPropertyOp25
 70
     1
102
RTVSPropertyOp26
 70
     1
102
RTVSPropertyOp27
 70
     1
102
RTVSPropertyOp28
 70
     1
102
RTVSPropertyOp29
 70
     1
102
RTVSPropertyOp30
 70
     1
102
RTVSPropertyOp31
 70
     1
102
RTVSPropertyOp32
 70
     1
102
RTVSPropertyOp33
 70
     1
102
RTVSPropertyOp34
 70
     1
102
RTVSPropertyOp35
 70
     1
102
RTVSPropertyOp36
 70
     1
102
RTVSPropertyOp37
 70
     1
102
RTVSPropertyOp38
 70
     1
102
RTVSPropertyOp39
 70
     1
102
RTVSPropertyOp40
 70
     1
102
RTVSPropertyOp41
 70
     1
102
RTVSPropertyOp42
 70
     1
102
RTVSPropertyOp43
 70
     1
102
RTVSPropertyOp44
 70
     1
102
RTVSPropertyOp45
 70
     1
102
RTVSPropertyOp46
 70
     1
102
RTVSPropertyOp47
 70
     1
102
RTVSPropertyOp48
 70
     1
102
RTVSPropertyOp49
 70
     1
102
RTVSPropertyOp50
 70
     1
102
RTVSPropertyOp51
 70
     0
102
RTVSPropertyOp52
 70
     0
102
RTVSPropertyOp53
 70
     1
102
RTVSPropertyOp54
 70
     1
102
RTVSPropertyOp55
 70
     1
102
RTVSPropertyOp56
 70
     1
102
RTVSPropertyOp57
 70
     1
102
RTVSPropertyOp58
 70
     1
102
RTVSPropertyOp59
 70
     1
102
RTVSPropertyOp60
 70
     1
102
RTVSPropertyOp61
 70
     1
102
RTVSPropertyOp62
 70
     1
  0
XRECORD
  5
24F
102
{ACAD_REACTORS
330
24E
102
}
330
24E
100
AcDbXrecord
280
     1
102
RTVSPost2010Prop28
280
     0
102
RTVSPost2010PropOp28
 70
     1
102
RTVSPost2010Prop29
280
     1
102
RTVSPost2010PropOp29
 70
     1
102
RTVSPost2010Prop30
280
     1
102
RTVSPost2010PropOp30
 70
     1
102
RTVSPost2010Prop31
280
     0
102
RTVSPost2010PropOp31
 70
     1
102
RTVSPost2010Prop32
280
     0
102
RTVSPost2010PropOp32
 70
     1
102
RTVSPost2010Prop33
280
     0
102
RTVSPost2010PropOp33
 70
     1
102
RTVSPost2010Prop34
280
     0
102
RTVSPost2010PropOp34
 70
     1
102
RTVSPost2010Prop35
280
     0
102
RTVSPost2010PropOp35
 70
     1
102
RTVSPost2010Prop36
280
     0
102
RTVSPost2010PropOp36
 70
     1
102
RTVSPost2010Prop37
 90
       50
102
RTVSPost2010PropOp37
 70
     1
102
RTVSPost2010Prop38
140
0.0
102
RTVSPost2010PropOp38
 70
     1
102
RTVSPost2010Prop39
140
1.0
102
RTVSPost2010PropOp39
 70
     1
102
RTVSPost2010Prop40
 90
        0
102
RTVSPost2010PropOp40
 70
     1
102
RTVSPost2010Prop41ColorIndex
 90
       18
102
RTVSPost2010Prop41ColorRGB
 90
        0
102
RTVSPost2010PropOp41
 70
     1
102
RTVSPost2010Prop42
 90
       50
102
RTVSPost2010PropOp42
 70
     1
102
RTVSPost2010Prop43
 90
        3
102
RTVSPost2010PropOp43
 70
     1
102
RTVSPost2010Prop44ColorIndex
 90
        5
102
RTVSPost2010Prop44ColorRGB
 90
      255
102
RTVSPost2010PropOp44
 70
     1
102
RTVSPost2010Prop45
280
     0
102
RTVSPost2010PropOp45
 70
     1
102
RTVSPost2010Prop46
 90
       50
102
RTVSPost2010PropOp46
 70
     1
102
RTVSPost2010Prop47
 90
       50
102
RTVSPost2010PropOp47
 70
     1
102
RTVSPost2010Prop48
 90
       50
102
RTVSPost2010PropOp48
 70
     1
102
RTVSPost2010Prop49
280
     0
102
RTVSPost2010PropOp49
 70
     1
102
RTVSPost2010Prop50
 90
       50
102
RTVSPost2010PropOp50
 70
     1
102
RTVSPost2010Prop51ColorIndex
 90
      256
102
RTVSPost2010Prop51ColorRGB
 90
-16777216
102
RTVSPost2010PropOp51
 70
     0
102
RTVSPost2010Prop52
140
1.0
102
RTVSPost2010PropOp52
 70
     0
102
RTVSPost2010Prop53
 90
        2
102
RTVSPost2010PropOp53
 70
     1
102
RTVSPost2010Prop54
  1
strokes_ogs.tif
102
RTVSPost2010PropOp54
 70
     1
102
RTVSPost2010Prop55
280
     0
102
RTVSPost2010PropOp55
 70
     1
102
RTVSPost2010Prop56
140
1.0
102
RTVSPost2010PropOp56
 70
     1
102
RTVSPost2010Prop57
140
1.0
102
RTVSPost2010PropOp57
 70
     1
102
RTVSPropertyOp0
 70
     1
102
RTVSPropertyOp1
 70
     1
102
RTVSPropertyOp2
 70
     1
102
RTVSPropertyOp3
 70
     1
102
RTVSPropertyOp4
 70
     1
102
RTVSPropertyOp5
 70
     1
102
RTVSPropertyOp6
 70
     1
102
RTVSPropertyOp7
 70
     1
102
RTVSPropertyOp8
 70
     1
102
RTVSPropertyOp9
 70
     1
102
RTVSPropertyOp10
 70
     1
102
RTVSPropertyOp11
 70
     1
102
RTVSPropertyOp12
 70
     1
102
RTVSPropertyOp13
 70
     1
102
RTVSPropertyOp14
 70
     1
102
RTVSPropertyOp15
 70
     1
102
RTVSPropertyOp16
 70
     1
102
RTVSPropertyOp17
 70
     1
102
RTVSPropertyOp18
 70
     1
102
RTVSPropertyOp19
 70
     1
102
RTVSPropertyOp20
 70
     1
102
RTVSPropertyOp21
 70
     1
102
RTVSPropertyOp22
 70
     1
102
RTVSPropertyOp23
 70
     1
102
RTVSPropertyOp24
 70
     1
102
RTVSPropertyOp25
 70
     1
102
RTVSPropertyOp26
 70
     1
102
RTVSPropertyOp27
 70
     1
102
RTVSPropertyOp28
 70
     1
102
RTVSPropertyOp29
 70
     1
102
RTVSPropertyOp30
 70
     1
102
RTVSPropertyOp31
 70
     1
102
RTVSPropertyOp32
 70
     1
102
RTVSPropertyOp33
 70
     1
102
RTVSPropertyOp34
 70
     1
102
RTVSPropertyOp35
 70
     1
102
RTVSPropertyOp36
 70
     1
102
RTVSPropertyOp37
 70
     1
102
RTVSPropertyOp38
 70
     1
102
RTVSPropertyOp39
 70
     1
102
RTVSPropertyOp40
 70
     1
102
RTVSPropertyOp41
 70
     1
102
RTVSPropertyOp42
 70
     1
102
RTVSPropertyOp43
 70
     1
102
RTVSPropertyOp44
 70
     1
102
RTVSPropertyOp45
 70
     1
102
RTVSPropertyOp46
 70
     1
102
RTVSPropertyOp47
 70
     1
102
RTVSPropertyOp48
 70
     1
102
RTVSPropertyOp49
 70
     1
102
RTVSPropertyOp50
 70
     1
102
RTVSPropertyOp51
 70
     0
102
RTVSPropertyOp52
 70
     0
102
RTVSPropertyOp53
 70
     1
102
RTVSPropertyOp54
 70
     1
102
RTVSPropertyOp55
 70
     1
102
RTVSPropertyOp56
 70
     1
102
RTVSPropertyOp57
 70
     1
102
RTVSPropertyOp58
 70
     1
102
RTVSPropertyOp59
 70
     1
102
RTVSPropertyOp60
 70
     1
102
RTVSPropertyOp61
 70
     1
102
RTVSPropertyOp62
 70
     1
  0
ENDSEC
  0
EOF
