ISO-10303-21;
HEADER;
FILE_DESCRIPTION (( 'STEP AP214' ),
    '1' );
FILE_NAME ('DGQ.STEP',
    '2026-07-30T03:10:48',
    ( '' ),
    ( '' ),
    'SwSTEP 2.0',
    'SolidWorks 2025',
    '' );
FILE_SCHEMA (( 'AUTOMOTIVE_DESIGN' ));
ENDSEC;

DATA;
#1 = ORIENTED_EDGE ( 'NONE', *, *, #2084, .T. ) ;
#2 = CONICAL_SURFACE ( 'NONE', #1948, 9.500000000000000000, 0.01745329249999845109 ) ;
#3 = CARTESIAN_POINT ( 'NONE',  ( -9.370311156817630049, 18.74062231363526010, -2.699999999999887379 ) ) ;
#4 = AXIS2_PLACEMENT_3D ( 'NONE', #436, #1313, #2190 ) ;
#5 = CARTESIAN_POINT ( 'NONE',  ( -2.998150607337411788, 11.60403313658230573, 0.2999999999990888289 ) ) ;
#6 = CARTESIAN_POINT ( 'NONE',  ( 2.880483972860074626, 11.51862819951874606, 0.3000000000001121769 ) ) ;
#7 = CONICAL_SURFACE ( 'NONE', #1592, 10.49998856494473998, 0.08726646249999771288 ) ;
#8 = CARTESIAN_POINT ( 'NONE',  ( -9.470295926333278658, 0.000000000000000000, -2.601745240643719814 ) ) ;
#9 = CARTESIAN_POINT ( 'NONE',  ( -2.589555904065854897, 9.005491319980530207, -2.699999999999890044 ) ) ;
#10 = EDGE_LOOP ( 'NONE', ( #1209, #781, #517, #1470 ) ) ;
#11 = CARTESIAN_POINT ( 'NONE',  ( 8.767253507896111131, -3.307490014916340204, -2.699999999999890044 ) ) ;
#12 = EDGE_CURVE ( 'NONE', #2530, #426, #780, .T. ) ;
#13 = ORIENTED_EDGE ( 'NONE', *, *, #1831, .F. ) ;
#14 = LINE ( 'NONE', #857, #554 ) ;
#15 = CARTESIAN_POINT ( 'NONE',  ( -5.800893674832154012, 7.453443360702571852, 3.518924094416882475 ) ) ;
#16 = ORIENTED_EDGE ( 'NONE', *, *, #424, .T. ) ;
#17 = CARTESIAN_POINT ( 'NONE',  ( -8.645413632102114221, 17.29082726420422844, -2.601745240643602131 ) ) ;
#18 = CARTESIAN_POINT ( 'NONE',  ( 7.134110402051479838, 7.542658723300360357, 0.3000000000001119549 ) ) ;
#19 = DIRECTION ( 'NONE',  ( -0.7265086653285287577, 0.6871573030991956488, 0.000000000000000000 ) ) ;
#20 = CARTESIAN_POINT ( 'NONE',  ( 8.745398401617759276, 0.000000000000000000, -2.699999999999890044 ) ) ;
#21 = CARTESIAN_POINT ( 'NONE',  ( -6.158099975660929815, 7.070128296032859971, -2.699999999999890044 ) ) ;
#22 = EDGE_LOOP ( 'NONE', ( #559, #2416, #50, #2206 ) ) ;
#23 = CARTESIAN_POINT ( 'NONE',  ( -6.168620004538388990, -7.082948573958860017, -2.699999999999890044 ) ) ;
#24 = CARTESIAN_POINT ( 'NONE',  ( -5.701692902829250009, 7.552124073803040183, 2.433333333334190218 ) ) ;
#25 = EDGE_CURVE ( 'NONE', #1754, #2161, #2393, .T. ) ;
#26 = CARTESIAN_POINT ( 'NONE',  ( -10.38601843033240080, 0.000000000000000000, -0.8999999999998880007 ) ) ;
#27 = CARTESIAN_POINT ( 'NONE',  ( -6.527598204444640118, 6.527598204444680086, 0.2999999999815374796 ) ) ;
#28 = CARTESIAN_POINT ( 'NONE',  ( -8.687627208144180102, 0.000000000000000000, -2.699999999999892708 ) ) ;
#29 = CARTESIAN_POINT ( 'NONE',  ( 0.2920782399849740085, -10.49267533812409958, 0.2087155742748779963 ) ) ;
#30 = B_SPLINE_CURVE_WITH_KNOTS ( 'NONE', 3,
 ( #2763, #2361, #2781, #778, #1468, #126, #1672, #1011 ),
 .UNSPECIFIED., .F., .F.,
 ( 4, 2, 2, 4 ),
 ( 0.000000000000000000, 0.4999999999999955591, 0.7499999999999975575, 1.000000000000000000 ),
 .UNSPECIFIED. ) ;
#31 = CARTESIAN_POINT ( 'NONE',  ( -7.425979300244398118, 7.396887780428893500, 0.2123537280938508631 ) ) ;
#32 = CARTESIAN_POINT ( 'NONE',  ( -8.869645224320558796, 3.022093025131004751, -2.699999999999890044 ) ) ;
#33 = ORIENTED_EDGE ( 'NONE', *, *, #1140, .F. ) ;
#34 = CARTESIAN_POINT ( 'NONE',  ( 2.076706799804880266, -9.137637248061150075, -2.699999999999890044 ) ) ;
#35 = CARTESIAN_POINT ( 'NONE',  ( 1.136769427905765850, -9.505026973361919929, 3.499999999991440180 ) ) ;
#36 = ORIENTED_EDGE ( 'NONE', *, *, #2139, .T. ) ;
#37 = CARTESIAN_POINT ( 'NONE',  ( -7.553606533957990088, 7.144462208917340185, 0.2988586520549745273 ) ) ;
#38 = VECTOR ( 'NONE', #1418, 1000.000000000000227 ) ;
#39 = EDGE_CURVE ( 'NONE', #1429, #529, #2265, .T. ) ;
#40 = AXIS2_PLACEMENT_3D ( 'NONE', #58, #2756, #772 ) ;
#41 = CARTESIAN_POINT ( 'NONE',  ( -0.3504045865815690330, -10.37614805554520103, 0.2999999999970204834 ) ) ;
#42 = CARTESIAN_POINT ( 'NONE',  ( 7.518141146184992962, 7.319122024020861872, 0.2699454599553510192 ) ) ;
#43 = VECTOR ( 'NONE', #686, 1000.000000000000227 ) ;
#44 = CARTESIAN_POINT ( 'NONE',  ( -7.353382908881782143, 7.469403277354029314, 0.2117201983935278198 ) ) ;
#45 = CARTESIAN_POINT ( 'NONE',  ( -5.656028531475239873, 7.472609362824069734, -2.699999999999890044 ) ) ;
#46 = DIRECTION ( 'NONE',  ( -1.000000000000000000, 0.000000000000000000, 0.000000000000000000 ) ) ;
#47 = CONICAL_SURFACE ( 'NONE', #2189, 1.000000000000000000, 0.01745329251994333364 ) ;
#48 = EDGE_LOOP ( 'NONE', ( #1887, #489, #868, #877, #2865, #2837, #521, #348, #1164, #960, #1626, #2537, #881, #346 ) ) ;
#49 = CARTESIAN_POINT ( 'NONE',  ( -2.003699186095424967, -9.158629015411579033, -2.699999999999890044 ) ) ;
#50 = ORIENTED_EDGE ( 'NONE', *, *, #333, .T. ) ;
#51 =( BOUNDED_CURVE ( )  B_SPLINE_CURVE ( 3, ( #2425, #1999, #1092, #2025 ),
 .UNSPECIFIED., .F., .F. ) 
 B_SPLINE_CURVE_WITH_KNOTS ( ( 4, 4 ),
 ( 0.000000000000000000, 1.000000000000000000 ),
 .UNSPECIFIED. ) 
 CURVE ( )  GEOMETRIC_REPRESENTATION_ITEM ( )  RATIONAL_B_SPLINE_CURVE ( ( 1.000000000000000000, 0.8088336327693690375, 0.8088336327693690375, 1.000000000000000000 ) ) 
 REPRESENTATION_ITEM ( '' )  );
#52 = CARTESIAN_POINT ( 'NONE',  ( -7.553597980455909244, 7.144457134036680479, 0.3000000000001119549 ) ) ;
#53 = CARTESIAN_POINT ( 'NONE',  ( -7.584955979991989672, 5.720611231634570082, 0.2790440915196469862 ) ) ;
#54 = CARTESIAN_POINT ( 'NONE',  ( 1.244133417857712365, -9.429497632597582779, 0.2994623037493929218 ) ) ;
#55 = EDGE_CURVE ( 'NONE', #2622, #1589, #2776, .T. ) ;
#56 = CARTESIAN_POINT ( 'NONE',  ( -9.428082350291164815, 0.000000000000000000, -2.699999999999888267 ) ) ;
#57 = CARTESIAN_POINT ( 'NONE',  ( -7.887127827030368188, 5.059880525076160040, -2.699999999999890044 ) ) ;
#58 = CARTESIAN_POINT ( 'NONE',  ( 4.250000000000000000, 0.000000000000000000, 2.500000000000109690 ) ) ;
#59 = ORIENTED_EDGE ( 'NONE', *, *, #428, .F. ) ;
#60 = CARTESIAN_POINT ( 'NONE',  ( 1.705050420146114964, -9.213877264232509745, -2.699999999999890044 ) ) ;
#61 = EDGE_LOOP ( 'NONE', ( #2326, #1947, #1750, #2784 ) ) ;
#62 = CARTESIAN_POINT ( 'NONE',  ( -5.692311084301669766, 7.535877287234779232, 3.500000000000494715 ) ) ;
#63 = DIRECTION ( 'NONE',  ( 0.000000000000000000, 0.000000000000000000, -1.000000000000000000 ) ) ;
#64 =( BOUNDED_CURVE ( )  B_SPLINE_CURVE ( 3, ( #2623, #1113, #1305, #1988 ),
 .UNSPECIFIED., .F., .T. ) 
 B_SPLINE_CURVE_WITH_KNOTS ( ( 4, 4 ),
 ( 0.000000000000000000, 1.000000000000000000 ),
 .UNSPECIFIED. ) 
 CURVE ( )  GEOMETRIC_REPRESENTATION_ITEM ( )  RATIONAL_B_SPLINE_CURVE ( ( 0.9964959237195074593, 0.8396891034004664300, 0.8236022732636256727, 0.9482354333089849652 ) ) 
 REPRESENTATION_ITEM ( '' )  );
#65 = EDGE_LOOP ( 'NONE', ( #2346, #2006, #2317, #1916 ) ) ;
#66 = CARTESIAN_POINT ( 'NONE',  ( 7.524886399342819665, 5.917251657107629903, 3.499999999991440180 ) ) ;
#67 = CARTESIAN_POINT ( 'NONE',  ( -3.071906155375590144E-16, 0.8499999999999982014, 2.500000000000109690 ) ) ;
#68 = CARTESIAN_POINT ( 'NONE',  ( -7.144459470534770595, 7.553600450767579133, 0.2996194451535885150 ) ) ;
#69 = CARTESIAN_POINT ( 'NONE',  ( 7.070128296036219950, 6.158099975656790015, -2.699999999999890044 ) ) ;
#70 = ADVANCED_FACE ( 'NONE', ( #2856 ), #2594, .T. ) ;
#71 = CARTESIAN_POINT ( 'NONE',  ( -4.767455064928217467, 0.8325449350717822883, 3.500000000000110134 ) ) ;
#72 = VERTEX_POINT ( 'NONE', #1979 ) ;
#73 = CARTESIAN_POINT ( 'NONE',  ( 1.928511112145300022, -9.169721373619760030, -2.699999999999890044 ) ) ;
#74 = CARTESIAN_POINT ( 'NONE',  ( 1.313670869697080024, -9.390067276260209539, 1.359114254995010151 ) ) ;
#75 = EDGE_CURVE ( 'NONE', #139, #828, #2082, .T. ) ;
#76 = VERTEX_POINT ( 'NONE', #2640 ) ;
#77 = CARTESIAN_POINT ( 'NONE',  ( -1.244133417857983703, -9.429497632597414025, 0.2994623037494004159 ) ) ;
#78 = CARTESIAN_POINT ( 'NONE',  ( 9.428082350291154157, -18.85616470058230831, -2.699999999999887823 ) ) ;
#79 = CARTESIAN_POINT ( 'NONE',  ( -7.615095061090100259, 7.202623223573899836, 0.2077348419726504913 ) ) ;
#80 = CARTESIAN_POINT ( 'NONE',  ( 7.492470765203878003, 5.834704822162477100, 3.499934966327844954 ) ) ;
#81 = CARTESIAN_POINT ( 'NONE',  ( -10.38601843033239902, 20.77203686066479804, -0.8999999999998868905 ) ) ;
#82 = CARTESIAN_POINT ( 'NONE',  ( 5.917251657107529539, 7.524886399342919141, 3.499999999991440180 ) ) ;
#83 = CIRCLE ( 'NONE', #1583, 9.500000000000000000 ) ;
#84 = FACE_OUTER_BOUND ( 'NONE', #2578, .T. ) ;
#85 = CARTESIAN_POINT ( 'NONE',  ( 1.281280292751443950, 9.282335327572599937, -2.699999999999890044 ) ) ;
#86 = AXIS2_PLACEMENT_3D ( 'NONE', #2627, #2844, #2642 ) ;
#87 = CARTESIAN_POINT ( 'NONE',  ( -7.502336344481074448, 5.880405534855065675, 3.499999999996025402 ) ) ;
#88 = VERTEX_POINT ( 'NONE', #2407 ) ;
#89 = PLANE ( 'NONE',  #2137 ) ;
#90 = CIRCLE ( 'NONE', #2366, 8.599999999999999645 ) ;
#91 = CARTESIAN_POINT ( 'NONE',  ( 8.646421878450984977, -17.29284375690196995, -2.659507635284596549 ) ) ;
#92 = CIRCLE ( 'NONE', #563, 1.197159337512946120 ) ;
#93 = ORIENTED_EDGE ( 'NONE', *, *, #1039, .T. ) ;
#94 = CARTESIAN_POINT ( 'NONE',  ( 7.555284753412970566, 5.931637834356140004, 1.360864188918829765 ) ) ;
#95 = FACE_OUTER_BOUND ( 'NONE', #1399, .T. ) ;
#96 = CARTESIAN_POINT ( 'NONE',  ( 7.559203569091089925, 7.283793788974350036, 0.2087330054234305121 ) ) ;
#97 = EDGE_CURVE ( 'NONE', #477, #72, #1742, .T. ) ;
#98 = ORIENTED_EDGE ( 'NONE', *, *, #650, .F. ) ;
#99 = DIRECTION ( 'NONE',  ( 0.000000000000000000, 0.000000000000000000, 1.000000000000000000 ) ) ;
#100 = DIRECTION ( 'NONE',  ( -1.000000000000000000, 0.000000000000000000, 0.000000000000000000 ) ) ;
#101 = CARTESIAN_POINT ( 'NONE',  ( -0.2893062669641104923, -10.39309444171191998, 0.2999999999908254389 ) ) ;
#102 = CARTESIAN_POINT ( 'NONE',  ( -7.615095061090100259, 7.202623223573899836, 0.2077348419726504913 ) ) ;
#103 = CARTESIAN_POINT ( 'NONE',  ( 7.661781626482738972, 5.395081023120569697, -2.699999999999890044 ) ) ;
#104 = CARTESIAN_POINT ( 'NONE',  ( 0.2888872883973979677, -10.37804297444659873, 0.3000000000001119549 ) ) ;
#105 = VERTEX_POINT ( 'NONE', #1129 ) ;
#106 = CARTESIAN_POINT ( 'NONE',  ( 3.071906155375590144E-16, 0.8499999999999982014, 2.500000000000109690 ) ) ;
#107 = CARTESIAN_POINT ( 'NONE',  ( 1.318290814033069802, -9.408456802874519909, 0.2790440915196460425 ) ) ;
#108 = ORIENTED_EDGE ( 'NONE', *, *, #1963, .T. ) ;
#109 = LINE ( 'NONE', #592, #1534 ) ;
#110 = CARTESIAN_POINT ( 'NONE',  ( 5.701692902829210041, 7.552124073803069493, 2.433333333334190218 ) ) ;
#111 = CARTESIAN_POINT ( 'NONE',  ( -0.2893064561993750061, -10.39310123956764009, 0.2992388903256474886 ) ) ;
#112 = EDGE_CURVE ( 'NONE', #105, #2711, #917, .T. ) ;
#113 = EDGE_CURVE ( 'NONE', #2633, #2461, #1531, .T. ) ;
#114 = ORIENTED_EDGE ( 'NONE', *, *, #1452, .F. ) ;
#115 = DIRECTION ( 'NONE',  ( 0.000000000000000000, 0.000000000000000000, -1.000000000000000000 ) ) ;
#116 = CARTESIAN_POINT ( 'NONE',  ( 10.44378962380598708, 20.88757924761197415, -0.8999999999998880007 ) ) ;
#117 = ADVANCED_FACE ( 'NONE', ( #1758 ), #657, .F. ) ;
#118 = CARTESIAN_POINT ( 'NONE',  ( -0.1407277708684290252, -10.49152940190089822, 0.2699454599559399925 ) ) ;
#119 = CARTESIAN_POINT ( 'NONE',  ( 2.734394083612269988, 8.963847699896710708, -2.699999999999890044 ) ) ;
#120 = CARTESIAN_POINT ( 'NONE',  ( -7.482426870954613563, 7.361079109471128312, 0.2127849086714043991 ) ) ;
#121 = ORIENTED_EDGE ( 'NONE', *, *, #2212, .F. ) ;
#122 = CARTESIAN_POINT ( 'NONE',  ( -7.799609844474729492, -5.193745564067139497, -2.699999999999890044 ) ) ;
#123 = CARTESIAN_POINT ( 'NONE',  ( -8.645413632102114221, -17.29082726420422844, -2.601745240643602131 ) ) ;
#124 = ORIENTED_EDGE ( 'NONE', *, *, #813, .T. ) ;
#125 = DIRECTION ( 'NONE',  ( 2.137303365641624705E-18, 0.01745240641734171344, 0.9998476951567393245 ) ) ;
#126 = CARTESIAN_POINT ( 'NONE',  ( -7.622891332990522351, 7.209997210188210381, 0.2320693229470220387 ) ) ;
#127 = CARTESIAN_POINT ( 'NONE',  ( -0.2893063615847950021, -10.39309784063988040, 0.2996194451535930114 ) ) ;
#128 = ORIENTED_EDGE ( 'NONE', *, *, #334, .F. ) ;
#129 = DIRECTION ( 'NONE',  ( 0.000000000000000000, 1.141265444721584004E-17, 1.000000000000000000 ) ) ;
#130 = CARTESIAN_POINT ( 'NONE',  ( 4.750000000000000000, 4.400000000000000355, 2.500000000000109690 ) ) ;
#131 = PRODUCT_RELATED_PRODUCT_CATEGORY ( 'part', '', ( #2223 ) ) ;
#132 = CARTESIAN_POINT ( 'NONE',  ( -1.136769427905780061, -9.505026973361880849, 3.499999999991440180 ) ) ;
#133 = EDGE_CURVE ( 'NONE', #139, #529, #1965, .T. ) ;
#134 = CARTESIAN_POINT ( 'NONE',  ( 3.449161963773164974, 8.712405690923809232, -2.699999999999890044 ) ) ;
#135 = DIRECTION ( 'NONE',  ( -1.000000000000000000, 0.000000000000000000, 0.000000000000000000 ) ) ;
#136 = CARTESIAN_POINT ( 'NONE',  ( -8.175157681495969442, -4.590342575322540419, -2.699999999999890044 ) ) ;
#137 = CARTESIAN_POINT ( 'NONE',  ( 8.745398401617743289, 17.49079680323548658, -2.699999999999887379 ) ) ;
#138 = AXIS2_PLACEMENT_3D ( 'NONE', #400, #1279, #1419 ) ;
#139 = VERTEX_POINT ( 'NONE', #1562 ) ;
#140 = CARTESIAN_POINT ( 'NONE',  ( 7.570423242174009637, 5.939288884101689980, 0.2807891795139539903 ) ) ;
#141 = CARTESIAN_POINT ( 'NONE',  ( 8.745398401617743289, 17.49079680323548658, -2.699999999999887379 ) ) ;
#142 = AXIS2_PLACEMENT_3D ( 'NONE', #2591, #153, #1520 ) ;
#143 = EDGE_LOOP ( 'NONE', ( #1781, #1421, #2807, #596 ) ) ;
#144 = CARTESIAN_POINT ( 'NONE',  ( 5.808677294528010293, 7.471138965648755459, 2.443406023497183277 ) ) ;
#145 = CIRCLE ( 'NONE', #385, 1.197159337512915700 ) ;
#146 = CARTESIAN_POINT ( 'NONE',  ( 7.564486795734920221, 7.126353843721560999, 0.2995501763986274657 ) ) ;
#147 = B_SPLINE_CURVE_WITH_KNOTS ( 'NONE', 3,
 ( #2549, #349, #2808, #1709, #1917, #982, #763, #1657, #548, #565, #1109, #2647, #1725, #1957, #2866, #1094, #1302, #2192, #1538, #1986, #438, #648, #1768, #663, #1285, #2414, #11, #226, #1082, #878, #182, #214, #2388, #199, #1556, #1315, #2428, #2663, #2204, #451, #1330, #853, #2218, #2174, #2851, #2004, #1053, #635, #894, #1738, #1974, #2621, #2634, #867, #1751, #1782, #678, #1273, #168, #1068, #1940, #2375, #407, #395, #2608, #2162, #2820, #621, #2838, #841, #1509, #1523, #2400, #421, #1585, #728, #1372, #478, #2040, #34, #2459, #73, #1845, #1612, #2712, #2245, #961, #60, #1165, #2729, #1360, #1796, #2055, #951, #1571, #717, #252, #284, #1136, #2690, #1622, #2443, #2485, #2498, #2028, #515, #49, #1400, #487, #706, #921, #1809, #1834, #1602, #1150, #2473, #939, #2280, #299, #1177, #463, #2066, #1345, #2254, #267, #1821, #2702, #2234, #1124, #243, #499, #2016, #1385, #2268, #23, #908, #2675, #691, #1255, #2531, #1925, #1210, #2355, #2145, #359, #152, #122, #2115, #530, #136, #2516, #1914, #576, #374, #993, #589, #1037, #2758, #560, #347, #1023, #2775, #1240, #2562, #745, #2101, #1865, #1464, #760, #2339, #1654, #805, #2294, #2127, #792, #330, #1415, #1477, #2791, #315, #545 ),
 .UNSPECIFIED., .F., .F.,
 ( 4, 3, 3, 3, 3, 3, 3, 3, 3, 3, 3, 3, 3, 3, 3, 3, 3, 3, 3, 3, 3, 3, 3, 3, 3, 3, 3, 3, 3, 3, 3, 3, 3, 3, 3, 3, 3, 3, 3, 3, 3, 3, 3, 3, 3, 3, 3, 3, 3, 3, 3, 3, 3, 3, 3, 3, 3, 3, 3, 3, 4 ),
 ( 0.5000000000000000000, 0.5083333333333330817, 0.5166666666666670515, 0.5250000000000000222, 0.5333333333333329929, 0.5416666666666670737, 0.5500000000000000444, 0.5583333333333330151, 0.5666666666666670960, 0.5749999999999999556, 0.5833333333333330373, 0.5916666666666670071, 0.5999999999999999778, 0.6083333333333330595, 0.6166666666666670293, 0.6250000000000000000, 0.6333333333333330817, 0.6416666666666670515, 0.6500000000000000222, 0.6583333333333329929, 0.6666666666666670737, 0.6750000000000000444, 0.6833333333333330151, 0.6916666666666670960, 0.6999999999999999556, 0.7083333333333330373, 0.7166666666666670071, 0.7249999999999999778, 0.7333333333333330595, 0.7416666666666670293, 0.7500000000000000000, 0.7583333333333330817, 0.7666666666666670515, 0.7750000000000000222, 0.7833333333333329929, 0.7916666666666670737, 0.8000000000000000444, 0.8083333333333330151, 0.8166666666666670960, 0.8249999999999999556, 0.8333333333333330373, 0.8416666666666670071, 0.8499999999999999778, 0.8583333333333330595, 0.8666666666666670293, 0.8750000000000000000, 0.8833333333333330817, 0.8916666666666670515, 0.9000000000000000222, 0.9083333333333329929, 0.9166666666666670737, 0.9250000000000000444, 0.9333333333333330151, 0.9416666666666670960, 0.9499999999999999556, 0.9583333333333330373, 0.9666666666666670071, 0.9749999999999999778, 0.9833333333333330595, 0.9916666666666670293, 1.000000000000000000 ),
 .UNSPECIFIED. ) ;
#148 = CARTESIAN_POINT ( 'NONE',  ( -1.308452429114485893, -9.371863860782077893, 2.433333333334190218 ) ) ;
#149 = CARTESIAN_POINT ( 'NONE',  ( 9.154120455031771186, 2.002738640478225030, -2.699999999999890044 ) ) ;
#150 = ADVANCED_FACE ( 'NONE', ( #2843 ), #1151, .F. ) ;
#151 = EDGE_CURVE ( 'NONE', #1674, #426, #262, .T. ) ;
#152 = CARTESIAN_POINT ( 'NONE',  ( -7.753551828703850290, -5.262294518818930733, -2.699999999999890044 ) ) ;
#153 = DIRECTION ( 'NONE',  ( 0.000000000000000000, 0.000000000000000000, 1.000000000000000000 ) ) ;
#154 = CARTESIAN_POINT ( 'NONE',  ( -9.220783295335378327, 1.667719324402260117, -2.699999999999890044 ) ) ;
#155 = ORIENTED_EDGE ( 'NONE', *, *, #668, .T. ) ;
#156 = DIRECTION ( 'NONE',  ( 0.000000000000000000, -1.000000000000000000, 1.141265444721583542E-17 ) ) ;
#157 = CARTESIAN_POINT ( 'NONE',  ( 0.02057042664832001502, -10.48134983010535670, 0.2123537287097226889 ) ) ;
#158 = ORIENTED_EDGE ( 'NONE', *, *, #582, .F. ) ;
#159 = DIRECTION ( 'NONE',  ( -0.01745240641734170303, 0.000000000000000000, -0.9998476951567393245 ) ) ;
#160 = DIRECTION ( 'NONE',  ( 0.06975647374412545509, 8.542704229054961664E-18, -0.9975640502598241977 ) ) ;
#161 = CARTESIAN_POINT ( 'NONE',  ( -7.202506334822350809, 7.614971478482739364, 0.2073908069849900171 ) ) ;
#162 = CARTESIAN_POINT ( 'NONE',  ( 0.000000000000000000, -0.1674550649282176285, 3.500000000000110134 ) ) ;
#163 = CARTESIAN_POINT ( 'NONE',  ( -7.238962919944912144, 7.601331931186222413, 0.2087155742748771359 ) ) ;
#164 =( BOUNDED_SURFACE ( )  B_SPLINE_SURFACE ( 3, 2, ( 
 ( #107, #2281, #300 ),
 ( #74, #2083, #2532 ),
 ( #546, #1431, #2759 ),
 ( #1211, #774, #2102 ) ),
 .UNSPECIFIED., .F., .F., .F. ) 
 B_SPLINE_SURFACE_WITH_KNOTS ( ( 4, 4 ),
 ( 3, 3 ),
 ( 0.000000000000000000, 1.000000000000000000 ),
 ( 0.000000000000000000, 1.000000000000000000 ),
 .UNSPECIFIED. ) 
 GEOMETRIC_REPRESENTATION_ITEM ( )  RATIONAL_B_SPLINE_SURFACE ( (
 ( 1.000000000000000000, 0.8365324203295469996, 1.000000000000000000),
 ( 1.000000000000000000, 0.8332478914112529944, 1.000000000000000000),
 ( 1.000000000000000000, 0.8298685015596299897, 1.000000000000000000),
 ( 1.000000000000000000, 0.8263856407838789941, 1.000000000000000000) ) ) 
 REPRESENTATION_ITEM ( '' )  SURFACE ( )  );
#165 = CARTESIAN_POINT ( 'NONE',  ( 7.555113665496580033, 5.931443692550739222, 1.366666666645715900 ) ) ;
#166 = FACE_OUTER_BOUND ( 'NONE', #2072, .T. ) ;
#167 = ORIENTED_EDGE ( 'NONE', *, *, #2861, .T. ) ;
#168 = CARTESIAN_POINT ( 'NONE',  ( 4.862646030050609802, -8.016102506993940224, -2.699999999999890044 ) ) ;
#169 = EDGE_CURVE ( 'NONE', #2533, #462, #200, .T. ) ;
#170 = EDGE_LOOP ( 'NONE', ( #2582, #1896, #662, #1075 ) ) ;
#171 = CARTESIAN_POINT ( 'NONE',  ( 7.535877287234719724, 5.692311084301749702, 3.500000000000494715 ) ) ;
#172 = FACE_OUTER_BOUND ( 'NONE', #65, .T. ) ;
#173 = ORIENTED_EDGE ( 'NONE', *, *, #2753, .F. ) ;
#174 = ORIENTED_EDGE ( 'NONE', *, *, #2196, .F. ) ;
#175 = CARTESIAN_POINT ( 'NONE',  ( -7.273286693745530052, 7.548299181341049824, 0.2074082381335219938 ) ) ;
#176 = CARTESIAN_POINT ( 'NONE',  ( 7.799609844474869824, 5.193745564067119957, -2.699999999999890044 ) ) ;
#177 = CARTESIAN_POINT ( 'NONE',  ( 0.000000000000000000, -4.000000000000000000, 3.500000000000110134 ) ) ;
#178 = FACE_OUTER_BOUND ( 'NONE', #1729, .T. ) ;
#179 = DIRECTION ( 'NONE',  ( 0.000000000000000000, 0.000000000000000000, -1.000000000000000000 ) ) ;
#180 =( BOUNDED_SURFACE ( )  B_SPLINE_SURFACE ( 3, 2, ( 
 ( #925, #15, #2058 ),
 ( #2666, #231, #942 ),
 ( #898, #1824, #1114 ),
 ( #480, #2008, #680 ) ),
 .UNSPECIFIED., .F., .F., .F. ) 
 B_SPLINE_SURFACE_WITH_KNOTS ( ( 4, 4 ),
 ( 3, 3 ),
 ( 0.000000000000000000, 1.000000000000000000 ),
 ( 0.000000000000000000, 1.000000000000000000 ),
 .UNSPECIFIED. ) 
 GEOMETRIC_REPRESENTATION_ITEM ( )  RATIONAL_B_SPLINE_SURFACE ( (
 ( 1.000000000000000000, 0.8263855941815320127, 1.000000000000000000),
 ( 1.000000000000000000, 0.8298684715076530827, 1.000000000000000000),
 ( 1.000000000000000000, 0.8332478769413420583, 1.000000000000000000),
 ( 1.000000000000000000, 0.8365324205916520039, 1.000000000000000000) ) ) 
 REPRESENTATION_ITEM ( '' )  SURFACE ( )  );
#181 = ORIENTED_EDGE ( 'NONE', *, *, #2774, .F. ) ;
#182 = CARTESIAN_POINT ( 'NONE',  ( 8.712405690923809232, -3.449161963773164974, -2.699999999999890044 ) ) ;
#183 = AXIS2_PLACEMENT_3D ( 'NONE', #1028, #2104, #795 ) ;
#184 = VECTOR ( 'NONE', #872, 1000.000000000000227 ) ;
#185 = EDGE_LOOP ( 'NONE', ( #938, #124 ) ) ;
#186 = EDGE_CURVE ( 'NONE', #462, #1674, #2821, .T. ) ;
#187 = CARTESIAN_POINT ( 'NONE',  ( 7.144457134036589885, 7.553597980456050465, 0.3000000000001119549 ) ) ;
#188 = CARTESIAN_POINT ( 'NONE',  ( 4.450000000000000178, 0.8325449350717820662, 3.500000000000110134 ) ) ;
#189 = AXIS2_PLACEMENT_3D ( 'NONE', #402, #2833, #135 ) ;
#190 = VECTOR ( 'NONE', #1420, 1000.000000000000000 ) ;
#191 = ORIENTED_EDGE ( 'NONE', *, *, #911, .F. ) ;
#192 = CARTESIAN_POINT ( 'NONE',  ( 7.144462209214199611, 7.553606536322249987, 0.2988584021275029756 ) ) ;
#193 = CARTESIAN_POINT ( 'NONE',  ( -1.303598163660292020, -9.353741700326459352, 3.500000000000494715 ) ) ;
#194 = CARTESIAN_POINT ( 'NONE',  ( 7.842908376978419582, 5.127525657264230041, -2.699999999999890044 ) ) ;
#195 = CARTESIAN_POINT ( 'NONE',  ( 0.1944297160775410038, -10.48044481214209966, 0.2074082381336619929 ) ) ;
#196 = DIRECTION ( 'NONE',  ( 0.000000000000000000, 1.000000000000000000, 5.200777477993509149E-15 ) ) ;
#197 = CARTESIAN_POINT ( 'NONE',  ( 7.311405648934171886, 7.453223999287844848, 0.2999999999970211495 ) ) ;
#198 = VERTEX_POINT ( 'NONE', #928 ) ;
#199 = CARTESIAN_POINT ( 'NONE',  ( 8.320315684677652257, -4.310146764311990175, -2.699999999999890044 ) ) ;
#200 = B_SPLINE_CURVE_WITH_KNOTS ( 'NONE', 3,
 ( #1856, #2694, #1365, #708, #1825, #696 ),
 .UNSPECIFIED., .F., .F.,
 ( 4, 2, 4 ),
 ( 0.000000000000000000, 0.5000000000000000000, 1.000000000000000000 ),
 .UNSPECIFIED. ) ;
#201 = ORIENTED_EDGE ( 'NONE', *, *, #75, .T. ) ;
#202 = CARTESIAN_POINT ( 'NONE',  ( -1.182216354935349267, -9.408387898964756246, 1.363096513691658629 ) ) ;
#203 = CARTESIAN_POINT ( 'NONE',  ( -7.453223999287716062, 7.311405648934216295, 0.2999999999970210940 ) ) ;
#204 = ADVANCED_FACE ( 'NONE', ( #1647 ), #2255, .T. ) ;
#205 = EDGE_CURVE ( 'NONE', #2015, #420, #1242, .T. ) ;
#206 = VERTEX_POINT ( 'NONE', #2059 ) ;
#207 = CARTESIAN_POINT ( 'NONE',  ( 0.000000000000000000, 0.000000000000000000, 0.3000000000001119549 ) ) ;
#208 = FACE_OUTER_BOUND ( 'NONE', #583, .T. ) ;
#209 = EDGE_CURVE ( 'NONE', #705, #1274, #506, .T. ) ;
#210 = DIRECTION ( 'NONE',  ( 0.000000000000000000, 0.01745240643728354982, -0.9998476951563911586 ) ) ;
#211 = DIRECTION ( 'NONE',  ( -0.7265086653285496299, 0.6871573030991736664, -5.073719222536961603E-14 ) ) ;
#212 = DIRECTION ( 'NONE',  ( -1.000000000000000000, 0.000000000000000000, 0.000000000000000000 ) ) ;
#213 = ORIENTED_EDGE ( 'NONE', *, *, #12, .T. ) ;
#214 = CARTESIAN_POINT ( 'NONE',  ( 8.595928572417269820, -3.743424548550534858, -2.699999999999890044 ) ) ;
#215 = ORIENTED_EDGE ( 'NONE', *, *, #2417, .F. ) ;
#216 = CARTESIAN_POINT ( 'NONE',  ( 9.469287679984359940, 0.000000000000000000, -2.659507635284657834 ) ) ;
#217 = CARTESIAN_POINT ( 'NONE',  ( -7.724757541957557372, 6.527598204444680086, 0.2999999999815374796 ) ) ;
#218 = ORIENTED_EDGE ( 'NONE', *, *, #2351, .T. ) ;
#219 = CARTESIAN_POINT ( 'NONE',  ( -8.645413632102119550, 0.000000000000000000, -2.601745240643604795 ) ) ;
#220 = CARTESIAN_POINT ( 'NONE',  ( 0.000000000000000000, 0.000000000000000000, 3.500000000001225242 ) ) ;
#221 = EDGE_CURVE ( 'NONE', #2148, #2374, #1198, .T. ) ;
#222 = CARTESIAN_POINT ( 'NONE',  ( -7.555113665496580033, 5.931443692550719682, 1.366666666645715900 ) ) ;
#223 = DIRECTION ( 'NONE',  ( 0.9996127926078864911, -0.02782561508147648674, -4.729688862781243997E-13 ) ) ;
#224 = CARTESIAN_POINT ( 'NONE',  ( -3.668701199079119846, 8.622275905788919559, -2.699999999999890044 ) ) ;
#225 = VERTEX_POINT ( 'NONE', #289 ) ;
#226 = CARTESIAN_POINT ( 'NONE',  ( 8.753707551778409979, -3.342954663314174901, -2.699999999999890044 ) ) ;
#227 = PRODUCT_DEFINITION_SHAPE ( 'NONE', 'NONE',  #1846 ) ;
#228 = AXIS2_PLACEMENT_3D ( 'NONE', #912, #683, #469 ) ;
#229 = EDGE_LOOP ( 'NONE', ( #2701, #799, #1112, #251 ) ) ;
#230 = CARTESIAN_POINT ( 'NONE',  ( 7.524886399342819665, 5.917251657107629903, 3.499999999991440180 ) ) ;
#231 = CARTESIAN_POINT ( 'NONE',  ( -5.808677222145504970, 7.471138808931883091, 2.443415671043462467 ) ) ;
#232 = CIRCLE ( 'NONE', #2226, 9.444143792293520079 ) ;
#233 = ORIENTED_EDGE ( 'NONE', *, *, #986, .F. ) ;
#234 = CARTESIAN_POINT ( 'NONE',  ( -5.931443692550679714, 7.555113665496610231, 1.366666666645715900 ) ) ;
#235 = CONICAL_SURFACE ( 'NONE', #737, 8.645413632050228614, 0.01745329249999845109 ) ;
#236 = LINE ( 'NONE', #471, #1717 ) ;
#237 = CARTESIAN_POINT ( 'NONE',  ( 0.09716426377216469401, -10.48133977409010065, 0.2126392690077439918 ) ) ;
#238 = CARTESIAN_POINT ( 'NONE',  ( -9.370311156817630049, -18.74062231363526010, -2.699999999999887379 ) ) ;
#239 = DIRECTION ( 'NONE',  ( -1.000000000000000000, 0.000000000000000000, 0.000000000000000000 ) ) ;
#240 = CARTESIAN_POINT ( 'NONE',  ( -8.320315684679160384, 4.310146764309094713, -2.699999999999890044 ) ) ;
#241 = EDGE_CURVE ( 'NONE', #431, #365, #1238, .T. ) ;
#242 = VERTEX_POINT ( 'NONE', #274 ) ;
#243 = CARTESIAN_POINT ( 'NONE',  ( -4.927268987864209748, -7.970258700912939531, -2.699999999999890044 ) ) ;
#244 = CARTESIAN_POINT ( 'NONE',  ( 9.370311156817638931, 1.147532156521146026E-15, -2.699999999999890044 ) ) ;
#245 = ORIENTED_EDGE ( 'NONE', *, *, #2369, .F. ) ;
#246 = CARTESIAN_POINT ( 'NONE',  ( 8.646421878450984977, -17.29284375690196995, -2.659507635284596549 ) ) ;
#247 = DIRECTION ( 'NONE',  ( -1.000000000000000000, 0.000000000000000000, 0.000000000000000000 ) ) ;
#248 = CARTESIAN_POINT ( 'NONE',  ( 7.552124073802979787, 5.701692902829329945, 2.433333333334190218 ) ) ;
#249 = CARTESIAN_POINT ( 'NONE',  ( 7.221578613579232808, 7.597191688858982772, 0.2074826387080631052 ) ) ;
#250 = CARTESIAN_POINT ( 'NONE',  ( -4.029032053949284986, 8.461455380597460163, -2.699999999999890044 ) ) ;
#251 = ORIENTED_EDGE ( 'NONE', *, *, #845, .T. ) ;
#252 = CARTESIAN_POINT ( 'NONE',  ( -1.281280292748460115, -9.282335327572068806, -2.699999999999890044 ) ) ;
#253 = ORIENTED_EDGE ( 'NONE', *, *, #1663, .F. ) ;
#254 =( BOUNDED_CURVE ( )  B_SPLINE_CURVE ( 3, ( #1103, #1282, #1050, #864 ),
 .UNSPECIFIED., .F., .T. ) 
 B_SPLINE_CURVE_WITH_KNOTS ( ( 4, 4 ),
 ( 0.000000000000000000, 1.000000000000000000 ),
 .UNSPECIFIED. ) 
 CURVE ( )  GEOMETRIC_REPRESENTATION_ITEM ( )  RATIONAL_B_SPLINE_CURVE ( ( 1.000000000000000000, 0.6090981522053628971, 0.6090981522053628971, 1.000000000000000000 ) ) 
 REPRESENTATION_ITEM ( '' )  );
#255 = FACE_OUTER_BOUND ( 'NONE', #1542, .T. ) ;
#256 = SURFACE_SIDE_STYLE ('',( #1350 ) ) ;
#257 = ADVANCED_FACE ( 'NONE', ( #1875 ), #2331, .T. ) ;
#258 = VERTEX_POINT ( 'NONE', #37 ) ;
#259 = CARTESIAN_POINT ( 'NONE',  ( -7.625972388506790267, 7.212911380246049831, 0.2087155742748779963 ) ) ;
#260 = CARTESIAN_POINT ( 'NONE',  ( -4.450000000000000178, 0.6500000000000000222, 2.500000000000109690 ) ) ;
#261 = CARTESIAN_POINT ( 'NONE',  ( 7.625972388506800037, 7.212911380246040061, 0.2087155742748779963 ) ) ;
#262 = B_SPLINE_CURVE_WITH_KNOTS ( 'NONE', 3,
 ( #455, #522, #2301, #943, #536, #321 ),
 .UNSPECIFIED., .F., .F.,
 ( 4, 2, 4 ),
 ( 0.000000000000000000, 0.5000000000000000000, 1.000000000000000000 ),
 .UNSPECIFIED. ) ;
#263 = CARTESIAN_POINT ( 'NONE',  ( 7.284266081521717950, 7.536872048280680580, 0.2091707076764199313 ) ) ;
#264 = CARTESIAN_POINT ( 'NONE',  ( -8.465231903670060731, 4.030419482060585423, -2.699999999999890044 ) ) ;
#265 = CARTESIAN_POINT ( 'NONE',  ( 8.646421878450983201, 0.000000000000000000, -2.659507635284599658 ) ) ;
#266 = ORIENTED_EDGE ( 'NONE', *, *, #2432, .F. ) ;
#267 = CARTESIAN_POINT ( 'NONE',  ( -4.450010405440350425, -8.247857575178748846, -2.699999999999890044 ) ) ;
#268 = CARTESIAN_POINT ( 'NONE',  ( 4.249954325938134048, -0.1499543259381343474, 2.497383334748307870 ) ) ;
#269 = PRESENTATION_STYLE_ASSIGNMENT (( #2221 ) ) ;
#270 = B_SPLINE_CURVE_WITH_KNOTS ( 'NONE', 3,
 ( #1266, #2801, #148, #193 ),
 .UNSPECIFIED., .F., .F.,
 ( 4, 4 ),
 ( 0.000000000000000000, 1.000000000000000000 ),
 .UNSPECIFIED. ) ;
#271 =( BOUNDED_SURFACE ( )  B_SPLINE_SURFACE ( 3, 3, ( 
 ( #1296, #1354, #2628, #1791 ),
 ( #1532, #1100, #1090, #643 ),
 ( #1762, #5, #2671, #2011 ),
 ( #1981, #1336, #434, #18 ) ),
 .UNSPECIFIED., .F., .F., .T. ) 
 B_SPLINE_SURFACE_WITH_KNOTS ( ( 4, 4 ),
 ( 4, 4 ),
 ( 0.000000000000000000, 1.000000000000000000 ),
 ( 0.000000000000000000, 1.000000000000000000 ),
 .UNSPECIFIED. ) 
 GEOMETRIC_REPRESENTATION_ITEM ( )  RATIONAL_B_SPLINE_SURFACE ( (
 ( 1.000000000000000000, 0.8155850884606860030, 0.8155850884606860030, 1.000000000000000000),
 ( 0.8205952333250959851, 0.6692652359618660451, 0.6692652359618660451, 0.8205952333250959851),
 ( 0.8205952333250959851, 0.6692652359618660451, 0.6692652359618660451, 0.8205952333250959851),
 ( 1.000000000000000000, 0.8155850884606860030, 0.8155850884606860030, 1.000000000000000000) ) ) 
 REPRESENTATION_ITEM ( '' )  SURFACE ( )  );
#272 = ADVANCED_FACE ( 'NONE', ( #2812 ), #2638, .T. ) ;
#273 = EDGE_LOOP ( 'NONE', ( #2747, #2217, #940, #2244 ) ) ;
#274 = CARTESIAN_POINT ( 'NONE',  ( 7.570153965697360654, 5.939152825435619398, 0.2999999999939244599 ) ) ;
#275 = AXIS2_PLACEMENT_3D ( 'NONE', #2093, #99, #2273 ) ;
#276 = AXIS2_PLACEMENT_3D ( 'NONE', #933, #494, #19 ) ;
#277 = CARTESIAN_POINT ( 'NONE',  ( 1.163093245706754875, -9.517328417353141390, 0.2997342713655452018 ) ) ;
#278 = CARTESIAN_POINT ( 'NONE',  ( -9.470295926333273329, 18.94059185266654666, -2.601745240643716706 ) ) ;
#279 = AXIS2_PLACEMENT_3D ( 'NONE', #2802, #818, #601 ) ;
#280 = CARTESIAN_POINT ( 'NONE',  ( -7.928697314826380627, 4.994475439199479894, -2.699999999999890044 ) ) ;
#281 = CARTESIAN_POINT ( 'NONE',  ( -7.700000000000000178, 0.000000000000000000, 2.500000000000000000 ) ) ;
#282 = AXIS2_PLACEMENT_3D ( 'NONE', #2208, #2419, #2179 ) ;
#283 = ORIENTED_EDGE ( 'NONE', *, *, #2084, .F. ) ;
#284 = CARTESIAN_POINT ( 'NONE',  ( -1.352047118294672057, -9.272556183137320218, -2.699999999999890044 ) ) ;
#285 = ORIENTED_EDGE ( 'NONE', *, *, #2231, .T. ) ;
#286 = DIRECTION ( 'NONE',  ( 0.000000000000000000, 0.000000000000000000, -1.000000000000000000 ) ) ;
#287 = CARTESIAN_POINT ( 'NONE',  ( -10.44378962380598885, 0.000000000000000000, -0.8999999999998885558 ) ) ;
#288 = ORIENTED_EDGE ( 'NONE', *, *, #1769, .T. ) ;
#289 = CARTESIAN_POINT ( 'NONE',  ( -4.267455064928218356, 0.6500000000000000222, 3.500000000000110134 ) ) ;
#290 = EDGE_CURVE ( 'NONE', #814, #1941, #1903, .T. ) ;
#291 = EDGE_CURVE ( 'NONE', #2433, #206, #1546, .T. ) ;
#292 = CARTESIAN_POINT ( 'NONE',  ( 7.542137753670581368, 5.867328494039955267, 0.2995141100368553522 ) ) ;
#293 = DIRECTION ( 'NONE',  ( 0.000000000000000000, 0.000000000000000000, -1.000000000000000000 ) ) ;
#294 = EDGE_CURVE ( 'NONE', #316, #1808, #1969, .T. ) ;
#295 = CARTESIAN_POINT ( 'NONE',  ( -9.244838138806649397, 1.528736526472095125, -2.699999999999890044 ) ) ;
#296 = CARTESIAN_POINT ( 'NONE',  ( 3.165195916949074650, 8.819888016528290464, -2.699999999999890044 ) ) ;
#297 = CARTESIAN_POINT ( 'NONE',  ( 4.450000000000000178, 0.8499999999999999778, 2.500000000000109690 ) ) ;
#298 = ORIENTED_EDGE ( 'NONE', *, *, #1358, .T. ) ;
#299 = CARTESIAN_POINT ( 'NONE',  ( -3.378419311713360074, -8.740161595660470795, -2.699999999999890044 ) ) ;
#300 = CARTESIAN_POINT ( 'NONE',  ( 1.153386165196849777, -9.552809055081660006, 0.2807892657074280152 ) ) ;
#301 = ORIENTED_EDGE ( 'NONE', *, *, #2453, .T. ) ;
#302 = DIRECTION ( 'NONE',  ( -1.000000000000000000, 0.000000000000000000, 0.000000000000000000 ) ) ;
#303 = DIRECTION ( 'NONE',  ( 0.000000000000000000, 0.000000000000000000, -1.000000000000000000 ) ) ;
#304 = CARTESIAN_POINT ( 'NONE',  ( 7.490886679664599868, 7.353097373854559748, 0.2139433478354550167 ) ) ;
#305 = ORIENTED_EDGE ( 'NONE', *, *, #1715, .F. ) ;
#306 = CARTESIAN_POINT ( 'NONE',  ( 7.553597980456120631, 7.144457134036560575, 0.2999999999908234960 ) ) ;
#307 = CARTESIAN_POINT ( 'NONE',  ( -10.44378962380598708, -20.88757924761197415, -0.8999999999998880007 ) ) ;
#308 = CARTESIAN_POINT ( 'NONE',  ( -7.542658723300230683, 7.134110402051569544, 0.3000000000001119549 ) ) ;
#309 = DIRECTION ( 'NONE',  ( 0.000000000000000000, -2.136730474149975145E-14, -1.000000000000000000 ) ) ;
#310 = CARTESIAN_POINT ( 'NONE',  ( -9.331202683671358855, 0.8559799436495989511, -2.699999999999890044 ) ) ;
#311 = CARTESIAN_POINT ( 'NONE',  ( 4.724286949234789645, 8.092276693510159546, -2.699999999999890044 ) ) ;
#312 = CARTESIAN_POINT ( 'NONE',  ( 0.000000000000000000, 0.000000000000000000, 3.500000000001225242 ) ) ;
#313 = EDGE_CURVE ( 'NONE', #225, #1956, #2164, .T. ) ;
#314 = ORIENTED_EDGE ( 'NONE', *, *, #2260, .F. ) ;
#315 = CARTESIAN_POINT ( 'NONE',  ( -9.370311156817638931, -0.5733119919499940487, -2.699999999999890044 ) ) ;
#316 = VERTEX_POINT ( 'NONE', #2333 ) ;
#317 = FACE_BOUND ( 'NONE', #794, .T. ) ;
#318 = DIRECTION ( 'NONE',  ( 0.000000000000000000, 1.000000000000000000, 0.000000000000000000 ) ) ;
#319 = DIRECTION ( 'NONE',  ( -1.000000000000000000, -1.449033074896007069E-15, 0.000000000000000000 ) ) ;
#320 = VERTEX_POINT ( 'NONE', #2766 ) ;
#321 = CARTESIAN_POINT ( 'NONE',  ( -5.939152825435519922, 7.570153965697399734, 0.2999999999939240158 ) ) ;
#322 = DIRECTION ( 'NONE',  ( -1.000000000000000000, 0.000000000000000000, 0.000000000000000000 ) ) ;
#323 = CARTESIAN_POINT ( 'NONE',  ( 1.282021724898016579, -9.413175590049517538, 0.2996391315098131947 ) ) ;
#324 = CIRCLE ( 'NONE', #1945, 1.169233360614529982 ) ;
#325 = CARTESIAN_POINT ( 'NONE',  ( -7.553606533957990088, 7.144462208917340185, 0.2988586520549745273 ) ) ;
#326 = CARTESIAN_POINT ( 'NONE',  ( 2.589051454976680322, 9.005636997672439747, -2.699999999999890044 ) ) ;
#327 = VECTOR ( 'NONE', #2050, 1000.000000000000000 ) ;
#328 = CARTESIAN_POINT ( 'NONE',  ( -7.874817029858768969, 0.000000000000000000, 1.118896642005040576E-13 ) ) ;
#329 = VERTEX_POINT ( 'NONE', #1689 ) ;
#330 = CARTESIAN_POINT ( 'NONE',  ( -9.199820350315791373, -1.779731844230809878, -2.699999999999890044 ) ) ;
#331 = AXIS2_PLACEMENT_3D ( 'NONE', #2605, #2575, #819 ) ;
#332 = CARTESIAN_POINT ( 'NONE',  ( 0.000000000000000000, 0.000000000000000000, 3.500000000001225242 ) ) ;
#333 = EDGE_CURVE ( 'NONE', #514, #1259, #830, .T. ) ;
#334 = EDGE_CURVE ( 'NONE', #1059, #2235, #83, .T. ) ;
#335 =( GEOMETRIC_REPRESENTATION_CONTEXT ( 3 ) GLOBAL_UNCERTAINTY_ASSIGNED_CONTEXT ( ( #1894 ) ) GLOBAL_UNIT_ASSIGNED_CONTEXT ( ( #1591, #491, #2693 ) ) REPRESENTATION_CONTEXT ( 'NONE', 'WORKASPACE' ) );
#336 = VERTEX_POINT ( 'NONE', #2109 ) ;
#337 = CARTESIAN_POINT ( 'NONE',  ( 0.000000000000000000, -9.500000000000000000, -0.8999999999999478417 ) ) ;
#338 = CARTESIAN_POINT ( 'NONE',  ( 1.017455064928219466, -4.000000000000000000, 3.500000000000110134 ) ) ;
#339 = CARTESIAN_POINT ( 'NONE',  ( -10.48499495349918931, -20.96998990699837861, -0.8595076352845815171 ) ) ;
#340 = ORIENTED_EDGE ( 'NONE', *, *, #599, .F. ) ;
#341 = CARTESIAN_POINT ( 'NONE',  ( -7.570153965697369536, 5.939152825435579430, 0.2999999999939244599 ) ) ;
#342 = CARTESIAN_POINT ( 'NONE',  ( 10.48600319984802987, 20.97200639969605973, -0.8017452406435795487 ) ) ;
#343 = CARTESIAN_POINT ( 'NONE',  ( -9.370311156817638931, 0.000000000000000000, -2.699999999999890044 ) ) ;
#344 = CARTESIAN_POINT ( 'NONE',  ( 0.000000000000000000, 9.370311156817638931, -2.699999999999890044 ) ) ;
#345 = CARTESIAN_POINT ( 'NONE',  ( -7.433613414679256515, 7.410142404385520187, 0.2137587798716113485 ) ) ;
#346 = ORIENTED_EDGE ( 'NONE', *, *, #750, .F. ) ;
#347 = CARTESIAN_POINT ( 'NONE',  ( -8.668003561896540532, -3.559279573340270009, -2.699999999999890044 ) ) ;
#348 = ORIENTED_EDGE ( 'NONE', *, *, #524, .F. ) ;
#349 = CARTESIAN_POINT ( 'NONE',  ( 9.370327366003039060, -0.2863906057033525077, -2.699999999999890044 ) ) ;
#350 = CARTESIAN_POINT ( 'NONE',  ( -8.687627208144180102, -17.37525441628836020, -2.699999999999891376 ) ) ;
#351 = CARTESIAN_POINT ( 'NONE',  ( -10.48600319984802987, -20.97200639969605973, -0.8017452406435795487 ) ) ;
#352 = ORIENTED_EDGE ( 'NONE', *, *, #423, .T. ) ;
#353 = ADVANCED_FACE ( 'NONE', ( #2538 ), #2495, .T. ) ;
#354 = CARTESIAN_POINT ( 'NONE',  ( 5.720611231634491034, 7.584955979992049180, 0.2790440915196460425 ) ) ;
#355 = CARTESIAN_POINT ( 'NONE',  ( 7.874817029858768969, 9.643869469487607976E-16, 1.118896642005040576E-13 ) ) ;
#356 = CARTESIAN_POINT ( 'NONE',  ( 10.49998856494473998, 1.285877738714338670E-15, -0.0005242108632785679855 ) ) ;
#357 = CARTESIAN_POINT ( 'NONE',  ( 6.854405838952899899, 6.397241554239619710, -2.699999999999890044 ) ) ;
#358 = FACE_BOUND ( 'NONE', #2065, .T. ) ;
#359 = CARTESIAN_POINT ( 'NONE',  ( -7.707666727592659583, -5.328687770970389259, -2.699999999999890044 ) ) ;
#360 = CARTESIAN_POINT ( 'NONE',  ( 8.687627208144180102, 17.37525441628836020, -2.699999999999891376 ) ) ;
#361 = EDGE_LOOP ( 'NONE', ( #2447, #669, #1243, #832 ) ) ;
#362 = FACE_BOUND ( 'NONE', #773, .T. ) ;
#363 = CARTESIAN_POINT ( 'NONE',  ( -0.08203966904394574544, -10.48129262274121309, 0.2117201715496159209 ) ) ;
#364 = CARTESIAN_POINT ( 'NONE',  ( 10.48499495349918931, -20.96998990699837861, -0.8595076352845815171 ) ) ;
#365 = VERTEX_POINT ( 'NONE', #171 ) ;
#366 = CARTESIAN_POINT ( 'NONE',  ( -7.542137753670631994, 5.867328494040060072, 0.2995141100368469700 ) ) ;
#367 = CARTESIAN_POINT ( 'NONE',  ( -10.44378962380598885, 0.000000000000000000, -0.8999999999998885558 ) ) ;
#368 = ADVANCED_FACE ( 'NONE', ( #1056 ), #371, .T. ) ;
#369 = CARTESIAN_POINT ( 'NONE',  ( -7.626117137322900419, 7.213048288738490577, 0.2087330054234275145 ) ) ;
#370 = PLANE ( 'NONE',  #2091 ) ;
#371 = CONICAL_SURFACE ( 'NONE', #507, 9.500000000000000000, 0.01745329249999845109 ) ;
#372 = CARTESIAN_POINT ( 'NONE',  ( -0.2893062669641104923, -10.39309444171191998, 0.2999999999908254389 ) ) ;
#373 =( BOUNDED_CURVE ( )  B_SPLINE_CURVE ( 3, ( #2060, #2049, #1424, #1617 ),
 .UNSPECIFIED., .F., .F. ) 
 B_SPLINE_CURVE_WITH_KNOTS ( ( 4, 4 ),
 ( 0.000000000000000000, 1.000000000000000000 ),
 .UNSPECIFIED. ) 
 CURVE ( )  GEOMETRIC_REPRESENTATION_ITEM ( )  RATIONAL_B_SPLINE_CURVE ( ( 0.9482369638920256083, 0.8236019888988290738, 0.8396884101804285017, 0.9964962277368238919 ) ) 
 REPRESENTATION_ITEM ( '' )  );
#374 = CARTESIAN_POINT ( 'NONE',  ( -8.526844012339278578, -3.885456499062434954, -2.699999999999890044 ) ) ;
#375 = AXIS2_PLACEMENT_3D ( 'NONE', #2593, #777, #1010 ) ;
#376 = LINE ( 'NONE', #2202, #561 ) ;
#377 = CIRCLE ( 'NONE', #86, 10.48173752875329967 ) ;
#378 = ORIENTED_EDGE ( 'NONE', *, *, #2258, .F. ) ;
#379 = FACE_OUTER_BOUND ( 'NONE', #2811, .T. ) ;
#380 = CARTESIAN_POINT ( 'NONE',  ( -0.2582196195351674772, -10.47865389280095982, 0.2075823476088435871 ) ) ;
#381 = CARTESIAN_POINT ( 'NONE',  ( 0.000000000000000000, 0.000000000000000000, 0.000000000000000000 ) ) ;
#382 = CONICAL_SURFACE ( 'NONE', #142, 10.49998856494473998, 0.01745329249999845109 ) ;
#383 = VERTEX_POINT ( 'NONE', #2751 ) ;
#384 = CARTESIAN_POINT ( 'NONE',  ( 0.000000000000000000, 0.000000000000000000, -0.8999999999999479527 ) ) ;
#385 = AXIS2_PLACEMENT_3D ( 'NONE', #2071, #1838, #319 ) ;
#386 = CARTESIAN_POINT ( 'NONE',  ( -4.750000000000000000, 0.000000000000000000, 2.500000000000109690 ) ) ;
#387 = EDGE_CURVE ( 'NONE', #1291, #76, #1377, .T. ) ;
#388 = CARTESIAN_POINT ( 'NONE',  ( -7.213048288738439950, 7.626117137322980355, 0.2087330054234290133 ) ) ;
#389 = CARTESIAN_POINT ( 'NONE',  ( 8.668003561896348685, 3.559279573340289993, -2.699999999999890044 ) ) ;
#390 = CARTESIAN_POINT ( 'NONE',  ( -7.535877287234479915, 5.692311084302059676, 3.500000000000494715 ) ) ;
#391 = EDGE_CURVE ( 'NONE', #1589, #814, #2556, .T. ) ;
#392 = CARTESIAN_POINT ( 'NONE',  ( 7.540017991697649968, 5.924143747865000975, 2.433333333309900315 ) ) ;
#393 = CARTESIAN_POINT ( 'NONE',  ( 4.250000000000000000, 0.6500000000000000222, 2.500000000000109690 ) ) ;
#394 = EDGE_LOOP ( 'NONE', ( #155, #108, #13, #1030 ) ) ;
#395 = CARTESIAN_POINT ( 'NONE',  ( 3.885456499060190083, -8.526844012340168533, -2.699999999999890044 ) ) ;
#396 = ORIENTED_EDGE ( 'NONE', *, *, #55, .F. ) ;
#397 = CARTESIAN_POINT ( 'NONE',  ( -0.3504045865815690330, -10.37614805554520103, 0.2999999999970204834 ) ) ;
#398 = CARTESIAN_POINT ( 'NONE',  ( -7.553597980455909244, 7.144457134036680479, 0.3000000000001119549 ) ) ;
#399 = EDGE_LOOP ( 'NONE', ( #1083, #2508, #1631, #1688 ) ) ;
#400 = CARTESIAN_POINT ( 'NONE',  ( -4.250000000000000000, 0.000000000000000000, 2.500000000000109690 ) ) ;
#401 = CARTESIAN_POINT ( 'NONE',  ( 9.137637248060698880, 2.076706799807300108, -2.699999999999890044 ) ) ;
#402 = CARTESIAN_POINT ( 'NONE',  ( 4.450000000000000178, 0.6500000000000000222, 3.500000000000110134 ) ) ;
#403 = CARTESIAN_POINT ( 'NONE',  ( 0.2900178446640571117, -10.41865729702723087, 0.3000000000000662692 ) ) ;
#404 = CARTESIAN_POINT ( 'NONE',  ( -7.700000000000000178, 0.000000000000000000, 2.500000000000000000 ) ) ;
#405 = ADVANCED_FACE ( 'NONE', ( #569 ), #681, .T. ) ;
#406 = VERTEX_POINT ( 'NONE', #427 ) ;
#407 = CARTESIAN_POINT ( 'NONE',  ( 4.029032053943165437, -8.461455380600879650, -2.699999999999890044 ) ) ;
#408 = VERTEX_POINT ( 'NONE', #897 ) ;
#409 = DIRECTION ( 'NONE',  ( 0.000000000000000000, 0.000000000000000000, -1.000000000000000000 ) ) ;
#410 = B_SPLINE_CURVE_WITH_KNOTS ( 'NONE', 3,
 ( #2805, #1535, #1299, #619, #418, #2818 ),
 .UNSPECIFIED., .F., .F.,
 ( 4, 2, 4 ),
 ( 0.000000000000000000, 0.5000000000000000000, 1.000000000000000000 ),
 .UNSPECIFIED. ) ;
#411 = DIRECTION ( 'NONE',  ( 0.000000000000000000, 0.000000000000000000, -1.000000000000000000 ) ) ;
#412 = B_SPLINE_CURVE_WITH_KNOTS ( 'NONE', 3,
 ( #2520, #2476, #1180, #35 ),
 .UNSPECIFIED., .F., .F.,
 ( 4, 4 ),
 ( 0.000000000000000000, 1.000000000000000000 ),
 .UNSPECIFIED. ) ;
#413 = VERTEX_POINT ( 'NONE', #1785 ) ;
#414 = CARTESIAN_POINT ( 'NONE',  ( -7.490938321525420385, 7.353328787255899890, 0.2139640362975285259 ) ) ;
#415 = CARTESIAN_POINT ( 'NONE',  ( 8.591348959358809267, 3.741416954959105201, -2.699999999999890044 ) ) ;
#416 = LINE ( 'NONE', #873, #43 ) ;
#417 = CARTESIAN_POINT ( 'NONE',  ( -0.2920782399851284961, -10.49267533812409958, 0.2087155742748779963 ) ) ;
#418 = CARTESIAN_POINT ( 'NONE',  ( 1.146878274101942097, -9.463027533747871090, 3.499999999996028066 ) ) ;
#419 = B_SPLINE_CURVE_WITH_KNOTS ( 'NONE', 3,
 ( #2580, #549, #1481, #1029, #1929, #1901, #2150, #826, #797, #1687, #2342, #593, #157, #1214, #2595, #363, #2131, #380, #1261 ),
 .UNSPECIFIED., .F., .F.,
 ( 4, 2, 1, 1, 2, 2, 1, 2, 2, 2, 4 ),
 ( 0.000000000000000000, 0.1250000000000006661, 0.1875000000000009714, 0.2187500000000011102, 0.2343750000000010825, 0.2500000000000010547, 0.3750000000000008882, 0.4375000000000008327, 0.5000000000000007772, 0.7500000000000004441, 1.000000000000000000 ),
 .UNSPECIFIED. ) ;
#420 = VERTEX_POINT ( 'NONE', #882 ) ;
#421 = CARTESIAN_POINT ( 'NONE',  ( 3.166776514571790102, -8.824217514743208923, -2.699999999999890044 ) ) ;
#422 = CARTESIAN_POINT ( 'NONE',  ( 7.625972388506820465, 7.212911380246069371, 0.2087155742748779963 ) ) ;
#423 = EDGE_CURVE ( 'NONE', #886, #2203, #1623, .T. ) ;
#424 = EDGE_CURVE ( 'NONE', #1348, #1199, #649, .T. ) ;
#425 = AXIS2_PLACEMENT_3D ( 'NONE', #1710, #1658, #2535 ) ;
#426 = VERTEX_POINT ( 'NONE', #1096 ) ;
#427 = CARTESIAN_POINT ( 'NONE',  ( -7.202624916839759805, 7.615095489261380024, 0.2077350077217919866 ) ) ;
#428 = EDGE_CURVE ( 'NONE', #2203, #886, #1807, .T. ) ;
#429 = VECTOR ( 'NONE', #2295, 1000.000000000000000 ) ;
#430 = AXIS2_PLACEMENT_3D ( 'NONE', #2446, #1800, #2463 ) ;
#431 = VERTEX_POINT ( 'NONE', #230 ) ;
#432 = CARTESIAN_POINT ( 'NONE',  ( -5.939152825435519922, 7.570153965697399734, 0.2999999999939240158 ) ) ;
#433 = CARTESIAN_POINT ( 'NONE',  ( -6.527598204444640118, 6.527598204444680086, 0.2796514856413525041 ) ) ;
#434 = CARTESIAN_POINT ( 'NONE',  ( 2.877167795634327341, 11.56902391407334463, 0.3000000000001117884 ) ) ;
#435 = CARTESIAN_POINT ( 'NONE',  ( 7.144459469511619254, 7.553600449685899498, 0.2996196117995449937 ) ) ;
#436 = CARTESIAN_POINT ( 'NONE',  ( 0.000000000000000000, 4.400000000000000355, 2.500000000000109690 ) ) ;
#437 = VERTEX_POINT ( 'NONE', #2652 ) ;
#438 = CARTESIAN_POINT ( 'NONE',  ( 8.918517108782589631, -2.878741273655605060, -2.699999999999890044 ) ) ;
#439 = ORIENTED_EDGE ( 'NONE', *, *, #2108, .T. ) ;
#440 = DIRECTION ( 'NONE',  ( -1.000000000000000000, 0.000000000000000000, 0.000000000000000000 ) ) ;
#441 = DIRECTION ( 'NONE',  ( 0.01745240643728354635, 0.000000000000000000, -0.9998476951563911586 ) ) ;
#442 = EDGE_CURVE ( 'NONE', #2635, #316, #64, .T. ) ;
#443 = ORIENTED_EDGE ( 'NONE', *, *, #2654, .F. ) ;
#444 = B_SPLINE_CURVE_WITH_KNOTS ( 'NONE', 3,
 ( #618, #222, #2618, #820 ),
 .UNSPECIFIED., .F., .F.,
 ( 4, 4 ),
 ( 0.000000000000000000, 1.000000000000000000 ),
 .UNSPECIFIED. ) ;
#445 = DIRECTION ( 'NONE',  ( 0.000000000000000000, 0.000000000000000000, 1.000000000000000000 ) ) ;
#446 = CARTESIAN_POINT ( 'NONE',  ( 4.250000000000000000, 0.000000000000000000, 2.500000000000109690 ) ) ;
#447 = DIRECTION ( 'NONE',  ( 0.000000000000000000, -5.200777477993510727E-15, 1.000000000000000000 ) ) ;
#448 = CARTESIAN_POINT ( 'NONE',  ( -9.428082350291164815, 0.000000000000000000, -2.699999999999887379 ) ) ;
#449 = CARTESIAN_POINT ( 'NONE',  ( -5.193745564066519549, 7.799609844475150489, -2.699999999999890044 ) ) ;
#450 = ORIENTED_EDGE ( 'NONE', *, *, #524, .T. ) ;
#451 = CARTESIAN_POINT ( 'NONE',  ( 7.970258700914450323, -4.927268987862410299, -2.699999999999890044 ) ) ;
#452 = VERTEX_POINT ( 'NONE', #2007 ) ;
#453 = DIRECTION ( 'NONE',  ( 0.000000000000000000, 0.000000000000000000, -1.000000000000000000 ) ) ;
#454 = ORIENTED_EDGE ( 'NONE', *, *, #2453, .F. ) ;
#455 = CARTESIAN_POINT ( 'NONE',  ( -5.720422350328750127, 7.584640277157019383, 0.3000000000025414559 ) ) ;
#456 = CARTESIAN_POINT ( 'NONE',  ( -9.469287679984336847, 18.93857535996867369, -2.659507635284655169 ) ) ;
#457 = EDGE_CURVE ( 'NONE', #705, #2486, #14, .T. ) ;
#458 = FACE_OUTER_BOUND ( 'NONE', #394, .T. ) ;
#459 = PLANE ( 'NONE',  #276 ) ;
#460 = CARTESIAN_POINT ( 'NONE',  ( -7.387140277427423740, 7.435729593362734313, 0.2124956345710950767 ) ) ;
#461 = CARTESIAN_POINT ( 'NONE',  ( -2.297833170785825274, 9.085540761998450066, -2.699999999999890044 ) ) ;
#462 = VERTEX_POINT ( 'NONE', #2854 ) ;
#463 = CARTESIAN_POINT ( 'NONE',  ( -3.449161963773170303, -8.712405690923809232, -2.699999999999890044 ) ) ;
#464 = VECTOR ( 'NONE', #1590, 1000.000000000000227 ) ;
#465 = ORIENTED_EDGE ( 'NONE', *, *, #1698, .T. ) ;
#466 = DIRECTION ( 'NONE',  ( -1.000000000000000000, 0.000000000000000000, 0.000000000000000000 ) ) ;
#467 = CARTESIAN_POINT ( 'NONE',  ( -7.089271193340580979, 7.584818112002169599, 0.2999999999970189846 ) ) ;
#468 = ORIENTED_EDGE ( 'NONE', *, *, #1125, .T. ) ;
#469 = DIRECTION ( 'NONE',  ( -1.000000000000000000, 0.000000000000000000, 0.000000000000000000 ) ) ;
#470 = AXIS2_PLACEMENT_3D ( 'NONE', #865, #1748, #1478 ) ;
#471 = CARTESIAN_POINT ( 'NONE',  ( -4.750000000000000000, 0.000000000000000000, 2.500000000000109690 ) ) ;
#472 = CARTESIAN_POINT ( 'NONE',  ( 0.2916624440317510114, -10.47773820366199971, 0.2074082381336619929 ) ) ;
#473 = CARTESIAN_POINT ( 'NONE',  ( 9.428082350291164815, 0.000000000000000000, -2.699999999999888267 ) ) ;
#474 = CARTESIAN_POINT ( 'NONE',  ( -7.520788779311150307, 7.300787906296569041, 0.2097630432196594952 ) ) ;
#475 = CARTESIAN_POINT ( 'NONE',  ( -8.092276693510799035, 4.724286949234260291, -2.699999999999890044 ) ) ;
#476 = ADVANCED_FACE ( 'NONE', ( #2194 ), #2460, .T. ) ;
#477 = VERTEX_POINT ( 'NONE', #2236 ) ;
#478 = CARTESIAN_POINT ( 'NONE',  ( 2.297833170784435275, -9.085540761998041503, -2.699999999999890044 ) ) ;
#479 = CARTESIAN_POINT ( 'NONE',  ( -0.2053376985979906422, -10.49481807514782261, 0.2097389026960326530 ) ) ;
#480 = CARTESIAN_POINT ( 'NONE',  ( -5.720611232411539682, 7.584955981290440796, 0.2790440053261719622 ) ) ;
#481 = CARTESIAN_POINT ( 'NONE',  ( -7.518127829756874547, 7.319136602692853266, 0.2699415362941882113 ) ) ;
#482 = CARTESIAN_POINT ( 'NONE',  ( -7.612383710629135436, 7.200058733486672580, 0.2621579049827137409 ) ) ;
#483 = CARTESIAN_POINT ( 'NONE',  ( -9.469287679984336847, -18.93857535996867369, -2.659507635284655169 ) ) ;
#484 = CARTESIAN_POINT ( 'NONE',  ( 0.000000000000000000, 0.000000000000000000, -2.601745240643719814 ) ) ;
#485 = CARTESIAN_POINT ( 'NONE',  ( -9.089215593222380818, 2.298366197707930159, -2.699999999999890044 ) ) ;
#486 = ORIENTED_EDGE ( 'NONE', *, *, #1684, .F. ) ;
#487 = CARTESIAN_POINT ( 'NONE',  ( -2.589051454976840194, -9.005636997673928335, -2.699999999999890044 ) ) ;
#488 = EDGE_CURVE ( 'NONE', #1767, #408, #2870, .T. ) ;
#489 = ORIENTED_EDGE ( 'NONE', *, *, #562, .F. ) ;
#490 = CARTESIAN_POINT ( 'NONE',  ( 0.2562364597019475276, -10.49367304402518108, 0.2087155742748803278 ) ) ;
#491 =( NAMED_UNIT ( * ) PLANE_ANGLE_UNIT ( ) SI_UNIT ( $, .RADIAN. ) );
#492 = CARTESIAN_POINT ( 'NONE',  ( -7.552228535824929700, 5.701385200463219505, 2.439183865369650039 ) ) ;
#493 = CARTESIAN_POINT ( 'NONE',  ( -8.646421878450983201, 0.000000000000000000, -2.659507635284599658 ) ) ;
#494 = DIRECTION ( 'NONE',  ( -0.6871573030991956488, -0.7265086653285287577, -2.692290834716003664E-14 ) ) ;
#495 = CARTESIAN_POINT ( 'NONE',  ( -7.262131346904840967, 7.558561832351449183, 0.2083488649946331206 ) ) ;
#496 = CARTESIAN_POINT ( 'NONE',  ( -3.595869445892120542, 8.652981931040129027, -2.699999999999890044 ) ) ;
#497 = CARTESIAN_POINT ( 'NONE',  ( 0.000000000000000000, 0.000000000000000000, -2.601745240644494750 ) ) ;
#498 = ORIENTED_EDGE ( 'NONE', *, *, #1663, .T. ) ;
#499 = CARTESIAN_POINT ( 'NONE',  ( -4.994475439201660372, -7.928697314824829867, -2.699999999999890044 ) ) ;
#500 = ORIENTED_EDGE ( 'NONE', *, *, #505, .T. ) ;
#501 = EDGE_CURVE ( 'NONE', #1274, #1572, #1976, .T. ) ;
#502 = CARTESIAN_POINT ( 'NONE',  ( 3.008823424322093293E-16, 0.8325449350717806229, 3.500000000000110134 ) ) ;
#503 = EDGE_CURVE ( 'NONE', #2374, #420, #1797, .T. ) ;
#504 = VERTEX_POINT ( 'NONE', #1349 ) ;
#505 = EDGE_CURVE ( 'NONE', #1528, #1199, #922, .T. ) ;
#506 = LINE ( 'NONE', #1393, #1295 ) ;
#507 = AXIS2_PLACEMENT_3D ( 'NONE', #2378, #1000, #1888 ) ;
#508 = CONICAL_SURFACE ( 'NONE', #2183, 1.000000000000000000, 0.01745329251994333364 ) ;
#509 = CARTESIAN_POINT ( 'NONE',  ( -5.692311084301669766, 7.535877287234779232, 3.500000000000494715 ) ) ;
#510 = CARTESIAN_POINT ( 'NONE',  ( -9.469287679984336847, 18.93857535996867369, -2.659507635284655169 ) ) ;
#511 = CIRCLE ( 'NONE', #1066, 9.444143792293520079 ) ;
#512 = CARTESIAN_POINT ( 'NONE',  ( 3.236374073389739703, 8.793681427628648350, -2.699999999999890044 ) ) ;
#513 = CARTESIAN_POINT ( 'NONE',  ( -7.202624916839759805, 7.615095489261380024, 0.2077350077217919866 ) ) ;
#514 = VERTEX_POINT ( 'NONE', #1072 ) ;
#515 = CARTESIAN_POINT ( 'NONE',  ( -1.705050420146114964, -9.213877264232509745, -2.699999999999890044 ) ) ;
#516 = CARTESIAN_POINT ( 'NONE',  ( 0.000000000000000000, -9.470295926333278658, -2.601745240643719814 ) ) ;
#517 = ORIENTED_EDGE ( 'NONE', *, *, #205, .F. ) ;
#518 = LINE ( 'NONE', #502, #2180 ) ;
#519 = CARTESIAN_POINT ( 'NONE',  ( 8.645413632102119550, 0.000000000000000000, -2.601745240643604795 ) ) ;
#520 = CARTESIAN_POINT ( 'NONE',  ( 7.212911380245969895, 7.625972388506919941, 0.2087155742748779963 ) ) ;
#521 = ORIENTED_EDGE ( 'NONE', *, *, #387, .F. ) ;
#522 = CARTESIAN_POINT ( 'NONE',  ( -5.749594036919455142, 7.562646547527744012, 0.2996391315098189123 ) ) ;
#523 = CARTESIAN_POINT ( 'NONE',  ( -10.38601843033239902, -20.77203686066479804, -0.8999999999998868905 ) ) ;
#524 = EDGE_CURVE ( 'NONE', #2402, #1291, #2360, .T. ) ;
#525 = CARTESIAN_POINT ( 'NONE',  ( -0.2916633314205944738, -10.47777008239572183, 0.2068408716315024987 ) ) ;
#526 = CARTESIAN_POINT ( 'NONE',  ( 7.410142404385031689, 7.433613414679768105, 0.2137587798715276655 ) ) ;
#527 = CARTESIAN_POINT ( 'NONE',  ( 3.093768900862224669, 8.845209282092650227, -2.699999999999890044 ) ) ;
#528 = LINE ( 'NONE', #281, #1298 ) ;
#529 = VERTEX_POINT ( 'NONE', #2178 ) ;
#530 = CARTESIAN_POINT ( 'NONE',  ( -8.016102506993151522, -4.862646030052609980, -2.699999999999890044 ) ) ;
#531 = CARTESIAN_POINT ( 'NONE',  ( -8.687627208144180102, -17.37525441628836020, -2.699999999999891376 ) ) ;
#532 = ORIENTED_EDGE ( 'NONE', *, *, #1358, .F. ) ;
#533 = CARTESIAN_POINT ( 'NONE',  ( 0.03709718233394194292, -10.49611185661504464, 0.2135744803409070636 ) ) ;
#534 = CARTESIAN_POINT ( 'NONE',  ( -9.470295926333278658, 0.000000000000000000, -2.601745240643719814 ) ) ;
#535 = CARTESIAN_POINT ( 'NONE',  ( -7.724935120751739603, 6.527598204444680086, 0.2796514856413525041 ) ) ;
#536 = CARTESIAN_POINT ( 'NONE',  ( -5.907336341498231391, 7.552198583881351013, 0.2997342713655519741 ) ) ;
#537 = CARTESIAN_POINT ( 'NONE',  ( 10.48499495349918931, -20.96998990699837861, -0.8595076352845815171 ) ) ;
#538 = CARTESIAN_POINT ( 'NONE',  ( -10.69009732494462028, -10.02697457228547151, 0.3000000000001120104 ) ) ;
#539 = CARTESIAN_POINT ( 'NONE',  ( -7.553600449685749396, 7.144459469511699190, 0.2996196117995449937 ) ) ;
#540 = EDGE_CURVE ( 'NONE', #747, #2840, #1339, .T. ) ;
#541 = CARTESIAN_POINT ( 'NONE',  ( 4.588057133742379889, 8.171844578126808756, -2.699999999999890044 ) ) ;
#542 = CARTESIAN_POINT ( 'NONE',  ( 1.161595609253103126E-15, 9.470295926333278658, -2.601745240643719814 ) ) ;
#543 = EDGE_LOOP ( 'NONE', ( #2413, #923, #2597, #2193 ) ) ;
#544 = B_SPLINE_CURVE_WITH_KNOTS ( 'NONE', 3,
 ( #343, #2541, #787, #310, #2559, #572, #2077, #946, #1828, #724, #295, #661, #2357, #2147, #154, #2806, #822, #485, #1794, #906, #689, #32, #1582, #947, #1369, #2038, #2661, #1382, #1829, #1122, #2243, #919, #264, #240, #2014, #1328, #475, #2264, #1806, #2673, #280, #57, #2457, #2251, #704, #1147, #2482, #21, #1161, #2709, #45, #2052, #2688, #1599, #2216, #936, #449, #2698, #1818, #1553, #1357, #892, #250, #1780, #2469, #712, #224, #1609, #496, #2426, #1105, #1134, #676, #2000, #1569, #9, #2440, #461, #1342, #2230, #2026, #741, #1426, #1445, #1665, #1004, #1020, #2755, #771, #2322, #344, #1638, #1893, #2725, #1397, #2291, #85, #2304, #2277, #2062, #2494, #990, #976, #1462, #1681, #2513, #1237, #2771, #326, #119, #2528, #1207, #527, #296, #512, #557, #2112, #2125, #788, #1221, #134, #1174, #2337, #1412, #2560, #541, #311, #2097, #2078, #1187, #1862, #1911, #725, #2542, #573, #2742, #357, #69, #757, #1651, #1619, #958, #1842, #103, #1878, #2185, #176, #194, #1719, #2604, #1692, #2832, #2574, #849, #1280, #415, #2370, #1516, #1294, #389, #1077, #2169, #587, #1503, #1062, #2382, #1968, #2588, #2142, #401, #149, #1950, #1034, #2616, #1475, #1733, #628, #1704, #2353, #2789, #2395 ),
 .UNSPECIFIED., .F., .F.,
 ( 4, 3, 3, 3, 3, 3, 3, 3, 3, 3, 3, 3, 3, 3, 3, 3, 3, 3, 3, 3, 3, 3, 3, 3, 3, 3, 3, 3, 3, 3, 3, 3, 3, 3, 3, 3, 3, 3, 3, 3, 3, 3, 3, 3, 3, 3, 3, 3, 3, 3, 3, 3, 3, 3, 3, 3, 3, 3, 3, 3, 4 ),
 ( 0.000000000000000000, 0.008333333333333329748, 0.01666666666666664909, 0.02500000000000000139, 0.03333333333333334675, 0.04166666666666665048, 0.05000000000000000278, 0.05833333333333329956, 0.06666666666666669350, 0.07499999999999999722, 0.08333333333333330095, 0.09166666666666670182, 0.1000000000000000056, 0.1083333333333331983, 0.1166666666666665991, 0.1250000000000000000, 0.1333333333333331927, 0.1416666666666665797, 0.1499999999999999944, 0.1583333333333334925, 0.1666666666666665186, 0.1749999999999999889, 0.1833333333333335147, 0.1916666666666665131, 0.2000000000000000111, 0.2083333333333335091, 0.2166666666666665075, 0.2250000000000000056, 0.2333333333333335036, 0.2416666666666665020, 0.2500000000000000000, 0.2583333333333335258, 0.2666666666666664964, 0.2750000000000000222, 0.2833333333333335480, 0.2916666666666665186, 0.2999999999999999889, 0.3083333333333335147, 0.3166666666666664853, 0.3250000000000000111, 0.3333333333333335369, 0.3416666666666665075, 0.3499999999999999778, 0.3583333333333335036, 0.3666666666666664742, 0.3750000000000000000, 0.3833333333333335258, 0.3916666666666664964, 0.4000000000000000222, 0.4083333333333335480, 0.4166666666666665186, 0.4249999999999999889, 0.4333333333333335147, 0.4416666666666664853, 0.4500000000000000111, 0.4583333333333329818, 0.4666666666666670071, 0.4749999999999999778, 0.4833333333333329485, 0.4916666666666669738, 0.5000000000000000000 ),
 .UNSPECIFIED. ) ;
#545 = CARTESIAN_POINT ( 'NONE',  ( -9.370311156817638931, 0.000000000000000000, -2.699999999999890044 ) ) ;
#546 = CARTESIAN_POINT ( 'NONE',  ( 1.308743873346809972, -9.371720148156718722, 2.439183865369650039 ) ) ;
#547 = EDGE_LOOP ( 'NONE', ( #896, #2267, #439, #1384 ) ) ;
#548 = CARTESIAN_POINT ( 'NONE',  ( 9.261961772308319851, -1.422744708350920151, -2.699999999999890044 ) ) ;
#549 = CARTESIAN_POINT ( 'NONE',  ( 0.2823860419399522037, -10.47799367597604103, 0.2074396504506402783 ) ) ;
#550 = DIRECTION ( 'NONE',  ( -1.000000000000000000, 0.000000000000000000, 0.000000000000000000 ) ) ;
#551 = ORIENTED_EDGE ( 'NONE', *, *, #1613, .T. ) ;
#552 = CARTESIAN_POINT ( 'NONE',  ( -8.645413632050228614, 0.000000000000000000, -2.601745240644484536 ) ) ;
#553 = CARTESIAN_POINT ( 'NONE',  ( -10.48600319984804230, 0.000000000000000000, -0.8017452406435799928 ) ) ;
#554 = VECTOR ( 'NONE', #638, 1000.000000000000227 ) ;
#555 =( BOUNDED_SURFACE ( )  B_SPLINE_SURFACE ( 3, 2, ( 
 ( #261, #2685, #1597 ),
 ( #2467, #42, #945 ),
 ( #687, #916, #1581 ),
 ( #2024, #2454, #2352 ) ),
 .UNSPECIFIED., .F., .F., .T. ) 
 B_SPLINE_SURFACE_WITH_KNOTS ( ( 4, 4 ),
 ( 3, 3 ),
 ( 0.000000000000000000, 1.000000000000000000 ),
 ( 0.000000000000000000, 1.000000000000000000 ),
 .UNSPECIFIED. ) 
 GEOMETRIC_REPRESENTATION_ITEM ( )  RATIONAL_B_SPLINE_SURFACE ( (
 ( 1.000000000000000000, 0.7372773368102389924, 1.000000000000000000),
 ( 1.000000000000000000, 0.8704684696735779381, 1.000000000000000000),
 ( 1.000000000000000000, 0.8704769855188140282, 1.000000000000000000),
 ( 1.000000000000000000, 0.7372773368102509828, 1.000000000000000000) ) ) 
 REPRESENTATION_ITEM ( '' )  SURFACE ( )  );
#556 = CARTESIAN_POINT ( 'NONE',  ( -7.618720836895672477, 7.206052609131283759, 0.2080617527400596967 ) ) ;
#557 = CARTESIAN_POINT ( 'NONE',  ( 3.271963151610070231, 8.780578133178829958, -2.699999999999890044 ) ) ;
#558 = CARTESIAN_POINT ( 'NONE',  ( -4.450000000000000178, 0.8500000000000000888, 2.500000000000109690 ) ) ;
#559 = ORIENTED_EDGE ( 'NONE', *, *, #488, .F. ) ;
#560 = CARTESIAN_POINT ( 'NONE',  ( -8.652981931040910624, -3.595869445890990335, -2.699999999999890044 ) ) ;
#561 = VECTOR ( 'NONE', #1257, 1000.000000000000227 ) ;
#562 = EDGE_CURVE ( 'NONE', #1711, #2530, #324, .T. ) ;
#563 = AXIS2_PLACEMENT_3D ( 'NONE', #2348, #2510, #2094 ) ;
#564 = VERTEX_POINT ( 'NONE', #52 ) ;
#565 = CARTESIAN_POINT ( 'NONE',  ( 9.250552095085060600, -1.493373062917194183, -2.699999999999890044 ) ) ;
#566 = CARTESIAN_POINT ( 'NONE',  ( -5.834704822162503746, 7.492470765203941951, 3.499934966327846730 ) ) ;
#567 = PLANE ( 'NONE',  #975 ) ;
#568 = ORIENTED_EDGE ( 'NONE', *, *, #1320, .F. ) ;
#569 = FACE_OUTER_BOUND ( 'NONE', #170, .T. ) ;
#570 = DIRECTION ( 'NONE',  ( 0.000000000000000000, 0.000000000000000000, -1.000000000000000000 ) ) ;
#571 = CARTESIAN_POINT ( 'NONE',  ( -7.144461807037619572, 7.553602921074720200, 0.2992388903256424926 ) ) ;
#572 = CARTESIAN_POINT ( 'NONE',  ( -9.301871328811641249, 1.139867119209239998, -2.699999999999890044 ) ) ;
#573 = CARTESIAN_POINT ( 'NONE',  ( 6.168620004535349644, 7.082948573961910022, -2.699999999999890044 ) ) ;
#574 = CARTESIAN_POINT ( 'NONE',  ( -10.49998856494473998, 1.285877738714338670E-15, -0.0005242108632199439814 ) ) ;
#575 =( BOUNDED_SURFACE ( )  B_SPLINE_SURFACE ( 3, 3, ( 
 ( #525, #1596, #1395, #1170 ),
 ( #2466, #956, #1840, #482 ),
 ( #2721, #738, #1366, #1408 ),
 ( #1636, #973, #2288, #308 ) ),
 .UNSPECIFIED., .F., .F., .T. ) 
 B_SPLINE_SURFACE_WITH_KNOTS ( ( 4, 4 ),
 ( 4, 4 ),
 ( 0.000000000000000000, 1.000000000000000000 ),
 ( 0.000000000000000000, 1.000000000000000000 ),
 .UNSPECIFIED. ) 
 GEOMETRIC_REPRESENTATION_ITEM ( )  RATIONAL_B_SPLINE_SURFACE ( (
 ( 1.000000000000000000, 0.6054951805095710737, 0.6054951805095710737, 1.000000000000000000),
 ( 0.8205952333264430187, 0.4968664589282880129, 0.4968664589282880129, 0.8205952333264430187),
 ( 0.8205952333264430187, 0.4968664589282880129, 0.4968664589282880129, 0.8205952333264430187),
 ( 1.000000000000000000, 0.6054951805095710737, 0.6054951805095710737, 1.000000000000000000) ) ) 
 REPRESENTATION_ITEM ( '' )  SURFACE ( )  );
#576 = CARTESIAN_POINT ( 'NONE',  ( -8.461455380599788967, -4.029032053945914349, -2.699999999999890044 ) ) ;
#577 = CARTESIAN_POINT ( 'NONE',  ( -8.745398401617759276, 0.000000000000000000, -2.699999999999890044 ) ) ;
#578 = EDGE_LOOP ( 'NONE', ( #1959, #626, #2363, #1226 ) ) ;
#579 = CARTESIAN_POINT ( 'NONE',  ( 7.540005799995699753, 5.924244666542870519, 2.440938645241550020 ) ) ;
#580 = CARTESIAN_POINT ( 'NONE',  ( -8.745398401617759276, 0.000000000000000000, -2.699999999999890044 ) ) ;
#581 = CARTESIAN_POINT ( 'NONE',  ( -7.612395965032287215, 7.200068998080302762, 0.2555808171375361648 ) ) ;
#582 = EDGE_CURVE ( 'NONE', #1572, #2092, #518, .T. ) ;
#583 = EDGE_LOOP ( 'NONE', ( #999, #314, #2103, #2444 ) ) ;
#584 = CARTESIAN_POINT ( 'NONE',  ( 5.816781719250501581, 7.488688161740532756, 1.363091715754760624 ) ) ;
#585 = DIRECTION ( 'NONE',  ( 0.000000000000000000, 0.000000000000000000, -1.000000000000000000 ) ) ;
#586 = CARTESIAN_POINT ( 'NONE',  ( -7.553597980455909244, 7.144457134036680479, 0.3000000000001119549 ) ) ;
#587 = CARTESIAN_POINT ( 'NONE',  ( 8.712405690923809232, 3.449161963773164974, -2.699999999999890044 ) ) ;
#588 = DIRECTION ( 'NONE',  ( -1.000000000000000000, 0.000000000000000000, 0.000000000000000000 ) ) ;
#589 = CARTESIAN_POINT ( 'NONE',  ( -8.591348959359269344, -3.741416954959055019, -2.699999999999890044 ) ) ;
#590 = CARTESIAN_POINT ( 'NONE',  ( -10.38601843033240080, 0.000000000000000000, -0.8999999999998880007 ) ) ;
#591 = ORIENTED_EDGE ( 'NONE', *, *, #2160, .F. ) ;
#592 = CARTESIAN_POINT ( 'NONE',  ( 1.163414459189985485E-15, 9.500000000000000000, -0.8999999999999480638 ) ) ;
#593 = CARTESIAN_POINT ( 'NONE',  ( 0.04273157484246569576, -10.48130204594501613, 0.2121349927693524928 ) ) ;
#594 = DIRECTION ( 'NONE',  ( 0.000000000000000000, 0.000000000000000000, 1.000000000000000000 ) ) ;
#595 = EDGE_CURVE ( 'NONE', #320, #1334, #2517, .T. ) ;
#596 = ORIENTED_EDGE ( 'NONE', *, *, #1746, .F. ) ;
#597 = CARTESIAN_POINT ( 'NONE',  ( -4.250000000000000000, 0.6500000000000000222, 2.500000000000109690 ) ) ;
#598 = DIRECTION ( 'NONE',  ( -1.000000000000000000, 0.000000000000000000, 0.000000000000000000 ) ) ;
#599 = EDGE_CURVE ( 'NONE', #1674, #1964, #1519, .T. ) ;
#600 = CARTESIAN_POINT ( 'NONE',  ( 0.3504045865942385096, -10.37614805554190056, 0.2999999999970204834 ) ) ;
#601 = DIRECTION ( 'NONE',  ( -1.000000000000000000, 0.000000000000000000, 0.000000000000000000 ) ) ;
#602 = AXIS2_PLACEMENT_3D ( 'NONE', #1991, #445, #2182 ) ;
#603 = DIRECTION ( 'NONE',  ( 1.000000000000000000, -0.000000000000000000, 0.000000000000000000 ) ) ;
#604 = CARTESIAN_POINT ( 'NONE',  ( 0.000000000000000000, 0.000000000000000000, 0.2080613574352390138 ) ) ;
#605 = CARTESIAN_POINT ( 'NONE',  ( -4.750000000000000000, 0.8499999999999999778, 2.500000000000109690 ) ) ;
#606 = CIRCLE ( 'NONE', #1347, 9.470295926333278658 ) ;
#607 = ORIENTED_EDGE ( 'NONE', *, *, #1649, .F. ) ;
#608 = CARTESIAN_POINT ( 'NONE',  ( 7.568685755359140011, 5.710874623711130305, 1.359119014790320046 ) ) ;
#609 = AXIS2_PLACEMENT_3D ( 'NONE', #2122, #570, #2800 ) ;
#610 = ORIENTED_EDGE ( 'NONE', *, *, #55, .T. ) ;
#611 = CARTESIAN_POINT ( 'NONE',  ( -1.272030603628220291, -9.358141160397014602, 3.500000000000172751 ) ) ;
#612 = FACE_BOUND ( 'NONE', #1217, .T. ) ;
#613 = ORIENTED_EDGE ( 'NONE', *, *, #209, .F. ) ;
#614 = CARTESIAN_POINT ( 'NONE',  ( -7.614971478482929435, 7.202506334822110112, 0.2073908069851140012 ) ) ;
#615 = ADVANCED_FACE ( 'NONE', ( #1127 ), #1106, .T. ) ;
#616 = CARTESIAN_POINT ( 'NONE',  ( 7.553605391377700151, 7.144464143544699830, 0.2988583354860009922 ) ) ;
#617 = CARTESIAN_POINT ( 'NONE',  ( -7.392600891544831576, 7.451116557095019743, 0.2134347276105935387 ) ) ;
#618 = CARTESIAN_POINT ( 'NONE',  ( -7.570153965697369536, 5.939152825435579430, 0.2999999999939244599 ) ) ;
#619 = CARTESIAN_POINT ( 'NONE',  ( 1.172217539930806129, -9.423736231907852812, 3.499934966327807206 ) ) ;
#620 = ORIENTED_EDGE ( 'NONE', *, *, #112, .F. ) ;
#621 = CARTESIAN_POINT ( 'NONE',  ( 3.632343321135615088, -8.637739379005848761, -2.699999999999890044 ) ) ;
#622 = ORIENTED_EDGE ( 'NONE', *, *, #2064, .T. ) ;
#623 = CARTESIAN_POINT ( 'NONE',  ( -1.308743829539759984, -9.371719984982009422, 2.439193471148229708 ) ) ;
#624 = CARTESIAN_POINT ( 'NONE',  ( 0.2893063615427000079, -10.39309783915163976, 0.2996196117995489905 ) ) ;
#625 = ORIENTED_EDGE ( 'NONE', *, *, #2667, .T. ) ;
#626 = ORIENTED_EDGE ( 'NONE', *, *, #25, .T. ) ;
#627 = CARTESIAN_POINT ( 'NONE',  ( -7.273148442492519905, 7.548155702554860014, 0.2073908069849710045 ) ) ;
#628 = CARTESIAN_POINT ( 'NONE',  ( 9.207361214020810536, 1.740251229065329808, -2.699999999999890044 ) ) ;
#629 = CARTESIAN_POINT ( 'NONE',  ( 4.250000000000000000, 0.6500000000000000222, 2.500000000000109690 ) ) ;
#630 = EDGE_CURVE ( 'NONE', #859, #2402, #412, .T. ) ;
#631 = EDGE_CURVE ( 'NONE', #964, #1264, #824, .T. ) ;
#632 = CARTESIAN_POINT ( 'NONE',  ( 7.570153965697360654, 5.939152825435619398, 0.2999999999939244599 ) ) ;
#633 = DIRECTION ( 'NONE',  ( -1.000000000000000000, 0.000000000000000000, 0.000000000000000000 ) ) ;
#634 = ORIENTED_EDGE ( 'NONE', *, *, #1505, .T. ) ;
#635 = CARTESIAN_POINT ( 'NONE',  ( 6.158099975657919778, -7.070128296035480098, -2.699999999999890044 ) ) ;
#636 = PRODUCT_CONTEXT ( 'NONE', #2335, 'mechanical' ) ;
#637 = ORIENTED_EDGE ( 'NONE', *, *, #113, .F. ) ;
#638 = DIRECTION ( 'NONE',  ( -0.01744974916068272111, -0.01744974916068272111, -0.9996954598818874604 ) ) ;
#639 = CARTESIAN_POINT ( 'NONE',  ( 10.49998856494473998, 0.000000000000000000, -0.0005242108632199439814 ) ) ;
#640 = ORIENTED_EDGE ( 'NONE', *, *, #1836, .T. ) ;
#641 = CARTESIAN_POINT ( 'NONE',  ( 0.000000000000000000, -4.000000000000000000, 2.500000000000000444 ) ) ;
#642 = CARTESIAN_POINT ( 'NONE',  ( -4.767455064928217467, 4.417455064928217823, 3.500000000000110134 ) ) ;
#643 = CARTESIAN_POINT ( 'NONE',  ( 7.200058733486816465, 7.612383710629506695, 0.2621579049823855589 ) ) ;
#644 = CARTESIAN_POINT ( 'NONE',  ( 0.2893062669635385054, -10.39309444171193952, 0.3000000000001119549 ) ) ;
#645 = CARTESIAN_POINT ( 'NONE',  ( -10.48600319986405793, 1.285021382085573966E-15, -0.8017452406439139478 ) ) ;
#646 = B_SPLINE_CURVE_WITH_KNOTS ( 'NONE', 3,
 ( #1434, #2550, #566, #1455, #2710, #2079 ),
 .UNSPECIFIED., .F., .F.,
 ( 4, 2, 4 ),
 ( 0.000000000000000000, 0.5000000000000000000, 1.000000000000000000 ),
 .UNSPECIFIED. ) ;
#647 = ORIENTED_EDGE ( 'NONE', *, *, #769, .T. ) ;
#648 = CARTESIAN_POINT ( 'NONE',  ( 8.869645224323980059, -3.022093025123044896, -2.699999999999890044 ) ) ;
#649 =( BOUNDED_CURVE ( )  B_SPLINE_CURVE ( 3, ( #244, #2636, #216, #1332 ),
 .UNSPECIFIED., .F., .F. ) 
 B_SPLINE_CURVE_WITH_KNOTS ( ( 4, 4 ),
 ( 0.000000000000000000, 1.000000000000000000 ),
 .UNSPECIFIED. ) 
 CURVE ( )  GEOMETRIC_REPRESENTATION_ITEM ( )  RATIONAL_B_SPLINE_CURVE ( ( 1.000000000000000000, 0.8088336327696910022, 0.8088336327696910022, 1.000000000000000000 ) ) 
 REPRESENTATION_ITEM ( '' )  );
#650 = EDGE_CURVE ( 'NONE', #1212, #437, #1628, .T. ) ;
#651 = AXIS2_PLACEMENT_3D ( 'NONE', #810, #1433, #156 ) ;
#652 = ORIENTED_EDGE ( 'NONE', *, *, #1269, .F. ) ;
#653 = CARTESIAN_POINT ( 'NONE',  ( -4.767455064928217467, 0.000000000000000000, 3.500000000000110134 ) ) ;
#654 = CARTESIAN_POINT ( 'NONE',  ( 8.745398401617759276, 17.49079680323551855, -2.699999999999887379 ) ) ;
#655 = AXIS2_PLACEMENT_3D ( 'NONE', #783, #411, #1290 ) ;
#656 = ORIENTED_EDGE ( 'NONE', *, *, #1251, .F. ) ;
#657 = PLANE ( 'NONE',  #879 ) ;
#658 = DIRECTION ( 'NONE',  ( 0.000000000000000000, -1.000000000000000000, 0.000000000000000000 ) ) ;
#659 = CARTESIAN_POINT ( 'NONE',  ( 0.1947069001666690002, -10.49538580505859997, 0.2087155742748789677 ) ) ;
#660 = CARTESIAN_POINT ( 'NONE',  ( 1.303598163659859921, -9.353741700326519748, 3.500000000000494715 ) ) ;
#661 = CARTESIAN_POINT ( 'NONE',  ( -9.238931129841850165, 1.564024495972559992, -2.699999999999890044 ) ) ;
#662 = ORIENTED_EDGE ( 'NONE', *, *, #169, .T. ) ;
#663 = CARTESIAN_POINT ( 'NONE',  ( 8.819888016530001096, -3.165195916944474774, -2.699999999999890044 ) ) ;
#664 = VERTEX_POINT ( 'NONE', #1152 ) ;
#665 =( BOUNDED_CURVE ( )  B_SPLINE_CURVE ( 3, ( #2146, #2607, #806, #645 ),
 .UNSPECIFIED., .F., .T. ) 
 B_SPLINE_CURVE_WITH_KNOTS ( ( 4, 4 ),
 ( 0.000000000000000000, 1.000000000000000000 ),
 .UNSPECIFIED. ) 
 CURVE ( )  GEOMETRIC_REPRESENTATION_ITEM ( )  RATIONAL_B_SPLINE_CURVE ( ( 1.000000000000000000, 0.8088336327693690375, 0.8088336327693690375, 1.000000000000000000 ) ) 
 REPRESENTATION_ITEM ( '' )  );
#666 = EDGE_CURVE ( 'NONE', #1322, #413, #1859, .T. ) ;
#667 = CARTESIAN_POINT ( 'NONE',  ( -1.136655456981889856, -9.504716741008760295, 3.521012209169649854 ) ) ;
#668 = EDGE_CURVE ( 'NONE', #1975, #1359, #1362, .T. ) ;
#669 = ORIENTED_EDGE ( 'NONE', *, *, #1320, .T. ) ;
#670 = CARTESIAN_POINT ( 'NONE',  ( 7.200169203334692014, 7.612500506742111206, 0.2535420736021058441 ) ) ;
#671 = B_SPLINE_SURFACE_WITH_KNOTS ( 'NONE', 1, 3, ( 
 ( #1182, #2343, #1196, #954, #96, #1630 ),
 ( #520, #1405, #984, #304, #2852, #422 ),
 ( #2415, #1286, #2175, #854, #2839, #2151 ),
 ( #1262, #2797, #827, #1497, #842, #812 ) ),
 .UNSPECIFIED., .F., .F., .F.,
 ( 2, 1, 1, 2 ),
 ( 4, 2, 4 ),
 ( -0.01315789473684023971, 0.000000000000000000, 0.9868421052631570767, 1.000000000000000000 ),
 ( 0.000000000000000000, 0.5000000000000000000, 1.000000000000000000 ),
 .UNSPECIFIED. ) ;
#672 = CARTESIAN_POINT ( 'NONE',  ( 8.645413632102114221, 17.29082726420422844, -2.601745240643602131 ) ) ;
#673 = LINE ( 'NONE', #1325, #1678 ) ;
#674 = CARTESIAN_POINT ( 'NONE',  ( 7.568378407878550540, 5.711063327675000245, 1.366666666667158081 ) ) ;
#675 = CARTESIAN_POINT ( 'NONE',  ( -7.608737474782444998, 7.209383287715611210, 0.2074396509440586123 ) ) ;
#676 = CARTESIAN_POINT ( 'NONE',  ( -3.449161963773164974, 8.712405690923809232, -2.699999999999890044 ) ) ;
#677 = ORIENTED_EDGE ( 'NONE', *, *, #2260, .T. ) ;
#678 = CARTESIAN_POINT ( 'NONE',  ( 5.193745564067629772, -7.799609844474530540, -2.699999999999890044 ) ) ;
#679 = CARTESIAN_POINT ( 'NONE',  ( -1.175537861478979762, -9.390247968480270657, 2.443415671043388304 ) ) ;
#680 = CARTESIAN_POINT ( 'NONE',  ( -5.939288884101610044, 7.570423242174070033, 0.2807891795139539903 ) ) ;
#681 =( BOUNDED_SURFACE ( )  B_SPLINE_SURFACE ( 3, 2, ( 
 ( #354, #1233, #1905 ),
 ( #2571, #584, #1472 ),
 ( #1248, #144, #1031 ),
 ( #1920, #815, #1701 ) ),
 .UNSPECIFIED., .F., .F., .T. ) 
 B_SPLINE_SURFACE_WITH_KNOTS ( ( 4, 4 ),
 ( 3, 3 ),
 ( 0.000000000000000000, 1.000000000000000000 ),
 ( 0.000000000000000000, 1.000000000000000000 ),
 .UNSPECIFIED. ) 
 GEOMETRIC_REPRESENTATION_ITEM ( )  RATIONAL_B_SPLINE_SURFACE ( (
 ( 1.000000000000000000, 0.8365324203295320116, 1.000000000000000000),
 ( 1.000000000000000000, 0.8332478914112300128, 1.000000000000000000),
 ( 1.000000000000000000, 0.8298685015596170000, 1.000000000000000000),
 ( 1.000000000000000000, 0.8263856407838610085, 1.000000000000000000) ) ) 
 REPRESENTATION_ITEM ( '' )  SURFACE ( )  );
#682 = EDGE_LOOP ( 'NONE', ( #625, #1329, #716, #2406, #450, #468, #2853, #2306, #2332, #2039 ) ) ;
#683 = DIRECTION ( 'NONE',  ( 0.000000000000000000, 0.000000000000000000, 1.000000000000000000 ) ) ;
#684 = CARTESIAN_POINT ( 'NONE',  ( 9.469287679984336847, 18.93857535996867369, -2.659507635284655169 ) ) ;
#685 = EDGE_CURVE ( 'NONE', #1199, #1990, #692, .T. ) ;
#686 = DIRECTION ( 'NONE',  ( 0.01744974916068272111, -0.01744974916068272111, -0.9996954598818874604 ) ) ;
#687 = CARTESIAN_POINT ( 'NONE',  ( 7.354366726280670008, 7.492178942250450113, 0.2087158483593660185 ) ) ;
#688 = FACE_OUTER_BOUND ( 'NONE', #2703, .T. ) ;
#689 = CARTESIAN_POINT ( 'NONE',  ( -8.918517108778420521, 2.878741273665324840, -2.699999999999890044 ) ) ;
#690 = ORIENTED_EDGE ( 'NONE', *, *, #2667, .F. ) ;
#691 = CARTESIAN_POINT ( 'NONE',  ( -7.070128296033939996, -6.158099975659069081, -2.699999999999890044 ) ) ;
#692 = CIRCLE ( 'NONE', #2308, 9.470295926333278658 ) ;
#693 = ORIENTED_EDGE ( 'NONE', *, *, #2330, .T. ) ;
#694 = CARTESIAN_POINT ( 'NONE',  ( -0.01969258461807425753, -10.49612392317963305, 0.2136488199506574037 ) ) ;
#695 = AXIS2_PLACEMENT_3D ( 'NONE', #1551, #211, #2630 ) ;
#696 = CARTESIAN_POINT ( 'NONE',  ( 5.720422350329049443, 7.584640277156800003, 0.3000000000025404567 ) ) ;
#697 = AXIS2_PLACEMENT_3D ( 'NONE', #1682, #2561, #247 ) ;
#698 = CARTESIAN_POINT ( 'NONE',  ( 8.687627208144180102, 0.000000000000000000, -2.699999999999892708 ) ) ;
#699 = COLOUR_RGB ( '',1.000000000000000000, 1.000000000000000000, 1.000000000000000000 ) ;
#700 = CARTESIAN_POINT ( 'NONE',  ( 5.931443692550620206, 7.555113665496670627, 1.366666666645715900 ) ) ;
#701 = ADVANCED_FACE ( 'NONE', ( #255 ), #1671, .T. ) ;
#702 = CARTESIAN_POINT ( 'NONE',  ( -9.370311156817638931, 0.000000000000000000, -2.699999999999890044 ) ) ;
#703 = CARTESIAN_POINT ( 'NONE',  ( -9.469287679984359940, 0.000000000000000000, -2.659507635284657834 ) ) ;
#704 = CARTESIAN_POINT ( 'NONE',  ( -7.082948573956389993, 6.168620004539829615, -2.699999999999890044 ) ) ;
#705 = VERTEX_POINT ( 'NONE', #1900 ) ;
#706 = CARTESIAN_POINT ( 'NONE',  ( -2.734394083612429860, -8.963847699898211729, -2.699999999999890044 ) ) ;
#707 = CARTESIAN_POINT ( 'NONE',  ( 0.01659651055308430587, -10.49612039793794871, 0.2137587798714138398 ) ) ;
#708 = CARTESIAN_POINT ( 'NONE',  ( 5.787926542724155077, 7.547396895660279270, 0.2994623037493935325 ) ) ;
#709 = CARTESIAN_POINT ( 'NONE',  ( 7.584640277156959876, 5.720422350328829175, 0.3000000000025414559 ) ) ;
#710 = CARTESIAN_POINT ( 'NONE',  ( 7.584640277156959876, 5.720422350328829175, 0.3000000000025414559 ) ) ;
#711 = CARTESIAN_POINT ( 'NONE',  ( -7.536872166698155517, 7.284265959536098123, 0.2091707031060445754 ) ) ;
#712 = CARTESIAN_POINT ( 'NONE',  ( -3.741416954961120034, 8.591348959357837600, -2.699999999999890044 ) ) ;
#713 = ADVANCED_FACE ( 'NONE', ( #379 ), #1677, .T. ) ;
#714 = EDGE_CURVE ( 'NONE', #1864, #2711, #2034, .T. ) ;
#715 = CARTESIAN_POINT ( 'NONE',  ( 0.000000000000000000, 0.000000000000000000, 1.118896642005040576E-13 ) ) ;
#716 = ORIENTED_EDGE ( 'NONE', *, *, #2753, .T. ) ;
#717 = CARTESIAN_POINT ( 'NONE',  ( -1.139746641656034010, -9.301893616441560653, -2.699999999999890044 ) ) ;
#718 = EDGE_CURVE ( 'NONE', #1990, #2235, #2534, .T. ) ;
#719 = CARTESIAN_POINT ( 'NONE',  ( -0.2562335851366095985, -10.49367312404273100, 0.2087155742748798004 ) ) ;
#720 = CARTESIAN_POINT ( 'NONE',  ( 10.44378962380598885, 0.000000000000000000, -0.8999999999998885558 ) ) ;
#721 = ORIENTED_EDGE ( 'NONE', *, *, #750, .T. ) ;
#722 = CARTESIAN_POINT ( 'NONE',  ( -7.535580551582419240, 5.692146372561669665, 3.519252583228729581 ) ) ;
#723 = CARTESIAN_POINT ( 'NONE',  ( -9.469287679984358164, 0.000000000000000000, -2.659507635284657834 ) ) ;
#724 = CARTESIAN_POINT ( 'NONE',  ( -9.250541457807150536, 1.493430563567585745, -2.699999999999890044 ) ) ;
#725 = CARTESIAN_POINT ( 'NONE',  ( 5.127525657264230041, 7.842908376978419582, -2.699999999999890044 ) ) ;
#726 = CARTESIAN_POINT ( 'NONE',  ( -7.492470765206242334, 5.834704822184414219, 3.499934966327806762 ) ) ;
#727 = ORIENTED_EDGE ( 'NONE', *, *, #1560, .T. ) ;
#728 = CARTESIAN_POINT ( 'NONE',  ( 2.589555904064335223, -9.005491319980089671, -2.699999999999890044 ) ) ;
#729 = CARTESIAN_POINT ( 'NONE',  ( 0.000000000000000000, 0.000000000000000000, -0.0005242108632730340008 ) ) ;
#730 = CARTESIAN_POINT ( 'NONE',  ( 0.000000000000000000, -9.231417910447838437, 0.2796514856413525041 ) ) ;
#731 = CARTESIAN_POINT ( 'NONE',  ( -10.38601843033239902, 20.77203686066479804, -0.8999999999998885558 ) ) ;
#732 = EDGE_CURVE ( 'NONE', #1334, #1808, #1764, .T. ) ;
#733 = VECTOR ( 'NONE', #2403, 1000.000000000000114 ) ;
#734 = ORIENTED_EDGE ( 'NONE', *, *, #1410, .T. ) ;
#735 = CARTESIAN_POINT ( 'NONE',  ( -7.488688161738108029, 5.816781719251061133, 1.363091715754718658 ) ) ;
#736 = AXIS2_PLACEMENT_3D ( 'NONE', #433, #2858, #1060 ) ;
#737 = AXIS2_PLACEMENT_3D ( 'NONE', #1805, #1598, #212 ) ;
#738 = CARTESIAN_POINT ( 'NONE',  ( -10.77709303974361355, -10.14155755384730462, 0.2999999999991042610 ) ) ;
#739 = CARTESIAN_POINT ( 'NONE',  ( -1.142595635359384021, -9.520600069037330471, 2.433333333309900315 ) ) ;
#740 = AXIS2_PLACEMENT_3D ( 'NONE', #332, #2500, #1401 ) ;
#741 = CARTESIAN_POINT ( 'NONE',  ( -1.928511112145965045, 9.169721373619960758, -2.699999999999890044 ) ) ;
#742 = PLANE ( 'NONE',  #971 ) ;
#743 = AXIS2_PLACEMENT_3D ( 'NONE', #801, #2074, #816 ) ;
#744 = ORIENTED_EDGE ( 'NONE', *, *, #2048, .F. ) ;
#745 = CARTESIAN_POINT ( 'NONE',  ( -8.921912724428638697, -2.880241161335510114, -2.699999999999890044 ) ) ;
#746 = CARTESIAN_POINT ( 'NONE',  ( 8.645413632102119550, 0.000000000000000000, -2.601745240643604795 ) ) ;
#747 = VERTEX_POINT ( 'NONE', #2579 ) ;
#748 = CARTESIAN_POINT ( 'NONE',  ( 0.000000000000000000, 0.000000000000000000, 9.887923813067799176E-14 ) ) ;
#749 = CARTESIAN_POINT ( 'NONE',  ( -0.2916616336545975186, -10.47770909151834040, 0.2077349368215179737 ) ) ;
#750 = EDGE_CURVE ( 'NONE', #1964, #329, #2726, .T. ) ;
#751 = EDGE_CURVE ( 'NONE', #198, #2015, #1465, .T. ) ;
#752 = CARTESIAN_POINT ( 'NONE',  ( -7.455648680564750386, 7.307372859950400645, 0.3000000000001129541 ) ) ;
#753 = CARTESIAN_POINT ( 'NONE',  ( 10.48499495349918931, 20.96998990699837861, -0.8595076352845815171 ) ) ;
#754 = CARTESIAN_POINT ( 'NONE',  ( 4.767455064928217467, 0.8325449350717822883, 3.500000000000110134 ) ) ;
#755 =( BOUNDED_CURVE ( )  B_SPLINE_CURVE ( 3, ( #869, #2379, #654, #1961 ),
 .UNSPECIFIED., .F., .F. ) 
 B_SPLINE_CURVE_WITH_KNOTS ( ( 4, 4 ),
 ( 0.000000000000000000, 0.5000000000000000000 ),
 .UNSPECIFIED. ) 
 CURVE ( )  GEOMETRIC_REPRESENTATION_ITEM ( )  RATIONAL_B_SPLINE_CURVE ( ( 1.000000000000000000, 0.3333333333333335369, 0.3333333333333335369, 1.000000000000000000 ) ) 
 REPRESENTATION_ITEM ( '' )  );
#756 = CARTESIAN_POINT ( 'NONE',  ( -7.625972388506790267, 7.212911380246060489, 0.2087155742748779963 ) ) ;
#757 = CARTESIAN_POINT ( 'NONE',  ( 7.272977932063669826, 5.908385825065199271, -2.699999999999890044 ) ) ;
#758 = DIRECTION ( 'NONE',  ( 0.01745240643728354635, 0.000000000000000000, 0.9998476951563911586 ) ) ;
#759 = ORIENTED_EDGE ( 'NONE', *, *, #732, .F. ) ;
#760 = CARTESIAN_POINT ( 'NONE',  ( -9.120271752706779367, -2.150415590131395049, -2.699999999999890044 ) ) ;
#761 = DIRECTION ( 'NONE',  ( 0.000000000000000000, 1.000000000000000000, -1.136336271174185066E-16 ) ) ;
#762 = ORIENTED_EDGE ( 'NONE', *, *, #2345, .T. ) ;
#763 = CARTESIAN_POINT ( 'NONE',  ( 9.282335327572068806, -1.281280292748460115, -2.699999999999890044 ) ) ;
#764 = CARTESIAN_POINT ( 'NONE',  ( 10.48600319984802987, 20.97200639969605973, -0.8017452406435795487 ) ) ;
#765 = ORIENTED_EDGE ( 'NONE', *, *, #2417, .T. ) ;
#766 = CARTESIAN_POINT ( 'NONE',  ( -1.303598163660292020, -9.353741700326459352, 3.500000000000494715 ) ) ;
#767 = CARTESIAN_POINT ( 'NONE',  ( 7.584818112002169599, 7.089271193340580979, 0.2999999999970189846 ) ) ;
#768 = DIRECTION ( 'NONE',  ( 0.08715574264831887907, 1.067350012615741803E-17, -0.9961946981004367041 ) ) ;
#769 = EDGE_CURVE ( 'NONE', #1528, #1059, #109, .T. ) ;
#770 = CARTESIAN_POINT ( 'NONE',  ( 7.558562195196658173, 7.262130968602340531, 0.2083488578043209416 ) ) ;
#771 = CARTESIAN_POINT ( 'NONE',  ( -1.141837477438859993, 9.318134067618769834, -2.699999999999890044 ) ) ;
#772 = DIRECTION ( 'NONE',  ( 0.01745240643728354635, 0.000000000000000000, 0.9998476951563911586 ) ) ;
#773 = EDGE_LOOP ( 'NONE', ( #1594, #1880 ) ) ;
#774 = CARTESIAN_POINT ( 'NONE',  ( 1.168529183301630914, -9.372231840039807693, 3.518909643096104656 ) ) ;
#775 = B_SPLINE_CURVE_WITH_KNOTS ( 'NONE', 3,
 ( #2804, #435, #2862, #1506 ),
 .UNSPECIFIED., .F., .F.,
 ( 4, 4 ),
 ( 0.000000000000000000, 1.000000000000000000 ),
 .UNSPECIFIED. ) ;
#776 = ORIENTED_EDGE ( 'NONE', *, *, #2632, .T. ) ;
#777 = DIRECTION ( 'NONE',  ( 0.000000000000000000, 0.000000000000000000, 1.000000000000000000 ) ) ;
#778 = CARTESIAN_POINT ( 'NONE',  ( -7.609168618567326625, 7.197017786976543263, 0.2656921980770459712 ) ) ;
#779 = FACE_BOUND ( 'NONE', #1978, .T. ) ;
#780 = B_SPLINE_CURVE_WITH_KNOTS ( 'NONE', 3,
 ( #887, #1087, #234, #432 ),
 .UNSPECIFIED., .F., .F.,
 ( 4, 4 ),
 ( 0.000000000000000000, 1.000000000000000000 ),
 .UNSPECIFIED. ) ;
#781 = ORIENTED_EDGE ( 'NONE', *, *, #503, .T. ) ;
#782 = CARTESIAN_POINT ( 'NONE',  ( -7.547396895660194005, 5.787926542724249224, 0.2994623037493927553 ) ) ;
#783 = CARTESIAN_POINT ( 'NONE',  ( 0.000000000000000000, 0.000000000000000000, 1.118896642005040576E-13 ) ) ;
#784 = B_SPLINE_CURVE_WITH_KNOTS ( 'NONE', 3,
 ( #2275, #277, #2695, #54, #323, #2095 ),
 .UNSPECIFIED., .F., .F.,
 ( 4, 2, 4 ),
 ( 0.000000000000000000, 0.5000000000000000000, 1.000000000000000000 ),
 .UNSPECIFIED. ) ;
#785 = VECTOR ( 'NONE', #2421, 1000.000000000000114 ) ;
#786 = CARTESIAN_POINT ( 'NONE',  ( 4.267455064928218356, -0.1674550649282176285, 3.500000000000110134 ) ) ;
#787 = CARTESIAN_POINT ( 'NONE',  ( -9.357274999102209279, 0.5718048736252470121, -2.699999999999890044 ) ) ;
#788 = CARTESIAN_POINT ( 'NONE',  ( 3.378419311713330320, 8.740161595660229210, -2.699999999999890044 ) ) ;
#789 = VECTOR ( 'NONE', #2699, 1000.000000000000114 ) ;
#790 = CARTESIAN_POINT ( 'NONE',  ( -7.625972388506790267, 7.212911380246060489, 0.2087155742748779963 ) ) ;
#791 = EDGE_CURVE ( 'NONE', #2235, #1059, #2041, .T. ) ;
#792 = CARTESIAN_POINT ( 'NONE',  ( -9.192461035213669973, -1.816975292897345051, -2.699999999999890044 ) ) ;
#793 = CARTESIAN_POINT ( 'NONE',  ( -8.687627208144180102, 0.000000000000000000, -2.699999999999892708 ) ) ;
#794 = EDGE_LOOP ( 'NONE', ( #1820, #2197, #1555, #843, #2757, #174, #568, #927, #532, #2120 ) ) ;
#795 = DIRECTION ( 'NONE',  ( 0.000000000000000000, 1.796030329375795091E-12, -1.000000000000000000 ) ) ;
#796 = B_SPLINE_CURVE_WITH_KNOTS ( 'NONE', 3,
 ( #710, #674, #248, #1567 ),
 .UNSPECIFIED., .F., .F.,
 ( 4, 4 ),
 ( 0.000000000000000000, 1.000000000000000000 ),
 .UNSPECIFIED. ) ;
#797 = CARTESIAN_POINT ( 'NONE',  ( 0.1494226089567377846, -10.48051204182221241, 0.2099260692974648790 ) ) ;
#798 = DIRECTION ( 'NONE',  ( 0.000000000000000000, -1.000000000000000000, 0.000000000000000000 ) ) ;
#799 = ORIENTED_EDGE ( 'NONE', *, *, #313, .T. ) ;
#800 = CARTESIAN_POINT ( 'NONE',  ( 6.527598204444630348, 6.527598204444729824, 0.2796514856413525041 ) ) ;
#801 = CARTESIAN_POINT ( 'NONE',  ( 0.000000000000000000, 0.000000000000000000, -0.8999999999999479527 ) ) ;
#802 = CARTESIAN_POINT ( 'NONE',  ( 7.238960830729429752, 7.601333907239293808, 0.2087155742748773857 ) ) ;
#803 = CARTESIAN_POINT ( 'NONE',  ( 7.615095065325170332, 7.202623227579840304, 0.2077349357898105320 ) ) ;
#804 = CARTESIAN_POINT ( 'NONE',  ( 10.49998856494473820, 0.000000000000000000, -0.0005242108632730340008 ) ) ;
#805 = CARTESIAN_POINT ( 'NONE',  ( -9.169721373619760030, -1.928511112145300022, -2.699999999999890044 ) ) ;
#806 = CARTESIAN_POINT ( 'NONE',  ( -10.48499495349919997, 0.000000000000000000, -0.8595076352845828493 ) ) ;
#807 = ADVANCED_FACE ( 'NONE', ( #362, #317, #2327 ), #1227, .T. ) ;
#808 = ADVANCED_FACE ( 'NONE', ( #1686 ), #1565, .T. ) ;
#809 = EDGE_LOOP ( 'NONE', ( #2664, #1812, #1108, #1321 ) ) ;
#810 = CARTESIAN_POINT ( 'NONE',  ( 0.000000000000000000, 0.000000000000000000, -0.8999999999999479527 ) ) ;
#811 = CARTESIAN_POINT ( 'NONE',  ( -7.144464143617160090, 7.553605391454039975, 0.2988583354699595462 ) ) ;
#812 = CARTESIAN_POINT ( 'NONE',  ( 7.614971478482689626, 7.202506334822400547, 0.2073908069849900171 ) ) ;
#813 = EDGE_CURVE ( 'NONE', #1348, #88, #147, .T. ) ;
#814 = VERTEX_POINT ( 'NONE', #1694 ) ;
#815 = CARTESIAN_POINT ( 'NONE',  ( 5.800893779417590324, 7.453443598471625187, 3.518909643096101547 ) ) ;
#816 = DIRECTION ( 'NONE',  ( 0.000000000000000000, -1.000000000000000000, 1.141265444721583542E-17 ) ) ;
#817 = CARTESIAN_POINT ( 'NONE',  ( -7.615116227299029816, 7.202643243314529542, 0.2074082381336629921 ) ) ;
#818 = DIRECTION ( 'NONE',  ( 0.000000000000000000, 0.000000000000000000, -1.000000000000000000 ) ) ;
#819 = DIRECTION ( 'NONE',  ( 0.000000000000000000, -1.000000000000000000, 0.000000000000000000 ) ) ;
#820 = CARTESIAN_POINT ( 'NONE',  ( -7.524886399342849863, 5.917251657107620133, 3.499999999991440180 ) ) ;
#821 = DIRECTION ( 'NONE',  ( -1.000000000000000000, 0.000000000000000000, 0.000000000000000000 ) ) ;
#822 = CARTESIAN_POINT ( 'NONE',  ( -9.158629015409571750, 2.003699186096934870, -2.699999999999890044 ) ) ;
#823 = ORIENTED_EDGE ( 'NONE', *, *, #186, .F. ) ;
#824 = B_SPLINE_CURVE_WITH_KNOTS ( 'NONE', 3,
 ( #2069, #719, #479, #924, #1850, #953, #2733, #694, #1644, #707, #533, #941, #1603, #1614, #490, #1374 ),
 .UNSPECIFIED., .F., .F.,
 ( 4, 2, 2, 2, 2, 2, 2, 4 ),
 ( 0.000000000000000000, 0.2500000000000000000, 0.3750000000000000000, 0.4375000000000000000, 0.5000000000000000000, 0.6250000000000000000, 0.7500000000000000000, 1.000000000000000000 ),
 .UNSPECIFIED. ) ;
#825 = CARTESIAN_POINT ( 'NONE',  ( 0.000000000000000000, 0.000000000000000000, 2.500000000000000000 ) ) ;
#826 = CARTESIAN_POINT ( 'NONE',  ( 0.1555638915534479916, -10.48043738499149313, 0.2097630490699013694 ) ) ;
#827 = CARTESIAN_POINT ( 'NONE',  ( 7.342581343181239895, 7.479989750750870137, 0.2126218378592240055 ) ) ;
#828 = VERTEX_POINT ( 'NONE', #2576 ) ;
#829 = ADVANCED_FACE ( 'NONE', ( #1641 ), #89, .T. ) ;
#830 = LINE ( 'NONE', #552, #1343 ) ;
#831 = PLANE ( 'NONE',  #1954 ) ;
#832 = ORIENTED_EDGE ( 'NONE', *, *, #2258, .T. ) ;
#833 = LINE ( 'NONE', #1502, #184 ) ;
#834 = DIRECTION ( 'NONE',  ( 0.000000000000000000, -0.01745240643728354635, 0.9998476951563911586 ) ) ;
#835 = AXIS2_PLACEMENT_3D ( 'NONE', #2824, #1511, #440 ) ;
#836 = LINE ( 'NONE', #574, #1024 ) ;
#837 = CARTESIAN_POINT ( 'NONE',  ( 0.000000000000000000, 0.000000000000000000, -0.0005242108632730340008 ) ) ;
#838 = CIRCLE ( 'NONE', #1346, 10.48173752894741817 ) ;
#839 = AXIS2_PLACEMENT_3D ( 'NONE', #2619, #1025, #2386 ) ;
#840 = ORIENTED_EDGE ( 'NONE', *, *, #2432, .T. ) ;
#841 = CARTESIAN_POINT ( 'NONE',  ( 3.559279573339565239, -8.668003561896819420, -2.699999999999890044 ) ) ;
#842 = CARTESIAN_POINT ( 'NONE',  ( 7.548155702554799618, 7.273148442492580301, 0.2073908069849750013 ) ) ;
#843 = ORIENTED_EDGE ( 'NONE', *, *, #1391, .F. ) ;
#844 = DIRECTION ( 'NONE',  ( -1.000000000000000000, 0.000000000000000000, 0.000000000000000000 ) ) ;
#845 = EDGE_CURVE ( 'NONE', #1754, #2092, #1430, .T. ) ;
#846 = EDGE_LOOP ( 'NONE', ( #985, #1044, #1392, #776 ) ) ;
#847 = ORIENTED_EDGE ( 'NONE', *, *, #1962, .T. ) ;
#848 = CARTESIAN_POINT ( 'NONE',  ( -1.136769427905780061, -9.505026973361880849, 3.499999999991440180 ) ) ;
#849 = CARTESIAN_POINT ( 'NONE',  ( 8.526844012338660406, 3.885456499062505120, -2.699999999999890044 ) ) ;
#850 = CARTESIAN_POINT ( 'NONE',  ( -7.212911380246009863, 7.625972388506860433, 0.2087155742748779963 ) ) ;
#851 = CARTESIAN_POINT ( 'NONE',  ( 9.370311156817638931, 0.000000000000000000, -2.699999999999890044 ) ) ;
#852 = ORIENTED_EDGE ( 'NONE', *, *, #863, .F. ) ;
#853 = CARTESIAN_POINT ( 'NONE',  ( 7.887127827030679050, -5.059880525075779900, -2.699999999999890044 ) ) ;
#854 = CARTESIAN_POINT ( 'NONE',  ( 7.480222358731730026, 7.342629215200049408, 0.2126360116942399847 ) ) ;
#855 =( BOUNDED_CURVE ( )  B_SPLINE_CURVE ( 3, ( #41, #538, #1204, #2262 ),
 .UNSPECIFIED., .F., .F. ) 
 B_SPLINE_CURVE_WITH_KNOTS ( ( 4, 4 ),
 ( 0.000000000000000000, 1.000000000000000000 ),
 .UNSPECIFIED. ) 
 CURVE ( )  GEOMETRIC_REPRESENTATION_ITEM ( )  RATIONAL_B_SPLINE_CURVE ( ( 1.000000000000000000, 0.6090981522053608987, 0.6090981522053608987, 1.000000000000000000 ) ) 
 REPRESENTATION_ITEM ( '' )  );
#856 = VERTEX_POINT ( 'NONE', #2307 ) ;
#857 = CARTESIAN_POINT ( 'NONE',  ( 4.748553654707589722, 4.398553654707589189, 2.417138933693051328 ) ) ;
#858 = CARTESIAN_POINT ( 'NONE',  ( -7.089271193340580979, 7.584818112002169599, 0.2999999999970189846 ) ) ;
#859 = VERTEX_POINT ( 'NONE', #1881 ) ;
#860 = DIRECTION ( 'NONE',  ( -1.000000000000000000, 0.000000000000000000, 0.000000000000000000 ) ) ;
#861 = CARTESIAN_POINT ( 'NONE',  ( -7.283793788974289640, 7.559203569091160091, 0.2087330054234264876 ) ) ;
#862 = CARTESIAN_POINT ( 'NONE',  ( 0.09730278785023278865, -10.49628269541270065, 0.2139466051489589682 ) ) ;
#863 = EDGE_CURVE ( 'NONE', #2312, #1849, #2834, .T. ) ;
#864 = CARTESIAN_POINT ( 'NONE',  ( 0.3504045865942385096, -10.37614805554190056, 0.2999999999970204834 ) ) ;
#865 = CARTESIAN_POINT ( 'NONE',  ( -6.527598204444640118, 6.527598204444680086, 0.2999999999815374796 ) ) ;
#866 = ORIENTED_EDGE ( 'NONE', *, *, #1102, .F. ) ;
#867 = CARTESIAN_POINT ( 'NONE',  ( 5.395081023121200303, -7.661781626482329521, -2.699999999999890044 ) ) ;
#868 = ORIENTED_EDGE ( 'NONE', *, *, #2682, .F. ) ;
#869 = CARTESIAN_POINT ( 'NONE',  ( -8.745398401617759276, 0.000000000000000000, -2.699999999999890044 ) ) ;
#870 = VERTEX_POINT ( 'NONE', #1897 ) ;
#871 = CARTESIAN_POINT ( 'NONE',  ( 7.176425548348842831, 7.587397126459331176, 0.2917691667769997665 ) ) ;
#872 = DIRECTION ( 'NONE',  ( 0.01744974916068272111, 0.01744974916068271417, -0.9996954598818874604 ) ) ;
#873 = CARTESIAN_POINT ( 'NONE',  ( -4.748660227518609389, 4.398660227518609744, 2.423244485947255722 ) ) ;
#874 = DIRECTION ( 'NONE',  ( 0.000000000000000000, 1.136336271174183833E-16, 1.000000000000000000 ) ) ;
#875 = FACE_OUTER_BOUND ( 'NONE', #22, .T. ) ;
#876 = EDGE_CURVE ( 'NONE', #1589, #1081, #444, .T. ) ;
#877 = ORIENTED_EDGE ( 'NONE', *, *, #1540, .F. ) ;
#878 = CARTESIAN_POINT ( 'NONE',  ( 8.726965330737129989, -3.412379140675994904, -2.699999999999890044 ) ) ;
#879 = AXIS2_PLACEMENT_3D ( 'NONE', #207, #1548, #2021 ) ;
#880 = VECTOR ( 'NONE', #1763, 1000.000000000000114 ) ;
#881 = ORIENTED_EDGE ( 'NONE', *, *, #2648, .F. ) ;
#882 = CARTESIAN_POINT ( 'NONE',  ( 7.625972388506809807, 7.212911380246060489, 0.2087155742748779963 ) ) ;
#883 = FILL_AREA_STYLE ('',( #2030 ) ) ;
#884 = VECTOR ( 'NONE', #2836, 1000.000000000000227 ) ;
#885 = PRODUCT_DEFINITION_FORMATION_WITH_SPECIFIED_SOURCE ( 'ไป', '', #2223, .NOT_KNOWN. ) ;
#886 = VERTEX_POINT ( 'NONE', #1668 ) ;
#887 = CARTESIAN_POINT ( 'NONE',  ( -5.917251657107569507, 7.524886399342880061, 3.499999999991440180 ) ) ;
#888 = CARTESIAN_POINT ( 'NONE',  ( -9.470295926333273329, 18.94059185266654666, -2.601745240643716706 ) ) ;
#889 = CARTESIAN_POINT ( 'NONE',  ( -0.1947441231257029948, -10.49558408502197970, 0.2087330054234305121 ) ) ;
#890 = CARTESIAN_POINT ( 'NONE',  ( -9.470295926333278658, 0.000000000000000000, -2.601745240643719814 ) ) ;
#891 = CARTESIAN_POINT ( 'NONE',  ( 7.263087920798114716, 7.557389099570847257, 0.2084672081521917186 ) ) ;
#892 = CARTESIAN_POINT ( 'NONE',  ( -4.170751651953454875, 8.392532009979777996, -2.699999999999890044 ) ) ;
#893 = ORIENTED_EDGE ( 'NONE', *, *, #899, .F. ) ;
#894 = CARTESIAN_POINT ( 'NONE',  ( 5.908385825066329922, -7.272977932062929085, -2.699999999999890044 ) ) ;
#895 = EDGE_CURVE ( 'NONE', #828, #1429, #1091, .T. ) ;
#896 = ORIENTED_EDGE ( 'NONE', *, *, #2310, .F. ) ;
#897 = CARTESIAN_POINT ( 'NONE',  ( 8.645413632050228614, 1.058757813179520712E-15, -2.601745240644477430 ) ) ;
#898 = CARTESIAN_POINT ( 'NONE',  ( -5.710874623708739328, 7.568685755360940348, 1.359119014790320046 ) ) ;
#899 = EDGE_CURVE ( 'NONE', #1417, #1264, #2031, .T. ) ;
#900 = ORIENTED_EDGE ( 'NONE', *, *, #1457, .T. ) ;
#901 = DIRECTION ( 'NONE',  ( -1.000000000000000000, 0.000000000000000000, 0.000000000000000000 ) ) ;
#902 = CARTESIAN_POINT ( 'NONE',  ( 9.470295926333278658, 0.000000000000000000, -2.601745240643719814 ) ) ;
#903 = CARTESIAN_POINT ( 'NONE',  ( -8.745398401617759276, 0.000000000000000000, -2.699999999999890044 ) ) ;
#904 = CARTESIAN_POINT ( 'NONE',  ( -0.2893062669641104923, -10.39309444171191998, 0.2999999999908254389 ) ) ;
#905 = CARTESIAN_POINT ( 'NONE',  ( 7.294081162083931424, 7.527323168890524663, 0.2095197707032364076 ) ) ;
#906 = CARTESIAN_POINT ( 'NONE',  ( -8.963847699895209686, 2.734394083614694715, -2.699999999999890044 ) ) ;
#907 = VERTEX_POINT ( 'NONE', #2171 ) ;
#908 = CARTESIAN_POINT ( 'NONE',  ( -6.625810560813719441, -6.625810560813719441, -2.699999999999890044 ) ) ;
#909 = CARTESIAN_POINT ( 'NONE',  ( 4.750258819683905287, 0.8497411803160946908, 2.514827769760319853 ) ) ;
#910 = FACE_OUTER_BOUND ( 'NONE', #2442, .T. ) ;
#911 = EDGE_CURVE ( 'NONE', #336, #1322, #254, .T. ) ;
#912 = CARTESIAN_POINT ( 'NONE',  ( 0.000000000000000000, 0.000000000000000000, 0.3000000000000779821 ) ) ;
#913 = CARTESIAN_POINT ( 'NONE',  ( -8.687627208144180102, 17.37525441628836020, -2.699999999999891376 ) ) ;
#914 = CARTESIAN_POINT ( 'NONE',  ( -0.2916569000853239668, -10.47753904186919982, 0.2073908069849890179 ) ) ;
#915 = B_SPLINE_CURVE_WITH_KNOTS ( 'NONE', 3,
 ( #1307, #2195, #1702, #858 ),
 .UNSPECIFIED., .F., .F.,
 ( 4, 4 ),
 ( 2.071759156918609945E-14, 6.341765593886709851E-05 ),
 .UNSPECIFIED. ) ;
#916 = CARTESIAN_POINT ( 'NONE',  ( 7.319136602692074334, 7.518127829756568126, 0.2699415362943582419 ) ) ;
#917 = B_SPLINE_CURVE_WITH_KNOTS ( 'NONE', 3,
 ( #1576, #670, #871, #192 ),
 .UNSPECIFIED., .F., .F.,
 ( 4, 4 ),
 ( 0.000000000000000000, 1.000000000000000000 ),
 .UNSPECIFIED. ) ;
#918 = CARTESIAN_POINT ( 'NONE',  ( -4.267455064928218356, 0.000000000000000000, 3.500000000000110134 ) ) ;
#919 = CARTESIAN_POINT ( 'NONE',  ( -8.595928572418280567, 3.743424548548610176, -2.699999999999890044 ) ) ;
#920 = ORIENTED_EDGE ( 'NONE', *, *, #442, .T. ) ;
#921 = CARTESIAN_POINT ( 'NONE',  ( -2.878741273663249611, -8.918517108781170322, -2.699999999999890044 ) ) ;
#922 = CIRCLE ( 'NONE', #835, 9.470295926333278658 ) ;
#923 = ORIENTED_EDGE ( 'NONE', *, *, #949, .F. ) ;
#924 = CARTESIAN_POINT ( 'NONE',  ( -0.1164168761523577539, -10.49575890795648370, 0.2121195176315952280 ) ) ;
#925 = CARTESIAN_POINT ( 'NONE',  ( -5.692146248942419717, 7.535580328825729701, 3.519267034981869990 ) ) ;
#926 = VECTOR ( 'NONE', #768, 999.9999999999998863 ) ;
#927 = ORIENTED_EDGE ( 'NONE', *, *, #2436, .F. ) ;
#928 = CARTESIAN_POINT ( 'NONE',  ( 7.553605391377700151, 7.144464143544699830, 0.2988583354860009922 ) ) ;
#929 = EDGE_CURVE ( 'NONE', #198, #2374, #1234, .T. ) ;
#930 = EDGE_CURVE ( 'NONE', #907, #1757, #2451, .T. ) ;
#931 = AXIS2_PLACEMENT_3D ( 'NONE', #1184, #585, #1906 ) ;
#932 = CARTESIAN_POINT ( 'NONE',  ( -9.500000000000000000, 0.000000000000000000, 0.3000000000000779821 ) ) ;
#933 = CARTESIAN_POINT ( 'NONE',  ( -7.553597980455010408, 7.144457134035820722, 0.2000000000001120048 ) ) ;
#934 = ADVANCED_FACE ( 'NONE', ( #2214 ), #2644, .T. ) ;
#935 = PLANE ( 'NONE',  #1854 ) ;
#936 = CARTESIAN_POINT ( 'NONE',  ( -5.262294518819510714, 7.753551828703510118, -2.699999999999890044 ) ) ;
#937 = CARTESIAN_POINT ( 'NONE',  ( 8.687627208144180102, 0.000000000000000000, -2.699999999999892708 ) ) ;
#938 = ORIENTED_EDGE ( 'NONE', *, *, #2369, .T. ) ;
#939 = CARTESIAN_POINT ( 'NONE',  ( -3.307490014918910148, -8.767253507895631515, -2.699999999999890044 ) ) ;
#940 = ORIENTED_EDGE ( 'NONE', *, *, #1746, .T. ) ;
#941 = CARTESIAN_POINT ( 'NONE',  ( 0.08580582504641325048, -10.49594373534193892, 0.2127849086711501025 ) ) ;
#942 = CARTESIAN_POINT ( 'NONE',  ( -5.924244666544169924, 7.540005799996600366, 2.440938645241570448 ) ) ;
#943 = CARTESIAN_POINT ( 'NONE',  ( -5.867328494039860232, 7.542137753670639988, 0.2995141100368554077 ) ) ;
#944 = CARTESIAN_POINT ( 'NONE',  ( -0.1002807172321741602, -10.44016974596664937, 0.2999999999939290118 ) ) ;
#945 = CARTESIAN_POINT ( 'NONE',  ( 7.455661946699570386, 7.307350793468749828, 0.3000000000001119549 ) ) ;
#946 = CARTESIAN_POINT ( 'NONE',  ( -9.272539973951930747, 1.352134738333367947, -2.699999999999890044 ) ) ;
#947 = CARTESIAN_POINT ( 'NONE',  ( -8.819888016527450247, 3.165195916950439781, -2.699999999999890044 ) ) ;
#948 = CARTESIAN_POINT ( 'NONE',  ( 8.745398401617759276, 0.000000000000000000, -2.699999999999890044 ) ) ;
#949 = EDGE_CURVE ( 'NONE', #747, #2711, #775, .T. ) ;
#950 = ORIENTED_EDGE ( 'NONE', *, *, #2526, .T. ) ;
#951 = CARTESIAN_POINT ( 'NONE',  ( -0.8558485135915570030, -9.331226997449450167, -2.699999999999890044 ) ) ;
#952 = ORIENTED_EDGE ( 'NONE', *, *, #2768, .T. ) ;
#953 = CARTESIAN_POINT ( 'NONE',  ( -0.05288746565583700432, -10.49606597114673612, 0.2132831731155603594 ) ) ;
#954 = CARTESIAN_POINT ( 'NONE',  ( 7.491028870610370483, 7.353236949303289194, 0.2139607789840044794 ) ) ;
#955 = CARTESIAN_POINT ( 'NONE',  ( 7.502336344474222152, 5.880405534843896831, 3.499999999996032951 ) ) ;
#956 = CARTESIAN_POINT ( 'NONE',  ( -10.81893730111284668, -10.18093421909548724, 0.2621579049827138519 ) ) ;
#957 = CARTESIAN_POINT ( 'NONE',  ( -7.144464143617160090, 7.553605391454039975, 0.2988583354699595462 ) ) ;
#958 = CARTESIAN_POINT ( 'NONE',  ( 7.567597770312939787, 5.525885170171279448, -2.699999999999890044 ) ) ;
#959 = CARTESIAN_POINT ( 'NONE',  ( 7.615139396498959989, 7.202665157554180020, 0.2068408705788480073 ) ) ;
#960 = ORIENTED_EDGE ( 'NONE', *, *, #2047, .F. ) ;
#961 = CARTESIAN_POINT ( 'NONE',  ( 1.740251229065329808, -9.207361214020810536, -2.699999999999890044 ) ) ;
#962 = LINE ( 'NONE', #2309, #429 ) ;
#963 = EDGE_CURVE ( 'NONE', #1757, #907, #1253, .T. ) ;
#964 = VERTEX_POINT ( 'NONE', #417 ) ;
#965 = CARTESIAN_POINT ( 'NONE',  ( -1.184268984678912950, -9.481924515848241697, 0.2995141100368530207 ) ) ;
#966 = CARTESIAN_POINT ( 'NONE',  ( 9.370311156817630049, -18.74062231363526010, -2.699999999999887379 ) ) ;
#967 = CARTESIAN_POINT ( 'NONE',  ( 4.267455064928218356, 0.6500000000000000222, 3.500000000000110134 ) ) ;
#968 = AXIS2_PLACEMENT_3D ( 'NONE', #800, #2554, #2785 ) ;
#969 = CARTESIAN_POINT ( 'NONE',  ( -7.319122024020322748, 7.518141146184209589, 0.2699454599557720158 ) ) ;
#970 = CARTESIAN_POINT ( 'NONE',  ( -10.44378962380598885, 0.000000000000000000, -0.8999999999998885558 ) ) ;
#971 = AXIS2_PLACEMENT_3D ( 'NONE', #2727, #1148, #758 ) ;
#972 = CIRCLE ( 'NONE', #740, 9.444143792293520079 ) ;
#973 = CARTESIAN_POINT ( 'NONE',  ( -10.71984215629257164, -10.08768280975944087, 0.3000000000001117328 ) ) ;
#974 = CARTESIAN_POINT ( 'NONE',  ( -0.09747275849735820286, -10.49809242887049976, 0.2087158487305189880 ) ) ;
#975 = AXIS2_PLACEMENT_3D ( 'NONE', #2782, #63, #798 ) ;
#976 = CARTESIAN_POINT ( 'NONE',  ( 1.599263668150060047, 9.232826129454640096, -2.699999999999890044 ) ) ;
#977 = CARTESIAN_POINT ( 'NONE',  ( 14.79171968867464493, -0.4493914517824346699, 0.2999999999985575316 ) ) ;
#978 = EDGE_LOOP ( 'NONE', ( #2247, #1371, #2107, #2674 ) ) ;
#979 = DIRECTION ( 'NONE',  ( -0.000000000000000000, -0.01745240643728354982, 0.9998476951563911586 ) ) ;
#980 = CARTESIAN_POINT ( 'NONE',  ( -8.646421878450983201, 0.000000000000000000, -2.659507635284599658 ) ) ;
#981 = ORIENTED_EDGE ( 'NONE', *, *, #391, .F. ) ;
#982 = CARTESIAN_POINT ( 'NONE',  ( 9.301893616441560653, -1.139746641656034010, -2.699999999999890044 ) ) ;
#983 = CARTESIAN_POINT ( 'NONE',  ( -9.370311156817630049, -18.74062231363526010, -2.699999999999887379 ) ) ;
#984 = CARTESIAN_POINT ( 'NONE',  ( 7.353189210060039116, 7.490796132294669007, 0.2139466051489889720 ) ) ;
#985 = ORIENTED_EDGE ( 'NONE', *, *, #1613, .F. ) ;
#986 = EDGE_CURVE ( 'NONE', #431, #242, #1036, .T. ) ;
#987 = CARTESIAN_POINT ( 'NONE',  ( -7.568685827051269577, 5.710874666631800878, 1.359114254995010151 ) ) ;
#988 = DIRECTION ( 'NONE',  ( 0.000000000000000000, 0.000000000000000000, 1.000000000000000000 ) ) ;
#989 = CARTESIAN_POINT ( 'NONE',  ( 7.625972388506809807, 7.212911380246060489, 0.2087155742748779963 ) ) ;
#990 = CARTESIAN_POINT ( 'NONE',  ( 1.563984108612199941, 9.238938601263448902, -2.699999999999890044 ) ) ;
#991 = CARTESIAN_POINT ( 'NONE',  ( -7.570153965697369536, 5.939152825435579430, 0.2999999999939244599 ) ) ;
#992 = ORIENTED_EDGE ( 'NONE', *, *, #562, .T. ) ;
#993 = CARTESIAN_POINT ( 'NONE',  ( -8.559538328209020719, -3.813668721620694591, -2.699999999999890044 ) ) ;
#994 = CARTESIAN_POINT ( 'NONE',  ( -8.646421878450983201, 0.000000000000000000, -2.659507635284599658 ) ) ;
#995 = ORIENTED_EDGE ( 'NONE', *, *, #718, .F. ) ;
#996 = DIRECTION ( 'NONE',  ( 0.000000000000000000, 0.000000000000000000, -1.000000000000000000 ) ) ;
#997 = CARTESIAN_POINT ( 'NONE',  ( 5.711063327674880341, 7.568378407878629588, 1.366666666667158081 ) ) ;
#998 = CARTESIAN_POINT ( 'NONE',  ( 10.38601843033240080, 1.271920422659199911E-15, -0.8999999999998880007 ) ) ;
#999 = ORIENTED_EDGE ( 'NONE', *, *, #1698, .F. ) ;
#1000 = DIRECTION ( 'NONE',  ( 0.000000000000000000, 1.141265444721584004E-17, 1.000000000000000000 ) ) ;
#1001 = CARTESIAN_POINT ( 'NONE',  ( 10.48600319984802987, -20.97200639969605973, -0.8017452406435795487 ) ) ;
#1002 = EDGE_CURVE ( 'NONE', #72, #1708, #2408, .T. ) ;
#1003 = CARTESIAN_POINT ( 'NONE',  ( 0.2893062669634829942, -10.39309444170999974, 0.3000000000001119549 ) ) ;
#1004 = CARTESIAN_POINT ( 'NONE',  ( -1.779731844231055016, 9.199820350315860651, -2.699999999999890044 ) ) ;
#1005 = CARTESIAN_POINT ( 'NONE',  ( -7.503131950484120516, 7.340129966249561377, 0.2121498403244134467 ) ) ;
#1006 = ORIENTED_EDGE ( 'NONE', *, *, #457, .F. ) ;
#1007 = CARTESIAN_POINT ( 'NONE',  ( -8.745398401617759276, 0.000000000000000000, -2.699999999999890044 ) ) ;
#1008 = CARTESIAN_POINT ( 'NONE',  ( -8.645413632102119550, 0.000000000000000000, -2.601745240643604795 ) ) ;
#1009 = ORIENTED_EDGE ( 'NONE', *, *, #2810, .T. ) ;
#1010 = DIRECTION ( 'NONE',  ( -1.000000000000000000, 0.000000000000000000, 0.000000000000000000 ) ) ;
#1011 = CARTESIAN_POINT ( 'NONE',  ( -7.625972388506790267, 7.212911380246060489, 0.2087155742748779963 ) ) ;
#1012 = CARTESIAN_POINT ( 'NONE',  ( 7.212911380245950355, 7.625972388506900401, 0.2087155742748779963 ) ) ;
#1013 = EDGE_LOOP ( 'NONE', ( #1308, #2253, #900, #454, #2009, #1883 ) ) ;
#1014 = CARTESIAN_POINT ( 'NONE',  ( -7.552198583881353677, 5.907336341498354848, 0.2997342713655472002 ) ) ;
#1015 = CARTESIAN_POINT ( 'NONE',  ( 7.584640277156959876, 5.720422350328829175, 0.3000000000025414559 ) ) ;
#1016 = AXIS2_PLACEMENT_3D ( 'NONE', #1118, #2237, #901 ) ;
#1017 = EDGE_CURVE ( 'NONE', #870, #2148, #838, .T. ) ;
#1018 = CARTESIAN_POINT ( 'NONE',  ( 7.395640200727027214, 7.448103539083158253, 0.2135744803410473402 ) ) ;
#1019 = ADVANCED_FACE ( 'NONE', ( #2817 ), #2, .T. ) ;
#1020 = CARTESIAN_POINT ( 'NONE',  ( -1.740251229065314931, 9.207361214020870932, -2.699999999999890044 ) ) ;
#1021 = CARTESIAN_POINT ( 'NONE',  ( 8.599999999999999645, 1.055977030223122400E-15, 9.887923813067799176E-14 ) ) ;
#1022 = ADVANCED_FACE ( 'NONE', ( #178 ), #2849, .T. ) ;
#1023 = CARTESIAN_POINT ( 'NONE',  ( -8.683025192752170440, -3.522689700789545242, -2.699999999999890044 ) ) ;
#1024 = VECTOR ( 'NONE', #2589, 1000.000000000000114 ) ;
#1025 = DIRECTION ( 'NONE',  ( -0.000000000000000000, -0.000000000000000000, 1.000000000000000000 ) ) ;
#1026 = AXIS2_PLACEMENT_3D ( 'NONE', #1032, #988, #1921 ) ;
#1027 = EDGE_LOOP ( 'NONE', ( #1973, #2830, #2475, #2209 ) ) ;
#1028 = CARTESIAN_POINT ( 'NONE',  ( 0.2893062669634819950, -10.39309444170999974, 0.2000000000001120048 ) ) ;
#1029 = CARTESIAN_POINT ( 'NONE',  ( 0.2291462596420108244, -10.47924230692261460, 0.2080544617565006360 ) ) ;
#1030 = ORIENTED_EDGE ( 'NONE', *, *, #2048, .T. ) ;
#1031 = CARTESIAN_POINT ( 'NONE',  ( 5.924244732305560035, 7.540005935878740573, 2.440929039463030303 ) ) ;
#1032 = CARTESIAN_POINT ( 'NONE',  ( 0.000000000000000000, 0.000000000000000000, 0.2080613598355939842 ) ) ;
#1033 = CARTESIAN_POINT ( 'NONE',  ( -7.559037043377669463, 7.283679904474420042, 0.2087155742748789677 ) ) ;
#1034 = CARTESIAN_POINT ( 'NONE',  ( 9.177521832913329902, 1.891397347981220278, -2.699999999999890044 ) ) ;
#1035 = CARTESIAN_POINT ( 'NONE',  ( -0.2918560148175721181, -10.48469207809140258, 0.3000000000002646106 ) ) ;
#1036 = B_SPLINE_CURVE_WITH_KNOTS ( 'NONE', 3,
 ( #1493, #392, #165, #632 ),
 .UNSPECIFIED., .F., .F.,
 ( 4, 4 ),
 ( 0.000000000000000000, 1.000000000000000000 ),
 .UNSPECIFIED. ) ;
#1037 = CARTESIAN_POINT ( 'NONE',  ( -8.622275905790029782, -3.668701199077510022, -2.699999999999890044 ) ) ;
#1038 = CARTESIAN_POINT ( 'NONE',  ( 0.2918005025552005693, -10.48269784483270683, 0.2080617529383915199 ) ) ;
#1039 = EDGE_CURVE ( 'NONE', #2716, #1864, #2557, .T. ) ;
#1040 = ORIENTED_EDGE ( 'NONE', *, *, #2032, .T. ) ;
#1041 = CARTESIAN_POINT ( 'NONE',  ( 7.126352537961350819, 7.564487534182210204, 0.2995502080301274961 ) ) ;
#1042 = DIRECTION ( 'NONE',  ( -0.000000000000000000, -0.000000000000000000, 1.000000000000000000 ) ) ;
#1043 =( NAMED_UNIT ( * ) PLANE_ANGLE_UNIT ( ) SI_UNIT ( $, .RADIAN. ) );
#1044 = ORIENTED_EDGE ( 'NONE', *, *, #1632, .T. ) ;
#1045 = DIRECTION ( 'NONE',  ( 0.000000000000000000, 0.000000000000000000, 1.000000000000000000 ) ) ;
#1046 = CARTESIAN_POINT ( 'NONE',  ( 1.318201137669342105, -9.408100008006959669, 0.3000000000025404567 ) ) ;
#1047 = CARTESIAN_POINT ( 'NONE',  ( -4.250000000000000000, 0.000000000000000000, 2.500000000000109690 ) ) ;
#1048 = DIRECTION ( 'NONE',  ( 1.000000000000000000, -0.000000000000000000, -0.000000000000000000 ) ) ;
#1049 = CARTESIAN_POINT ( 'NONE',  ( -7.275761349153976099, 7.566152707358591911, 0.2097389026965165437 ) ) ;
#1050 = CARTESIAN_POINT ( 'NONE',  ( 10.69009732495686649, -10.02697457227227140, 0.3000000000001118994 ) ) ;
#1051 = PLANE ( 'NONE',  #4 ) ;
#1052 = ORIENTED_EDGE ( 'NONE', *, *, #2085, .F. ) ;
#1053 = CARTESIAN_POINT ( 'NONE',  ( 6.397241554240379990, -6.854405838952410512, -2.699999999999890044 ) ) ;
#1054 = ADVANCED_FACE ( 'NONE', ( #2696 ), #1154, .T. ) ;
#1055 = ORIENTED_EDGE ( 'NONE', *, *, #1452, .T. ) ;
#1056 = FACE_OUTER_BOUND ( 'NONE', #2389, .T. ) ;
#1057 = PLANE ( 'NONE',  #1541 ) ;
#1058 = ORIENTED_EDGE ( 'NONE', *, *, #2506, .T. ) ;
#1059 = VERTEX_POINT ( 'NONE', #2250 ) ;
#1060 = DIRECTION ( 'NONE',  ( -1.000000000000000000, 0.000000000000000000, 0.000000000000000000 ) ) ;
#1061 = B_SPLINE_CURVE_WITH_KNOTS ( 'NONE', 3,
 ( #1080, #1507, #1038, #1972 ),
 .UNSPECIFIED., .F., .F.,
 ( 4, 4 ),
 ( 0.000000000000000000, 1.000000000000000000 ),
 .UNSPECIFIED. ) ;
#1062 = CARTESIAN_POINT ( 'NONE',  ( 8.921912724427969010, 2.880241161339140543, -2.699999999999890044 ) ) ;
#1063 = CLOSED_SHELL ( 'NONE', ( #1428, #2507, #1022, #1451, #150, #353, #1019, #2470, #1171, #2176, #2489, #368, #1376, #1699, #2860, #2737, #2001, #70, #2274, #1054, #1231, #2864, #1578, #1853, #1967, #1319, #1830, #2714, #1107, #934, #2471, #808, #2051, #2290, #1216, #701, #1304, #476, #204, #1192, #257, #1101, #117, #2681, #405, #272, #2246, #615, #2401, #1287, #1471, #713, #1802, #1539, #2144, #2583, #829, #1982, #1337, #2384, #1600, #2600, #807, #2700, #2565 ) ) ;
#1064 = CARTESIAN_POINT ( 'NONE',  ( -7.552124073803009985, 5.701692902829300635, 2.433333333334190218 ) ) ;
#1065 = CARTESIAN_POINT ( 'NONE',  ( 10.38601843033240080, 1.271920422659199911E-15, -0.8999999999998880007 ) ) ;
#1066 = AXIS2_PLACEMENT_3D ( 'NONE', #220, #2452, #2423 ) ;
#1067 = VERTEX_POINT ( 'NONE', #2659 ) ;
#1068 = CARTESIAN_POINT ( 'NONE',  ( 4.590342575319550811, -8.175157681497159601, -2.699999999999890044 ) ) ;
#1069 = VERTEX_POINT ( 'NONE', #904 ) ;
#1070 = B_SPLINE_CURVE_WITH_KNOTS ( 'NONE', 3,
 ( #989, #2061, #2788, #1662, #2303, #1861, #1474, #2540, #1841, #526, #1018, #2289, #2321, #2724, #802, #1409 ),
 .UNSPECIFIED., .F., .F.,
 ( 4, 2, 2, 2, 2, 2, 2, 4 ),
 ( 0.000000000000000000, 0.2499999999999928946, 0.3749999999999906741, 0.4374999999999911182, 0.4999999999999915623, 0.6249999999999924505, 0.7499999999999933387, 1.000000000000000000 ),
 .UNSPECIFIED. ) ;
#1071 =( BOUNDED_CURVE ( )  B_SPLINE_CURVE ( 3, ( #2215, #448, #703, #8 ),
 .UNSPECIFIED., .F., .F. ) 
 B_SPLINE_CURVE_WITH_KNOTS ( ( 4, 4 ),
 ( 0.000000000000000000, 1.000000000000000000 ),
 .UNSPECIFIED. ) 
 CURVE ( )  GEOMETRIC_REPRESENTATION_ITEM ( )  RATIONAL_B_SPLINE_CURVE ( ( 1.000000000000000000, 0.8088336327696910022, 0.8088336327696910022, 1.000000000000000000 ) ) 
 REPRESENTATION_ITEM ( '' )  );
#1072 = CARTESIAN_POINT ( 'NONE',  ( -8.599999999999999645, 0.000000000000000000, 9.887923813067799176E-14 ) ) ;
#1073 = CARTESIAN_POINT ( 'NONE',  ( -7.311405648934036883, 7.453223999287911461, 0.2999999999939247930 ) ) ;
#1074 = EDGE_CURVE ( 'NONE', #2092, #225, #2641, .T. ) ;
#1075 = ORIENTED_EDGE ( 'NONE', *, *, #1486, .F. ) ;
#1076 = CARTESIAN_POINT ( 'NONE',  ( -8.645413632050228614, 0.000000000000000000, -2.601745240644512069 ) ) ;
#1077 = CARTESIAN_POINT ( 'NONE',  ( 8.683025192752040766, 3.522689700789555012, -2.699999999999890044 ) ) ;
#1078 = DIRECTION ( 'NONE',  ( -3.613456810810613776E-16, 0.9998476951563912696, 0.01745240643728354982 ) ) ;
#1079 = CARTESIAN_POINT ( 'NONE',  ( 9.370311156817630049, -18.74062231363526010, -2.699999999999887379 ) ) ;
#1080 = CARTESIAN_POINT ( 'NONE',  ( 0.2920782399849830013, -10.49267533812409958, 0.2087155742748779963 ) ) ;
#1081 = VERTEX_POINT ( 'NONE', #1997 ) ;
#1082 = CARTESIAN_POINT ( 'NONE',  ( 8.740161595660719485, -3.378419311712010042, -2.699999999999890044 ) ) ;
#1083 = ORIENTED_EDGE ( 'NONE', *, *, #2212, .T. ) ;
#1084 = CARTESIAN_POINT ( 'NONE',  ( -1.318290814401759992, -9.408456804342069546, 0.2790440053261719622 ) ) ;
#1085 = DIRECTION ( 'NONE',  ( -0.000000000000000000, -0.000000000000000000, 1.000000000000000000 ) ) ;
#1086 = ORIENTED_EDGE ( 'NONE', *, *, #1230, .F. ) ;
#1087 = CARTESIAN_POINT ( 'NONE',  ( -5.924143747864929921, 7.540017991697680166, 2.433333333309900315 ) ) ;
#1088 = CARTESIAN_POINT ( 'NONE',  ( 7.206052609131160303, 7.618720836895771953, 0.2080617527400588362 ) ) ;
#1089 = EDGE_CURVE ( 'NONE', #2461, #365, #796, .T. ) ;
#1090 = CARTESIAN_POINT ( 'NONE',  ( 2.903764582716144460, 11.67596896825264352, 0.2621579049823852259 ) ) ;
#1091 = LINE ( 'NONE', #2201, #880 ) ;
#1092 = CARTESIAN_POINT ( 'NONE',  ( 10.48499495349919997, 0.000000000000000000, -0.8595076352845828493 ) ) ;
#1093 = ORIENTED_EDGE ( 'NONE', *, *, #1930, .F. ) ;
#1094 = CARTESIAN_POINT ( 'NONE',  ( 9.213877264232509745, -1.705050420146114964, -2.699999999999890044 ) ) ;
#1095 = ORIENTED_EDGE ( 'NONE', *, *, #2810, .F. ) ;
#1096 = CARTESIAN_POINT ( 'NONE',  ( -5.939152825435519922, 7.570153965697399734, 0.2999999999939240158 ) ) ;
#1097 = CARTESIAN_POINT ( 'NONE',  ( 5.717743608126058419, 7.516666539512028677, 3.500000000000129674 ) ) ;
#1098 = ORIENTED_EDGE ( 'NONE', *, *, #291, .F. ) ;
#1099 = CARTESIAN_POINT ( 'NONE',  ( -8.645413632102114221, -17.29082726420422844, -2.601745240643602131 ) ) ;
#1100 = CARTESIAN_POINT ( 'NONE',  ( -3.009791538447068593, 11.64908816150551552, 0.2621579049823852259 ) ) ;
#1101 = ADVANCED_FACE ( 'NONE', ( #2438 ), #459, .T. ) ;
#1102 = EDGE_CURVE ( 'NONE', #1212, #2779, #1132, .T. ) ;
#1103 = CARTESIAN_POINT ( 'NONE',  ( 7.584818112002169599, 7.089271193340580979, 0.2999999999970189846 ) ) ;
#1104 = CARTESIAN_POINT ( 'NONE',  ( 7.247912410062375521, 7.571974183267563774, 0.2080544614828711558 ) ) ;
#1105 = CARTESIAN_POINT ( 'NONE',  ( -3.522689700790134992, 8.683025192751770760, -2.699999999999890044 ) ) ;
#1106 = CONICAL_SURFACE ( 'NONE', #2722, 1.197336916308125998, 0.008726646250160289414 ) ;
#1107 = ADVANCED_FACE ( 'NONE', ( #1792 ), #555, .T. ) ;
#1108 = ORIENTED_EDGE ( 'NONE', *, *, #2649, .T. ) ;
#1109 = CARTESIAN_POINT ( 'NONE',  ( 9.244847256473429198, -1.528687240200329978, -2.699999999999890044 ) ) ;
#1110 = VECTOR ( 'NONE', #1980, 1000.000000000000000 ) ;
#1111 = AXIS2_PLACEMENT_3D ( 'NONE', #177, #2354, #1254 ) ;
#1112 = ORIENTED_EDGE ( 'NONE', *, *, #2196, .T. ) ;
#1113 = CARTESIAN_POINT ( 'NONE',  ( -0.2915582305329066370, -10.47399441768796358, 0.2555806304750276592 ) ) ;
#1114 = CARTESIAN_POINT ( 'NONE',  ( -5.931637834353169936, 7.555284753411400267, 1.360864188918790019 ) ) ;
#1115 = AXIS2_PLACEMENT_3D ( 'NONE', #381, #594, #1752 ) ;
#1116 = CIRCLE ( 'NONE', #2232, 8.645413632050228614 ) ;
#1117 = ORIENTED_EDGE ( 'NONE', *, *, #39, .F. ) ;
#1118 = CARTESIAN_POINT ( 'NONE',  ( 0.000000000000000000, -4.000000000000000000, 3.500000000000110134 ) ) ;
#1119 = CARTESIAN_POINT ( 'NONE',  ( 0.2893062669635385054, -10.39309444171193952, 0.3000000000001119549 ) ) ;
#1120 = DIRECTION ( 'NONE',  ( -1.000000000000000000, 0.000000000000000000, 0.000000000000000000 ) ) ;
#1121 = CARTESIAN_POINT ( 'NONE',  ( 7.202623223573779931, 7.615095061090200623, 0.2077348419726494921 ) ) ;
#1122 = CARTESIAN_POINT ( 'NONE',  ( -8.726965330737000315, 3.412379140676235156, -2.699999999999890044 ) ) ;
#1123 = ORIENTED_EDGE ( 'NONE', *, *, #1173, .F. ) ;
#1124 = CARTESIAN_POINT ( 'NONE',  ( -4.860062536526760013, -8.011820087001051860, -2.699999999999890044 ) ) ;
#1125 = EDGE_CURVE ( 'NONE', #1291, #1334, #2723, .T. ) ;
#1126 = ORIENTED_EDGE ( 'NONE', *, *, #1560, .F. ) ;
#1127 = FACE_OUTER_BOUND ( 'NONE', #682, .T. ) ;
#1128 = CARTESIAN_POINT ( 'NONE',  ( -7.584818112008749225, 7.089271193329330423, 0.2999999999970189846 ) ) ;
#1129 = CARTESIAN_POINT ( 'NONE',  ( 7.202623223573779931, 7.615095061090200623, 0.2077348419726494921 ) ) ;
#1130 = CARTESIAN_POINT ( 'NONE',  ( -8.646421878450984977, -17.29284375690196995, -2.659507635284596549 ) ) ;
#1131 = CARTESIAN_POINT ( 'NONE',  ( -0.09729119540038719260, -10.48113962552059952, 0.2126185805456629885 ) ) ;
#1132 = LINE ( 'NONE', #2036, #327 ) ;
#1133 = CARTESIAN_POINT ( 'NONE',  ( 7.405350411659426868, 7.417528744835425236, 0.2124197477045095261 ) ) ;
#1134 = CARTESIAN_POINT ( 'NONE',  ( -3.484460144923215097, 8.698429212946351186, -2.699999999999890044 ) ) ;
#1135 = ORIENTED_EDGE ( 'NONE', *, *, #1457, .F. ) ;
#1136 = CARTESIAN_POINT ( 'NONE',  ( -1.422744708350918152, -9.261961772308319851, -2.699999999999890044 ) ) ;
#1137 = EDGE_LOOP ( 'NONE', ( #167, #1414, #301, #920, #2166, #1741, #1272 ) ) ;
#1138 = EDGE_CURVE ( 'NONE', #2148, #1708, #1443, .T. ) ;
#1139 = CARTESIAN_POINT ( 'NONE',  ( 7.202634250364631896, 7.615106719351097730, 0.2540633364217674828 ) ) ;
#1140 = EDGE_CURVE ( 'NONE', #1432, #2433, #2762, .T. ) ;
#1141 = CARTESIAN_POINT ( 'NONE',  ( 10.38601843033240080, 0.000000000000000000, -0.8999999999998880007 ) ) ;
#1142 = CARTESIAN_POINT ( 'NONE',  ( -7.620170234278427657, 7.207423499864156646, 0.3000000000000921929 ) ) ;
#1143 =( BOUNDED_SURFACE ( )  B_SPLINE_SURFACE ( 3, 3, ( 
 ( #2572, #81, #2523, #1473, #2752, #523, #1407 ),
 ( #367, #1423, #116, #2555, #1459, #307, #970 ),
 ( #1858, #1648, #753, #2539, #537, #2302, #1201 ),
 ( #553, #2110, #342, #1219, #1001, #1889, #2767 ) ),
 .UNSPECIFIED., .F., .T., .F. ) 
 B_SPLINE_SURFACE_WITH_KNOTS ( ( 4, 4 ),
 ( 4, 3, 4 ),
 ( 0.000000000000000000, 1.000000000000000000 ),
 ( 0.000000000000000000, 0.5000000000000000000, 1.000000000000000000 ),
 .UNSPECIFIED. ) 
 GEOMETRIC_REPRESENTATION_ITEM ( )  RATIONAL_B_SPLINE_SURFACE ( (
 ( 1.000000000000000000, 0.3333333333333335369, 0.3333333333333335369, 1.000000000000000000, 0.3333333333333335369, 0.3333333333333335369, 1.000000000000000000),
 ( 0.8088336327693690375, 0.2696112109231230125, 0.2696112109231230125, 0.8088336327693690375, 0.2696112109231230125, 0.2696112109231230125, 0.8088336327693690375),
 ( 0.8088336327693690375, 0.2696112109231230125, 0.2696112109231230125, 0.8088336327693690375, 0.2696112109231230125, 0.2696112109231230125, 0.8088336327693690375),
 ( 1.000000000000000000, 0.3333333333333335369, 0.3333333333333335369, 1.000000000000000000, 0.3333333333333335369, 0.3333333333333335369, 1.000000000000000000) ) ) 
 REPRESENTATION_ITEM ( '' )  SURFACE ( )  );
#1144 = CARTESIAN_POINT ( 'NONE',  ( 7.562646547527677399, 5.749594036919528861, 0.2996391315098188568 ) ) ;
#1145 = CARTESIAN_POINT ( 'NONE',  ( 9.428082350291154157, -18.85616470058230831, -2.699999999999887823 ) ) ;
#1146 = CARTESIAN_POINT ( 'NONE',  ( -7.615095061090100259, 7.202623223573899836, 0.2077348419726504913 ) ) ;
#1147 = CARTESIAN_POINT ( 'NONE',  ( -6.625810560813719441, 6.625810560813719441, -2.699999999999890044 ) ) ;
#1148 = DIRECTION ( 'NONE',  ( -0.9998476951563912696, 0.000000000000000000, 0.01745240643728354982 ) ) ;
#1149 = ORIENTED_EDGE ( 'NONE', *, *, #949, .T. ) ;
#1150 = CARTESIAN_POINT ( 'NONE',  ( -3.236374073389809869, -8.793681427629300273, -2.699999999999890044 ) ) ;
#1151 = CONICAL_SURFACE ( 'NONE', #2680, 7.700000000000000178, 0.06981317007977333455 ) ;
#1152 = CARTESIAN_POINT ( 'NONE',  ( -9.470295926333278658, 0.000000000000000000, -2.601745240643719814 ) ) ;
#1153 = CARTESIAN_POINT ( 'NONE',  ( -10.44378962380598885, 0.000000000000000000, -0.8999999999998885558 ) ) ;
#1154 = CONICAL_SURFACE ( 'NONE', #1586, 10.49998856494473998, 0.08726646249999771288 ) ;
#1155 = CARTESIAN_POINT ( 'NONE',  ( -7.492178942250370177, 7.354366726280770372, 0.2087158483592680136 ) ) ;
#1156 = VECTOR ( 'NONE', #603, 1000.000000000000000 ) ;
#1157 = EDGE_CURVE ( 'NONE', #856, #2610, #2869, .T. ) ;
#1158 = CARTESIAN_POINT ( 'NONE',  ( 7.089271193329180321, 7.584818112008899327, 0.2999999999970189846 ) ) ;
#1159 =( BOUNDED_CURVE ( )  B_SPLINE_CURVE ( 2, ( #372, #1035, #2170 ),
 .UNSPECIFIED., .F., .T. ) 
 B_SPLINE_CURVE_WITH_KNOTS ( ( 3, 3 ),
 ( 0.000000000000000000, 1.000000000000000000 ),
 .UNSPECIFIED. ) 
 CURVE ( )  GEOMETRIC_REPRESENTATION_ITEM ( )  RATIONAL_B_SPLINE_CURVE ( ( 1.000000000000000000, 0.7372773368095579816, 1.000000000000000000 ) ) 
 REPRESENTATION_ITEM ( '' )  );
#1160 = DIRECTION ( 'NONE',  ( 0.000000000000000000, 0.000000000000000000, -1.000000000000000000 ) ) ;
#1161 = CARTESIAN_POINT ( 'NONE',  ( -5.908385825069349728, 7.272977932060299189, -2.699999999999890044 ) ) ;
#1162 = UNCERTAINTY_MEASURE_WITH_UNIT (LENGTH_MEASURE( 1.000000000000000082E-05 ), #2132, 'distance_accuracy_value', 'NONE');
#1163 = CARTESIAN_POINT ( 'NONE',  ( -7.175665639596763512, 7.586593700095606962, 0.2919376818379537109 ) ) ;
#1164 = ORIENTED_EDGE ( 'NONE', *, *, #2064, .F. ) ;
#1165 = CARTESIAN_POINT ( 'NONE',  ( 1.141837477438679915, -9.318134067619700645, -2.699999999999890044 ) ) ;
#1166 = ORIENTED_EDGE ( 'NONE', *, *, #2861, .F. ) ;
#1167 = CARTESIAN_POINT ( 'NONE',  ( -6.527598204444640118, 6.527598204444680086, 3.499999999974080289 ) ) ;
#1168 = CARTESIAN_POINT ( 'NONE',  ( -10.48499495349919997, 0.000000000000000000, -0.8595076352845828493 ) ) ;
#1169 = CARTESIAN_POINT ( 'NONE',  ( -7.555284820119379852, 5.931637868087110022, 1.360859429123530084 ) ) ;
#1170 = CARTESIAN_POINT ( 'NONE',  ( -7.615139396446569897, 7.202665157504529958, 0.2068408716315020268 ) ) ;
#1171 = ADVANCED_FACE ( 'NONE', ( #1236 ), #1907, .F. ) ;
#1172 = CARTESIAN_POINT ( 'NONE',  ( -1.148108048279801841, -9.536436162736778854, 1.366666666645720118 ) ) ;
#1173 = EDGE_CURVE ( 'NONE', #420, #2840, #1070, .T. ) ;
#1174 = CARTESIAN_POINT ( 'NONE',  ( 3.743424548549075137, 8.595928572417719238, -2.699999999999890044 ) ) ;
#1175 = CARTESIAN_POINT ( 'NONE',  ( -7.516666539511926537, 5.717743608126166777, 3.500000000000130562 ) ) ;
#1176 = ORIENTED_EDGE ( 'NONE', *, *, #595, .T. ) ;
#1177 = CARTESIAN_POINT ( 'NONE',  ( -3.412379140675654732, -8.726965330737408877, -2.699999999999890044 ) ) ;
#1178 = LINE ( 'NONE', #2713, #1300 ) ;
#1179 = ORIENTED_EDGE ( 'NONE', *, *, #2845, .T. ) ;
#1180 = CARTESIAN_POINT ( 'NONE',  ( 1.142595635359384021, -9.520600069037330471, 2.433333333309900315 ) ) ;
#1181 = CARTESIAN_POINT ( 'NONE',  ( -9.469287679984358164, 0.000000000000000000, -2.659507635284657834 ) ) ;
#1182 = CARTESIAN_POINT ( 'NONE',  ( 7.213048288738390212, 7.626117137323020323, 0.2087330054234275145 ) ) ;
#1183 = CARTESIAN_POINT ( 'NONE',  ( 7.535877287234719724, 5.692311084301749702, 3.500000000000494715 ) ) ;
#1184 = CARTESIAN_POINT ( 'NONE',  ( 6.527598204444630348, 6.527598204444729824, 3.499999999974080289 ) ) ;
#1185 = CARTESIAN_POINT ( 'NONE',  ( 0.1002807172316118878, -10.44016974596666714, 0.2999999999970247022 ) ) ;
#1186 = DIRECTION ( 'NONE',  ( 0.000000000000000000, 0.000000000000000000, -1.000000000000000000 ) ) ;
#1187 = CARTESIAN_POINT ( 'NONE',  ( 4.927268987861450178, 7.970258700914740757, -2.699999999999890044 ) ) ;
#1188 = FACE_OUTER_BOUND ( 'NONE', #61, .T. ) ;
#1189 = EDGE_LOOP ( 'NONE', ( #1656, #352 ) ) ;
#1190 = DIRECTION ( 'NONE',  ( 3.613456810810613776E-16, 0.9998476951563912696, 0.01745240643728354982 ) ) ;
#1191 = CARTESIAN_POINT ( 'NONE',  ( 8.687627208144180102, 0.000000000000000000, -2.699999999999892708 ) ) ;
#1192 = ADVANCED_FACE ( 'NONE', ( #1650 ), #2769, .T. ) ;
#1193 = ORIENTED_EDGE ( 'NONE', *, *, #1251, .T. ) ;
#1194 = DIRECTION ( 'NONE',  ( -1.000000000000000000, 0.000000000000000000, -0.000000000000000000 ) ) ;
#1195 = DIRECTION ( 'NONE',  ( -1.000000000000000000, 0.000000000000000000, 0.000000000000000000 ) ) ;
#1196 = CARTESIAN_POINT ( 'NONE',  ( 7.353328787255809296, 7.490938321525510091, 0.2139640362975384902 ) ) ;
#1197 = B_SPLINE_CURVE_WITH_KNOTS ( 'NONE', 3,
 ( #1121, #1327, #249, #1104, #891, #263, #905, #1779, #1793, #2037, #2660, #1356, #2242, #1133, #1411, #2527, #770, #1664, #1892 ),
 .UNSPECIFIED., .F., .F.,
 ( 4, 2, 1, 1, 2, 2, 1, 2, 2, 2, 4 ),
 ( 0.000000000000000000, 0.1249999999999834299, 0.1874999999999766853, 0.2187499999999709122, 0.2343749999999701905, 0.2499999999999694689, 0.3749999999999662492, 0.4374999999999678590, 0.4999999999999694689, 0.7499999999999846789, 1.000000000000000000 ),
 .UNSPECIFIED. ) ;
#1198 = CIRCLE ( 'NONE', #275, 10.48173752894741817 ) ;
#1199 = VERTEX_POINT ( 'NONE', #1637 ) ;
#1200 = CARTESIAN_POINT ( 'NONE',  ( -7.471138965644026797, 5.808677294528092894, 2.443406023497087798 ) ) ;
#1201 = CARTESIAN_POINT ( 'NONE',  ( -10.48499495349919997, 0.000000000000000000, -0.8595076352845828493 ) ) ;
#1202 = AXIS2_PLACEMENT_3D ( 'NONE', #825, #996, #1194 ) ;
#1203 = CONICAL_SURFACE ( 'NONE', #279, 9.500000000000000000, 0.01745329249999845109 ) ;
#1204 = CARTESIAN_POINT ( 'NONE',  ( -14.64918202486006038, -0.4688985951826456500, 0.3000000000001120104 ) ) ;
#1205 = FACE_OUTER_BOUND ( 'NONE', #1351, .T. ) ;
#1206 = CIRCLE ( 'NONE', #655, 7.874817029858768969 ) ;
#1207 = CARTESIAN_POINT ( 'NONE',  ( 3.022093025129184873, 8.869645224321690336, -2.699999999999890044 ) ) ;
#1208 = CARTESIAN_POINT ( 'NONE',  ( -7.535877287234479915, 5.692311084302059676, 3.500000000000494715 ) ) ;
#1209 = ORIENTED_EDGE ( 'NONE', *, *, #929, .T. ) ;
#1210 = CARTESIAN_POINT ( 'NONE',  ( -7.567597770311230043, -5.525885170172990080, -2.699999999999890044 ) ) ;
#1211 = CARTESIAN_POINT ( 'NONE',  ( 1.303504808656640090, -9.353415407746160426, 3.519252583228729581 ) ) ;
#1212 = VERTEX_POINT ( 'NONE', #786 ) ;
#1213 = CARTESIAN_POINT ( 'NONE',  ( 7.524586442329160185, 5.917112879320050034, 3.521012209169649854 ) ) ;
#1214 = CARTESIAN_POINT ( 'NONE',  ( 0.008611381610671169431, -10.48135836826618572, 0.2124197477051507077 ) ) ;
#1215 = CARTESIAN_POINT ( 'NONE',  ( 10.48600319984804230, 0.000000000000000000, -0.8017452406435799928 ) ) ;
#1216 = ADVANCED_FACE ( 'NONE', ( #84 ), #1760, .T. ) ;
#1217 = EDGE_LOOP ( 'NONE', ( #215, #378, #1795, #158, #2420, #613, #2458, #744, #253, #866 ) ) ;
#1218 = CARTESIAN_POINT ( 'NONE',  ( -7.584640277156729837, 5.720422350329129380, 0.3000000000025404567 ) ) ;
#1219 = CARTESIAN_POINT ( 'NONE',  ( 10.48600319984804230, 0.000000000000000000, -0.8017452406435799928 ) ) ;
#1220 = CARTESIAN_POINT ( 'NONE',  ( 0.1407080460535709843, -10.49153029444249086, 0.2699415362939180385 ) ) ;
#1221 = CARTESIAN_POINT ( 'NONE',  ( 3.412379140676174760, 8.726965330737080251, -2.699999999999890044 ) ) ;
#1222 = CARTESIAN_POINT ( 'NONE',  ( -7.448103539082439717, 7.395640200727727098, 0.2135744803411764592 ) ) ;
#1223 = EDGE_LOOP ( 'NONE', ( #2448, #647, #1364, #995, #1653 ) ) ;
#1224 = CARTESIAN_POINT ( 'NONE',  ( 8.745398401617759276, 0.000000000000000000, -2.699999999999890044 ) ) ;
#1225 = CARTESIAN_POINT ( 'NONE',  ( -8.645413632102119550, 0.000000000000000000, -2.601745240643604795 ) ) ;
#1226 = ORIENTED_EDGE ( 'NONE', *, *, #582, .T. ) ;
#1227 = PLANE ( 'NONE',  #1202 ) ;
#1228 = CARTESIAN_POINT ( 'NONE',  ( -8.745398401617743289, -17.49079680323548658, -2.699999999999887379 ) ) ;
#1229 = CARTESIAN_POINT ( 'NONE',  ( -0.2920782399851284961, -10.49267533812409958, 0.2087155742748779963 ) ) ;
#1230 = EDGE_CURVE ( 'NONE', #564, #258, #1460, .T. ) ;
#1231 = ADVANCED_FACE ( 'NONE', ( #2573, #1205 ), #2096, .T. ) ;
#1232 = ORIENTED_EDGE ( 'NONE', *, *, #769, .F. ) ;
#1233 = CARTESIAN_POINT ( 'NONE',  ( 5.825200039113990869, 7.506080062105396244, 0.2787935829051922942 ) ) ;
#1234 = B_SPLINE_CURVE_WITH_KNOTS ( 'NONE', 3,
 ( #1533, #1518, #2397, #1971 ),
 .UNSPECIFIED., .F., .F.,
 ( 4, 4 ),
 ( 0.000000000000000000, 1.000000000000000000 ),
 .UNSPECIFIED. ) ;
#1235 = EDGE_CURVE ( 'NONE', #2840, #105, #1564, .T. ) ;
#1236 = FACE_OUTER_BOUND ( 'NONE', #2017, .T. ) ;
#1237 = CARTESIAN_POINT ( 'NONE',  ( 2.003699186095314833, 9.158629015410580720, -2.699999999999890044 ) ) ;
#1238 = B_SPLINE_CURVE_WITH_KNOTS ( 'NONE', 3,
 ( #66, #955, #80, #2522, #2509, #1183 ),
 .UNSPECIFIED., .F., .F.,
 ( 4, 2, 4 ),
 ( 0.000000000000000000, 0.5000000000000000000, 1.000000000000000000 ),
 .UNSPECIFIED. ) ;
#1239 = CARTESIAN_POINT ( 'NONE',  ( 10.38601843033240080, 1.271920422659199911E-15, -0.8999999999998880007 ) ) ;
#1240 = CARTESIAN_POINT ( 'NONE',  ( -8.712405690923809232, -3.449161963773170303, -2.699999999999890044 ) ) ;
#1241 = CARTESIAN_POINT ( 'NONE',  ( 8.645413632102114221, 17.29082726420422844, -2.601745240643602131 ) ) ;
#1242 =( BOUNDED_CURVE ( )  B_SPLINE_CURVE ( 2, ( #306, #1839, #2491 ),
 .UNSPECIFIED., .F., .F. ) 
 B_SPLINE_CURVE_WITH_KNOTS ( ( 3, 3 ),
 ( 0.000000000000000000, 1.000000000000000000 ),
 .UNSPECIFIED. ) 
 CURVE ( )  GEOMETRIC_REPRESENTATION_ITEM ( )  RATIONAL_B_SPLINE_CURVE ( ( 1.000000000000000000, 0.7372773368102389924, 1.000000000000000000 ) ) 
 REPRESENTATION_ITEM ( '' )  );
#1243 = ORIENTED_EDGE ( 'NONE', *, *, #313, .F. ) ;
#1244 = CARTESIAN_POINT ( 'NONE',  ( 7.553597980456120631, 7.144457134036560575, 0.2999999999908234960 ) ) ;
#1245 = CARTESIAN_POINT ( 'NONE',  ( -8.745398401617743289, 17.49079680323548658, -2.699999999999887379 ) ) ;
#1246 = CARTESIAN_POINT ( 'NONE',  ( -10.48600319984802987, 20.97200639969605973, -0.8017452406435795487 ) ) ;
#1247 = EDGE_LOOP ( 'NONE', ( #2620, #1442, #2068, #1123 ) ) ;
#1248 = CARTESIAN_POINT ( 'NONE',  ( 5.701385200463279013, 7.552228535824889732, 2.439183865369650039 ) ) ;
#1249 = AXIS2_PLACEMENT_3D ( 'NONE', #1660, #1045, #2584 ) ;
#1250 = CARTESIAN_POINT ( 'NONE',  ( -7.479989750750790201, 7.342581343181330489, 0.2126218378592139857 ) ) ;
#1251 = EDGE_CURVE ( 'NONE', #105, #406, #377, .T. ) ;
#1252 = DIRECTION ( 'NONE',  ( 0.000000000000000000, 0.9998476951563912696, 0.01745240643728354982 ) ) ;
#1253 = CIRCLE ( 'NONE', #2086, 10.48600319986405971 ) ;
#1254 = DIRECTION ( 'NONE',  ( -1.000000000000000000, 0.000000000000000000, 0.000000000000000000 ) ) ;
#1255 = CARTESIAN_POINT ( 'NONE',  ( -7.272977932061379214, -5.908385825067489883, -2.699999999999890044 ) ) ;
#1256 = CIRCLE ( 'NONE', #697, 9.470295926333278658 ) ;
#1257 = DIRECTION ( 'NONE',  ( 0.01744974916068272111, 0.01744974916068272111, -0.9996954598818874604 ) ) ;
#1258 = CONICAL_SURFACE ( 'NONE', #2645, 7.700000000000000178, 0.06981317007977333455 ) ;
#1259 = VERTEX_POINT ( 'NONE', #1076 ) ;
#1260 = CARTESIAN_POINT ( 'NONE',  ( 7.584955981290380400, 5.720611232411620506, 0.2790440053261719622 ) ) ;
#1261 = CARTESIAN_POINT ( 'NONE',  ( -0.2916616336545975186, -10.47770909151834040, 0.2077349368215179737 ) ) ;
#1262 = CARTESIAN_POINT ( 'NONE',  ( 7.202506334822010636, 7.614971478483039569, 0.2073908069851140012 ) ) ;
#1263 =( BOUNDED_SURFACE ( )  B_SPLINE_SURFACE ( 3, 3, ( 
 ( #2435, #3, #1323, #2284, #966, #983, #2734 ),
 ( #1869, #1335, #2657, #2070, #78, #2422, #1595 ),
 ( #1181, #456, #684, #1645, #1577, #2679, #2521 ),
 ( #1352, #888, #2670, #902, #2238, #2211, #534 ) ),
 .UNSPECIFIED., .F., .T., .F. ) 
 B_SPLINE_SURFACE_WITH_KNOTS ( ( 4, 4 ),
 ( 4, 3, 4 ),
 ( 0.000000000000000000, 1.000000000000000000 ),
 ( 0.000000000000000000, 0.5000000000000000000, 1.000000000000000000 ),
 .UNSPECIFIED. ) 
 GEOMETRIC_REPRESENTATION_ITEM ( )  RATIONAL_B_SPLINE_SURFACE ( (
 ( 1.000000000000000000, 0.3333333333333335369, 0.3333333333333335369, 1.000000000000000000, 0.3333333333333335369, 0.3333333333333335369, 1.000000000000000000),
 ( 0.8088336327696910022, 0.2696112109232304821, 0.2696112109232304821, 0.8088336327696910022, 0.2696112109232304821, 0.2696112109232304821, 0.8088336327696910022),
 ( 0.8088336327696910022, 0.2696112109232304821, 0.2696112109232304821, 0.8088336327696910022, 0.2696112109232304821, 0.2696112109232304821, 0.8088336327696910022),
 ( 1.000000000000000000, 0.3333333333333335369, 0.3333333333333335369, 1.000000000000000000, 0.3333333333333335369, 0.3333333333333335369, 1.000000000000000000) ) ) 
 REPRESENTATION_ITEM ( '' )  SURFACE ( )  );
#1264 = VERTEX_POINT ( 'NONE', #2167 ) ;
#1265 = FACE_BOUND ( 'NONE', #1278, .T. ) ;
#1266 = CARTESIAN_POINT ( 'NONE',  ( -1.318201137669755996, -9.408100008006901049, 0.3000000000025409563 ) ) ;
#1267 = FACE_OUTER_BOUND ( 'NONE', #2173, .T. ) ;
#1268 = CARTESIAN_POINT ( 'NONE',  ( -9.444143792293527184, 0.000000000000000000, 3.500000000001225242 ) ) ;
#1269 = EDGE_CURVE ( 'NONE', #320, #76, #270, .T. ) ;
#1270 = CARTESIAN_POINT ( 'NONE',  ( 0.2906891190322457019, -10.44277228761528953, 0.2897988048881104395 ) ) ;
#1271 = DIRECTION ( 'NONE',  ( 0.000000000000000000, -1.000000000000000000, 0.000000000000000000 ) ) ;
#1272 = ORIENTED_EDGE ( 'NONE', *, *, #2654, .T. ) ;
#1273 = CARTESIAN_POINT ( 'NONE',  ( 5.127525657264230041, -7.842908376978419582, -2.699999999999890044 ) ) ;
#1274 = VERTEX_POINT ( 'NONE', #642 ) ;
#1275 =( BOUNDED_SURFACE ( )  B_SPLINE_SURFACE ( 3, 3, ( 
 ( #959, #2514, #1652, #2529 ),
 ( #1413, #1879, #2098, #1639 ),
 ( #2053, #977, #1383, #2292 ),
 ( #1863, #1427, #1666, #104 ) ),
 .UNSPECIFIED., .F., .F., .T. ) 
 B_SPLINE_SURFACE_WITH_KNOTS ( ( 4, 4 ),
 ( 4, 4 ),
 ( 0.000000000000000000, 1.000000000000000000 ),
 ( 0.000000000000000000, 1.000000000000000000 ),
 .UNSPECIFIED. ) 
 GEOMETRIC_REPRESENTATION_ITEM ( )  RATIONAL_B_SPLINE_SURFACE ( (
 ( 1.000000000000000000, 0.6054951805095730721, 0.6054951805095730721, 1.000000000000000000),
 ( 0.8205952309283010004, 0.4968664574762269859, 0.4968664574762269859, 0.8205952309283010004),
 ( 0.8205952309283010004, 0.4968664574762269859, 0.4968664574762269859, 0.8205952309283010004),
 ( 1.000000000000000000, 0.6054951805095730721, 0.6054951805095730721, 1.000000000000000000) ) ) 
 REPRESENTATION_ITEM ( '' )  SURFACE ( )  );
#1276 = CARTESIAN_POINT ( 'NONE',  ( -0.3098067814307480239, -10.38799303749132008, 0.2995501763985439769 ) ) ;
#1277 = LINE ( 'NONE', #639, #2828 ) ;
#1278 = EDGE_LOOP ( 'NONE', ( #305, #1117 ) ) ;
#1279 = DIRECTION ( 'NONE',  ( 0.9998476951563912696, -0.000000000000000000, 0.01745240643728354982 ) ) ;
#1280 = CARTESIAN_POINT ( 'NONE',  ( 8.559538328208471825, 3.813668721620759872, -2.699999999999890044 ) ) ;
#1281 = CARTESIAN_POINT ( 'NONE',  ( -7.415996245556278232, 7.427768868366423582, 0.2137134714978395633 ) ) ;
#1282 = CARTESIAN_POINT ( 'NONE',  ( 14.64918202486053644, -0.4688985951646797989, 0.3000000000001118994 ) ) ;
#1283 = CARTESIAN_POINT ( 'NONE',  ( 10.38601843033239902, -20.77203686066479804, -0.8999999999998885558 ) ) ;
#1284 = ORIENTED_EDGE ( 'NONE', *, *, #895, .T. ) ;
#1285 = CARTESIAN_POINT ( 'NONE',  ( 8.793681427629968184, -3.236374073386159900, -2.699999999999890044 ) ) ;
#1286 = CARTESIAN_POINT ( 'NONE',  ( 7.273311025815120345, 7.548276167219189148, 0.2074082381336649905 ) ) ;
#1287 = ADVANCED_FACE ( 'NONE', ( #2409 ), #2683, .T. ) ;
#1288 = ORIENTED_EDGE ( 'NONE', *, *, #2330, .F. ) ;
#1289 = DIRECTION ( 'NONE',  ( -1.000000000000000000, 0.000000000000000000, 0.000000000000000000 ) ) ;
#1290 = DIRECTION ( 'NONE',  ( -1.000000000000000000, 0.000000000000000000, 0.000000000000000000 ) ) ;
#1291 = VERTEX_POINT ( 'NONE', #848 ) ;
#1292 = DIRECTION ( 'NONE',  ( -1.000000000000000000, 3.614007241618349264E-16, 0.000000000000000000 ) ) ;
#1293 = CARTESIAN_POINT ( 'NONE',  ( -7.548276167219070132, 7.273311025815210051, 0.2074082381336649905 ) ) ;
#1294 = CARTESIAN_POINT ( 'NONE',  ( 8.652981931040660157, 3.595869445891020089, -2.699999999999890044 ) ) ;
#1295 = VECTOR ( 'NONE', #2261, 1000.000000000000000 ) ;
#1296 = CARTESIAN_POINT ( 'NONE',  ( -7.271597211519289949, 7.549344831961789737, 0.2068408716308839934 ) ) ;
#1297 = CARTESIAN_POINT ( 'NONE',  ( -9.370311156817630049, 18.74062231363526010, -2.699999999999887379 ) ) ;
#1298 = VECTOR ( 'NONE', #2305, 1000.000000000000227 ) ;
#1299 = CARTESIAN_POINT ( 'NONE',  ( 1.235577108362116094, -9.371433559451300965, 3.499941185284688228 ) ) ;
#1300 = VECTOR ( 'NONE', #1669, 1000.000000000000000 ) ;
#1301 = ORIENTED_EDGE ( 'NONE', *, *, #1629, .F. ) ;
#1302 = CARTESIAN_POINT ( 'NONE',  ( 9.158629015412600438, -2.003699186089864970, -2.699999999999890044 ) ) ;
#1303 = CIRCLE ( 'NONE', #2505, 1.169233360614529982 ) ;
#1304 = ADVANCED_FACE ( 'NONE', ( #1549 ), #2155, .F. ) ;
#1305 = CARTESIAN_POINT ( 'NONE',  ( -0.2906524356135639642, -10.44145446533805988, 0.2914862396055727389 ) ) ;
#1306 = B_SPLINE_CURVE_WITH_KNOTS ( 'NONE', 3,
 ( #2792, #1695, #197, #1955 ),
 .UNSPECIFIED., .F., .F.,
 ( 4, 4 ),
 ( 0.000000000000000000, 1.000000000000000000 ),
 .UNSPECIFIED. ) ;
#1307 = CARTESIAN_POINT ( 'NONE',  ( -7.144464143617160090, 7.553605391454039975, 0.2988583354699595462 ) ) ;
#1308 = ORIENTED_EDGE ( 'NONE', *, *, #1138, .F. ) ;
#1309 = DIRECTION ( 'NONE',  ( -1.000000000000000000, 0.000000000000000000, 0.000000000000000000 ) ) ;
#1310 = CARTESIAN_POINT ( 'NONE',  ( -7.480131939981630396, 7.342720920377110438, 0.2126392690077639758 ) ) ;
#1311 = CARTESIAN_POINT ( 'NONE',  ( 0.1944260202896859746, -10.48024559890329854, 0.2073908069851130020 ) ) ;
#1312 = CARTESIAN_POINT ( 'NONE',  ( 0.000000000000000000, 0.000000000000000000, -0.8017452406439139478 ) ) ;
#1313 = DIRECTION ( 'NONE',  ( 0.000000000000000000, -0.9998476951563912696, 0.01745240643728354982 ) ) ;
#1314 = ORIENTED_EDGE ( 'NONE', *, *, #1786, .F. ) ;
#1315 = CARTESIAN_POINT ( 'NONE',  ( 8.171844578126210124, -4.588057133744389837, -2.699999999999890044 ) ) ;
#1316 = ORIENTED_EDGE ( 'NONE', *, *, #1891, .F. ) ;
#1317 = CARTESIAN_POINT ( 'NONE',  ( 7.615095065325170332, 7.202623227579840304, 0.2077349357898105320 ) ) ;
#1318 = CARTESIAN_POINT ( 'NONE',  ( -7.144457134036490409, 7.553597980456140171, 0.2999999999908234960 ) ) ;
#1319 = ADVANCED_FACE ( 'NONE', ( #208 ), #1341, .F. ) ;
#1320 = EDGE_CURVE ( 'NONE', #1067, #1956, #2184, .T. ) ;
#1321 = ORIENTED_EDGE ( 'NONE', *, *, #1002, .F. ) ;
#1322 = VERTEX_POINT ( 'NONE', #600 ) ;
#1323 = CARTESIAN_POINT ( 'NONE',  ( 9.370311156817630049, 18.74062231363526010, -2.699999999999887379 ) ) ;
#1324 = EDGE_CURVE ( 'NONE', #1572, #2161, #833, .T. ) ;
#1325 = CARTESIAN_POINT ( 'NONE',  ( 4.450000000000000178, 0.8499999999999997558, 2.500000000000109690 ) ) ;
#1326 = DIRECTION ( 'NONE',  ( -1.000000000000000000, 8.881784197001250351E-16, 0.000000000000000000 ) ) ;
#1327 = CARTESIAN_POINT ( 'NONE',  ( 7.209383287732771706, 7.608737474766298803, 0.2074396509433021063 ) ) ;
#1328 = CARTESIAN_POINT ( 'NONE',  ( -8.171844578127590353, 4.588057133741740401, -2.699999999999890044 ) ) ;
#1329 = ORIENTED_EDGE ( 'NONE', *, *, #666, .F. ) ;
#1330 = CARTESIAN_POINT ( 'NONE',  ( 7.928697314825909892, -4.994475439200379618, -2.699999999999890044 ) ) ;
#1331 = ORIENTED_EDGE ( 'NONE', *, *, #899, .T. ) ;
#1332 = CARTESIAN_POINT ( 'NONE',  ( 9.470295926333278658, 0.000000000000000000, -2.601745240643719814 ) ) ;
#1333 = CARTESIAN_POINT ( 'NONE',  ( -10.48499495349918931, 20.96998990699837861, -0.8595076352845815171 ) ) ;
#1334 = VERTEX_POINT ( 'NONE', #1488 ) ;
#1335 = CARTESIAN_POINT ( 'NONE',  ( -9.428082350291154157, 18.85616470058230831, -2.699999999999887823 ) ) ;
#1336 = CARTESIAN_POINT ( 'NONE',  ( -2.982223606395966176, 11.54238931981116956, 0.3000000000001117884 ) ) ;
#1337 = ADVANCED_FACE ( 'NONE', ( #1515 ), #2381, .T. ) ;
#1338 = CARTESIAN_POINT ( 'NONE',  ( -9.428082350291154157, 18.85616470058230831, -2.699999999999887823 ) ) ;
#1339 = B_SPLINE_CURVE_WITH_KNOTS ( 'NONE', 3,
 ( #187, #2502, #1813, #1837, #1139, #1823, #2717, #2057 ),
 .UNSPECIFIED., .F., .F.,
 ( 4, 2, 2, 4 ),
 ( 0.000000000000000000, 0.5000000000000048850, 0.7500000000000024425, 1.000000000000000000 ),
 .UNSPECIFIED. ) ;
#1340 = CARTESIAN_POINT ( 'NONE',  ( 1.318201137669342105, -9.408100008006959669, 0.3000000000025404567 ) ) ;
#1341 = B_SPLINE_SURFACE_WITH_KNOTS ( 'NONE', 1, 3, ( 
 ( #369, #2394, #414, #1966, #861, #388 ),
 ( #2368, #1033, #1934, #2603, #1949, #1922 ),
 ( #817, #1293, #1310, #2614, #175, #1703 ),
 ( #614, #1731, #1250, #2199, #627, #161 ) ),
 .UNSPECIFIED., .F., .F., .F.,
 ( 2, 1, 1, 2 ),
 ( 4, 2, 4 ),
 ( -0.01315789473684655930, 0.000000000000000000, 0.9868421052631580759, 1.000000000000000000 ),
 ( 0.000000000000000000, 0.5000000000000000000, 1.000000000000000000 ),
 .UNSPECIFIED. ) ;
#1342 = CARTESIAN_POINT ( 'NONE',  ( -2.150415590132535026, 9.120271752707111546, -2.699999999999890044 ) ) ;
#1343 = VECTOR ( 'NONE', #159, 1000.000000000000114 ) ;
#1344 = ORIENTED_EDGE ( 'NONE', *, *, #791, .T. ) ;
#1345 = CARTESIAN_POINT ( 'NONE',  ( -4.030419482067585157, -8.465231903665090485, -2.699999999999890044 ) ) ;
#1346 = AXIS2_PLACEMENT_3D ( 'NONE', #604, #2424, #1326 ) ;
#1347 = AXIS2_PLACEMENT_3D ( 'NONE', #484, #1552, #239 ) ;
#1348 = VERTEX_POINT ( 'NONE', #2224 ) ;
#1349 = CARTESIAN_POINT ( 'NONE',  ( 5.917251657107529539, 7.524886399342919141, 3.499999999991440180 ) ) ;
#1350 = SURFACE_STYLE_FILL_AREA ( #883 ) ;
#1351 = EDGE_LOOP ( 'NONE', ( #734, #1498 ) ) ;
#1352 = CARTESIAN_POINT ( 'NONE',  ( -9.470295926333278658, 0.000000000000000000, -2.601745240643719814 ) ) ;
#1353 =( BOUNDED_CURVE ( )  B_SPLINE_CURVE ( 3, ( #998, #1886, #731, #1902 ),
 .UNSPECIFIED., .F., .F. ) 
 B_SPLINE_CURVE_WITH_KNOTS ( ( 4, 4 ),
 ( 0.5000000000000000000, 1.000000000000000000 ),
 .UNSPECIFIED. ) 
 CURVE ( )  GEOMETRIC_REPRESENTATION_ITEM ( )  RATIONAL_B_SPLINE_CURVE ( ( 1.000000000000000000, 0.3333333333333335369, 0.3333333333333335369, 1.000000000000000000 ) ) 
 REPRESENTATION_ITEM ( '' )  );
#1354 = CARTESIAN_POINT ( 'NONE',  ( -3.010881084136109553, 11.65330513587913330, 0.2068408716308841044 ) ) ;
#1355 = DIRECTION ( 'NONE',  ( -1.000000000000000000, 0.000000000000000000, 0.000000000000000000 ) ) ;
#1356 = CARTESIAN_POINT ( 'NONE',  ( 7.381183966012931918, 7.441615538691405796, 0.2121349927692869064 ) ) ;
#1357 = CARTESIAN_POINT ( 'NONE',  ( -4.310615293077709964, 8.320073900484329599, -2.699999999999890044 ) ) ;
#1358 = EDGE_CURVE ( 'NONE', #1855, #437, #1992, .T. ) ;
#1359 = VERTEX_POINT ( 'NONE', #2298 ) ;
#1360 = CARTESIAN_POINT ( 'NONE',  ( 1.734723475976804925E-15, -9.370311156817638931, -2.699999999999890044 ) ) ;
#1361 = ORIENTED_EDGE ( 'NONE', *, *, #1629, .T. ) ;
#1362 = LINE ( 'NONE', #909, #464 ) ;
#1363 = CARTESIAN_POINT ( 'NONE',  ( 10.38601843033239902, 20.77203686066479804, -0.8999999999998868905 ) ) ;
#1364 = ORIENTED_EDGE ( 'NONE', *, *, #791, .F. ) ;
#1365 = CARTESIAN_POINT ( 'NONE',  ( 5.867328494039956155, 7.542137753670708378, 0.2995141100368473586 ) ) ;
#1366 = CARTESIAN_POINT ( 'NONE',  ( -14.79171968800013559, -0.4493914517620714588, 0.2999999999991042610 ) ) ;
#1367 = CARTESIAN_POINT ( 'NONE',  ( 9.469287679984336847, -18.93857535996867369, -2.659507635284655169 ) ) ;
#1368 = CARTESIAN_POINT ( 'NONE',  ( -7.441615764005850231, 7.381183739105419583, 0.2121349903538386483 ) ) ;
#1369 = CARTESIAN_POINT ( 'NONE',  ( -8.793681427627989322, 3.236374073390799744, -2.699999999999890044 ) ) ;
#1370 = LINE ( 'NONE', #1819, #789 ) ;
#1371 = ORIENTED_EDGE ( 'NONE', *, *, #1627, .T. ) ;
#1372 = CARTESIAN_POINT ( 'NONE',  ( 2.444213275428745114, -9.047280617755809828, -2.699999999999890044 ) ) ;
#1373 = ORIENTED_EDGE ( 'NONE', *, *, #1913, .T. ) ;
#1374 = CARTESIAN_POINT ( 'NONE',  ( 0.2920782399849830013, -10.49267533812409958, 0.2087155742748779963 ) ) ;
#1375 = FACE_OUTER_BOUND ( 'NONE', #547, .T. ) ;
#1376 = ADVANCED_FACE ( 'NONE', ( #2089 ), #1263, .T. ) ;
#1377 = B_SPLINE_CURVE_WITH_KNOTS ( 'NONE', 3,
 ( #1438, #1712, #2318, #2598, #611, #766 ),
 .UNSPECIFIED., .F., .F.,
 ( 4, 2, 4 ),
 ( 0.000000000000000000, 0.5000000000000000000, 1.000000000000000000 ),
 .UNSPECIFIED. ) ;
#1378 = CARTESIAN_POINT ( 'NONE',  ( -7.524586648645439801, 5.917112974745780463, 3.520997757416510332 ) ) ;
#1379 = CARTESIAN_POINT ( 'NONE',  ( 5.939152825435479954, 7.570153965697439702, 0.2999999999939240158 ) ) ;
#1380 = CARTESIAN_POINT ( 'NONE',  ( -4.450000000000000178, 0.6500000000000000222, 3.500000000000110134 ) ) ;
#1381 = CARTESIAN_POINT ( 'NONE',  ( -7.202624916839759805, 7.615095489261380024, 0.2077350077217919866 ) ) ;
#1382 = CARTESIAN_POINT ( 'NONE',  ( -8.753707551777351270, 3.342954663316664909, -2.699999999999890044 ) ) ;
#1383 = CARTESIAN_POINT ( 'NONE',  ( 10.77709304023517056, -10.14155755430966188, 0.2999999999985575316 ) ) ;
#1384 = ORIENTED_EDGE ( 'NONE', *, *, #963, .F. ) ;
#1385 = CARTESIAN_POINT ( 'NONE',  ( -5.127525657264230041, -7.842908376978419582, -2.699999999999890044 ) ) ;
#1386 = VECTOR ( 'NONE', #2626, 999.9999999999998863 ) ;
#1387 = ORIENTED_EDGE ( 'NONE', *, *, #1545, .T. ) ;
#1388 = CARTESIAN_POINT ( 'NONE',  ( -1.282021724898382509, -9.413175590049387864, 0.2996391315098181352 ) ) ;
#1389 = CARTESIAN_POINT ( 'NONE',  ( 10.38601843033239902, -20.77203686066479804, -0.8999999999998868905 ) ) ;
#1390 = VECTOR ( 'NONE', #2748, 1000.000000000000114 ) ;
#1391 = EDGE_CURVE ( 'NONE', #2161, #383, #236, .T. ) ;
#1392 = ORIENTED_EDGE ( 'NONE', *, *, #1942, .T. ) ;
#1393 = CARTESIAN_POINT ( 'NONE',  ( 0.000000000000000000, 4.417455064928217823, 3.500000000000110134 ) ) ;
#1394 = AXIS2_PLACEMENT_3D ( 'NONE', #2631, #2412, #633 ) ;
#1395 = CARTESIAN_POINT ( 'NONE',  ( -14.85452695453338379, -0.4512996172278816442, 0.2068408716315017770 ) ) ;
#1396 = CARTESIAN_POINT ( 'NONE',  ( 9.470295926333278658, 0.000000000000000000, -2.601745240643719814 ) ) ;
#1397 = CARTESIAN_POINT ( 'NONE',  ( 0.9979360486077121228, 9.318190839734720399, -2.699999999999890044 ) ) ;
#1398 = FACE_OUTER_BOUND ( 'NONE', #1557, .T. ) ;
#1399 = EDGE_LOOP ( 'NONE', ( #1737, #551, #2152, #2181 ) ) ;
#1400 = CARTESIAN_POINT ( 'NONE',  ( -2.298366197705665304, -9.089215593225379308, -2.699999999999890044 ) ) ;
#1401 = DIRECTION ( 'NONE',  ( -1.000000000000000000, 0.000000000000000000, 0.000000000000000000 ) ) ;
#1402 = EDGE_LOOP ( 'NONE', ( #2646, #1052, #2100, #981, #396, #1482, #1316, #759 ) ) ;
#1403 = CARTESIAN_POINT ( 'NONE',  ( -1.163093245706773526, -9.517328417353093428, 0.2997342713655494761 ) ) ;
#1404 = CARTESIAN_POINT ( 'NONE',  ( 8.687627208144180102, -17.37525441628836020, -2.699999999999891376 ) ) ;
#1405 = CARTESIAN_POINT ( 'NONE',  ( 7.283679904474330336, 7.559037043377779597, 0.2087155742748789677 ) ) ;
#1406 = CARTESIAN_POINT ( 'NONE',  ( -7.144457134035759438, 7.553597980455059258, 0.3000000000001119549 ) ) ;
#1407 = CARTESIAN_POINT ( 'NONE',  ( -10.38601843033240080, 0.000000000000000000, -0.8999999999998880007 ) ) ;
#1408 = CARTESIAN_POINT ( 'NONE',  ( -7.582941394367837873, 7.172211161111255784, 0.2999999999991043720 ) ) ;
#1409 = CARTESIAN_POINT ( 'NONE',  ( 7.212911380245950355, 7.625972388506900401, 0.2087155742748779963 ) ) ;
#1410 = EDGE_CURVE ( 'NONE', #514, #1767, #1487, .T. ) ;
#1411 = CARTESIAN_POINT ( 'NONE',  ( 7.435729747922454003, 7.387140121464953246, 0.2124956283705319027 ) ) ;
#1412 = CARTESIAN_POINT ( 'NONE',  ( 4.310146764309795486, 8.320315684678311285, -2.699999999999890044 ) ) ;
#1413 = CARTESIAN_POINT ( 'NONE',  ( 7.612383711081962545, 7.200058733915060571, 0.2621579044439784623 ) ) ;
#1414 = ORIENTED_EDGE ( 'NONE', *, *, #1684, .T. ) ;
#1415 = CARTESIAN_POINT ( 'NONE',  ( -9.207359185374787813, -1.740262188155329959, -2.699999999999890044 ) ) ;
#1416 = CARTESIAN_POINT ( 'NONE',  ( -8.745398401617759276, 0.000000000000000000, -2.699999999999890044 ) ) ;
#1417 = VERTEX_POINT ( 'NONE', #1119 ) ;
#1418 = DIRECTION ( 'NONE',  ( -0.01744974916068272111, 0.01744974916068272111, -0.9996954598818874604 ) ) ;
#1419 = DIRECTION ( 'NONE',  ( 0.01745240643728354635, 0.000000000000000000, -0.9998476951563911586 ) ) ;
#1420 = DIRECTION ( 'NONE',  ( -0.008726535488384853934, 0.000000000000000000, -0.9999619230642584622 ) ) ;
#1421 = ORIENTED_EDGE ( 'NONE', *, *, #876, .F. ) ;
#1422 = CARTESIAN_POINT ( 'NONE',  ( -7.540005935879080745, 5.924244732306320316, 2.440929039463030303 ) ) ;
#1423 = CARTESIAN_POINT ( 'NONE',  ( -10.44378962380598708, 20.88757924761197415, -0.8999999999998880007 ) ) ;
#1424 = CARTESIAN_POINT ( 'NONE',  ( 0.2915591944132749358, -10.47399442205426112, 0.2555808165630666373 ) ) ;
#1425 = CARTESIAN_POINT ( 'NONE',  ( -7.553602918911109576, 7.144461804991429688, 0.2992392236175555054 ) ) ;
#1426 = CARTESIAN_POINT ( 'NONE',  ( -1.891397347980430022, 9.177521832913740241, -2.699999999999890044 ) ) ;
#1427 = CARTESIAN_POINT ( 'NONE',  ( 14.71314200320512633, -0.4470041607240536341, 0.3000000000001116218 ) ) ;
#1428 = ADVANCED_FACE ( 'NONE', ( #95 ), #2350, .T. ) ;
#1429 = VERTEX_POINT ( 'NONE', #338 ) ;
#1430 = LINE ( 'NONE', #2745, #2362 ) ;
#1431 = CARTESIAN_POINT ( 'NONE',  ( 1.175537921108999573, -9.390248130482561351, 2.443406023497150859 ) ) ;
#1432 = VERTEX_POINT ( 'NONE', #811 ) ;
#1433 = DIRECTION ( 'NONE',  ( 0.000000000000000000, 1.141265444721584004E-17, 1.000000000000000000 ) ) ;
#1434 = CARTESIAN_POINT ( 'NONE',  ( -5.917251657107569507, 7.524886399342880061, 3.499999999991440180 ) ) ;
#1435 = CARTESIAN_POINT ( 'NONE',  ( 0.000000000000000000, 0.000000000000000000, -2.601745240644494750 ) ) ;
#1436 = AXIS2_PLACEMENT_3D ( 'NONE', #1727, #2220, #844 ) ;
#1437 = EDGE_LOOP ( 'NONE', ( #2676, #288, #114, #1513 ) ) ;
#1438 = CARTESIAN_POINT ( 'NONE',  ( -1.136769427905780061, -9.505026973361880849, 3.499999999991440180 ) ) ;
#1439 = CARTESIAN_POINT ( 'NONE',  ( 7.574900194029230427, 7.107939387345459714, 0.2999999999998224642 ) ) ;
#1440 = AXIS2_PLACEMENT_3D ( 'NONE', #1718, #1759, #658 ) ;
#1441 = VECTOR ( 'NONE', #1271, 1000.000000000000000 ) ;
#1442 = ORIENTED_EDGE ( 'NONE', *, *, #2351, .F. ) ;
#1443 = LINE ( 'NONE', #356, #926 ) ;
#1444 = MECHANICAL_DESIGN_GEOMETRIC_PRESENTATION_REPRESENTATION (  '', ( #1635 ), #335 ) ;
#1445 = CARTESIAN_POINT ( 'NONE',  ( -1.854218741564340078, 9.185101720111680024, -2.699999999999890044 ) ) ;
#1446 = B_SPLINE_CURVE_WITH_KNOTS ( 'NONE', 3,
 ( #2063, #1163, #1843, #513 ),
 .UNSPECIFIED., .F., .F.,
 ( 4, 4 ),
 ( 0.000000000000000000, 1.000000000000000000 ),
 .UNSPECIFIED. ) ;
#1447 = FACE_OUTER_BOUND ( 'NONE', #1458, .T. ) ;
#1448 = ORIENTED_EDGE ( 'NONE', *, *, #2345, .F. ) ;
#1449 = CARTESIAN_POINT ( 'NONE',  ( -8.745398401617759276, -17.49079680323551855, -2.699999999999887379 ) ) ;
#1450 = DIRECTION ( 'NONE',  ( -1.000000000000000000, 0.000000000000000000, 0.000000000000000000 ) ) ;
#1451 = ADVANCED_FACE ( 'NONE', ( #2118 ), #508, .F. ) ;
#1452 = EDGE_CURVE ( 'NONE', #564, #856, #30, .T. ) ;
#1453 = ORIENTED_EDGE ( 'NONE', *, *, #151, .F. ) ;
#1454 = CARTESIAN_POINT ( 'NONE',  ( 4.450000000000000178, 0.6500000000000000222, 2.500000000000109690 ) ) ;
#1455 = CARTESIAN_POINT ( 'NONE',  ( -5.752919267304371864, 7.500289171335411176, 3.499941185284756173 ) ) ;
#1456 = CARTESIAN_POINT ( 'NONE',  ( 0.000000000000000000, -9.231417910447838437, 0.2999999999815374796 ) ) ;
#1457 = EDGE_CURVE ( 'NONE', #870, #2635, #419, .T. ) ;
#1458 = EDGE_LOOP ( 'NONE', ( #121, #1514 ) ) ;
#1459 = CARTESIAN_POINT ( 'NONE',  ( 10.44378962380598708, -20.88757924761197415, -0.8999999999998880007 ) ) ;
#1460 = B_SPLINE_CURVE_WITH_KNOTS ( 'NONE', 3,
 ( #586, #539, #1425, #325 ),
 .UNSPECIFIED., .F., .F.,
 ( 4, 4 ),
 ( 0.000000000000000000, 1.000000000000000000 ),
 .UNSPECIFIED. ) ;
#1461 = CARTESIAN_POINT ( 'NONE',  ( 0.2920782399850049837, -10.49267533812409958, 0.2087155742748779963 ) ) ;
#1462 = CARTESIAN_POINT ( 'NONE',  ( 1.634543227687925038, 9.226713657645829514, -2.699999999999890044 ) ) ;
#1463 = CARTESIAN_POINT ( 'NONE',  ( 10.48600319986405793, 2.836263202847886425E-28, -0.8017452406439139478 ) ) ;
#1464 = CARTESIAN_POINT ( 'NONE',  ( -9.085540761998041503, -2.297833170784429946, -2.699999999999890044 ) ) ;
#1465 = B_SPLINE_CURVE_WITH_KNOTS ( 'NONE', 3,
 ( #2117, #2341, #2795, #1244 ),
 .UNSPECIFIED., .F., .F.,
 ( 4, 4 ),
 ( 0.000000000000000000, 1.000000000000000000 ),
 .UNSPECIFIED. ) ;
#1466 = ORIENTED_EDGE ( 'NONE', *, *, #685, .T. ) ;
#1467 = DIRECTION ( 'NONE',  ( -1.000000000000000000, 0.000000000000000000, 0.000000000000000000 ) ) ;
#1468 = CARTESIAN_POINT ( 'NONE',  ( -7.615106719350981379, 7.202634250364741142, 0.2540633364217670387 ) ) ;
#1469 = FACE_OUTER_BOUND ( 'NONE', #1247, .T. ) ;
#1470 = ORIENTED_EDGE ( 'NONE', *, *, #751, .F. ) ;
#1471 = ADVANCED_FACE ( 'NONE', ( #1697 ), #2547, .T. ) ;
#1472 = CARTESIAN_POINT ( 'NONE',  ( 5.931637868085010368, 7.555284820118300715, 1.360859429123500108 ) ) ;
#1473 = CARTESIAN_POINT ( 'NONE',  ( 10.38601843033240080, 0.000000000000000000, -0.8999999999998880007 ) ) ;
#1474 = CARTESIAN_POINT ( 'NONE',  ( 7.451116557092893444, 7.392600891546952546, 0.2134347276107544100 ) ) ;
#1475 = CARTESIAN_POINT ( 'NONE',  ( 9.192461035213510101, 1.816975292898195038, -2.699999999999890044 ) ) ;
#1476 = CARTESIAN_POINT ( 'NONE',  ( -7.696831565059163438, 6.527598204444680086, 3.499999999974080289 ) ) ;
#1477 = CARTESIAN_POINT ( 'NONE',  ( -9.213877264232509745, -1.705050420146114964, -2.699999999999890044 ) ) ;
#1478 = DIRECTION ( 'NONE',  ( -1.000000000000000000, 0.000000000000000000, 0.000000000000000000 ) ) ;
#1479 = ORIENTED_EDGE ( 'NONE', *, *, #2632, .F. ) ;
#1480 = CARTESIAN_POINT ( 'NONE',  ( 7.144462209214199611, 7.553606536322249987, 0.2988584021275029756 ) ) ;
#1481 = CARTESIAN_POINT ( 'NONE',  ( 0.2655985349197932388, -10.47845297015149590, 0.2074826386779064502 ) ) ;
#1482 = ORIENTED_EDGE ( 'NONE', *, *, #2256, .F. ) ;
#1483 = DIRECTION ( 'NONE',  ( 0.01745240643728354982, 0.000000000000000000, -0.9998476951563911586 ) ) ;
#1484 = CARTESIAN_POINT ( 'NONE',  ( -5.917251657107569507, 7.524886399342880061, 3.499999999991440180 ) ) ;
#1485 = AXIS2_PLACEMENT_3D ( 'NONE', #27, #1789, #2669 ) ;
#1486 = EDGE_CURVE ( 'NONE', #329, #462, #2349, .T. ) ;
#1487 = CIRCLE ( 'NONE', #1810, 8.599999999999999645 ) ;
#1488 = CARTESIAN_POINT ( 'NONE',  ( -1.153291966402443913, -9.552522441139670306, 0.2999999999939249595 ) ) ;
#1489 = CARTESIAN_POINT ( 'NONE',  ( 1.136769427905765850, -9.505026973361919929, 3.499999999991440180 ) ) ;
#1490 = CONICAL_SURFACE ( 'NONE', #1766, 9.500000000000000000, 0.01745329249999845109 ) ;
#1491 = PRODUCT_DEFINITION_CONTEXT ( 'detailed design', #2581, 'design' ) ;
#1492 = DIRECTION ( 'NONE',  ( -1.000000000000000000, 0.000000000000000000, 0.000000000000000000 ) ) ;
#1493 = CARTESIAN_POINT ( 'NONE',  ( 7.524886399342819665, 5.917251657107629903, 3.499999999991440180 ) ) ;
#1494 = FACE_OUTER_BOUND ( 'NONE', #2773, .T. ) ;
#1495 = ORIENTED_EDGE ( 'NONE', *, *, #1230, .T. ) ;
#1496 = CARTESIAN_POINT ( 'NONE',  ( 0.000000000000000000, 0.000000000000000000, 3.500000000001225242 ) ) ;
#1497 = CARTESIAN_POINT ( 'NONE',  ( 7.480080167785950529, 7.342489639751319963, 0.2126185805456899669 ) ) ;
#1498 = ORIENTED_EDGE ( 'NONE', *, *, #1732, .T. ) ;
#1499 = CARTESIAN_POINT ( 'NONE',  ( -0.2893065508070274960, -10.39310463849554012, 0.2988583354859175034 ) ) ;
#1500 = FACE_OUTER_BOUND ( 'NONE', #48, .T. ) ;
#1501 = EDGE_LOOP ( 'NONE', ( #1453, #823, #2222, #2387, #1798, #1095 ) ) ;
#1502 = CARTESIAN_POINT ( 'NONE',  ( -4.748553654707589722, 0.8514463452924109221, 2.417138933693051328 ) ) ;
#1503 = CARTESIAN_POINT ( 'NONE',  ( 8.824217514742770163, 3.166776514574209944, -2.699999999999890044 ) ) ;
#1504 = CARTESIAN_POINT ( 'NONE',  ( -5.720422350328750127, 7.584640277157019383, 0.3000000000025414559 ) ) ;
#1505 = EDGE_CURVE ( 'NONE', #2530, #1964, #646, .T. ) ;
#1506 = CARTESIAN_POINT ( 'NONE',  ( 7.144462209214199611, 7.553606536322249987, 0.2988584021275029756 ) ) ;
#1507 = CARTESIAN_POINT ( 'NONE',  ( 0.2919393712700943944, -10.48768659147840232, 0.2083886636066347442 ) ) ;
#1508 = EDGE_LOOP ( 'NONE', ( #2282, #2056, #1040, #1584, #486, #677, #656, #218 ) ) ;
#1509 = CARTESIAN_POINT ( 'NONE',  ( 3.522689700789059852, -8.683025192752362287, -2.699999999999890044 ) ) ;
#1510 = ORIENTED_EDGE ( 'NONE', *, *, #113, .T. ) ;
#1511 = DIRECTION ( 'NONE',  ( 0.000000000000000000, 0.000000000000000000, -1.000000000000000000 ) ) ;
#1512 = DIRECTION ( 'NONE',  ( 0.000000000000000000, -1.000000000000000000, 0.000000000000000000 ) ) ;
#1513 = ORIENTED_EDGE ( 'NONE', *, *, #2617, .F. ) ;
#1514 = ORIENTED_EDGE ( 'NONE', *, *, #2827, .F. ) ;
#1515 = FACE_OUTER_BOUND ( 'NONE', #361, .T. ) ;
#1516 = CARTESIAN_POINT ( 'NONE',  ( 8.637739379005100915, 3.632343321136770165, -2.699999999999890044 ) ) ;
#1517 = CARTESIAN_POINT ( 'NONE',  ( -0.3504045865815690330, -10.37614805554520103, 0.2999999999970204834 ) ) ;
#1518 = CARTESIAN_POINT ( 'NONE',  ( 7.586593688436988003, 7.175665628569711352, 0.2919376843827205525 ) ) ;
#1519 = B_SPLINE_CURVE_WITH_KNOTS ( 'NONE', 3,
 ( #2677, #2462, #24, #62 ),
 .UNSPECIFIED., .F., .F.,
 ( 4, 4 ),
 ( 0.000000000000000000, 1.000000000000000000 ),
 .UNSPECIFIED. ) ;
#1520 = DIRECTION ( 'NONE',  ( 1.000000000000000000, 0.000000000000000000, 0.000000000000000000 ) ) ;
#1521 = EDGE_CURVE ( 'NONE', #1730, #1640, #232, .T. ) ;
#1522 = VERTEX_POINT ( 'NONE', #297 ) ;
#1523 = CARTESIAN_POINT ( 'NONE',  ( 3.484460144923345215, -8.698429212946379607, -2.699999999999890044 ) ) ;
#1524 = SHAPE_DEFINITION_REPRESENTATION ( #227, #2373 ) ;
#1525 = ORIENTED_EDGE ( 'NONE', *, *, #12, .F. ) ;
#1526 = CARTESIAN_POINT ( 'NONE',  ( -1.303504738555829823, -9.353415162821379525, 3.519267034981859776 ) ) ;
#1527 = CARTESIAN_POINT ( 'NONE',  ( 0.2893064561151439951, -10.39310123659119967, 0.2992392236175590026 ) ) ;
#1528 = VERTEX_POINT ( 'NONE', #542 ) ;
#1529 = DIRECTION ( 'NONE',  ( 0.000000000000000000, 0.000000000000000000, -1.000000000000000000 ) ) ;
#1530 = CARTESIAN_POINT ( 'NONE',  ( 7.202623223573779931, 7.615095061090200623, 0.2077348419726494921 ) ) ;
#1531 = CIRCLE ( 'NONE', #228, 9.500000000000000000 ) ;
#1532 = CARTESIAN_POINT ( 'NONE',  ( -7.268965843101599766, 7.546612955183237048, 0.2621579049823855589 ) ) ;
#1533 = CARTESIAN_POINT ( 'NONE',  ( 7.553605391377700151, 7.144464143544699830, 0.2988583354860009922 ) ) ;
#1534 = VECTOR ( 'NONE', #125, 1000.000000000000114 ) ;
#1535 = CARTESIAN_POINT ( 'NONE',  ( 1.272030603614813238, -9.358141160398977476, 3.500000000000129674 ) ) ;
#1536 = AXIS2_PLACEMENT_3D ( 'NONE', #2372, #1736, #821 ) ;
#1537 = ORIENTED_EDGE ( 'NONE', *, *, #630, .F. ) ;
#1538 = CARTESIAN_POINT ( 'NONE',  ( 9.005636997675479094, -2.589051454968500199, -2.699999999999890044 ) ) ;
#1539 = ADVANCED_FACE ( 'NONE', ( #1188 ), #742, .T. ) ;
#1540 = EDGE_CURVE ( 'NONE', #1640, #1081, #2586, .T. ) ;
#1541 = AXIS2_PLACEMENT_3D ( 'NONE', #2855, #2585, #1512 ) ;
#1542 = EDGE_LOOP ( 'NONE', ( #1788, #690, #1331, #36 ) ) ;
#1543 = CARTESIAN_POINT ( 'NONE',  ( -1.153386165619360026, -9.552809056367658869, 0.2807891795139539903 ) ) ;
#1544 = CARTESIAN_POINT ( 'NONE',  ( -7.553606533957990088, 7.144462208917340185, 0.2988586520549745273 ) ) ;
#1545 = EDGE_CURVE ( 'NONE', #2203, #1547, #528, .T. ) ;
#1546 =( BOUNDED_CURVE ( )  B_SPLINE_CURVE ( 2, ( #2153, #2121, #2799 ),
 .UNSPECIFIED., .F., .F. ) 
 B_SPLINE_CURVE_WITH_KNOTS ( ( 3, 3 ),
 ( 0.000000000000000000, 1.000000000000000000 ),
 .UNSPECIFIED. ) 
 CURVE ( )  GEOMETRIC_REPRESENTATION_ITEM ( )  RATIONAL_B_SPLINE_CURVE ( ( 1.000000000000000000, 0.7372773368101810387, 1.000000000000000000 ) ) 
 REPRESENTATION_ITEM ( '' )  );
#1547 = VERTEX_POINT ( 'NONE', #328 ) ;
#1548 = DIRECTION ( 'NONE',  ( 0.000000000000000000, 0.000000000000000000, -1.000000000000000000 ) ) ;
#1549 = FACE_OUTER_BOUND ( 'NONE', #1402, .T. ) ;
#1550 = CARTESIAN_POINT ( 'NONE',  ( -3.071906155375590144E-16, 0.8499999999999982014, 2.500000000000109690 ) ) ;
#1551 = CARTESIAN_POINT ( 'NONE',  ( 7.144457134035720358, 7.553597980455129424, 0.2000000000001120048 ) ) ;
#1552 = DIRECTION ( 'NONE',  ( 0.000000000000000000, 0.000000000000000000, -1.000000000000000000 ) ) ;
#1553 = CARTESIAN_POINT ( 'NONE',  ( -4.590342575326220143, 8.175157681493429251, -2.699999999999890044 ) ) ;
#1554 = B_SPLINE_CURVE_WITH_KNOTS ( 'NONE', 3,
 ( #101, #944, #1185, #1826 ),
 .UNSPECIFIED., .F., .F.,
 ( 4, 4 ),
 ( 0.000000000000000000, 1.000000000000000000 ),
 .UNSPECIFIED. ) ;
#1555 = ORIENTED_EDGE ( 'NONE', *, *, #1749, .F. ) ;
#1556 = CARTESIAN_POINT ( 'NONE',  ( 8.247857575182209189, -4.450010405436245264, -2.699999999999890044 ) ) ;
#1557 = EDGE_LOOP ( 'NONE', ( #98, #2358, #283, #298 ) ) ;
#1558 = CARTESIAN_POINT ( 'NONE',  ( 7.618720839719146376, 7.206052611801809782, 0.2080618152848329738 ) ) ;
#1559 = CARTESIAN_POINT ( 'NONE',  ( 10.44378962380598708, 20.88757924761197415, -0.8999999999998880007 ) ) ;
#1560 = EDGE_CURVE ( 'NONE', #1432, #406, #1446, .T. ) ;
#1561 = ORIENTED_EDGE ( 'NONE', *, *, #2474, .T. ) ;
#1562 = CARTESIAN_POINT ( 'NONE',  ( -1.000000000000000000, -4.000000000000000000, 2.500000000000000444 ) ) ;
#1563 = CARTESIAN_POINT ( 'NONE',  ( -8.646421878450984977, 17.29284375690196995, -2.659507635284596549 ) ) ;
#1564 = B_SPLINE_CURVE_WITH_KNOTS ( 'NONE', 3,
 ( #2814, #2140, #1088, #1530 ),
 .UNSPECIFIED., .F., .F.,
 ( 4, 4 ),
 ( 0.000000000000000000, 1.000000000000000000 ),
 .UNSPECIFIED. ) ;
#1565 =( BOUNDED_SURFACE ( )  B_SPLINE_SURFACE ( 3, 2, ( 
 ( #1868, #1928, #1213 ),
 ( #2567, #1884, #579 ),
 ( #608, #2130, #94 ),
 ( #1260, #2313, #140 ) ),
 .UNSPECIFIED., .F., .F., .F. ) 
 B_SPLINE_SURFACE_WITH_KNOTS ( ( 4, 4 ),
 ( 3, 3 ),
 ( 0.000000000000000000, 1.000000000000000000 ),
 ( 0.000000000000000000, 1.000000000000000000 ),
 .UNSPECIFIED. ) 
 GEOMETRIC_REPRESENTATION_ITEM ( )  RATIONAL_B_SPLINE_SURFACE ( (
 ( 1.000000000000000000, 0.8263855941815250183, 1.000000000000000000),
 ( 1.000000000000000000, 0.8298684715076450891, 1.000000000000000000),
 ( 1.000000000000000000, 0.8332478769413390607, 1.000000000000000000),
 ( 1.000000000000000000, 0.8365324205916460087, 1.000000000000000000) ) ) 
 REPRESENTATION_ITEM ( '' )  SURFACE ( )  );
#1566 = CARTESIAN_POINT ( 'NONE',  ( -0.09743175251333040243, -10.49628178406839929, 0.2139433478354260121 ) ) ;
#1567 = CARTESIAN_POINT ( 'NONE',  ( 7.535877287234719724, 5.692311084301749702, 3.500000000000494715 ) ) ;
#1568 = DIRECTION ( 'NONE',  ( 0.000000000000000000, 1.699760759621014736E-11, -1.000000000000000000 ) ) ;
#1569 = CARTESIAN_POINT ( 'NONE',  ( -2.880241161337030231, 8.921912724429079233, -2.699999999999890044 ) ) ;
#1570 = ORIENTED_EDGE ( 'NONE', *, *, #540, .F. ) ;
#1571 = CARTESIAN_POINT ( 'NONE',  ( -0.9979360486037330835, -9.318190839734018738, -2.699999999999890044 ) ) ;
#1572 = VERTEX_POINT ( 'NONE', #71 ) ;
#1573 = CARTESIAN_POINT ( 'NONE',  ( -1.313670849353899994, -9.390067195216541762, 1.359119014790310054 ) ) ;
#1574 = CARTESIAN_POINT ( 'NONE',  ( 7.144462209214199611, 7.553606536322249987, 0.2988584021275029756 ) ) ;
#1575 = ORIENTED_EDGE ( 'NONE', *, *, #2845, .F. ) ;
#1576 = CARTESIAN_POINT ( 'NONE',  ( 7.202623223573779931, 7.615095061090200623, 0.2077348419726494921 ) ) ;
#1577 = CARTESIAN_POINT ( 'NONE',  ( 9.469287679984336847, -18.93857535996867369, -2.659507635284655169 ) ) ;
#1578 = ADVANCED_FACE ( 'NONE', ( #2266 ), #1275, .T. ) ;
#1579 = CARTESIAN_POINT ( 'NONE',  ( 0.2920837839310170270, -10.49287449991691901, 0.2087330054234275145 ) ) ;
#1580 =( BOUNDED_CURVE ( )  B_SPLINE_CURVE ( 3, ( #2252, #265, #937, #948 ),
 .UNSPECIFIED., .F., .F. ) 
 B_SPLINE_CURVE_WITH_KNOTS ( ( 4, 4 ),
 ( 0.000000000000000000, 1.000000000000000000 ),
 .UNSPECIFIED. ) 
 CURVE ( )  GEOMETRIC_REPRESENTATION_ITEM ( )  RATIONAL_B_SPLINE_CURVE ( ( 1.000000000000000000, 0.8088336327694209960, 0.8088336327694209960, 1.000000000000000000 ) ) 
 REPRESENTATION_ITEM ( '' )  );
#1581 = CARTESIAN_POINT ( 'NONE',  ( 7.307372859950110211, 7.455648680564800124, 0.3000000000001119549 ) ) ;
#1582 = CARTESIAN_POINT ( 'NONE',  ( -8.845209282091639480, 3.093768900863839821, -2.699999999999890044 ) ) ;
#1583 = AXIS2_PLACEMENT_3D ( 'NONE', #384, #129, #2347 ) ;
#1584 = ORIENTED_EDGE ( 'NONE', *, *, #97, .F. ) ;
#1585 = CARTESIAN_POINT ( 'NONE',  ( 2.880241161335510114, -8.921912724428638697, -2.699999999999890044 ) ) ;
#1586 = AXIS2_PLACEMENT_3D ( 'NONE', #2012, #1160, #1120 ) ;
#1587 = B_SPLINE_CURVE_WITH_KNOTS ( 'NONE', 3,
 ( #1728, #1097, #1989, #1740, #1713, #1933 ),
 .UNSPECIFIED., .F., .F.,
 ( 4, 2, 4 ),
 ( 0.000000000000000000, 0.5000000000000000000, 1.000000000000000000 ),
 .UNSPECIFIED. ) ;
#1588 = AXIS2_PLACEMENT_3D ( 'NONE', #497, #1832, #1734 ) ;
#1589 = VERTEX_POINT ( 'NONE', #991 ) ;
#1590 = DIRECTION ( 'NONE',  ( -0.01744974916068272111, 0.01744974916068271417, -0.9996954598818874604 ) ) ;
#1591 =( LENGTH_UNIT ( ) NAMED_UNIT ( * ) SI_UNIT ( .MILLI., .METRE. ) );
#1592 = AXIS2_PLACEMENT_3D ( 'NONE', #2320, #1661, #322 ) ;
#1593 = B_SPLINE_CURVE_WITH_KNOTS ( 'NONE', 3,
 ( #1379, #700, #2524, #82 ),
 .UNSPECIFIED., .F., .F.,
 ( 4, 4 ),
 ( 0.000000000000000000, 1.000000000000000000 ),
 .UNSPECIFIED. ) ;
#1594 = ORIENTED_EDGE ( 'NONE', *, *, #75, .F. ) ;
#1595 = CARTESIAN_POINT ( 'NONE',  ( -9.428082350291164815, 0.000000000000000000, -2.699999999999888267 ) ) ;
#1596 = CARTESIAN_POINT ( 'NONE',  ( -10.82285376055756032, -10.18461972118026182, 0.2068408716315017770 ) ) ;
#1597 = CARTESIAN_POINT ( 'NONE',  ( 7.553597980455029948, 7.144457134035820722, 0.3000000000001119549 ) ) ;
#1598 = DIRECTION ( 'NONE',  ( 0.000000000000000000, 0.000000000000000000, -1.000000000000000000 ) ) ;
#1599 = CARTESIAN_POINT ( 'NONE',  ( -5.395081023122900277, 7.661781626480848928, -2.699999999999890044 ) ) ;
#1600 = ADVANCED_FACE ( 'NONE', ( #1398 ), #2278, .T. ) ;
#1601 = EDGE_LOOP ( 'NONE', ( #2114, #2279, #950, #2829 ) ) ;
#1602 = CARTESIAN_POINT ( 'NONE',  ( -3.165195916949169685, -8.819888016529130681, -2.699999999999890044 ) ) ;
#1603 = CARTESIAN_POINT ( 'NONE',  ( 0.1152598084054157895, -10.49577115625028689, 0.2121498403244122810 ) ) ;
#1604 = CARTESIAN_POINT ( 'NONE',  ( -10.38601843033239902, 20.77203686066479804, -0.8999999999998868905 ) ) ;
#1605 = DIRECTION ( 'NONE',  ( 0.000000000000000000, 0.000000000000000000, 1.000000000000000000 ) ) ;
#1606 = DIRECTION ( 'NONE',  ( -1.000000000000000000, -3.614007241618349264E-16, 0.000000000000000000 ) ) ;
#1607 = CARTESIAN_POINT ( 'NONE',  ( -9.428082350291154157, -18.85616470058230831, -2.699999999999887823 ) ) ;
#1608 = CARTESIAN_POINT ( 'NONE',  ( -7.571974237336275948, 7.247912353808683150, 0.2080544593869373682 ) ) ;
#1609 = CARTESIAN_POINT ( 'NONE',  ( -3.632343321138115311, 8.637739379004459650, -2.699999999999890044 ) ) ;
#1610 = DIRECTION ( 'NONE',  ( 0.000000000000000000, 0.000000000000000000, -1.000000000000000000 ) ) ;
#1611 = ORIENTED_EDGE ( 'NONE', *, *, #631, .F. ) ;
#1612 = CARTESIAN_POINT ( 'NONE',  ( 1.854218741563874895, -9.185101720111539692, -2.699999999999890044 ) ) ;
#1613 = EDGE_CURVE ( 'NONE', #408, #2312, #1580, .T. ) ;
#1614 = CARTESIAN_POINT ( 'NONE',  ( 0.2075783448972293166, -10.49479452706844107, 0.2096788343992198600 ) ) ;
#1615 = CARTESIAN_POINT ( 'NONE',  ( -10.44378962380598708, -20.88757924761197415, -0.8999999999998880007 ) ) ;
#1616 = CARTESIAN_POINT ( 'NONE',  ( -7.453443598471563902, 5.800893779417668483, 3.518909643096098883 ) ) ;
#1617 = CARTESIAN_POINT ( 'NONE',  ( 0.2916616338403024700, -10.47770909818700069, 0.2077348422701485176 ) ) ;
#1618 = CARTESIAN_POINT ( 'NONE',  ( -9.428082350291164815, 0.000000000000000000, -2.699999999999888267 ) ) ;
#1619 = CARTESIAN_POINT ( 'NONE',  ( 7.472609362827149937, 5.656028531471440246, -2.699999999999890044 ) ) ;
#1620 = CARTESIAN_POINT ( 'NONE',  ( -7.524886399342849863, 5.917251657107620133, 3.499999999991440180 ) ) ;
#1621 = EDGE_LOOP ( 'NONE', ( #1166, #1086, #1055, #1927 ) ) ;
#1622 = CARTESIAN_POINT ( 'NONE',  ( -1.528687240200329978, -9.244847256473429198, -2.699999999999890044 ) ) ;
#1623 = CIRCLE ( 'NONE', #2133, 7.700000000000000178 ) ;
#1624 = DIRECTION ( 'NONE',  ( 0.000000000000000000, 1.136336271174183833E-16, 1.000000000000000000 ) ) ;
#1625 = AXIS2_PLACEMENT_3D ( 'NONE', #1890, #1186, #2124 ) ;
#1626 = ORIENTED_EDGE ( 'NONE', *, *, #241, .F. ) ;
#1627 = EDGE_CURVE ( 'NONE', #1730, #1941, #1370, .T. ) ;
#1628 = LINE ( 'NONE', #268, #38 ) ;
#1629 = EDGE_CURVE ( 'NONE', #1547, #2472, #2316, .T. ) ;
#1630 = CARTESIAN_POINT ( 'NONE',  ( 7.626117137322929729, 7.213048288738490577, 0.2087330054234290133 ) ) ;
#1631 = ORIENTED_EDGE ( 'NONE', *, *, #930, .F. ) ;
#1632 = EDGE_CURVE ( 'NONE', #408, #1259, #2686, .T. ) ;
#1633 = CARTESIAN_POINT ( 'NONE',  ( -7.207423499864103356, 7.620170234278478283, 0.3000000000000958567 ) ) ;
#1634 = CIRCLE ( 'NONE', #1536, 1.197159337512946120 ) ;
#1635 = STYLED_ITEM ( 'NONE', ( #269 ), #2719 ) ;
#1636 = CARTESIAN_POINT ( 'NONE',  ( -0.2888872883972284367, -10.37804297444561819, 0.3000000000001119549 ) ) ;
#1637 = CARTESIAN_POINT ( 'NONE',  ( 9.470295926333278658, 0.000000000000000000, -2.601745240643719814 ) ) ;
#1638 = CARTESIAN_POINT ( 'NONE',  ( 0.2863906057060054966, 9.370327366003499137, -2.699999999999890044 ) ) ;
#1639 = CARTESIAN_POINT ( 'NONE',  ( 0.2915577874074329889, -10.47397849879284060, 0.2621579044439784623 ) ) ;
#1640 = VERTEX_POINT ( 'NONE', #390 ) ;
#1641 = FACE_OUTER_BOUND ( 'NONE', #578, .T. ) ;
#1642 = CARTESIAN_POINT ( 'NONE',  ( -8.646421878450984977, 17.29284375690196995, -2.659507635284596549 ) ) ;
#1643 = EDGE_LOOP ( 'NONE', ( #93, #2300, #620, #1193, #1126, #2625 ) ) ;
#1644 = CARTESIAN_POINT ( 'NONE',  ( -0.008324501427999840206, -10.49612697039497000, 0.2137134714979072869 ) ) ;
#1645 = CARTESIAN_POINT ( 'NONE',  ( 9.469287679984358164, 0.000000000000000000, -2.659507635284657834 ) ) ;
#1646 = CARTESIAN_POINT ( 'NONE',  ( 10.48499495349918931, 20.96998990699837861, -0.8595076352845815171 ) ) ;
#1647 = FACE_OUTER_BOUND ( 'NONE', #143, .T. ) ;
#1648 = CARTESIAN_POINT ( 'NONE',  ( -10.48499495349918931, 20.96998990699837861, -0.8595076352845815171 ) ) ;
#1649 = EDGE_CURVE ( 'NONE', #1069, #964, #1159, .T. ) ;
#1650 = FACE_OUTER_BOUND ( 'NONE', #1724, .T. ) ;
#1651 = CARTESIAN_POINT ( 'NONE',  ( 7.374402750077390323, 5.783528749769410560, -2.699999999999890044 ) ) ;
#1652 = CARTESIAN_POINT ( 'NONE',  ( 10.82285376063219040, -10.18461972125025383, 0.2068408705788480073 ) ) ;
#1653 = ORIENTED_EDGE ( 'NONE', *, *, #685, .F. ) ;
#1654 = CARTESIAN_POINT ( 'NONE',  ( -9.154120455032140669, -2.002738640476179999, -2.699999999999890044 ) ) ;
#1655 = FACE_OUTER_BOUND ( 'NONE', #2191, .T. ) ;
#1656 = ORIENTED_EDGE ( 'NONE', *, *, #428, .T. ) ;
#1657 = CARTESIAN_POINT ( 'NONE',  ( 9.272556183137320218, -1.352047118294674055, -2.699999999999890044 ) ) ;
#1658 = DIRECTION ( 'NONE',  ( 0.000000000000000000, 0.000000000000000000, -1.000000000000000000 ) ) ;
#1659 = VERTEX_POINT ( 'NONE', #1239 ) ;
#1660 = CARTESIAN_POINT ( 'NONE',  ( 0.000000000000000000, 0.000000000000000000, 0.3000000000000779821 ) ) ;
#1661 = DIRECTION ( 'NONE',  ( 0.000000000000000000, 0.000000000000000000, -1.000000000000000000 ) ) ;
#1662 = CARTESIAN_POINT ( 'NONE',  ( 7.503941460090169713, 7.339303134940113438, 0.2121195176314891184 ) ) ;
#1663 = EDGE_CURVE ( 'NONE', #2779, #2544, #2599, .T. ) ;
#1664 = CARTESIAN_POINT ( 'NONE',  ( 7.592116070472581413, 7.226938380113543836, 0.2075823472972911365 ) ) ;
#1665 = CARTESIAN_POINT ( 'NONE',  ( -1.816975292897700101, 9.192461035213769449, -2.699999999999890044 ) ) ;
#1666 = CARTESIAN_POINT ( 'NONE',  ( 10.71984215629367476, -10.08768280976026688, 0.3000000000001116218 ) ) ;
#1667 = ORIENTED_EDGE ( 'NONE', *, *, #333, .F. ) ;
#1668 = CARTESIAN_POINT ( 'NONE',  ( 7.700000000000000178, 9.536824911461114489E-16, 2.500000000000000000 ) ) ;
#1669 = DIRECTION ( 'NONE',  ( -0.000000000000000000, 1.000000000000000000, -0.000000000000000000 ) ) ;
#1670 = ORIENTED_EDGE ( 'NONE', *, *, #2601, .F. ) ;
#1671 = PLANE ( 'NONE',  #183 ) ;
#1672 = CARTESIAN_POINT ( 'NONE',  ( -7.625215787102538556, 7.212195760178070181, 0.2206190711438498764 ) ) ;
#1673 = FACE_OUTER_BOUND ( 'NONE', #185, .T. ) ;
#1674 = VERTEX_POINT ( 'NONE', #1504 ) ;
#1675 = CARTESIAN_POINT ( 'NONE',  ( -6.527598204444640118, 6.527598204444680086, 0.2796514856413525041 ) ) ;
#1676 = PLANE ( 'NONE',  #609 ) ;
#1677 = CONICAL_SURFACE ( 'NONE', #2596, 0.1999999999999996503, 0.01745329251994333364 ) ;
#1678 = VECTOR ( 'NONE', #210, 1000.000000000000227 ) ;
#1679 = CARTESIAN_POINT ( 'NONE',  ( -0.2920782399855990086, -10.49267533812409958, 0.2087155742748779963 ) ) ;
#1680 = VECTOR ( 'NONE', #160, 1000.000000000000227 ) ;
#1681 = CARTESIAN_POINT ( 'NONE',  ( 1.667719324402459957, 9.220783295335248653, -2.699999999999890044 ) ) ;
#1682 = CARTESIAN_POINT ( 'NONE',  ( 0.000000000000000000, 0.000000000000000000, -2.601745240643719814 ) ) ;
#1683 = CARTESIAN_POINT ( 'NONE',  ( -8.687627208144180102, 17.37525441628836020, -2.699999999999891376 ) ) ;
#1684 = EDGE_CURVE ( 'NONE', #2610, #477, #2270, .T. ) ;
#1685 = ORIENTED_EDGE ( 'NONE', *, *, #2564, .F. ) ;
#1686 = FACE_OUTER_BOUND ( 'NONE', #1946, .T. ) ;
#1687 = CARTESIAN_POINT ( 'NONE',  ( 0.1172556845344380760, -10.48088399416172400, 0.2107910808862100693 ) ) ;
#1688 = ORIENTED_EDGE ( 'NONE', *, *, #2108, .F. ) ;
#1689 = CARTESIAN_POINT ( 'NONE',  ( 5.692311084301979740, 7.535877287234549193, 3.500000000000490274 ) ) ;
#1690 = FACE_OUTER_BOUND ( 'NONE', #1508, .T. ) ;
#1691 = CARTESIAN_POINT ( 'NONE',  ( 0.09744795244231710396, -10.49809311941410073, 0.2087158483592640168 ) ) ;
#1692 = CARTESIAN_POINT ( 'NONE',  ( 8.320073900486040230, 4.310615293074130605, -2.699999999999890044 ) ) ;
#1693 = PLANE ( 'NONE',  #331 ) ;
#1694 = CARTESIAN_POINT ( 'NONE',  ( -7.584640277156729837, 5.720422350329129380, 0.3000000000025404567 ) ) ;
#1695 = CARTESIAN_POINT ( 'NONE',  ( 7.453223999287894586, 7.311405648934139911, 0.2999999999939249040 ) ) ;
#1696 = ORIENTED_EDGE ( 'NONE', *, *, #718, .T. ) ;
#1697 = FACE_OUTER_BOUND ( 'NONE', #2750, .T. ) ;
#1698 = EDGE_CURVE ( 'NONE', #406, #206, #2240, .T. ) ;
#1699 = ADVANCED_FACE ( 'NONE', ( #358, #1447 ), #1693, .T. ) ;
#1700 = EDGE_LOOP ( 'NONE', ( #1301, #2613 ) ) ;
#1701 = CARTESIAN_POINT ( 'NONE',  ( 5.917112974745700527, 7.524586648645509079, 3.520997757416510332 ) ) ;
#1702 = CARTESIAN_POINT ( 'NONE',  ( -7.107939387359100358, 7.574900194021950028, 0.2999999999998239630 ) ) ;
#1703 = CARTESIAN_POINT ( 'NONE',  ( -7.202643243314770238, 7.615116227298849516, 0.2074082381335419778 ) ) ;
#1704 = CARTESIAN_POINT ( 'NONE',  ( 9.213877264232509745, 1.705050420146114964, -2.699999999999890044 ) ) ;
#1705 = LINE ( 'NONE', #1720, #1156 ) ;
#1706 = CARTESIAN_POINT ( 'NONE',  ( 0.2914346478895867287, -10.46955481087236350, 0.2656921980767660285 ) ) ;
#1707 = LINE ( 'NONE', #1723, #1441 ) ;
#1708 = VERTEX_POINT ( 'NONE', #804 ) ;
#1709 = CARTESIAN_POINT ( 'NONE',  ( 9.331226997449450167, -0.8558485135915580022, -2.699999999999890044 ) ) ;
#1710 = CARTESIAN_POINT ( 'NONE',  ( 0.000000000000000000, 0.000000000000000000, 0.3000000000001254441 ) ) ;
#1711 = VERTEX_POINT ( 'NONE', #1476 ) ;
#1712 = CARTESIAN_POINT ( 'NONE',  ( -1.146878274105062712, -9.463027533734916119, 3.499999999996031175 ) ) ;
#1713 = CARTESIAN_POINT ( 'NONE',  ( 5.880405534854951988, 7.502336344481149055, 3.499999999996028954 ) ) ;
#1714 = AXIS2_PLACEMENT_3D ( 'NONE', #2390, #409, #1289 ) ;
#1715 = EDGE_CURVE ( 'NONE', #529, #1429, #1951, .T. ) ;
#1716 = ORIENTED_EDGE ( 'NONE', *, *, #221, .T. ) ;
#1717 = VECTOR ( 'NONE', #318, 1000.000000000000000 ) ;
#1718 = CARTESIAN_POINT ( 'NONE',  ( 0.000000000000000000, 0.000000000000000000, 0.3000000000001119549 ) ) ;
#1719 = CARTESIAN_POINT ( 'NONE',  ( 8.016102506992599075, 4.862646030052669488, -2.699999999999890044 ) ) ;
#1720 = CARTESIAN_POINT ( 'NONE',  ( 0.000000000000000000, 4.400000000000000355, 2.500000000000109690 ) ) ;
#1721 = CARTESIAN_POINT ( 'NONE',  ( 0.000000000000000000, 0.000000000000000000, 0.3000000000001254441 ) ) ;
#1722 = CIRCLE ( 'NONE', #1857, 1.197159337513939992 ) ;
#1723 = CARTESIAN_POINT ( 'NONE',  ( 4.750000000000000000, 0.000000000000000000, 2.500000000000109690 ) ) ;
#1724 = EDGE_LOOP ( 'NONE', ( #727, #465, #1098, #33 ) ) ;
#1725 = CARTESIAN_POINT ( 'NONE',  ( 9.232826129454482000, -1.599263668149130124, -2.699999999999890044 ) ) ;
#1726 = ORIENTED_EDGE ( 'NONE', *, *, #442, .F. ) ;
#1727 = CARTESIAN_POINT ( 'NONE',  ( 0.000000000000000000, 0.000000000000000000, 2.500000000000000000 ) ) ;
#1728 = CARTESIAN_POINT ( 'NONE',  ( 5.692311084301979740, 7.535877287234549193, 3.500000000000490274 ) ) ;
#1729 = EDGE_LOOP ( 'NONE', ( #2728, #16, #1466, #2566, #1448 ) ) ;
#1730 = VERTEX_POINT ( 'NONE', #1268 ) ;
#1731 = CARTESIAN_POINT ( 'NONE',  ( -7.548132688870289542, 7.273172774099750271, 0.2073908069851150004 ) ) ;
#1732 = EDGE_CURVE ( 'NONE', #1767, #514, #90, .T. ) ;
#1733 = CARTESIAN_POINT ( 'NONE',  ( 9.199820350315679462, 1.779731844231399851, -2.699999999999890044 ) ) ;
#1734 = DIRECTION ( 'NONE',  ( -1.000000000000000000, 0.000000000000000000, -2.006524557189317073E-15 ) ) ;
#1735 = CARTESIAN_POINT ( 'NONE',  ( 0.2920782399849830013, -10.49267533812409958, 0.2087155742748779963 ) ) ;
#1736 = DIRECTION ( 'NONE',  ( 0.000000000000000000, 0.000000000000000000, 1.000000000000000000 ) ) ;
#1737 = ORIENTED_EDGE ( 'NONE', *, *, #2774, .T. ) ;
#1738 = CARTESIAN_POINT ( 'NONE',  ( 5.783528749770540323, -7.374402750076649582, -2.699999999999890044 ) ) ;
#1739 = ORIENTED_EDGE ( 'NONE', *, *, #2344, .F. ) ;
#1740 = CARTESIAN_POINT ( 'NONE',  ( 5.834704822184277440, 7.492470765206336480, 3.499934966327810315 ) ) ;
#1741 = ORIENTED_EDGE ( 'NONE', *, *, #1891, .T. ) ;
#1742 = LINE ( 'NONE', #2656, #1386 ) ;
#1743 = CARTESIAN_POINT ( 'NONE',  ( 0.000000000000000000, 0.000000000000000000, 1.117812439832559994E-13 ) ) ;
#1744 = CARTESIAN_POINT ( 'NONE',  ( -0.2916624440313719813, -10.47773820366199971, 0.2074082381335400072 ) ) ;
#1745 = EDGE_CURVE ( 'NONE', #907, #72, #836, .T. ) ;
#1746 = EDGE_CURVE ( 'NONE', #1640, #814, #2857, .T. ) ;
#1747 = DIRECTION ( 'NONE',  ( 0.000000000000000000, 1.000000000000000000, 5.200777477993509149E-15 ) ) ;
#1748 = DIRECTION ( 'NONE',  ( 0.000000000000000000, 0.000000000000000000, 1.000000000000000000 ) ) ;
#1749 = EDGE_CURVE ( 'NONE', #383, #2486, #1705, .T. ) ;
#1750 = ORIENTED_EDGE ( 'NONE', *, *, #668, .F. ) ;
#1751 = CARTESIAN_POINT ( 'NONE',  ( 5.328687770969890103, -7.707666727593329270, -2.699999999999890044 ) ) ;
#1752 = DIRECTION ( 'NONE',  ( 1.000000000000000000, 0.000000000000000000, 0.000000000000000000 ) ) ;
#1753 = B_SPLINE_CURVE_WITH_KNOTS ( 'NONE', 3,
 ( #2813, #624, #1527, #2404 ),
 .UNSPECIFIED., .F., .F.,
 ( 4, 4 ),
 ( 0.000000000000000000, 1.000000000000000000 ),
 .UNSPECIFIED. ) ;
#1754 = VERTEX_POINT ( 'NONE', #558 ) ;
#1755 = CARTESIAN_POINT ( 'NONE',  ( -1.188561663122519763, -9.426638562920269138, 0.2787934967140617837 ) ) ;
#1756 = CARTESIAN_POINT ( 'NONE',  ( -0.2916616336545975186, -10.47770909151834040, 0.2077349368215179737 ) ) ;
#1757 = VERTEX_POINT ( 'NONE', #1463 ) ;
#1758 = FACE_OUTER_BOUND ( 'NONE', #1501, .T. ) ;
#1759 = DIRECTION ( 'NONE',  ( 0.000000000000000000, 0.000000000000000000, -1.000000000000000000 ) ) ;
#1760 =( BOUNDED_SURFACE ( )  B_SPLINE_SURFACE ( 3, 2, ( 
 ( #1679, #2111, #2512 ),
 ( #974, #118, #2741 ),
 ( #1691, #1220, #2558 ),
 ( #1461, #2525, #1003 ) ),
 .UNSPECIFIED., .F., .F., .F. ) 
 B_SPLINE_SURFACE_WITH_KNOTS ( ( 4, 4 ),
 ( 3, 3 ),
 ( 0.000000000000000000, 1.000000000000000000 ),
 ( 0.000000000000000000, 1.000000000000000000 ),
 .UNSPECIFIED. ) 
 GEOMETRIC_REPRESENTATION_ITEM ( )  RATIONAL_B_SPLINE_SURFACE ( (
 ( 1.000000000000000000, 0.7372773368095579816, 1.000000000000000000),
 ( 1.000000000000000000, 0.8704684696733679949, 1.000000000000000000),
 ( 1.000000000000000000, 0.8704769855186980099, 1.000000000000000000),
 ( 1.000000000000000000, 0.7372773368099769797, 1.000000000000000000) ) ) 
 REPRESENTATION_ITEM ( '' )  SURFACE ( )  );
#1761 = AXIS2_PLACEMENT_3D ( 'NONE', #1675, #115, #1932 ) ;
#1762 = CARTESIAN_POINT ( 'NONE',  ( -7.240851759605429372, 7.517425019606865710, 0.2999999999990893285 ) ) ;
#1763 = DIRECTION ( 'NONE',  ( 0.01745240643728354635, -2.137303368083795934E-18, 0.9998476951563911586 ) ) ;
#1764 = CIRCLE ( 'NONE', #375, 1.197159337513939992 ) ;
#1765 = CARTESIAN_POINT ( 'NONE',  ( -0.2893062669640820150, -10.39309444171010099, 0.1999999999997690014 ) ) ;
#1766 = AXIS2_PLACEMENT_3D ( 'NONE', #2398, #179, #2848 ) ;
#1767 = VERTEX_POINT ( 'NONE', #1021 ) ;
#1768 = CARTESIAN_POINT ( 'NONE',  ( 8.845209282094669945, -3.093768900856769921, -2.699999999999890044 ) ) ;
#1769 = EDGE_CURVE ( 'NONE', #206, #856, #2205, .T. ) ;
#1770 = CIRCLE ( 'NONE', #2367, 0.1999999999999996503 ) ;
#1771 = ORIENTED_EDGE ( 'NONE', *, *, #488, .T. ) ;
#1772 = CARTESIAN_POINT ( 'NONE',  ( 0.000000000000000000, 0.000000000000000000, 2.500000000000000000 ) ) ;
#1773 = CARTESIAN_POINT ( 'NONE',  ( -6.527598204444640118, 6.527598204444680086, 3.499999999974080289 ) ) ;
#1774 = ORIENTED_EDGE ( 'NONE', *, *, #1872, .T. ) ;
#1775 = DIRECTION ( 'NONE',  ( 0.000000000000000000, 0.000000000000000000, -1.000000000000000000 ) ) ;
#1776 = CARTESIAN_POINT ( 'NONE',  ( -8.646421878450983201, 0.000000000000000000, -2.659507635284599658 ) ) ;
#1777 = CARTESIAN_POINT ( 'NONE',  ( -0.09729304483608379461, -10.48133886444889917, 0.2126360116942130063 ) ) ;
#1778 = CARTESIAN_POINT ( 'NONE',  ( -9.469287679984358164, 0.000000000000000000, -2.659507635284657834 ) ) ;
#1779 = CARTESIAN_POINT ( 'NONE',  ( 7.300788060055596773, 7.520788629351473631, 0.2097630489946071264 ) ) ;
#1780 = CARTESIAN_POINT ( 'NONE',  ( -3.885456499065195413, 8.526844012337379652, -2.699999999999890044 ) ) ;
#1781 = ORIENTED_EDGE ( 'NONE', *, *, #1540, .T. ) ;
#1782 = CARTESIAN_POINT ( 'NONE',  ( 5.262294518818570133, -7.753551828704329907, -2.699999999999890044 ) ) ;
#1783 = B_SPLINE_SURFACE_WITH_KNOTS ( 'NONE', 1, 3, ( 
 ( #1579, #1970, #2200, #2846, #889, #2437 ),
 ( #29, #659, #862, #1566, #2411, #2227 ),
 ( #472, #195, #237, #1777, #2213, #1744 ),
 ( #2239, #1311, #2658, #1131, #2023, #914 ) ),
 .UNSPECIFIED., .F., .F., .F.,
 ( 2, 1, 1, 2 ),
 ( 4, 2, 4 ),
 ( -0.01315789473685165939, 0.000000000000000000, 0.9868421052631570767, 1.000000000000000000 ),
 ( 0.000000000000000000, 0.5000000000000000000, 1.000000000000000000 ),
 .UNSPECIFIED. ) ;
#1784 = ORIENTED_EDGE ( 'NONE', *, *, #2649, .F. ) ;
#1785 = CARTESIAN_POINT ( 'NONE',  ( 0.2893087267205564639, -10.39310407843410111, 0.2988586520549049719 ) ) ;
#1786 = EDGE_CURVE ( 'NONE', #664, #1528, #1256, .T. ) ;
#1787 = DIRECTION ( 'NONE',  ( -1.000000000000000000, 0.000000000000000000, 0.000000000000000000 ) ) ;
#1788 = ORIENTED_EDGE ( 'NONE', *, *, #1872, .F. ) ;
#1789 = DIRECTION ( 'NONE',  ( 0.000000000000000000, 0.000000000000000000, 1.000000000000000000 ) ) ;
#1790 = CARTESIAN_POINT ( 'NONE',  ( -8.645413632102119550, 0.000000000000000000, -2.601745240643604795 ) ) ;
#1791 = CARTESIAN_POINT ( 'NONE',  ( 7.202665157504450022, 7.615139396446700459, 0.2068408716308839934 ) ) ;
#1792 = FACE_OUTER_BOUND ( 'NONE', #2612, .T. ) ;
#1793 = CARTESIAN_POINT ( 'NONE',  ( 7.305183395023577830, 7.516498875135930291, 0.2099260692974751763 ) ) ;
#1794 = CARTESIAN_POINT ( 'NONE',  ( -9.005636997670929844, 2.589051454979109934, -2.699999999999890044 ) ) ;
#1795 = ORIENTED_EDGE ( 'NONE', *, *, #1074, .F. ) ;
#1796 = CARTESIAN_POINT ( 'NONE',  ( -0.2863906057033519525, -9.370327366003030178, -2.699999999999890044 ) ) ;
#1797 = B_SPLINE_CURVE_WITH_KNOTS ( 'NONE', 3,
 ( #1317, #1558, #2430, #1943 ),
 .UNSPECIFIED., .F., .F.,
 ( 4, 4 ),
 ( 0.000000000000000000, 1.000000000000000000 ),
 .UNSPECIFIED. ) ;
#1798 = ORIENTED_EDGE ( 'NONE', *, *, #1039, .F. ) ;
#1799 = CARTESIAN_POINT ( 'NONE',  ( 0.3504045865942385096, -10.37614805554190056, 0.2999999999970204834 ) ) ;
#1800 = DIRECTION ( 'NONE',  ( 0.6871573030991680042, -0.7265086653285549589, -6.170064459354309998E-14 ) ) ;
#1801 = CARTESIAN_POINT ( 'NONE',  ( 8.687627208144180102, 17.37525441628836020, -2.699999999999891376 ) ) ;
#1802 = ADVANCED_FACE ( 'NONE', ( #458 ), #1995, .T. ) ;
#1803 = LINE ( 'NONE', #67, #2643 ) ;
#1804 = CARTESIAN_POINT ( 'NONE',  ( 7.089271193329180321, 7.584818112008899327, 0.2999999999970189846 ) ) ;
#1805 = CARTESIAN_POINT ( 'NONE',  ( 0.000000000000000000, 0.000000000000000000, -2.601745240644484536 ) ) ;
#1806 = CARTESIAN_POINT ( 'NONE',  ( -8.011820087003840740, 4.860062536522819165, -2.699999999999890044 ) ) ;
#1807 = CIRCLE ( 'NONE', #1436, 7.700000000000000178 ) ;
#1808 = VERTEX_POINT ( 'NONE', #1517 ) ;
#1809 = CARTESIAN_POINT ( 'NONE',  ( -3.022093025129304777, -8.869645224322820098, -2.699999999999890044 ) ) ;
#1810 = AXIS2_PLACEMENT_3D ( 'NONE', #748, #303, #1195 ) ;
#1811 = CIRCLE ( 'NONE', #2138, 10.49998856494473998 ) ;
#1812 = ORIENTED_EDGE ( 'NONE', *, *, #930, .T. ) ;
#1813 = CARTESIAN_POINT ( 'NONE',  ( 7.178606851674586231, 7.589703346244398574, 0.2897988048883124446 ) ) ;
#1814 = ORIENTED_EDGE ( 'NONE', *, *, #1786, .T. ) ;
#1815 = CARTESIAN_POINT ( 'NONE',  ( 7.552198583881304828, 5.907336341498344190, 0.2997342713655523072 ) ) ;
#1816 = EDGE_CURVE ( 'NONE', #76, #1730, #511, .T. ) ;
#1817 = CARTESIAN_POINT ( 'NONE',  ( 9.470295926333273329, 18.94059185266654666, -2.601745240643716706 ) ) ;
#1818 = CARTESIAN_POINT ( 'NONE',  ( -4.862646030055059576, 8.016102506991460430, -2.699999999999890044 ) ) ;
#1819 = CARTESIAN_POINT ( 'NONE',  ( -9.500000000000000000, 0.000000000000000000, 0.3000000000001254441 ) ) ;
#1820 = ORIENTED_EDGE ( 'NONE', *, *, #1963, .F. ) ;
#1821 = CARTESIAN_POINT ( 'NONE',  ( -4.588057133748159266, -8.171844578123039327, -2.699999999999890044 ) ) ;
#1822 = B_SPLINE_CURVE_WITH_KNOTS ( 'NONE', 3,
 ( #1146, #675, #2697, #1608, #2687, #711, #2456, #474, #2863, #2468, #1984, #1368, #31, #2481, #460, #44, #495, #2229, #1381 ),
 .UNSPECIFIED., .F., .F.,
 ( 4, 2, 1, 1, 2, 2, 1, 2, 2, 2, 4 ),
 ( 0.000000000000000000, 0.1249999999999845679, 0.1874999999999768518, 0.2187499999999717726, 0.2343749999999692468, 0.2499999999999666933, 0.3749999999999676925, 0.4374999999999682476, 0.4999999999999688027, 0.7499999999999843459, 1.000000000000000000 ),
 .UNSPECIFIED. ) ;
#1823 = CARTESIAN_POINT ( 'NONE',  ( 7.209997210188098471, 7.622891332990634261, 0.2320693229470045249 ) ) ;
#1824 = CARTESIAN_POINT ( 'NONE',  ( -5.816781681986957331, 7.488688084794412170, 1.363096513691649525 ) ) ;
#1825 = CARTESIAN_POINT ( 'NONE',  ( 5.749594036919740248, 7.562646547527612562, 0.2996391315098134167 ) ) ;
#1826 = CARTESIAN_POINT ( 'NONE',  ( 0.2893062669635385054, -10.39309444171193952, 0.3000000000001119549 ) ) ;
#1827 = CARTESIAN_POINT ( 'NONE',  ( -9.470295926333273329, -18.94059185266654666, -2.601745240643716706 ) ) ;
#1828 = CARTESIAN_POINT ( 'NONE',  ( -9.261948095808151038, 1.422818637758565874, -2.699999999999890044 ) ) ;
#1829 = CARTESIAN_POINT ( 'NONE',  ( -8.740161595659989402, 3.378419311713725115, -2.699999999999890044 ) ) ;
#1830 = ADVANCED_FACE ( 'NONE', ( #2396 ), #271, .T. ) ;
#1831 = EDGE_CURVE ( 'NONE', #2544, #1522, #673, .T. ) ;
#1832 = DIRECTION ( 'NONE',  ( -2.006524557189315101E-15, 0.000000000000000000, 1.000000000000000000 ) ) ;
#1833 = ORIENTED_EDGE ( 'NONE', *, *, #2770, .T. ) ;
#1834 = CARTESIAN_POINT ( 'NONE',  ( -3.093768900862330362, -8.845209282093639658, -2.699999999999890044 ) ) ;
#1835 = CARTESIAN_POINT ( 'NONE',  ( 8.745398401617743289, -17.49079680323548658, -2.699999999999887379 ) ) ;
#1836 = EDGE_CURVE ( 'NONE', #1274, #383, #416, .T. ) ;
#1837 = CARTESIAN_POINT ( 'NONE',  ( 7.197017786976450004, 7.609168618567458964, 0.2656921980770045599 ) ) ;
#1838 = DIRECTION ( 'NONE',  ( 0.000000000000000000, 0.000000000000000000, 1.000000000000000000 ) ) ;
#1839 = CARTESIAN_POINT ( 'NONE',  ( 7.620170234278434762, 7.207423499864147765, 0.3000000000000811462 ) ) ;
#1840 = CARTESIAN_POINT ( 'NONE',  ( -14.84915155598555359, -0.4511363057125080678, 0.2621579049827138519 ) ) ;
#1841 = CARTESIAN_POINT ( 'NONE',  ( 7.427768868366551480, 7.415996245556141453, 0.2137134714978964067 ) ) ;
#1842 = CARTESIAN_POINT ( 'NONE',  ( 7.615091974055839152, 5.460813489521190611, -2.699999999999890044 ) ) ;
#1843 = CARTESIAN_POINT ( 'NONE',  ( -7.200105500023155081, 7.612433155339859425, 0.2546628083076704629 ) ) ;
#1844 = ORIENTED_EDGE ( 'NONE', *, *, #151, .T. ) ;
#1845 = CARTESIAN_POINT ( 'NONE',  ( 1.891397347979860255, -9.177521832913580369, -2.699999999999890044 ) ) ;
#1846 = PRODUCT_DEFINITION ( 'ๆ', '', #885, #1491 ) ;
#1847 = CARTESIAN_POINT ( 'NONE',  ( 1.303598163659859921, -9.353741700326519748, 3.500000000000494715 ) ) ;
#1848 = VECTOR ( 'NONE', #1851, 1000.000000000000000 ) ;
#1849 = VERTEX_POINT ( 'NONE', #903 ) ;
#1850 = CARTESIAN_POINT ( 'NONE',  ( -0.08941252678111054342, -10.49592680291437397, 0.2126919449383336269 ) ) ;
#1851 = DIRECTION ( 'NONE',  ( 0.000000000000000000, -1.000000000000000000, 0.000000000000000000 ) ) ;
#1852 = CARTESIAN_POINT ( 'NONE',  ( -10.48600319984804230, 0.000000000000000000, -0.8017452406435799928 ) ) ;
#1853 = ADVANCED_FACE ( 'NONE', ( #2187 ), #1783, .F. ) ;
#1854 = AXIS2_PLACEMENT_3D ( 'NONE', #1765, #223, #1568 ) ;
#1855 = VERTEX_POINT ( 'NONE', #629 ) ;
#1856 = CARTESIAN_POINT ( 'NONE',  ( 5.939152825435479954, 7.570153965697439702, 0.2999999999939240158 ) ) ;
#1857 = AXIS2_PLACEMENT_3D ( 'NONE', #1456, #2536, #2285 ) ;
#1858 = CARTESIAN_POINT ( 'NONE',  ( -10.48499495349919997, 0.000000000000000000, -0.8595076352845828493 ) ) ;
#1859 = B_SPLINE_CURVE_WITH_KNOTS ( 'NONE', 3,
 ( #1799, #2487, #2297, #2271 ),
 .UNSPECIFIED., .F., .F.,
 ( 4, 4 ),
 ( 7.047314121155780747E-19, 6.341540413089229980E-05 ),
 .UNSPECIFIED. ) ;
#1860 = CARTESIAN_POINT ( 'NONE',  ( 7.547396895660249072, 5.787926542723994316, 0.2994623037494016926 ) ) ;
#1861 = CARTESIAN_POINT ( 'NONE',  ( 7.459236509589073805, 7.384442338369452408, 0.2132831731154002930 ) ) ;
#1862 = CARTESIAN_POINT ( 'NONE',  ( 4.994475439199689504, 7.928697314826120390, -2.699999999999890044 ) ) ;
#1863 = CARTESIAN_POINT ( 'NONE',  ( 7.542658723300910140, 7.134110402052300515, 0.3000000000001119549 ) ) ;
#1864 = VERTEX_POINT ( 'NONE', #1158 ) ;
#1865 = CARTESIAN_POINT ( 'NONE',  ( -9.047280617755809828, -2.444213275428745114, -2.699999999999890044 ) ) ;
#1866 = CARTESIAN_POINT ( 'NONE',  ( 7.553597980456120631, 7.144457134036560575, 0.2999999999908234960 ) ) ;
#1867 = ORIENTED_EDGE ( 'NONE', *, *, #1649, .T. ) ;
#1868 = CARTESIAN_POINT ( 'NONE',  ( 7.535580328825670193, 5.692146248942489883, 3.519267034981869990 ) ) ;
#1869 = CARTESIAN_POINT ( 'NONE',  ( -9.428082350291164815, 0.000000000000000000, -2.699999999999888267 ) ) ;
#1870 = CARTESIAN_POINT ( 'NONE',  ( -7.588746052532973074, 7.177700087874403501, 0.2914865439015192350 ) ) ;
#1871 =( BOUNDED_CURVE ( )  B_SPLINE_CURVE ( 3, ( #590, #1915, #1283, #1065 ),
 .UNSPECIFIED., .F., .F. ) 
 B_SPLINE_CURVE_WITH_KNOTS ( ( 4, 4 ),
 ( 0.000000000000000000, 0.5000000000000000000 ),
 .UNSPECIFIED. ) 
 CURVE ( )  GEOMETRIC_REPRESENTATION_ITEM ( )  RATIONAL_B_SPLINE_CURVE ( ( 1.000000000000000000, 0.3333333333333335369, 0.3333333333333335369, 1.000000000000000000 ) ) 
 REPRESENTATION_ITEM ( '' )  );
#1872 = EDGE_CURVE ( 'NONE', #413, #870, #373, .T. ) ;
#1873 = EDGE_CURVE ( 'NONE', #2533, #504, #1593, .T. ) ;
#1874 = EDGE_LOOP ( 'NONE', ( #2027, #245, #762, #1814, #500 ) ) ;
#1875 = FACE_OUTER_BOUND ( 'NONE', #1437, .T. ) ;
#1876 = CARTESIAN_POINT ( 'NONE',  ( 0.000000000000000000, -0.1499999999999999944, 2.500000000000109690 ) ) ;
#1877 = CARTESIAN_POINT ( 'NONE',  ( -1.153291966402443913, -9.552522441139670306, 0.2999999999939249595 ) ) ;
#1878 = CARTESIAN_POINT ( 'NONE',  ( 7.707666727593649902, 5.328687770969390058, -2.699999999999890044 ) ) ;
#1879 = CARTESIAN_POINT ( 'NONE',  ( 14.84915155686891808, -0.4511363057392164255, 0.2621579044439776851 ) ) ;
#1880 = ORIENTED_EDGE ( 'NONE', *, *, #2543, .F. ) ;
#1881 = CARTESIAN_POINT ( 'NONE',  ( 1.153291966402447910, -9.552522441139659648, 0.2999999999939244599 ) ) ;
#1882 = CARTESIAN_POINT ( 'NONE',  ( -8.745398401617743289, 17.49079680323548658, -2.699999999999887379 ) ) ;
#1883 = ORIENTED_EDGE ( 'NONE', *, *, #1002, .T. ) ;
#1884 = CARTESIAN_POINT ( 'NONE',  ( 7.471138808932749953, 5.808677222146042318, 2.443415671043480231 ) ) ;
#1885 = CARTESIAN_POINT ( 'NONE',  ( 5.720422350329049443, 7.584640277156800003, 0.3000000000025404567 ) ) ;
#1886 = CARTESIAN_POINT ( 'NONE',  ( 10.38601843033239902, 20.77203686066479804, -0.8999999999998885558 ) ) ;
#1887 = ORIENTED_EDGE ( 'NONE', *, *, #1505, .F. ) ;
#1888 = DIRECTION ( 'NONE',  ( 0.000000000000000000, -1.000000000000000000, 1.141265444721583542E-17 ) ) ;
#1889 = CARTESIAN_POINT ( 'NONE',  ( -10.48600319984802987, -20.97200639969605973, -0.8017452406435795487 ) ) ;
#1890 = CARTESIAN_POINT ( 'NONE',  ( 0.000000000000000000, 0.000000000000000000, -2.601745240644484536 ) ) ;
#1891 = EDGE_CURVE ( 'NONE', #1808, #2720, #855, .T. ) ;
#1892 = CARTESIAN_POINT ( 'NONE',  ( 7.615095065325170332, 7.202623227579840304, 0.2077349357898105320 ) ) ;
#1893 = CARTESIAN_POINT ( 'NONE',  ( 0.5716734435711841034, 9.357299312881000475, -2.699999999999890044 ) ) ;
#1894 = UNCERTAINTY_MEASURE_WITH_UNIT (LENGTH_MEASURE( 1.000000000000000082E-05 ), #1591, 'distance_accuracy_value', 'NONE');
#1895 = CARTESIAN_POINT ( 'NONE',  ( -7.567720432562643929, 7.274160321936271600, 0.2096788343992396775 ) ) ;
#1896 = ORIENTED_EDGE ( 'NONE', *, *, #1873, .F. ) ;
#1897 = CARTESIAN_POINT ( 'NONE',  ( 0.2916616338403024700, -10.47770909818700069, 0.2077348422701485176 ) ) ;
#1898 = CARTESIAN_POINT ( 'NONE',  ( 8.646421878450984977, 17.29284375690196995, -2.659507635284596549 ) ) ;
#1899 = ORIENTED_EDGE ( 'NONE', *, *, #986, .T. ) ;
#1900 = CARTESIAN_POINT ( 'NONE',  ( 4.767455064928217467, 4.417455064928217823, 3.500000000000110134 ) ) ;
#1901 = CARTESIAN_POINT ( 'NONE',  ( 0.1786193830206928845, -10.48012727661720334, 0.2091707078973041589 ) ) ;
#1902 = CARTESIAN_POINT ( 'NONE',  ( -10.38601843033240080, 0.000000000000000000, -0.8999999999998880007 ) ) ;
#1903 = CIRCLE ( 'NONE', #1249, 9.500000000000000000 ) ;
#1904 = EDGE_LOOP ( 'NONE', ( #201, #1284, #2794, #2519 ) ) ;
#1905 = CARTESIAN_POINT ( 'NONE',  ( 5.939288883490990045, 7.570423240965999057, 0.2807892657074280152 ) ) ;
#1906 = DIRECTION ( 'NONE',  ( -1.000000000000000000, 0.000000000000000000, 0.000000000000000000 ) ) ;
#1907 = CONICAL_SURFACE ( 'NONE', #1625, 8.645413632050228614, 0.01745329249999845109 ) ;
#1908 = CIRCLE ( 'NONE', #1026, 10.48173752875329967 ) ;
#1909 = DIRECTION ( 'NONE',  ( 0.7265086653285253160, 0.6871573030991993125, -1.468269950066770471E-14 ) ) ;
#1910 = CIRCLE ( 'NONE', #931, 1.169233360614557737 ) ;
#1911 = CARTESIAN_POINT ( 'NONE',  ( 5.059880525075969970, 7.887127827030418814, -2.699999999999890044 ) ) ;
#1912 = CARTESIAN_POINT ( 'NONE',  ( -7.206053284657319757, 7.618721551107085155, 0.2080618632394874157 ) ) ;
#1913 = EDGE_CURVE ( 'NONE', #859, #2633, #784, .T. ) ;
#1914 = CARTESIAN_POINT ( 'NONE',  ( -8.392532009982319963, -4.170751651949780481, -2.699999999999890044 ) ) ;
#1915 = CARTESIAN_POINT ( 'NONE',  ( -10.38601843033239902, -20.77203686066479804, -0.8999999999998885558 ) ) ;
#1916 = ORIENTED_EDGE ( 'NONE', *, *, #1715, .T. ) ;
#1917 = CARTESIAN_POINT ( 'NONE',  ( 9.318190839734018738, -0.9979360486037341937, -2.699999999999890044 ) ) ;
#1918 = CARTESIAN_POINT ( 'NONE',  ( -8.687627208144180102, 0.000000000000000000, -2.699999999999892708 ) ) ;
#1919 = ORIENTED_EDGE ( 'NONE', *, *, #631, .T. ) ;
#1920 = CARTESIAN_POINT ( 'NONE',  ( 5.692146372561589729, 7.535580551582479636, 3.519252583228729581 ) ) ;
#1921 = DIRECTION ( 'NONE',  ( -1.000000000000000000, 0.000000000000000000, 0.000000000000000000 ) ) ;
#1922 = CARTESIAN_POINT ( 'NONE',  ( -7.212911380246020521, 7.625972388506870203, 0.2087155742748779963 ) ) ;
#1923 = FACE_OUTER_BOUND ( 'NONE', #273, .T. ) ;
#1924 = CARTESIAN_POINT ( 'NONE',  ( -7.568378407878570080, 5.711063327674970047, 1.366666666667158081 ) ) ;
#1925 = CARTESIAN_POINT ( 'NONE',  ( -7.472609362825060053, -5.656028531473530130, -2.699999999999890044 ) ) ;
#1926 = CARTESIAN_POINT ( 'NONE',  ( 0.000000000000000000, -9.500000000000000000, -0.8999999999999478417 ) ) ;
#1927 = ORIENTED_EDGE ( 'NONE', *, *, #1157, .T. ) ;
#1928 = CARTESIAN_POINT ( 'NONE',  ( 7.453443360702514120, 5.800893674832227731, 3.518924094416882031 ) ) ;
#1929 = CARTESIAN_POINT ( 'NONE',  ( 0.2081023437201680037, -10.47965980179320233, 0.2084672084802214886 ) ) ;
#1930 = EDGE_CURVE ( 'NONE', #1069, #1417, #1554, .T. ) ;
#1931 = ORIENTED_EDGE ( 'NONE', *, *, #2123, .F. ) ;
#1932 = DIRECTION ( 'NONE',  ( -1.000000000000000000, 0.000000000000000000, 0.000000000000000000 ) ) ;
#1933 = CARTESIAN_POINT ( 'NONE',  ( 5.917251657107529539, 7.524886399342919141, 3.499999999991440180 ) ) ;
#1934 = CARTESIAN_POINT ( 'NONE',  ( -7.490796132294580190, 7.353189210060129710, 0.2139466051489789800 ) ) ;
#1935 = CARTESIAN_POINT ( 'NONE',  ( -7.144457134036490409, 7.553597980456140171, 0.2999999999908234960 ) ) ;
#1936 = CARTESIAN_POINT ( 'NONE',  ( -7.339303134938540474, 7.503941460091703597, 0.2121195176313704911 ) ) ;
#1937 = DIRECTION ( 'NONE',  ( 0.000000000000000000, 1.000000000000000000, -1.136336271174185066E-16 ) ) ;
#1938 = CARTESIAN_POINT ( 'NONE',  ( 10.48173752894741817, 1.283642631432814579E-15, 0.2080613574352390138 ) ) ;
#1939 = ORIENTED_EDGE ( 'NONE', *, *, #1831, .T. ) ;
#1940 = CARTESIAN_POINT ( 'NONE',  ( 4.310615293071039744, -8.320073900488059948, -2.699999999999890044 ) ) ;
#1941 = VERTEX_POINT ( 'NONE', #932 ) ;
#1942 = EDGE_CURVE ( 'NONE', #1259, #1849, #2629, .T. ) ;
#1943 = CARTESIAN_POINT ( 'NONE',  ( 7.625972388506809807, 7.212911380246060489, 0.2087155742748779963 ) ) ;
#1944 = DIRECTION ( 'NONE',  ( 0.9998476951563912696, -0.000000000000000000, 0.01745240643728354982 ) ) ;
#1945 = AXIS2_PLACEMENT_3D ( 'NONE', #1167, #2257, #302 ) ;
#1946 = EDGE_LOOP ( 'NONE', ( #847, #233, #2732, #2134 ) ) ;
#1947 = ORIENTED_EDGE ( 'NONE', *, *, #2141, .T. ) ;
#1948 = AXIS2_PLACEMENT_3D ( 'NONE', #1721, #2606, #2385 ) ;
#1949 = CARTESIAN_POINT ( 'NONE',  ( -7.283655537721279494, 7.559060090304969393, 0.2087155742748749987 ) ) ;
#1950 = CARTESIAN_POINT ( 'NONE',  ( 9.169721373619468707, 1.928511112146890083, -2.699999999999890044 ) ) ;
#1951 = CIRCLE ( 'NONE', #1111, 1.017455064928219688 ) ;
#1952 = CARTESIAN_POINT ( 'NONE',  ( -7.209482332451665698, 7.622346969806970129, 0.2083887187571827060 ) ) ;
#1953 = CARTESIAN_POINT ( 'NONE',  ( -9.370311156817638931, 0.000000000000000000, -2.699999999999890044 ) ) ;
#1954 = AXIS2_PLACEMENT_3D ( 'NONE', #386, #1944, #441 ) ;
#1955 = CARTESIAN_POINT ( 'NONE',  ( 7.144457134036589885, 7.553597980456050465, 0.3000000000001119549 ) ) ;
#1956 = VERTEX_POINT ( 'NONE', #2492 ) ;
#1957 = CARTESIAN_POINT ( 'NONE',  ( 9.226713657645719380, -1.634543227687285105, -2.699999999999890044 ) ) ;
#1958 = APPLICATION_PROTOCOL_DEFINITION ( 'draft international standard', 'automotive_design', 1998, #2581 ) ;
#1959 = ORIENTED_EDGE ( 'NONE', *, *, #845, .F. ) ;
#1960 = CARTESIAN_POINT ( 'NONE',  ( -1.142515654242350021, -9.520662808482969197, 2.440938645241539806 ) ) ;
#1961 = CARTESIAN_POINT ( 'NONE',  ( 8.745398401617759276, 0.000000000000000000, -2.699999999999890044 ) ) ;
#1962 = EDGE_CURVE ( 'NONE', #2461, #242, #2478, .T. ) ;
#1963 = EDGE_CURVE ( 'NONE', #1359, #1522, #1803, .T. ) ;
#1964 = VERTEX_POINT ( 'NONE', #509 ) ;
#1965 = LINE ( 'NONE', #2198, #785 ) ;
#1966 = CARTESIAN_POINT ( 'NONE',  ( -7.353236949303219028, 7.491028870610439760, 0.2139607789839944874 ) ) ;
#1967 = ADVANCED_FACE ( 'NONE', ( #2684 ), #575, .T. ) ;
#1968 = CARTESIAN_POINT ( 'NONE',  ( 9.047280617755140142, 2.444213275432379984, -2.699999999999890044 ) ) ;
#1969 = B_SPLINE_CURVE_WITH_KNOTS ( 'NONE', 3,
 ( #1499, #1276, #2364, #397 ),
 .UNSPECIFIED., .F., .F.,
 ( 4, 4 ),
 ( 1.322120535860083732E-16, 6.341765589128120766E-05 ),
 .UNSPECIFIED. ) ;
#1970 = CARTESIAN_POINT ( 'NONE',  ( 0.1947105959545240295, -10.49558501829750057, 0.2087330054234285137 ) ) ;
#1971 = CARTESIAN_POINT ( 'NONE',  ( 7.615095065325170332, 7.202623227579840304, 0.2077349357898105320 ) ) ;
#1972 = CARTESIAN_POINT ( 'NONE',  ( 0.2916616338403024700, -10.47770909818700069, 0.2077348422701485176 ) ) ;
#1973 = ORIENTED_EDGE ( 'NONE', *, *, #1324, .T. ) ;
#1974 = CARTESIAN_POINT ( 'NONE',  ( 5.656028531472469645, -7.472609362826470480, -2.699999999999890044 ) ) ;
#1975 = VERTEX_POINT ( 'NONE', #754 ) ;
#1976 = LINE ( 'NONE', #653, #1993 ) ;
#1977 = FACE_OUTER_BOUND ( 'NONE', #1027, .T. ) ;
#1978 = EDGE_LOOP ( 'NONE', ( #1479, #852 ) ) ;
#1979 = CARTESIAN_POINT ( 'NONE',  ( -10.49998856494473820, 1.285877738714338473E-15, -0.0005242108632730340008 ) ) ;
#1980 = DIRECTION ( 'NONE',  ( 0.000000000000000000, 1.000000000000000000, 0.000000000000000000 ) ) ;
#1981 = CARTESIAN_POINT ( 'NONE',  ( -7.202386362800500486, 7.477490389548060001, 0.3000000000001119549 ) ) ;
#1982 = ADVANCED_FACE ( 'NONE', ( #2249 ), #2783, .T. ) ;
#1983 = CARTESIAN_POINT ( 'NONE',  ( 0.2919602341456484784, -10.48843607346594631, 0.2320693229468663576 ) ) ;
#1984 = CARTESIAN_POINT ( 'NONE',  ( -7.466175340942684535, 7.356458223268039553, 0.2116693433006227310 ) ) ;
#1985 = ORIENTED_EDGE ( 'NONE', *, *, #2231, .F. ) ;
#1986 = CARTESIAN_POINT ( 'NONE',  ( 8.963847699899750054, -2.734394083604084980, -2.699999999999890044 ) ) ;
#1987 = VERTEX_POINT ( 'NONE', #1847 ) ;
#1988 = CARTESIAN_POINT ( 'NONE',  ( -0.2893065508070274960, -10.39310463849554012, 0.2988583354859175034 ) ) ;
#1989 = CARTESIAN_POINT ( 'NONE',  ( 5.752919267325253827, 7.500289171329024285, 3.499941185284690004 ) ) ;
#1990 = VERTEX_POINT ( 'NONE', #516 ) ;
#1991 = CARTESIAN_POINT ( 'NONE',  ( 0.000000000000000000, 0.000000000000000000, -0.0005242108632199439814 ) ) ;
#1992 = LINE ( 'NONE', #446, #1848 ) ;
#1993 = VECTOR ( 'NONE', #2418, 1000.000000000000000 ) ;
#1994 = AXIS2_PLACEMENT_3D ( 'NONE', #1743, #2831, #2587 ) ;
#1995 = PLANE ( 'NONE',  #2186 ) ;
#1996 = B_SPLINE_CURVE_WITH_KNOTS ( 'NONE', 3,
 ( #2090, #111, #127, #2119 ),
 .UNSPECIFIED., .F., .F.,
 ( 4, 4 ),
 ( 0.000000000000000000, 1.000000000000000000 ),
 .UNSPECIFIED. ) ;
#1997 = CARTESIAN_POINT ( 'NONE',  ( -7.524886399342849863, 5.917251657107620133, 3.499999999991440180 ) ) ;
#1998 = CIRCLE ( 'NONE', #470, 1.197159337512915700 ) ;
#1999 = CARTESIAN_POINT ( 'NONE',  ( 10.44378962380598708, 0.000000000000000000, -0.8999999999998885558 ) ) ;
#2000 = CARTESIAN_POINT ( 'NONE',  ( -3.166776514572800405, 8.824217514743509128, -2.699999999999890044 ) ) ;
#2001 = ADVANCED_FACE ( 'NONE', ( #2731 ), #2441, .T. ) ;
#2002 = AXIS2_PLACEMENT_3D ( 'NONE', #715, #1610, #2483 ) ;
#2003 = ORIENTED_EDGE ( 'NONE', *, *, #205, .T. ) ;
#2004 = CARTESIAN_POINT ( 'NONE',  ( 6.625810560813719441, -6.625810560813719441, -2.699999999999890044 ) ) ;
#2005 =( GEOMETRIC_REPRESENTATION_CONTEXT ( 3 ) GLOBAL_UNCERTAINTY_ASSIGNED_CONTEXT ( ( #1162 ) ) GLOBAL_UNIT_ASSIGNED_CONTEXT ( ( #2132, #1043, #2376 ) ) REPRESENTATION_CONTEXT ( 'NONE', 'WORKASPACE' ) );
#2006 = ORIENTED_EDGE ( 'NONE', *, *, #2543, .T. ) ;
#2007 = CARTESIAN_POINT ( 'NONE',  ( -10.38601843033240080, 0.000000000000000000, -0.8999999999998880007 ) ) ;
#2008 = CARTESIAN_POINT ( 'NONE',  ( -5.825200039783214656, 7.506080063487847731, 0.2787934967140619502 ) ) ;
#2009 = ORIENTED_EDGE ( 'NONE', *, *, #97, .T. ) ;
#2010 = CARTESIAN_POINT ( 'NONE',  ( 8.645413632102114221, -17.29082726420422844, -2.601745240643602131 ) ) ;
#2011 = CARTESIAN_POINT ( 'NONE',  ( 7.172211161111341937, 7.582941394368161170, 0.2999999999990893285 ) ) ;
#2012 = CARTESIAN_POINT ( 'NONE',  ( 0.000000000000000000, 0.000000000000000000, -0.0005242108632785679855 ) ) ;
#2013 = DIRECTION ( 'NONE',  ( -0.000000000000000000, -1.000000000000000000, -0.000000000000000000 ) ) ;
#2014 = CARTESIAN_POINT ( 'NONE',  ( -8.247857575183708434, 4.450010405433349803, -2.699999999999890044 ) ) ;
#2015 = VERTEX_POINT ( 'NONE', #1866 ) ;
#2016 = CARTESIAN_POINT ( 'NONE',  ( -5.059880525075969970, -7.887127827030418814, -2.699999999999890044 ) ) ;
#2017 = EDGE_LOOP ( 'NONE', ( #2662, #1771, #181, #1667 ) ) ;
#2018 = CARTESIAN_POINT ( 'NONE',  ( -1.153291966402443913, -9.552522441139670306, 0.2999999999939249595 ) ) ;
#2019 = PLANE ( 'NONE',  #430 ) ;
#2020 = EDGE_CURVE ( 'NONE', #1975, #705, #1178, .T. ) ;
#2021 = DIRECTION ( 'NONE',  ( 0.000000000000000000, -1.000000000000000000, 0.000000000000000000 ) ) ;
#2022 = CARTESIAN_POINT ( 'NONE',  ( -8.646421878450983201, 0.000000000000000000, -2.659507635284599658 ) ) ;
#2023 = CARTESIAN_POINT ( 'NONE',  ( -0.1944594984653110203, -10.48024466699119905, 0.2073908069849710045 ) ) ;
#2024 = CARTESIAN_POINT ( 'NONE',  ( 7.212911380245940585, 7.625972388506900401, 0.2087155742748779963 ) ) ;
#2025 = CARTESIAN_POINT ( 'NONE',  ( 10.48600319986405793, 2.836263202847886425E-28, -0.8017452406439139478 ) ) ;
#2026 = CARTESIAN_POINT ( 'NONE',  ( -2.002738640477035315, 9.154120455032389359, -2.699999999999890044 ) ) ;
#2027 = ORIENTED_EDGE ( 'NONE', *, *, #424, .F. ) ;
#2028 = CARTESIAN_POINT ( 'NONE',  ( -1.667719324402449965, -9.220783295335129637, -2.699999999999890044 ) ) ;
#2029 = CARTESIAN_POINT ( 'NONE',  ( -1.318201137669755996, -9.408100008006901049, 0.3000000000025409563 ) ) ;
#2030 = FILL_AREA_STYLE_COLOUR ( '', #699 ) ;
#2031 = B_SPLINE_CURVE_WITH_KNOTS ( 'NONE', 3,
 ( #644, #403, #1270, #1706, #2847, #1983, #2188, #1735 ),
 .UNSPECIFIED., .F., .F.,
 ( 4, 2, 2, 4 ),
 ( 0.000000000000000000, 0.4999999999999862332, 0.7499999999999931166, 1.000000000000000000 ),
 .UNSPECIFIED. ) ;
#2032 = EDGE_CURVE ( 'NONE', #1708, #72, #1811, .T. ) ;
#2033 = CARTESIAN_POINT ( 'NONE',  ( -7.553597980455010408, 7.144457134035820722, 0.3000000000001119549 ) ) ;
#2034 = B_SPLINE_CURVE_WITH_KNOTS ( 'NONE', 3,
 ( #2761, #2088, #1041, #1480 ),
 .UNSPECIFIED., .F., .F.,
 ( 4, 4 ),
 ( 1.940237268611334761E-18, 6.341540772529628974E-05 ),
 .UNSPECIFIED. ) ;
#2035 = DIRECTION ( 'NONE',  ( 0.000000000000000000, 0.000000000000000000, -1.000000000000000000 ) ) ;
#2036 = CARTESIAN_POINT ( 'NONE',  ( 4.267455064928218356, 0.000000000000000000, 3.500000000000110134 ) ) ;
#2037 = CARTESIAN_POINT ( 'NONE',  ( 7.328191855436291036, 7.494016434766377799, 0.2107910808861554741 ) ) ;
#2038 = CARTESIAN_POINT ( 'NONE',  ( -8.780578133178259748, 3.271963151610980169, -2.699999999999890044 ) ) ;
#2039 = ORIENTED_EDGE ( 'NONE', *, *, #1930, .T. ) ;
#2040 = CARTESIAN_POINT ( 'NONE',  ( 2.150415590131395049, -9.120271752706779367, -2.699999999999890044 ) ) ;
#2041 = CIRCLE ( 'NONE', #651, 9.500000000000000000 ) ;
#2042 = CIRCLE ( 'NONE', #839, 0.1999999999999996503 ) ;
#2043 = DIRECTION ( 'NONE',  ( -1.000000000000000000, 0.000000000000000000, 0.000000000000000000 ) ) ;
#2044 = CARTESIAN_POINT ( 'NONE',  ( 0.000000000000000000, 0.000000000000000000, 2.500000000000000000 ) ) ;
#2045 = CIRCLE ( 'NONE', #282, 1.000000000000000000 ) ;
#2046 = CARTESIAN_POINT ( 'NONE',  ( 0.000000000000000000, 0.000000000000000000, 0.3000000000000779821 ) ) ;
#2047 = EDGE_CURVE ( 'NONE', #365, #1987, #972, .T. ) ;
#2048 = EDGE_CURVE ( 'NONE', #2544, #1975, #962, .T. ) ;
#2049 = CARTESIAN_POINT ( 'NONE',  ( 0.2906533890020616129, -10.44145420035551020, 0.2914865438328220204 ) ) ;
#2050 = DIRECTION ( 'NONE',  ( -0.000000000000000000, 1.000000000000000000, -0.000000000000000000 ) ) ;
#2051 = ADVANCED_FACE ( 'NONE', ( #1655 ), #164, .T. ) ;
#2052 = CARTESIAN_POINT ( 'NONE',  ( -5.525885170174379191, 7.567597770310420024, -2.699999999999890044 ) ) ;
#2053 = CARTESIAN_POINT ( 'NONE',  ( 7.582941394713611949, 7.172211161438386107, 0.2999999999985579757 ) ) ;
#2054 = ORIENTED_EDGE ( 'NONE', *, *, #1486, .T. ) ;
#2055 = CARTESIAN_POINT ( 'NONE',  ( -0.5716734435672050640, -9.357299312880300590, -2.699999999999890044 ) ) ;
#2056 = ORIENTED_EDGE ( 'NONE', *, *, #1138, .T. ) ;
#2057 = CARTESIAN_POINT ( 'NONE',  ( 7.212911380245950355, 7.625972388506900401, 0.2087155742748779963 ) ) ;
#2058 = CARTESIAN_POINT ( 'NONE',  ( -5.917112879319979868, 7.524586442329209923, 3.521012209169649854 ) ) ;
#2059 = CARTESIAN_POINT ( 'NONE',  ( -7.212911380246009863, 7.625972388506860433, 0.2087155742748779963 ) ) ;
#2060 = CARTESIAN_POINT ( 'NONE',  ( 0.2893087267205564639, -10.39310407843410111, 0.2988586520549049719 ) ) ;
#2061 = CARTESIAN_POINT ( 'NONE',  ( 7.601331931183579194, 7.238962919947708130, 0.2087155742748789955 ) ) ;
#2062 = CARTESIAN_POINT ( 'NONE',  ( 1.493373062918932126, 9.250552095085369686, -2.699999999999890044 ) ) ;
#2063 = CARTESIAN_POINT ( 'NONE',  ( -7.144464143617160090, 7.553605391454039975, 0.2988583354699595462 ) ) ;
#2064 = EDGE_CURVE ( 'NONE', #1987, #2402, #410, .T. ) ;
#2065 = EDGE_LOOP ( 'NONE', ( #1344, #2651 ) ) ;
#2066 = CARTESIAN_POINT ( 'NONE',  ( -3.743424548553274889, -8.595928572414960556, -2.699999999999890044 ) ) ;
#2067 = CARTESIAN_POINT ( 'NONE',  ( 8.645413632102114221, -17.29082726420422844, -2.601745240643602131 ) ) ;
#2068 = ORIENTED_EDGE ( 'NONE', *, *, #1235, .F. ) ;
#2069 = CARTESIAN_POINT ( 'NONE',  ( -0.2920782399851284961, -10.49267533812409958, 0.2087155742748779963 ) ) ;
#2070 = CARTESIAN_POINT ( 'NONE',  ( 9.428082350291164815, 0.000000000000000000, -2.699999999999888267 ) ) ;
#2071 = CARTESIAN_POINT ( 'NONE',  ( -6.527598204444640118, 6.527598204444680086, 0.2999999999815374796 ) ) ;
#2072 = EDGE_LOOP ( 'NONE', ( #640, #2553, #1006, #2691 ) ) ;
#2073 = CARTESIAN_POINT ( 'NONE',  ( -7.354348697463339413, 7.492195994491670064, 0.2087158487306550181 ) ) ;
#2074 = DIRECTION ( 'NONE',  ( 0.000000000000000000, 1.141265444721584004E-17, 1.000000000000000000 ) ) ;
#2075 = CARTESIAN_POINT ( 'NONE',  ( -8.687627208144180102, 0.000000000000000000, -2.699999999999892708 ) ) ;
#2076 = CARTESIAN_POINT ( 'NONE',  ( -7.144457134035780754, 7.553597980455069916, 0.2000000000001120048 ) ) ;
#2077 = CARTESIAN_POINT ( 'NONE',  ( -9.282317092238500322, 1.281378865291991742, -2.699999999999890044 ) ) ;
#2078 = CARTESIAN_POINT ( 'NONE',  ( 4.860062536523209964, 8.011820087003370006, -2.699999999999890044 ) ) ;
#2079 = CARTESIAN_POINT ( 'NONE',  ( -5.692311084301669766, 7.535877287234779232, 3.500000000000494715 ) ) ;
#2080 = EDGE_LOOP ( 'NONE', ( #1774, #2163, #1716, #2399, #840, #2868, #2548 ) ) ;
#2081 = DIRECTION ( 'NONE',  ( 0.000000000000000000, -0.01745240643728354635, 0.9998476951563911586 ) ) ;
#2082 = CIRCLE ( 'NONE', #2405, 1.000000000000000000 ) ;
#2083 = CARTESIAN_POINT ( 'NONE',  ( 1.182216382992039350, -9.408387979725954864, 1.363091715754799926 ) ) ;
#2084 = EDGE_CURVE ( 'NONE', #1855, #2779, #2159, .T. ) ;
#2085 = EDGE_CURVE ( 'NONE', #1941, #320, #2826, .T. ) ;
#2086 = AXIS2_PLACEMENT_3D ( 'NONE', #1312, #447, #196 ) ;
#2087 = ORIENTED_EDGE ( 'NONE', *, *, #2123, .T. ) ;
#2088 = CARTESIAN_POINT ( 'NONE',  ( 7.107938725543100134, 7.574900545627579973, 0.3000000000000104805 ) ) ;
#2089 = FACE_OUTER_BOUND ( 'NONE', #1874, .T. ) ;
#2090 = CARTESIAN_POINT ( 'NONE',  ( -0.2893065508070274960, -10.39310463849554012, 0.2988583354859175034 ) ) ;
#2091 = AXIS2_PLACEMENT_3D ( 'NONE', #2815, #1252, #834 ) ;
#2092 = VERTEX_POINT ( 'NONE', #2172 ) ;
#2093 = CARTESIAN_POINT ( 'NONE',  ( 0.000000000000000000, 0.000000000000000000, 0.2080613574352390138 ) ) ;
#2094 = DIRECTION ( 'NONE',  ( -1.000000000000000000, 3.622582687239925671E-15, 0.000000000000000000 ) ) ;
#2095 = CARTESIAN_POINT ( 'NONE',  ( 1.318201137669342105, -9.408100008006959669, 0.3000000000025404567 ) ) ;
#2096 = PLANE ( 'NONE',  #1994 ) ;
#2097 = CARTESIAN_POINT ( 'NONE',  ( 4.792401856980989194, 8.052492751201839383, -2.699999999999890044 ) ) ;
#2098 = CARTESIAN_POINT ( 'NONE',  ( 10.81893730175655755, -10.18093421970099932, 0.2621579044439776851 ) ) ;
#2099 = B_SPLINE_CURVE_WITH_KNOTS ( 'NONE', 1,
 ( #1229, #749 ),
 .UNSPECIFIED., .F., .F.,
 ( 2, 2 ),
 ( 0.000000000000000000, 1.000000000000000000 ),
 .UNSPECIFIED. ) ;
#2100 = ORIENTED_EDGE ( 'NONE', *, *, #290, .F. ) ;
#2101 = CARTESIAN_POINT ( 'NONE',  ( -9.005491319980089671, -2.589555904064330338, -2.699999999999890044 ) ) ;
#2102 = CARTESIAN_POINT ( 'NONE',  ( 1.136655535393319871, -9.504716954372591786, 3.520997757416510332 ) ) ;
#2103 = ORIENTED_EDGE ( 'NONE', *, *, #1157, .F. ) ;
#2104 = DIRECTION ( 'NONE',  ( 0.9996127926078934856, 0.02782561508122454244, 4.997564861941580403E-14 ) ) ;
#2105 = CARTESIAN_POINT ( 'NONE',  ( 5.692311084301979740, 7.535877287234549193, 3.500000000000490274 ) ) ;
#2106 = CARTESIAN_POINT ( 'NONE',  ( -4.267455064928218356, -0.1674550649282176285, 3.500000000000110134 ) ) ;
#2107 = ORIENTED_EDGE ( 'NONE', *, *, #2085, .T. ) ;
#2108 = EDGE_CURVE ( 'NONE', #452, #907, #665, .T. ) ;
#2109 = CARTESIAN_POINT ( 'NONE',  ( 7.584818112002169599, 7.089271193340580979, 0.2999999999970189846 ) ) ;
#2110 = CARTESIAN_POINT ( 'NONE',  ( -10.48600319984802987, 20.97200639969605973, -0.8017452406435795487 ) ) ;
#2111 = CARTESIAN_POINT ( 'NONE',  ( -0.2918560148175721736, -10.48469207809140258, 0.3000000000002646106 ) ) ;
#2112 = CARTESIAN_POINT ( 'NONE',  ( 3.307490014918855081, 8.767253507895171438, -2.699999999999890044 ) ) ;
#2113 = CARTESIAN_POINT ( 'NONE',  ( -7.384442338367142256, 7.459236509591379516, 0.2132831731152264321 ) ) ;
#2114 = ORIENTED_EDGE ( 'NONE', *, *, #423, .F. ) ;
#2115 = CARTESIAN_POINT ( 'NONE',  ( -7.842908376978419582, -5.127525657264230041, -2.699999999999890044 ) ) ;
#2116 = ORIENTED_EDGE ( 'NONE', *, *, #1125, .F. ) ;
#2117 = CARTESIAN_POINT ( 'NONE',  ( 7.553605391377700151, 7.144464143544699830, 0.2988583354860009922 ) ) ;
#2118 = FACE_OUTER_BOUND ( 'NONE', #1904, .T. ) ;
#2119 = CARTESIAN_POINT ( 'NONE',  ( -0.2893062669641104923, -10.39309444171191998, 0.2999999999908254389 ) ) ;
#2120 = ORIENTED_EDGE ( 'NONE', *, *, #2768, .F. ) ;
#2121 = CARTESIAN_POINT ( 'NONE',  ( -7.207423499864102467, 7.620170234278478283, 0.3000000000000958567 ) ) ;
#2122 = CARTESIAN_POINT ( 'NONE',  ( 0.000000000000000000, 0.000000000000000000, 0.3000000000001119549 ) ) ;
#2123 = EDGE_CURVE ( 'NONE', #242, #336, #1634, .T. ) ;
#2124 = DIRECTION ( 'NONE',  ( -1.000000000000000000, 0.000000000000000000, 0.000000000000000000 ) ) ;
#2125 = CARTESIAN_POINT ( 'NONE',  ( 3.342954663316094699, 8.753707551777699436, -2.699999999999890044 ) ) ;
#2126 = DIRECTION ( 'NONE',  ( 0.000000000000000000, 0.000000000000000000, 1.000000000000000000 ) ) ;
#2127 = CARTESIAN_POINT ( 'NONE',  ( -9.185101720111539692, -1.854218741563874895, -2.699999999999890044 ) ) ;
#2128 = CARTESIAN_POINT ( 'NONE',  ( 8.745398401617759276, 0.000000000000000000, -2.699999999999890044 ) ) ;
#2129 = ORIENTED_EDGE ( 'NONE', *, *, #599, .T. ) ;
#2130 = CARTESIAN_POINT ( 'NONE',  ( 7.488688084793419186, 5.816781681988429931, 1.363096513691639977 ) ) ;
#2131 = CARTESIAN_POINT ( 'NONE',  ( -0.2096085288252247103, -10.47981263802002161, 0.2083488579228518767 ) ) ;
#2132 =( LENGTH_UNIT ( ) NAMED_UNIT ( * ) SI_UNIT ( .MILLI., .METRE. ) );
#2133 = AXIS2_PLACEMENT_3D ( 'NONE', #1772, #453, #466 ) ;
#2134 = ORIENTED_EDGE ( 'NONE', *, *, #1089, .F. ) ;
#2135 = B_SPLINE_CURVE_WITH_KNOTS ( 'NONE', 3,
 ( #1318, #1073, #203, #398 ),
 .UNSPECIFIED., .F., .F.,
 ( 4, 4 ),
 ( 0.000000000000000000, 1.000000000000000000 ),
 .UNSPECIFIED. ) ;
#2136 = CARTESIAN_POINT ( 'NONE',  ( -7.562646547527532626, 5.749594036919830842, 0.2996391315098129726 ) ) ;
#2137 = AXIS2_PLACEMENT_3D ( 'NONE', #106, #1190, #2081 ) ;
#2138 = AXIS2_PLACEMENT_3D ( 'NONE', #729, #1624, #761 ) ;
#2139 = EDGE_CURVE ( 'NONE', #1264, #870, #1061, .T. ) ;
#2140 = CARTESIAN_POINT ( 'NONE',  ( 7.209481994688550444, 7.622346612701341506, 0.2083886635074684024 ) ) ;
#2141 = EDGE_CURVE ( 'NONE', #2486, #1359, #1707, .T. ) ;
#2142 = CARTESIAN_POINT ( 'NONE',  ( 9.120271752706280211, 2.150415590134119981, -2.699999999999890044 ) ) ;
#2143 = CARTESIAN_POINT ( 'NONE',  ( 0.000000000000000000, 0.000000000000000000, 9.887923813067799176E-14 ) ) ;
#2144 = ADVANCED_FACE ( 'NONE', ( #166 ), #1051, .T. ) ;
#2145 = CARTESIAN_POINT ( 'NONE',  ( -7.661781626481459995, -5.395081023121850450, -2.699999999999890044 ) ) ;
#2146 = CARTESIAN_POINT ( 'NONE',  ( -10.38601843033240080, 0.000000000000000000, -0.8999999999998880007 ) ) ;
#2147 = CARTESIAN_POINT ( 'NONE',  ( -9.226709731983628870, 1.634564448165404915, -2.699999999999890044 ) ) ;
#2148 = VERTEX_POINT ( 'NONE', #1938 ) ;
#2149 = DIRECTION ( 'NONE',  ( -1.000000000000000000, 0.000000000000000000, 0.000000000000000000 ) ) ;
#2150 = CARTESIAN_POINT ( 'NONE',  ( 0.1649269992263006079, -10.48031550921268362, 0.2095197708416412230 ) ) ;
#2151 = CARTESIAN_POINT ( 'NONE',  ( 7.615116227298799778, 7.202643243314810206, 0.2074082381335409786 ) ) ;
#2152 = ORIENTED_EDGE ( 'NONE', *, *, #863, .T. ) ;
#2153 = CARTESIAN_POINT ( 'NONE',  ( -7.144457134036490409, 7.553597980456140171, 0.2999999999908234960 ) ) ;
#2154 = CARTESIAN_POINT ( 'NONE',  ( 7.700000000000000178, 9.429780353434619030E-16, 2.500000000000000000 ) ) ;
#2155 = PLANE ( 'NONE',  #1440 ) ;
#2156 = LINE ( 'NONE', #162, #2552 ) ;
#2157 = DIRECTION ( 'NONE',  ( 0.000000000000000000, 0.000000000000000000, -1.000000000000000000 ) ) ;
#2158 = CARTESIAN_POINT ( 'NONE',  ( 0.000000000000000000, 0.000000000000000000, -0.8017452406439139478 ) ) ;
#2159 = LINE ( 'NONE', #393, #884 ) ;
#2160 = EDGE_CURVE ( 'NONE', #2760, #1067, #376, .T. ) ;
#2161 = VERTEX_POINT ( 'NONE', #605 ) ;
#2162 = CARTESIAN_POINT ( 'NONE',  ( 3.741416954957370145, -8.591348959359939030, -2.699999999999890044 ) ) ;
#2163 = ORIENTED_EDGE ( 'NONE', *, *, #1017, .T. ) ;
#2164 = LINE ( 'NONE', #597, #2225 ) ;
#2165 = FACE_OUTER_BOUND ( 'NONE', #2392, .T. ) ;
#2166 = ORIENTED_EDGE ( 'NONE', *, *, #294, .T. ) ;
#2167 = CARTESIAN_POINT ( 'NONE',  ( 0.2920782399849830013, -10.49267533812409958, 0.2087155742748779963 ) ) ;
#2168 =( BOUNDED_CURVE ( )  B_SPLINE_CURVE ( 3, ( #2569, #1870, #581, #79 ),
 .UNSPECIFIED., .F., .F. ) 
 B_SPLINE_CURVE_WITH_KNOTS ( ( 4, 4 ),
 ( 0.000000000000000000, 1.000000000000000000 ),
 .UNSPECIFIED. ) 
 CURVE ( )  GEOMETRIC_REPRESENTATION_ITEM ( )  RATIONAL_B_SPLINE_CURVE ( ( 0.9482369643167327666, 0.8236019912785351726, 0.8396884124357412160, 0.9964962277883504527 ) ) 
 REPRESENTATION_ITEM ( '' )  );
#2169 = CARTESIAN_POINT ( 'NONE',  ( 8.698429212946440003, 3.484460144923034797, -2.699999999999890044 ) ) ;
#2170 = CARTESIAN_POINT ( 'NONE',  ( -0.2920782399851284961, -10.49267533812409958, 0.2087155742748779963 ) ) ;
#2171 = CARTESIAN_POINT ( 'NONE',  ( -10.48600319986405793, 1.285021382085573966E-15, -0.8017452406439139478 ) ) ;
#2172 = CARTESIAN_POINT ( 'NONE',  ( -4.450000000000000178, 0.8325449350717820662, 3.500000000000110134 ) ) ;
#2173 = EDGE_LOOP ( 'NONE', ( #2380, #2484, #591, #765 ) ) ;
#2174 = CARTESIAN_POINT ( 'NONE',  ( 7.489152776560289659, -5.668686714771809854, -2.699999999999890044 ) ) ;
#2175 = CARTESIAN_POINT ( 'NONE',  ( 7.342720920377019844, 7.480131939981709444, 0.2126392690077739955 ) ) ;
#2176 = ADVANCED_FACE ( 'NONE', ( #1494 ), #382, .T. ) ;
#2177 = ORIENTED_EDGE ( 'NONE', *, *, #714, .F. ) ;
#2178 = CARTESIAN_POINT ( 'NONE',  ( -1.017455064928219466, -4.000000000000000000, 3.500000000000110134 ) ) ;
#2179 = DIRECTION ( 'NONE',  ( -1.000000000000000000, 0.000000000000000000, 0.000000000000000000 ) ) ;
#2180 = VECTOR ( 'NONE', #2704, 1000.000000000000000 ) ;
#2181 = ORIENTED_EDGE ( 'NONE', *, *, #1942, .F. ) ;
#2182 = DIRECTION ( 'NONE',  ( 1.000000000000000000, 0.000000000000000000, 0.000000000000000000 ) ) ;
#2183 = AXIS2_PLACEMENT_3D ( 'NONE', #2328, #1042, #2809 ) ;
#2184 = LINE ( 'NONE', #1047, #1110 ) ;
#2185 = CARTESIAN_POINT ( 'NONE',  ( 7.753551828704559945, 5.262294518818220190, -2.699999999999890044 ) ) ;
#2186 = AXIS2_PLACEMENT_3D ( 'NONE', #1550, #1078, #2859 ) ;
#2187 = FACE_OUTER_BOUND ( 'NONE', #2429, .T. ) ;
#2188 = CARTESIAN_POINT ( 'NONE',  ( 0.2920492618042043742, -10.49163432033768295, 0.2206190711437457930 ) ) ;
#2189 = AXIS2_PLACEMENT_3D ( 'NONE', #2365, #1085, #598 ) ;
#2190 = DIRECTION ( 'NONE',  ( 0.000000000000000000, -0.01745240643728354635, -0.9998476951563911586 ) ) ;
#2191 = EDGE_LOOP ( 'NONE', ( #622, #1537, #1373, #1288 ) ) ;
#2192 = CARTESIAN_POINT ( 'NONE',  ( 9.089215593226928291, -2.298366197697325308, -2.699999999999890044 ) ) ;
#2193 = ORIENTED_EDGE ( 'NONE', *, *, #1235, .T. ) ;
#2194 = FACE_OUTER_BOUND ( 'NONE', #2639, .T. ) ;
#2195 = CARTESIAN_POINT ( 'NONE',  ( -7.126353843748479910, 7.564486795719659540, 0.2995501763979779852 ) ) ;
#2196 = EDGE_CURVE ( 'NONE', #1956, #1754, #2042, .T. ) ;
#2197 = ORIENTED_EDGE ( 'NONE', *, *, #2141, .F. ) ;
#2198 = CARTESIAN_POINT ( 'NONE',  ( -1.000000000000000000, -4.000000000000000000, 2.500000000000000444 ) ) ;
#2199 = CARTESIAN_POINT ( 'NONE',  ( -7.342489639751249797, 7.480080167786020695, 0.2126185805456809741 ) ) ;
#2200 = CARTESIAN_POINT ( 'NONE',  ( 0.09730463483794039858, -10.49648193436366128, 0.2139640362975085142 ) ) ;
#2201 = CARTESIAN_POINT ( 'NONE',  ( 1.000000000000000000, -4.000000000000000000, 2.500000000000000444 ) ) ;
#2202 = CARTESIAN_POINT ( 'NONE',  ( -4.248705901580474453, -0.1487059015804743090, 2.425861151199057542 ) ) ;
#2203 = VERTEX_POINT ( 'NONE', #404 ) ;
#2204 = CARTESIAN_POINT ( 'NONE',  ( 8.011820087002991642, -4.860062536524439203, -2.699999999999890044 ) ) ;
#2205 = B_SPLINE_CURVE_WITH_KNOTS ( 'NONE', 3,
 ( #2371, #163, #1049, #1936, #2816, #2113, #617, #2383, #1281, #345, #1222, #120, #1005, #1895, #2772, #790 ),
 .UNSPECIFIED., .F., .F.,
 ( 4, 2, 2, 2, 2, 2, 2, 4 ),
 ( 0.000000000000000000, 0.2499999999999999445, 0.3749999999999998890, 0.4374999999999983347, 0.4999999999999967804, 0.6249999999999982236, 0.7499999999999996669, 1.000000000000000000 ),
 .UNSPECIFIED. ) ;
#2206 = ORIENTED_EDGE ( 'NONE', *, *, #1632, .F. ) ;
#2207 = CARTESIAN_POINT ( 'NONE',  ( 8.645413632050228614, 1.058757813179520712E-15, -2.601745240644484536 ) ) ;
#2208 = CARTESIAN_POINT ( 'NONE',  ( 0.000000000000000000, -4.000000000000000000, 2.500000000000000444 ) ) ;
#2209 = ORIENTED_EDGE ( 'NONE', *, *, #501, .T. ) ;
#2210 = CARTESIAN_POINT ( 'NONE',  ( 3.071906155375590144E-16, 0.8499999999999982014, 2.500000000000109690 ) ) ;
#2211 = CARTESIAN_POINT ( 'NONE',  ( -9.470295926333273329, -18.94059185266654666, -2.601745240643716706 ) ) ;
#2212 = EDGE_CURVE ( 'NONE', #452, #1659, #1871, .T. ) ;
#2213 = CARTESIAN_POINT ( 'NONE',  ( -0.1944631948894720019, -10.48044388021240003, 0.2074082381335229930 ) ) ;
#2214 = FACE_OUTER_BOUND ( 'NONE', #543, .T. ) ;
#2215 = CARTESIAN_POINT ( 'NONE',  ( -9.370311156817638931, 0.000000000000000000, -2.699999999999890044 ) ) ;
#2216 = CARTESIAN_POINT ( 'NONE',  ( -5.328687770971209936, 7.707666727592179967, -2.699999999999890044 ) ) ;
#2217 = ORIENTED_EDGE ( 'NONE', *, *, #1521, .T. ) ;
#2218 = CARTESIAN_POINT ( 'NONE',  ( 7.842908376978419582, -5.127525657264230041, -2.699999999999890044 ) ) ;
#2219 = ORIENTED_EDGE ( 'NONE', *, *, #2032, .F. ) ;
#2220 = DIRECTION ( 'NONE',  ( 0.000000000000000000, 0.000000000000000000, -1.000000000000000000 ) ) ;
#2221 = SURFACE_STYLE_USAGE ( .BOTH. , #256 ) ;
#2222 = ORIENTED_EDGE ( 'NONE', *, *, #169, .F. ) ;
#2223 = PRODUCT ( 'DGQ', 'DGQ', '', ( #636 ) ) ;
#2224 = CARTESIAN_POINT ( 'NONE',  ( 9.370311156817638931, 1.147532156521146026E-15, -2.699999999999890044 ) ) ;
#2225 = VECTOR ( 'NONE', #1483, 1000.000000000000227 ) ;
#2226 = AXIS2_PLACEMENT_3D ( 'NONE', #312, #2743, #46 ) ;
#2227 = CARTESIAN_POINT ( 'NONE',  ( -0.2920782399849740085, -10.49267533812409958, 0.2087155742748779963 ) ) ;
#2228 = CARTESIAN_POINT ( 'NONE',  ( 9.428082350291154157, 18.85616470058230831, -2.699999999999887823 ) ) ;
#2229 = CARTESIAN_POINT ( 'NONE',  ( -7.226938816779846952, 7.592115655415538455, 0.2075823301150698241 ) ) ;
#2230 = CARTESIAN_POINT ( 'NONE',  ( -2.076706799805890125, 9.137637248061439621, -2.699999999999890044 ) ) ;
#2231 = EDGE_CURVE ( 'NONE', #2015, #747, #1306, .T. ) ;
#2232 = AXIS2_PLACEMENT_3D ( 'NONE', #1435, #2551, #2299 ) ;
#2233 = ORIENTED_EDGE ( 'NONE', *, *, #2047, .T. ) ;
#2234 = CARTESIAN_POINT ( 'NONE',  ( -4.792401856985190278, -8.052492751199087806, -2.699999999999890044 ) ) ;
#2235 = VERTEX_POINT ( 'NONE', #1926 ) ;
#2236 = CARTESIAN_POINT ( 'NONE',  ( -10.48173752875329789, 0.000000000000000000, 0.2080613598355939842 ) ) ;
#2237 = DIRECTION ( 'NONE',  ( -0.000000000000000000, -0.000000000000000000, 1.000000000000000000 ) ) ;
#2238 = CARTESIAN_POINT ( 'NONE',  ( 9.470295926333273329, -18.94059185266654666, -2.601745240643716706 ) ) ;
#2239 = CARTESIAN_POINT ( 'NONE',  ( 0.2916569000857079930, -10.47753904186910034, 0.2073908069851130020 ) ) ;
#2240 = B_SPLINE_CURVE_WITH_KNOTS ( 'NONE', 3,
 ( #2338, #1912, #1952, #850 ),
 .UNSPECIFIED., .F., .F.,
 ( 4, 4 ),
 ( 0.000000000000000000, 1.000000000000000000 ),
 .UNSPECIFIED. ) ;
#2241 = CARTESIAN_POINT ( 'NONE',  ( 9.470295926333273329, -18.94059185266654666, -2.601745240643716706 ) ) ;
#2242 = CARTESIAN_POINT ( 'NONE',  ( 7.396888052682704107, 7.425979029029233125, 0.2123537287096920190 ) ) ;
#2243 = CARTESIAN_POINT ( 'NONE',  ( -8.712405690923809232, 3.449161963773164974, -2.699999999999890044 ) ) ;
#2244 = ORIENTED_EDGE ( 'NONE', *, *, #290, .T. ) ;
#2245 = CARTESIAN_POINT ( 'NONE',  ( 1.779731844230814986, -9.199820350315791373, -2.699999999999890044 ) ) ;
#2246 = ADVANCED_FACE ( 'NONE', ( #2577 ), #1490, .T. ) ;
#2247 = ORIENTED_EDGE ( 'NONE', *, *, #1816, .T. ) ;
#2248 = CARTESIAN_POINT ( 'NONE',  ( 0.000000000000000000, 0.000000000000000000, -2.601745240643719814 ) ) ;
#2249 = FACE_OUTER_BOUND ( 'NONE', #229, .T. ) ;
#2250 = CARTESIAN_POINT ( 'NONE',  ( 1.163414459189985485E-15, 9.500000000000000000, -0.8999999999999480638 ) ) ;
#2251 = CARTESIAN_POINT ( 'NONE',  ( -7.489152776562790770, 5.668686714768790047, -2.699999999999890044 ) ) ;
#2252 = CARTESIAN_POINT ( 'NONE',  ( 8.645413632050228614, 1.058757813179520712E-15, -2.601745240644477430 ) ) ;
#2253 = ORIENTED_EDGE ( 'NONE', *, *, #1017, .F. ) ;
#2254 = CARTESIAN_POINT ( 'NONE',  ( -4.310146764316100665, -8.320315684674190138, -2.699999999999890044 ) ) ;
#2255 =( BOUNDED_SURFACE ( )  B_SPLINE_SURFACE ( 3, 2, ( 
 ( #53, #2479, #2706 ),
 ( #987, #735, #1169 ),
 ( #492, #1200, #1422 ),
 ( #722, #1616, #1378 ) ),
 .UNSPECIFIED., .F., .F., .F. ) 
 B_SPLINE_SURFACE_WITH_KNOTS ( ( 4, 4 ),
 ( 3, 3 ),
 ( 0.000000000000000000, 1.000000000000000000 ),
 ( 0.000000000000000000, 1.000000000000000000 ),
 .UNSPECIFIED. ) 
 GEOMETRIC_REPRESENTATION_ITEM ( )  RATIONAL_B_SPLINE_SURFACE ( (
 ( 1.000000000000000000, 0.8365324203295360084, 1.000000000000000000),
 ( 1.000000000000000000, 0.8332478914112410040, 1.000000000000000000),
 ( 1.000000000000000000, 0.8298685015596189984, 1.000000000000000000),
 ( 1.000000000000000000, 0.8263856407838690021, 1.000000000000000000) ) ) 
 REPRESENTATION_ITEM ( '' )  SURFACE ( )  );
#2256 = EDGE_CURVE ( 'NONE', #2720, #2622, #1998, .T. ) ;
#2257 = DIRECTION ( 'NONE',  ( 0.000000000000000000, 0.000000000000000000, -1.000000000000000000 ) ) ;
#2258 = EDGE_CURVE ( 'NONE', #225, #2760, #2356, .T. ) ;
#2259 = CARTESIAN_POINT ( 'NONE',  ( -10.38601843033240080, 0.000000000000000000, -0.8999999999998880007 ) ) ;
#2260 = EDGE_CURVE ( 'NONE', #2610, #406, #1822, .T. ) ;
#2261 = DIRECTION ( 'NONE',  ( -1.000000000000000000, -0.000000000000000000, -0.000000000000000000 ) ) ;
#2262 = CARTESIAN_POINT ( 'NONE',  ( -7.584818112008749225, 7.089271193329330423, 0.2999999999970189846 ) ) ;
#2263 = CARTESIAN_POINT ( 'NONE',  ( -2.880483972874409382, 11.51862819951516315, 0.3000000000001121769 ) ) ;
#2264 = CARTESIAN_POINT ( 'NONE',  ( -8.052492751202398935, 4.792401856980530006, -2.699999999999890044 ) ) ;
#2265 = CIRCLE ( 'NONE', #1016, 1.017455064928219688 ) ;
#2266 = FACE_OUTER_BOUND ( 'NONE', #2080, .T. ) ;
#2267 = ORIENTED_EDGE ( 'NONE', *, *, #2827, .T. ) ;
#2268 = CARTESIAN_POINT ( 'NONE',  ( -5.668686714770279522, -7.489152776562350233, -2.699999999999890044 ) ) ;
#2269 = AXIS2_PLACEMENT_3D ( 'NONE', #1380, #293, #1355 ) ;
#2270 = CIRCLE ( 'NONE', #2501, 10.48173752875329967 ) ;
#2271 = CARTESIAN_POINT ( 'NONE',  ( 0.2893087267205564639, -10.39310407843410111, 0.2988586520549049719 ) ) ;
#2272 = CARTESIAN_POINT ( 'NONE',  ( -10.38601843033239902, -20.77203686066479804, -0.8999999999998868905 ) ) ;
#2273 = DIRECTION ( 'NONE',  ( -1.000000000000000000, 8.881784197001250351E-16, 0.000000000000000000 ) ) ;
#2274 = ADVANCED_FACE ( 'NONE', ( #875 ), #235, .F. ) ;
#2275 = CARTESIAN_POINT ( 'NONE',  ( 1.153291966402447910, -9.552522441139659648, 0.2999999999939244599 ) ) ;
#2276 = CARTESIAN_POINT ( 'NONE',  ( -9.470295926333278658, 0.000000000000000000, -2.601745240643719814 ) ) ;
#2277 = CARTESIAN_POINT ( 'NONE',  ( 1.422744708353153920, 9.261961772308719532, -2.699999999999890044 ) ) ;
#2278 = PLANE ( 'NONE',  #40 ) ;
#2279 = ORIENTED_EDGE ( 'NONE', *, *, #2601, .T. ) ;
#2280 = CARTESIAN_POINT ( 'NONE',  ( -3.342954663316135111, -8.753707551778049378, -2.699999999999890044 ) ) ;
#2281 = CARTESIAN_POINT ( 'NONE',  ( 1.188561662618130343, -9.426638561469523836, 0.2787935829051920167 ) ) ;
#2282 = ORIENTED_EDGE ( 'NONE', *, *, #221, .F. ) ;
#2283 = DIRECTION ( 'NONE',  ( -1.000000000000000000, 0.000000000000000000, 0.000000000000000000 ) ) ;
#2284 = CARTESIAN_POINT ( 'NONE',  ( 9.370311156817638931, 0.000000000000000000, -2.699999999999890044 ) ) ;
#2285 = DIRECTION ( 'NONE',  ( -1.000000000000000000, 0.000000000000000000, 0.000000000000000000 ) ) ;
#2286 = DIRECTION ( 'NONE',  ( -1.000000000000000000, -1.776356839400250070E-15, 0.000000000000000000 ) ) ;
#2287 = FACE_OUTER_BOUND ( 'NONE', #2592, .T. ) ;
#2288 = CARTESIAN_POINT ( 'NONE',  ( -14.71314200320375853, -0.4470041607241408976, 0.3000000000001117328 ) ) ;
#2289 = CARTESIAN_POINT ( 'NONE',  ( 7.361079109470418658, 7.482426870955329434, 0.2127849086712743643 ) ) ;
#2290 = ADVANCED_FACE ( 'NONE', ( #688 ), #935, .F. ) ;
#2291 = CARTESIAN_POINT ( 'NONE',  ( 1.139746641659681758, 9.301893616442200141, -2.699999999999890044 ) ) ;
#2292 = CARTESIAN_POINT ( 'NONE',  ( 0.2904301331873747616, -10.43346842989708811, 0.2999999999985579757 ) ) ;
#2293 = ORIENTED_EDGE ( 'NONE', *, *, #1140, .T. ) ;
#2294 = CARTESIAN_POINT ( 'NONE',  ( -9.177521832913580369, -1.891397347979860255, -2.699999999999890044 ) ) ;
#2295 = DIRECTION ( 'NONE',  ( 1.000000000000000000, 3.614007241618349757E-16, -0.000000000000000000 ) ) ;
#2296 = ORIENTED_EDGE ( 'NONE', *, *, #1745, .T. ) ;
#2297 = CARTESIAN_POINT ( 'NONE',  ( 0.3098082292138364946, -10.38799263569936038, 0.2995502080805990119 ) ) ;
#2298 = CARTESIAN_POINT ( 'NONE',  ( 4.750000000000000000, 0.8499999999999999778, 2.500000000000109690 ) ) ;
#2299 = DIRECTION ( 'NONE',  ( -1.000000000000000000, 0.000000000000000000, -2.006524557189317073E-15 ) ) ;
#2300 = ORIENTED_EDGE ( 'NONE', *, *, #714, .T. ) ;
#2301 = CARTESIAN_POINT ( 'NONE',  ( -5.787926542723922374, 7.547396895660314797, 0.2994623037494017481 ) ) ;
#2302 = CARTESIAN_POINT ( 'NONE',  ( -10.48499495349918931, -20.96998990699837861, -0.8595076352845815171 ) ) ;
#2303 = CARTESIAN_POINT ( 'NONE',  ( 7.484965221193146334, 7.358516813163680226, 0.2126919449381718952 ) ) ;
#2304 = CARTESIAN_POINT ( 'NONE',  ( 1.352047118297325934, 9.272556183137790953, -2.699999999999890044 ) ) ;
#2305 = DIRECTION ( 'NONE',  ( -0.06975647374412545509, 0.000000000000000000, -0.9975640502598241977 ) ) ;
#2306 = ORIENTED_EDGE ( 'NONE', *, *, #294, .F. ) ;
#2307 = CARTESIAN_POINT ( 'NONE',  ( -7.625972388506790267, 7.212911380246060489, 0.2087155742748779963 ) ) ;
#2308 = AXIS2_PLACEMENT_3D ( 'NONE', #2248, #286, #2043 ) ;
#2309 = CARTESIAN_POINT ( 'NONE',  ( -3.008823424322093293E-16, 0.8325449350717806229, 3.500000000000110134 ) ) ;
#2310 = EDGE_CURVE ( 'NONE', #1659, #1757, #51, .T. ) ;
#2311 = AXIS2_PLACEMENT_3D ( 'NONE', #2076, #1909, #309 ) ;
#2312 = VERTEX_POINT ( 'NONE', #20 ) ;
#2313 = CARTESIAN_POINT ( 'NONE',  ( 7.506080063487794440, 5.825200039783279493, 0.2787934967140621167 ) ) ;
#2314 = CARTESIAN_POINT ( 'NONE',  ( 8.745398401617743289, -17.49079680323548658, -2.699999999999887379 ) ) ;
#2315 = CARTESIAN_POINT ( 'NONE',  ( 10.48499495349919997, 0.000000000000000000, -0.8595076352845828493 ) ) ;
#2316 = CIRCLE ( 'NONE', #2002, 7.874817029858768969 ) ;
#2317 = ORIENTED_EDGE ( 'NONE', *, *, #133, .T. ) ;
#2318 = CARTESIAN_POINT ( 'NONE',  ( -1.172217539944826026, -9.423736231890400106, 3.499934966327842734 ) ) ;
#2319 = PRESENTATION_LAYER_ASSIGNMENT (  '', '', ( #1635 ) ) ;
#2320 = CARTESIAN_POINT ( 'NONE',  ( 0.000000000000000000, 0.000000000000000000, -0.0005242108632785679855 ) ) ;
#2321 = CARTESIAN_POINT ( 'NONE',  ( 7.340129966251239146, 7.503131950482484491, 0.2121498403244118369 ) ) ;
#2322 = CARTESIAN_POINT ( 'NONE',  ( -0.5727812114120109932, 9.370278738445920297, -2.699999999999890044 ) ) ;
#2323 = CARTESIAN_POINT ( 'NONE',  ( -7.535877287234479915, 5.692311084302059676, 3.500000000000494715 ) ) ;
#2324 = ORIENTED_EDGE ( 'NONE', *, *, #2793, .F. ) ;
#2325 = CARTESIAN_POINT ( 'NONE',  ( -8.645413632102114221, 17.29082726420422844, -2.601745240643602131 ) ) ;
#2326 = ORIENTED_EDGE ( 'NONE', *, *, #457, .T. ) ;
#2327 = FACE_OUTER_BOUND ( 'NONE', #1189, .T. ) ;
#2328 = CARTESIAN_POINT ( 'NONE',  ( 0.000000000000000000, -4.000000000000000000, 2.500000000000000444 ) ) ;
#2329 = CARTESIAN_POINT ( 'NONE',  ( 10.48600319984802987, -20.97200639969605973, -0.8017452406435795487 ) ) ;
#2330 = EDGE_CURVE ( 'NONE', #1987, #2633, #2715, .T. ) ;
#2331 =( BOUNDED_SURFACE ( )  B_SPLINE_SURFACE ( 3, 2, ( 
 ( #2465, #1633, #1406 ),
 ( #2073, #969, #2738 ),
 ( #1155, #481, #752 ),
 ( #259, #1142, #2033 ) ),
 .UNSPECIFIED., .F., .F., .T. ) 
 B_SPLINE_SURFACE_WITH_KNOTS ( ( 4, 4 ),
 ( 3, 3 ),
 ( 0.000000000000000000, 1.000000000000000000 ),
 ( 0.000000000000000000, 1.000000000000000000 ),
 .UNSPECIFIED. ) 
 GEOMETRIC_REPRESENTATION_ITEM ( )  RATIONAL_B_SPLINE_SURFACE ( (
 ( 1.000000000000000000, 0.7372773368101810387, 1.000000000000000000),
 ( 1.000000000000000000, 0.8704684696734930061, 1.000000000000000000),
 ( 1.000000000000000000, 0.8704769855187159955, 1.000000000000000000),
 ( 1.000000000000000000, 0.7372773368101950275, 1.000000000000000000) ) ) 
 REPRESENTATION_ITEM ( '' )  SURFACE ( )  );
#2332 = ORIENTED_EDGE ( 'NONE', *, *, #2793, .T. ) ;
#2333 = CARTESIAN_POINT ( 'NONE',  ( -0.2893065508070274960, -10.39310463849554012, 0.2988583354859175034 ) ) ;
#2334 = LINE ( 'NONE', #1876, #2410 ) ;
#2335 = APPLICATION_CONTEXT ( 'automotive_design' ) ;
#2336 = CARTESIAN_POINT ( 'NONE',  ( -7.144457134036490409, 7.553597980456140171, 0.2999999999908234960 ) ) ;
#2337 = CARTESIAN_POINT ( 'NONE',  ( 4.030419482061285308, 8.465231903669211633, -2.699999999999890044 ) ) ;
#2338 = CARTESIAN_POINT ( 'NONE',  ( -7.202624916839759805, 7.615095489261380024, 0.2077350077217919866 ) ) ;
#2339 = CARTESIAN_POINT ( 'NONE',  ( -9.137637248061150075, -2.076706799804880266, -2.699999999999890044 ) ) ;
#2340 = EDGE_LOOP ( 'NONE', ( #1149, #2177, #1058, #2850, #1561, #1899, #2087, #266, #2497, #285 ) ) ;
#2341 = CARTESIAN_POINT ( 'NONE',  ( 7.553602921074890730, 7.144461807037389534, 0.2992388903256424926 ) ) ;
#2342 = CARTESIAN_POINT ( 'NONE',  ( 0.07758147579682538042, -10.48118470985129846, 0.2116693480463908428 ) ) ;
#2343 = CARTESIAN_POINT ( 'NONE',  ( 7.283818156189790116, 7.559180521726560187, 0.2087330054234285137 ) ) ;
#2344 = EDGE_CURVE ( 'NONE', #1990, #664, #606, .T. ) ;
#2345 = EDGE_CURVE ( 'NONE', #88, #664, #1071, .T. ) ;
#2346 = ORIENTED_EDGE ( 'NONE', *, *, #895, .F. ) ;
#2347 = DIRECTION ( 'NONE',  ( 0.000000000000000000, -1.000000000000000000, 1.141265444721583542E-17 ) ) ;
#2348 = CARTESIAN_POINT ( 'NONE',  ( 6.527598204444630348, 6.527598204444729824, 0.2999999999815374796 ) ) ;
#2349 = B_SPLINE_CURVE_WITH_KNOTS ( 'NONE', 3,
 ( #2105, #110, #997, #1885 ),
 .UNSPECIFIED., .F., .F.,
 ( 4, 4 ),
 ( 0.000000000000000000, 1.000000000000000000 ),
 .UNSPECIFIED. ) ;
#2350 =( BOUNDED_SURFACE ( )  B_SPLINE_SURFACE ( 3, 3, ( 
 ( #219, #17, #672, #519, #2010, #1099, #1790 ),
 ( #1776, #1563, #2503, #2449, #246, #1130, #2022 ),
 ( #28, #913, #1801, #698, #1404, #350, #1918 ),
 ( #580, #1245, #141, #2796, #2314, #1228, #2568 ) ),
 .UNSPECIFIED., .F., .T., .T. ) 
 B_SPLINE_SURFACE_WITH_KNOTS ( ( 4, 4 ),
 ( 4, 3, 4 ),
 ( 0.000000000000000000, 1.000000000000000000 ),
 ( 0.000000000000000000, 0.5000000000000000000, 1.000000000000000000 ),
 .UNSPECIFIED. ) 
 GEOMETRIC_REPRESENTATION_ITEM ( )  RATIONAL_B_SPLINE_SURFACE ( (
 ( 1.000000000000000000, 0.3333333333333335369, 0.3333333333333335369, 1.000000000000000000, 0.3333333333333335369, 0.3333333333333335369, 1.000000000000000000),
 ( 0.8088336327694209960, 0.2696112109231404985, 0.2696112109231404985, 0.8088336327694209960, 0.2696112109231404985, 0.2696112109231404985, 0.8088336327694209960),
 ( 0.8088336327694209960, 0.2696112109231404985, 0.2696112109231404985, 0.8088336327694209960, 0.2696112109231404985, 0.2696112109231404985, 0.8088336327694209960),
 ( 1.000000000000000000, 0.3333333333333335369, 0.3333333333333335369, 1.000000000000000000, 0.3333333333333335369, 0.3333333333333335369, 1.000000000000000000) ) ) 
 REPRESENTATION_ITEM ( '' )  SURFACE ( )  );
#2351 = EDGE_CURVE ( 'NONE', #105, #2374, #1197, .T. ) ;
#2352 = CARTESIAN_POINT ( 'NONE',  ( 7.144457134035720358, 7.553597980455129424, 0.3000000000001119549 ) ) ;
#2353 = CARTESIAN_POINT ( 'NONE',  ( 9.318134067619700645, 1.141837477438679915, -2.699999999999890044 ) ) ;
#2354 = DIRECTION ( 'NONE',  ( -0.000000000000000000, -0.000000000000000000, 1.000000000000000000 ) ) ;
#2355 = CARTESIAN_POINT ( 'NONE',  ( -7.615091974054309709, -5.460813489522720054, -2.699999999999890044 ) ) ;
#2356 = LINE ( 'NONE', #918, #2455 ) ;
#2357 = CARTESIAN_POINT ( 'NONE',  ( -9.232820430912740406, 1.599294472068985007, -2.699999999999890044 ) ) ;
#2358 = ORIENTED_EDGE ( 'NONE', *, *, #1102, .T. ) ;
#2359 = DIRECTION ( 'NONE',  ( 0.000000000000000000, 0.000000000000000000, -1.000000000000000000 ) ) ;
#2360 = CIRCLE ( 'NONE', #1714, 1.169233360614960082 ) ;
#2361 = CARTESIAN_POINT ( 'NONE',  ( -7.572176810213382403, 7.162029640959363341, 0.3000000000001122324 ) ) ;
#2362 = VECTOR ( 'NONE', #979, 1000.000000000000227 ) ;
#2363 = ORIENTED_EDGE ( 'NONE', *, *, #1324, .F. ) ;
#2364 = CARTESIAN_POINT ( 'NONE',  ( -0.3301911529548610114, -10.38233543506512113, 0.2999999999997694511 ) ) ;
#2365 = CARTESIAN_POINT ( 'NONE',  ( 0.000000000000000000, -4.000000000000000000, 2.500000000000000444 ) ) ;
#2366 = AXIS2_PLACEMENT_3D ( 'NONE', #2143, #2157, #1492 ) ;
#2367 = AXIS2_PLACEMENT_3D ( 'NONE', #2749, #2735, #550 ) ;
#2368 = CARTESIAN_POINT ( 'NONE',  ( -7.625972388506800037, 7.212911380246069371, 0.2087155742748779963 ) ) ;
#2369 = EDGE_CURVE ( 'NONE', #88, #1348, #544, .T. ) ;
#2370 = CARTESIAN_POINT ( 'NONE',  ( 8.622275905789670958, 3.668701199077549990, -2.699999999999890044 ) ) ;
#2371 = CARTESIAN_POINT ( 'NONE',  ( -7.212911380246009863, 7.625972388506860433, 0.2087155742748779963 ) ) ;
#2372 = CARTESIAN_POINT ( 'NONE',  ( 6.527598204444630348, 6.527598204444729824, 0.2999999999815374796 ) ) ;
#2373 = ADVANCED_BREP_SHAPE_REPRESENTATION ( 'DGQ', ( #2719, #1115 ), #2005 ) ;
#2374 = VERTEX_POINT ( 'NONE', #803 ) ;
#2375 = CARTESIAN_POINT ( 'NONE',  ( 4.170751651946784655, -8.392532009983510122, -2.699999999999890044 ) ) ;
#2376 =( NAMED_UNIT ( * ) SI_UNIT ( $, .STERADIAN. ) SOLID_ANGLE_UNIT ( ) );
#2377 = EDGE_LOOP ( 'NONE', ( #1510, #2798, #2233, #693 ) ) ;
#2378 = CARTESIAN_POINT ( 'NONE',  ( 0.000000000000000000, 0.000000000000000000, -0.8999999999999479527 ) ) ;
#2379 = CARTESIAN_POINT ( 'NONE',  ( -8.745398401617759276, 17.49079680323551855, -2.699999999999887379 ) ) ;
#2380 = ORIENTED_EDGE ( 'NONE', *, *, #650, .T. ) ;
#2381 = PLANE ( 'NONE',  #138 ) ;
#2382 = CARTESIAN_POINT ( 'NONE',  ( 9.005491319979419984, 2.589555904067965209, -2.699999999999890044 ) ) ;
#2383 = CARTESIAN_POINT ( 'NONE',  ( -7.407955642128051466, 7.435805162381395661, 0.2136488199504685270 ) ) ;
#2384 = ADVANCED_FACE ( 'NONE', ( #1267 ), #370, .T. ) ;
#2385 = DIRECTION ( 'NONE',  ( -1.000000000000000000, 0.000000000000000000, 0.000000000000000000 ) ) ;
#2386 = DIRECTION ( 'NONE',  ( -1.000000000000000000, 0.000000000000000000, 0.000000000000000000 ) ) ;
#2387 = ORIENTED_EDGE ( 'NONE', *, *, #2506, .F. ) ;
#2388 = CARTESIAN_POINT ( 'NONE',  ( 8.465231903668549052, -4.030419482063479997, -2.699999999999890044 ) ) ;
#2389 = EDGE_LOOP ( 'NONE', ( #1232, #1314, #1739, #1696, #128 ) ) ;
#2390 = CARTESIAN_POINT ( 'NONE',  ( 0.000000000000000000, -9.231417910447838437, 3.499999999974080289 ) ) ;
#2391 = CARTESIAN_POINT ( 'NONE',  ( -7.574900546189510031, 7.107938724485220128, 0.3000000000000119793 ) ) ;
#2392 = EDGE_LOOP ( 'NONE', ( #1844, #1525, #634, #340 ) ) ;
#2393 = LINE ( 'NONE', #2210, #2867 ) ;
#2394 = CARTESIAN_POINT ( 'NONE',  ( -7.559180521726450053, 7.283818156189880710, 0.2087330054234285137 ) ) ;
#2395 = CARTESIAN_POINT ( 'NONE',  ( 9.370311156817638931, 1.147532156521146026E-15, -2.699999999999890044 ) ) ;
#2396 = FACE_OUTER_BOUND ( 'NONE', #1643, .T. ) ;
#2397 = CARTESIAN_POINT ( 'NONE',  ( 7.612436956945767719, 7.200109095715053087, 0.2546578162245198840 ) ) ;
#2398 = CARTESIAN_POINT ( 'NONE',  ( 0.000000000000000000, 0.000000000000000000, 0.3000000000001254441 ) ) ;
#2399 = ORIENTED_EDGE ( 'NONE', *, *, #929, .F. ) ;
#2400 = CARTESIAN_POINT ( 'NONE',  ( 3.449161963773170303, -8.712405690923809232, -2.699999999999890044 ) ) ;
#2401 = ADVANCED_FACE ( 'NONE', ( #1923 ), #1203, .T. ) ;
#2402 = VERTEX_POINT ( 'NONE', #1489 ) ;
#2403 = DIRECTION ( 'NONE',  ( 0.01745240641734170303, 2.137303365641624705E-18, -0.9998476951567393245 ) ) ;
#2404 = CARTESIAN_POINT ( 'NONE',  ( 0.2893087267205564639, -10.39310407843410111, 0.2988586520549049719 ) ) ;
#2405 = AXIS2_PLACEMENT_3D ( 'NONE', #641, #1775, #860 ) ;
#2406 = ORIENTED_EDGE ( 'NONE', *, *, #630, .T. ) ;
#2407 = CARTESIAN_POINT ( 'NONE',  ( -9.370311156817638931, 0.000000000000000000, -2.699999999999890044 ) ) ;
#2408 = CIRCLE ( 'NONE', #2499, 10.49998856494473998 ) ;
#2409 = FACE_OUTER_BOUND ( 'NONE', #2655, .T. ) ;
#2410 = VECTOR ( 'NONE', #100, 1000.000000000000000 ) ;
#2411 = CARTESIAN_POINT ( 'NONE',  ( -0.1947404267015420132, -10.49538487180080182, 0.2087155742748789677 ) ) ;
#2412 = DIRECTION ( 'NONE',  ( 0.000000000000000000, 0.000000000000000000, 1.000000000000000000 ) ) ;
#2413 = ORIENTED_EDGE ( 'NONE', *, *, #112, .T. ) ;
#2414 = CARTESIAN_POINT ( 'NONE',  ( 8.780578133179959721, -3.271963151607004683, -2.699999999999890044 ) ) ;
#2415 = CARTESIAN_POINT ( 'NONE',  ( 7.202643243314430066, 7.615116227299149720, 0.2074082381336629921 ) ) ;
#2416 = ORIENTED_EDGE ( 'NONE', *, *, #1410, .F. ) ;
#2417 = EDGE_CURVE ( 'NONE', #2760, #1212, #2156, .T. ) ;
#2418 = DIRECTION ( 'NONE',  ( -0.000000000000000000, -1.000000000000000000, -0.000000000000000000 ) ) ;
#2419 = DIRECTION ( 'NONE',  ( 0.000000000000000000, 0.000000000000000000, -1.000000000000000000 ) ) ;
#2420 = ORIENTED_EDGE ( 'NONE', *, *, #501, .F. ) ;
#2421 = DIRECTION ( 'NONE',  ( -0.01745240643728354635, 0.000000000000000000, 0.9998476951563911586 ) ) ;
#2422 = CARTESIAN_POINT ( 'NONE',  ( -9.428082350291154157, -18.85616470058230831, -2.699999999999887823 ) ) ;
#2423 = DIRECTION ( 'NONE',  ( -1.000000000000000000, 0.000000000000000000, 0.000000000000000000 ) ) ;
#2424 = DIRECTION ( 'NONE',  ( 0.000000000000000000, 0.000000000000000000, 1.000000000000000000 ) ) ;
#2425 = CARTESIAN_POINT ( 'NONE',  ( 10.38601843033240080, 1.271920422659199911E-15, -0.8999999999998880007 ) ) ;
#2426 = CARTESIAN_POINT ( 'NONE',  ( -3.559279573341125325, 8.668003561895950781, -2.699999999999890044 ) ) ;
#2427 = EDGE_LOOP ( 'NONE', ( #2464, #1179, #610, #2744 ) ) ;
#2428 = CARTESIAN_POINT ( 'NONE',  ( 8.092276693509671048, -4.724286949236430111, -2.699999999999890044 ) ) ;
#2429 = EDGE_LOOP ( 'NONE', ( #1833, #1135, #2490, #1611 ) ) ;
#2430 = CARTESIAN_POINT ( 'NONE',  ( 7.622346614112979424, 7.209481996023932027, 0.2083886947798554712 ) ) ;
#2431 = DIRECTION ( 'NONE',  ( 0.000000000000000000, 0.000000000000000000, -1.000000000000000000 ) ) ;
#2432 = EDGE_CURVE ( 'NONE', #198, #336, #2615, .T. ) ;
#2433 = VERTEX_POINT ( 'NONE', #1935 ) ;
#2434 = CARTESIAN_POINT ( 'NONE',  ( 0.000000000000000000, 0.000000000000000000, 2.500000000000000000 ) ) ;
#2435 = CARTESIAN_POINT ( 'NONE',  ( -9.370311156817638931, 0.000000000000000000, -2.699999999999890044 ) ) ;
#2436 = EDGE_CURVE ( 'NONE', #437, #1067, #2334, .T. ) ;
#2437 = CARTESIAN_POINT ( 'NONE',  ( -0.2920837839310220230, -10.49287449991691901, 0.2087330054234290133 ) ) ;
#2438 = FACE_OUTER_BOUND ( 'NONE', #1621, .T. ) ;
#2439 = CARTESIAN_POINT ( 'NONE',  ( 1.308452429114489890, -9.371863860782077893, 2.433333333334190218 ) ) ;
#2440 = CARTESIAN_POINT ( 'NONE',  ( -2.444213275430265231, 9.047280617756250365, -2.699999999999890044 ) ) ;
#2441 =( BOUNDED_SURFACE ( )  B_SPLINE_SURFACE ( 3, 3, ( 
 ( #1225, #2325, #1241, #746, #2067, #123, #1008 ),
 ( #994, #1642, #1898, #2518, #91, #2777, #980 ),
 ( #793, #1683, #360, #1191, #2546, #531, #2563 ),
 ( #577, #1882, #137, #2128, #1835, #2746, #1416 ) ),
 .UNSPECIFIED., .F., .T., .F. ) 
 B_SPLINE_SURFACE_WITH_KNOTS ( ( 4, 4 ),
 ( 4, 3, 4 ),
 ( 0.000000000000000000, 1.000000000000000000 ),
 ( 0.000000000000000000, 0.5000000000000000000, 1.000000000000000000 ),
 .UNSPECIFIED. ) 
 GEOMETRIC_REPRESENTATION_ITEM ( )  RATIONAL_B_SPLINE_SURFACE ( (
 ( 1.000000000000000000, 0.3333333333333335369, 0.3333333333333335369, 1.000000000000000000, 0.3333333333333335369, 0.3333333333333335369, 1.000000000000000000),
 ( 0.8088336327694209960, 0.2696112109231404985, 0.2696112109231404985, 0.8088336327694209960, 0.2696112109231404985, 0.2696112109231404985, 0.8088336327694209960),
 ( 0.8088336327694209960, 0.2696112109231404985, 0.2696112109231404985, 0.8088336327694209960, 0.2696112109231404985, 0.2696112109231404985, 0.8088336327694209960),
 ( 1.000000000000000000, 0.3333333333333335369, 0.3333333333333335369, 1.000000000000000000, 0.3333333333333335369, 0.3333333333333335369, 1.000000000000000000) ) ) 
 REPRESENTATION_ITEM ( '' )  SURFACE ( )  );
#2442 = EDGE_LOOP ( 'NONE', ( #1670, #59, #1387, #1361 ) ) ;
#2443 = CARTESIAN_POINT ( 'NONE',  ( -1.563984108610975143, -9.238938601263239292, -2.699999999999890044 ) ) ;
#2444 = ORIENTED_EDGE ( 'NONE', *, *, #1769, .F. ) ;
#2445 = CARTESIAN_POINT ( 'NONE',  ( -1.148091746718139960, -9.536694419148249224, 1.360864188918809781 ) ) ;
#2446 = CARTESIAN_POINT ( 'NONE',  ( 7.553597980455019290, 7.144457134035820722, 0.2000000000001120048 ) ) ;
#2447 = ORIENTED_EDGE ( 'NONE', *, *, #2160, .T. ) ;
#2448 = ORIENTED_EDGE ( 'NONE', *, *, #505, .F. ) ;
#2449 = CARTESIAN_POINT ( 'NONE',  ( 8.646421878450983201, 0.000000000000000000, -2.659507635284599658 ) ) ;
#2450 = AXIS2_PLACEMENT_3D ( 'NONE', #2046, #1605, #2286 ) ;
#2451 = CIRCLE ( 'NONE', #2822, 10.48600319986405971 ) ;
#2452 = DIRECTION ( 'NONE',  ( 0.000000000000000000, 0.000000000000000000, -1.000000000000000000 ) ) ;
#2453 = EDGE_CURVE ( 'NONE', #477, #2635, #1908, .T. ) ;
#2454 = CARTESIAN_POINT ( 'NONE',  ( 7.207423499864055394, 7.620170234278541344, 0.3000000000000769274 ) ) ;
#2455 = VECTOR ( 'NONE', #2013, 1000.000000000000000 ) ;
#2456 = CARTESIAN_POINT ( 'NONE',  ( -7.527323305965911260, 7.294081021283648880, 0.2095197654199547621 ) ) ;
#2457 = CARTESIAN_POINT ( 'NONE',  ( -7.842908376978419582, 5.127525657264230041, -2.699999999999890044 ) ) ;
#2458 = ORIENTED_EDGE ( 'NONE', *, *, #2020, .F. ) ;
#2459 = CARTESIAN_POINT ( 'NONE',  ( 2.002738640476179999, -9.154120455032140669, -2.699999999999890044 ) ) ;
#2460 =( BOUNDED_SURFACE ( )  B_SPLINE_SURFACE ( 3, 2, ( 
 ( #1526, #2665, #667 ),
 ( #623, #679, #1960 ),
 ( #1573, #202, #2445 ),
 ( #1084, #1755, #1543 ) ),
 .UNSPECIFIED., .F., .F., .F. ) 
 B_SPLINE_SURFACE_WITH_KNOTS ( ( 4, 4 ),
 ( 3, 3 ),
 ( 0.000000000000000000, 1.000000000000000000 ),
 ( 0.000000000000000000, 1.000000000000000000 ),
 .UNSPECIFIED. ) 
 GEOMETRIC_REPRESENTATION_ITEM ( )  RATIONAL_B_SPLINE_SURFACE ( (
 ( 1.000000000000000000, 0.8263855941815440032, 1.000000000000000000),
 ( 1.000000000000000000, 0.8298684715076640739, 1.000000000000000000),
 ( 1.000000000000000000, 0.8332478769413540487, 1.000000000000000000),
 ( 1.000000000000000000, 0.8365324205916631062, 1.000000000000000000) ) ) 
 REPRESENTATION_ITEM ( '' )  SURFACE ( )  );
#2461 = VERTEX_POINT ( 'NONE', #1015 ) ;
#2462 = CARTESIAN_POINT ( 'NONE',  ( -5.711063327674930079, 7.568378407878599390, 1.366666666667158081 ) ) ;
#2463 = DIRECTION ( 'NONE',  ( 0.000000000000000000, 8.492761000399039798E-14, -1.000000000000000000 ) ) ;
#2464 = ORIENTED_EDGE ( 'NONE', *, *, #2682, .T. ) ;
#2465 = CARTESIAN_POINT ( 'NONE',  ( -7.212911380246000093, 7.625972388506840005, 0.2087155742748779963 ) ) ;
#2466 = CARTESIAN_POINT ( 'NONE',  ( -0.2915577873899451444, -10.47397849816973370, 0.2621579049827137409 ) ) ;
#2467 = CARTESIAN_POINT ( 'NONE',  ( 7.492195994491619437, 7.354348697463410467, 0.2087158487305610099 ) ) ;
#2468 = CARTESIAN_POINT ( 'NONE',  ( -7.494016590317957416, 7.328191697158686679, 0.2107910749178137644 ) ) ;
#2469 = CARTESIAN_POINT ( 'NONE',  ( -3.813668721623145075, 8.559538328207331404, -2.699999999999890044 ) ) ;
#2470 = ADVANCED_FACE ( 'NONE', ( #1690 ), #7, .T. ) ;
#2471 = ADVANCED_FACE ( 'NONE', ( #2287 ), #1676, .F. ) ;
#2472 = VERTEX_POINT ( 'NONE', #355 ) ;
#2473 = CARTESIAN_POINT ( 'NONE',  ( -3.271963151610135068, -8.780578133179378852, -2.699999999999890044 ) ) ;
#2474 = EDGE_CURVE ( 'NONE', #504, #431, #1910, .T. ) ;
#2475 = ORIENTED_EDGE ( 'NONE', *, *, #1836, .F. ) ;
#2476 = CARTESIAN_POINT ( 'NONE',  ( 1.148108048279801841, -9.536436162736778854, 1.366666666645720118 ) ) ;
#2477 = FACE_OUTER_BOUND ( 'NONE', #10, .T. ) ;
#2478 = B_SPLINE_CURVE_WITH_KNOTS ( 'NONE', 3,
 ( #709, #1144, #1860, #292, #1815, #2740 ),
 .UNSPECIFIED., .F., .F.,
 ( 4, 2, 4 ),
 ( 0.000000000000000000, 0.5000000000000000000, 1.000000000000000000 ),
 .UNSPECIFIED. ) ;
#2479 = CARTESIAN_POINT ( 'NONE',  ( -7.506080062105334960, 5.825200039114080575, 0.2787935829051921277 ) ) ;
#2480 = CARTESIAN_POINT ( 'NONE',  ( 9.469287679984336847, 18.93857535996867369, -2.659507635284655169 ) ) ;
#2481 = CARTESIAN_POINT ( 'NONE',  ( -7.417529119339904220, 7.405350036562679428, 0.2124197480955579420 ) ) ;
#2482 = CARTESIAN_POINT ( 'NONE',  ( -6.397241554242380168, 6.854405838950659913, -2.699999999999890044 ) ) ;
#2483 = DIRECTION ( 'NONE',  ( -1.000000000000000000, 0.000000000000000000, 0.000000000000000000 ) ) ;
#2484 = ORIENTED_EDGE ( 'NONE', *, *, #2436, .T. ) ;
#2485 = CARTESIAN_POINT ( 'NONE',  ( -1.599263668149130124, -9.232826129454482000, -2.699999999999890044 ) ) ;
#2486 = VERTEX_POINT ( 'NONE', #130 ) ;
#2487 = CARTESIAN_POINT ( 'NONE',  ( 0.3301918706825155425, -10.38233521536719905, 0.2999999999999579670 ) ) ;
#2488 = DIRECTION ( 'NONE',  ( 0.000000000000000000, 0.000000000000000000, -1.000000000000000000 ) ) ;
#2489 = ADVANCED_FACE ( 'NONE', ( #2787 ), #2786, .T. ) ;
#2490 = ORIENTED_EDGE ( 'NONE', *, *, #2139, .F. ) ;
#2491 = CARTESIAN_POINT ( 'NONE',  ( 7.625972388506809807, 7.212911380246060489, 0.2087155742748779963 ) ) ;
#2492 = CARTESIAN_POINT ( 'NONE',  ( -4.250000000000000000, 0.6500000000000000222, 2.500000000000109690 ) ) ;
#2493 = CARTESIAN_POINT ( 'NONE',  ( 9.469287679984358164, 0.000000000000000000, -2.659507635284657834 ) ) ;
#2494 = CARTESIAN_POINT ( 'NONE',  ( 1.528687240201819897, 9.244847256473700980, -2.699999999999890044 ) ) ;
#2495 = CONICAL_SURFACE ( 'NONE', #1761, 1.197336916307099930, 0.008726646249982187090 ) ;
#2496 = CARTESIAN_POINT ( 'NONE',  ( -7.500289171328915039, 5.752919267325387942, 3.499941185284690004 ) ) ;
#2497 = ORIENTED_EDGE ( 'NONE', *, *, #751, .T. ) ;
#2498 = CARTESIAN_POINT ( 'NONE',  ( -1.634543227687285105, -9.226713657645719380, -2.699999999999890044 ) ) ;
#2499 = AXIS2_PLACEMENT_3D ( 'NONE', #837, #874, #1937 ) ;
#2500 = DIRECTION ( 'NONE',  ( 0.000000000000000000, 0.000000000000000000, -1.000000000000000000 ) ) ;
#2501 = AXIS2_PLACEMENT_3D ( 'NONE', #2790, #2126, #588 ) ;
#2502 = CARTESIAN_POINT ( 'NONE',  ( 7.162029640959275412, 7.572176810213519182, 0.3000000000001132872 ) ) ;
#2503 = CARTESIAN_POINT ( 'NONE',  ( 8.646421878450984977, 17.29284375690196995, -2.659507635284596549 ) ) ;
#2504 = CARTESIAN_POINT ( 'NONE',  ( -10.48600319984804230, 0.000000000000000000, -0.8017452406435799928 ) ) ;
#2505 = AXIS2_PLACEMENT_3D ( 'NONE', #1773, #2488, #2678 ) ;
#2506 = EDGE_CURVE ( 'NONE', #1864, #2533, #92, .T. ) ;
#2507 = ADVANCED_FACE ( 'NONE', ( #2739 ), #1143, .T. ) ;
#2508 = ORIENTED_EDGE ( 'NONE', *, *, #2310, .T. ) ;
#2509 = CARTESIAN_POINT ( 'NONE',  ( 7.516666539519940571, 5.717743608115465115, 3.500000000000174083 ) ) ;
#2510 = DIRECTION ( 'NONE',  ( 0.000000000000000000, 0.000000000000000000, 1.000000000000000000 ) ) ;
#2511 = CARTESIAN_POINT ( 'NONE',  ( -8.645413632050228614, 0.000000000000000000, -2.601745240644512069 ) ) ;
#2512 = CARTESIAN_POINT ( 'NONE',  ( -0.2893062669640419915, -10.39309444170990027, 0.3000000000001119549 ) ) ;
#2513 = CARTESIAN_POINT ( 'NONE',  ( 1.705050420146109857, 9.213877264232509745, -2.699999999999890044 ) ) ;
#2514 = CARTESIAN_POINT ( 'NONE',  ( 14.85452695463564510, -0.4512996172308578746, 0.2068408705788480073 ) ) ;
#2515 = ORIENTED_EDGE ( 'NONE', *, *, #387, .T. ) ;
#2516 = CARTESIAN_POINT ( 'NONE',  ( -8.320073900486869789, -4.310615293074034682, -2.699999999999890044 ) ) ;
#2517 = B_SPLINE_CURVE_WITH_KNOTS ( 'NONE', 3,
 ( #2029, #1388, #77, #965, #1403, #2018 ),
 .UNSPECIFIED., .F., .F.,
 ( 4, 2, 4 ),
 ( 0.000000000000000000, 0.5000000000000000000, 1.000000000000000000 ),
 .UNSPECIFIED. ) ;
#2518 = CARTESIAN_POINT ( 'NONE',  ( 8.646421878450983201, 0.000000000000000000, -2.659507635284599658 ) ) ;
#2519 = ORIENTED_EDGE ( 'NONE', *, *, #133, .F. ) ;
#2520 = CARTESIAN_POINT ( 'NONE',  ( 1.153291966402447910, -9.552522441139659648, 0.2999999999939244599 ) ) ;
#2521 = CARTESIAN_POINT ( 'NONE',  ( -9.469287679984358164, 0.000000000000000000, -2.659507635284657834 ) ) ;
#2522 = CARTESIAN_POINT ( 'NONE',  ( 7.500289171335383642, 5.752919267304356765, 3.499941185284756173 ) ) ;
#2523 = CARTESIAN_POINT ( 'NONE',  ( 10.38601843033239902, 20.77203686066479804, -0.8999999999998868905 ) ) ;
#2524 = CARTESIAN_POINT ( 'NONE',  ( 5.924143747864880183, 7.540017991697729904, 2.433333333309900315 ) ) ;
#2525 = CARTESIAN_POINT ( 'NONE',  ( 0.2918560148170041280, -10.48469207809139903, 0.3000000000001518119 ) ) ;
#2526 = EDGE_CURVE ( 'NONE', #2472, #1547, #1206, .T. ) ;
#2527 = CARTESIAN_POINT ( 'NONE',  ( 7.469403894286007706, 7.353382284018542769, 0.2117201716285688762 ) ) ;
#2528 = CARTESIAN_POINT ( 'NONE',  ( 2.878741273663104838, 8.918517108779800751, -2.699999999999890044 ) ) ;
#2529 = CARTESIAN_POINT ( 'NONE',  ( 0.2916633314227469742, -10.47777008246788100, 0.2068408705788480073 ) ) ;
#2530 = VERTEX_POINT ( 'NONE', #1484 ) ;
#2531 = CARTESIAN_POINT ( 'NONE',  ( -7.374402750075110369, -5.783528749771700284, -2.699999999999890044 ) ) ;
#2532 = CARTESIAN_POINT ( 'NONE',  ( 1.148091770035809756, -9.536694490166212290, 1.360859429123480124 ) ) ;
#2533 = VERTEX_POINT ( 'NONE', #2871 ) ;
#2534 = LINE ( 'NONE', #337, #1390 ) ;
#2535 = DIRECTION ( 'NONE',  ( -1.000000000000000000, 0.000000000000000000, 0.000000000000000000 ) ) ;
#2536 = DIRECTION ( 'NONE',  ( 0.000000000000000000, 0.000000000000000000, 1.000000000000000000 ) ) ;
#2537 = ORIENTED_EDGE ( 'NONE', *, *, #2474, .F. ) ;
#2538 = FACE_OUTER_BOUND ( 'NONE', #2427, .T. ) ;
#2539 = CARTESIAN_POINT ( 'NONE',  ( 10.48499495349919997, 0.000000000000000000, -0.8595076352845828493 ) ) ;
#2540 = CARTESIAN_POINT ( 'NONE',  ( 7.435805162380008326, 7.407955642129429030, 0.2136488199505756913 ) ) ;
#2541 = CARTESIAN_POINT ( 'NONE',  ( -9.370311156817638931, 0.2864782257420475098, -2.699999999999890044 ) ) ;
#2542 = CARTESIAN_POINT ( 'NONE',  ( 5.668686714770279522, 7.489152776562350233, -2.699999999999890044 ) ) ;
#2543 = EDGE_CURVE ( 'NONE', #828, #139, #2045, .T. ) ;
#2544 = VERTEX_POINT ( 'NONE', #188 ) ;
#2545 = CARTESIAN_POINT ( 'NONE',  ( 8.745398401617759276, -17.49079680323551855, -2.699999999999887379 ) ) ;
#2546 = CARTESIAN_POINT ( 'NONE',  ( 8.687627208144180102, -17.37525441628836020, -2.699999999999891376 ) ) ;
#2547 = CONICAL_SURFACE ( 'NONE', #425, 9.500000000000000000, 0.01745329249999845109 ) ;
#2548 = ORIENTED_EDGE ( 'NONE', *, *, #666, .T. ) ;
#2549 = CARTESIAN_POINT ( 'NONE',  ( 9.370311156817638931, 1.147532156521146026E-15, -2.699999999999890044 ) ) ;
#2550 = CARTESIAN_POINT ( 'NONE',  ( -5.880405534843887949, 7.502336344474307417, 3.499999999996034727 ) ) ;
#2551 = DIRECTION ( 'NONE',  ( -2.006524557189315101E-15, 0.000000000000000000, 1.000000000000000000 ) ) ;
#2552 = VECTOR ( 'NONE', #1048, 1000.000000000000000 ) ;
#2553 = ORIENTED_EDGE ( 'NONE', *, *, #1749, .T. ) ;
#2554 = DIRECTION ( 'NONE',  ( 0.000000000000000000, 0.000000000000000000, -1.000000000000000000 ) ) ;
#2555 = CARTESIAN_POINT ( 'NONE',  ( 10.44378962380598885, 0.000000000000000000, -0.8999999999998885558 ) ) ;
#2556 = B_SPLINE_CURVE_WITH_KNOTS ( 'NONE', 3,
 ( #341, #1014, #366, #782, #2136, #1218 ),
 .UNSPECIFIED., .F., .F.,
 ( 4, 2, 4 ),
 ( 0.000000000000000000, 0.5000000000000000000, 1.000000000000000000 ),
 .UNSPECIFIED. ) ;
#2557 =( BOUNDED_CURVE ( )  B_SPLINE_CURVE ( 3, ( #2708, #2263, #6, #1804 ),
 .UNSPECIFIED., .F., .T. ) 
 B_SPLINE_CURVE_WITH_KNOTS ( ( 4, 4 ),
 ( 0.000000000000000000, 1.000000000000000000 ),
 .UNSPECIFIED. ) 
 CURVE ( )  GEOMETRIC_REPRESENTATION_ITEM ( )  RATIONAL_B_SPLINE_CURVE ( ( 1.000000000000000000, 0.8203796376017650216, 0.8203796376017650216, 1.000000000000000000 ) ) 
 REPRESENTATION_ITEM ( '' )  );
#2558 = CARTESIAN_POINT ( 'NONE',  ( 0.1048468382423559941, -10.43903264210129933, 0.3000000000001110112 ) ) ;
#2559 = CARTESIAN_POINT ( 'NONE',  ( -9.318166525955930979, 0.9980674786617751426, -2.699999999999890044 ) ) ;
#2560 = CARTESIAN_POINT ( 'NONE',  ( 4.450010405434049687, 8.247857575182859335, -2.699999999999890044 ) ) ;
#2561 = DIRECTION ( 'NONE',  ( 0.000000000000000000, 0.000000000000000000, -1.000000000000000000 ) ) ;
#2562 = CARTESIAN_POINT ( 'NONE',  ( -8.824217514743208923, -3.166776514571784773, -2.699999999999890044 ) ) ;
#2563 = CARTESIAN_POINT ( 'NONE',  ( -8.687627208144180102, 0.000000000000000000, -2.699999999999892708 ) ) ;
#2564 = EDGE_CURVE ( 'NONE', #1432, #2716, #915, .T. ) ;
#2565 = ADVANCED_FACE ( 'NONE', ( #172 ), #47, .F. ) ;
#2566 = ORIENTED_EDGE ( 'NONE', *, *, #2344, .T. ) ;
#2567 = CARTESIAN_POINT ( 'NONE',  ( 7.552228389465089897, 5.701385116059699776, 2.439193471148219938 ) ) ;
#2568 = CARTESIAN_POINT ( 'NONE',  ( -8.745398401617759276, 0.000000000000000000, -2.699999999999890044 ) ) ;
#2569 = CARTESIAN_POINT ( 'NONE',  ( -7.553606533957990088, 7.144462208917340185, 0.2988586520549745273 ) ) ;
#2570 = ORIENTED_EDGE ( 'NONE', *, *, #2617, .T. ) ;
#2571 = CARTESIAN_POINT ( 'NONE',  ( 5.710874666630809671, 7.568685827052009429, 1.359114254995010151 ) ) ;
#2572 = CARTESIAN_POINT ( 'NONE',  ( -10.38601843033240080, 0.000000000000000000, -0.8999999999998880007 ) ) ;
#2573 = FACE_BOUND ( 'NONE', #1700, .T. ) ;
#2574 = CARTESIAN_POINT ( 'NONE',  ( 8.461455380599028686, 4.029032053945999614, -2.699999999999890044 ) ) ;
#2575 = DIRECTION ( 'NONE',  ( 0.000000000000000000, 0.000000000000000000, -1.000000000000000000 ) ) ;
#2576 = CARTESIAN_POINT ( 'NONE',  ( 1.000000000000000000, -4.000000000000000000, 2.500000000000000444 ) ) ;
#2577 = FACE_OUTER_BOUND ( 'NONE', #2377, .T. ) ;
#2578 = EDGE_LOOP ( 'NONE', ( #1867, #1919, #893, #1093 ) ) ;
#2579 = CARTESIAN_POINT ( 'NONE',  ( 7.144457134036589885, 7.553597980456050465, 0.3000000000001119549 ) ) ;
#2580 = CARTESIAN_POINT ( 'NONE',  ( 0.2916616338403024700, -10.47770909818700069, 0.2077348422701485176 ) ) ;
#2581 = APPLICATION_CONTEXT ( 'automotive_design' ) ;
#2582 = ORIENTED_EDGE ( 'NONE', *, *, #2648, .T. ) ;
#2583 = ADVANCED_FACE ( 'NONE', ( #1977 ), #831, .T. ) ;
#2584 = DIRECTION ( 'NONE',  ( -1.000000000000000000, 0.000000000000000000, 0.000000000000000000 ) ) ;
#2585 = DIRECTION ( 'NONE',  ( 0.000000000000000000, 0.000000000000000000, -1.000000000000000000 ) ) ;
#2586 = B_SPLINE_CURVE_WITH_KNOTS ( 'NONE', 3,
 ( #1208, #1175, #2496, #726, #87, #1620 ),
 .UNSPECIFIED., .F., .F.,
 ( 4, 2, 4 ),
 ( 0.000000000000000000, 0.5000000000000000000, 1.000000000000000000 ),
 .UNSPECIFIED. ) ;
#2587 = DIRECTION ( 'NONE',  ( 0.000000000000000000, -1.000000000000000000, 0.000000000000000000 ) ) ;
#2588 = CARTESIAN_POINT ( 'NONE',  ( 9.085540761997430437, 2.297833170787765056, -2.699999999999890044 ) ) ;
#2589 = DIRECTION ( 'NONE',  ( -0.01745240641734170303, 2.137303365641624705E-18, 0.9998476951567393245 ) ) ;
#2590 = DIRECTION ( 'NONE',  ( 0.000000000000000000, -5.200777477993510727E-15, 1.000000000000000000 ) ) ;
#2591 = CARTESIAN_POINT ( 'NONE',  ( 0.000000000000000000, 0.000000000000000000, -0.0005242108632199439814 ) ) ;
#2592 = EDGE_LOOP ( 'NONE', ( #2819, #173, #191, #1931, #2689, #637 ) ) ;
#2593 = CARTESIAN_POINT ( 'NONE',  ( 0.000000000000000000, -9.231417910447838437, 0.2999999999815374796 ) ) ;
#2594 = CONICAL_SURFACE ( 'NONE', #602, 10.49998856494473998, 0.01745329249999845109 ) ;
#2595 = CARTESIAN_POINT ( 'NONE',  ( -0.03435805291744612605, -10.48135180128982569, 0.2124956283678293978 ) ) ;
#2596 = AXIS2_PLACEMENT_3D ( 'NONE', #1454, #2359, #2149 ) ;
#2597 = ORIENTED_EDGE ( 'NONE', *, *, #540, .T. ) ;
#2598 = CARTESIAN_POINT ( 'NONE',  ( -1.235577108381799682, -9.371433559440832894, 3.499941185284755729 ) ) ;
#2599 = CIRCLE ( 'NONE', #189, 0.1825449350717819330 ) ;
#2600 = ADVANCED_FACE ( 'NONE', ( #1265, #612, #1500 ), #1057, .F. ) ;
#2601 = EDGE_CURVE ( 'NONE', #886, #2472, #2841, .T. ) ;
#2602 = ORIENTED_EDGE ( 'NONE', *, *, #186, .T. ) ;
#2603 = CARTESIAN_POINT ( 'NONE',  ( -7.353097373854489582, 7.490886679664670034, 0.2139433478354450247 ) ) ;
#2604 = CARTESIAN_POINT ( 'NONE',  ( 8.175157681495139883, 4.590342575322639895, -2.699999999999890044 ) ) ;
#2605 = CARTESIAN_POINT ( 'NONE',  ( 0.000000000000000000, 0.000000000000000000, -0.8999999999998880007 ) ) ;
#2606 = DIRECTION ( 'NONE',  ( 0.000000000000000000, 0.000000000000000000, -1.000000000000000000 ) ) ;
#2607 = CARTESIAN_POINT ( 'NONE',  ( -10.44378962380598708, 0.000000000000000000, -0.8999999999998885558 ) ) ;
#2608 = CARTESIAN_POINT ( 'NONE',  ( 3.813668721618699742, -8.559538328209820079, -2.699999999999890044 ) ) ;
#2609 = APPLICATION_PROTOCOL_DEFINITION ( 'draft international standard', 'automotive_design', 1998, #2335 ) ;
#2610 = VERTEX_POINT ( 'NONE', #2825 ) ;
#2611 = DIRECTION ( 'NONE',  ( 0.01745240641734170303, 0.000000000000000000, 0.9998476951567393245 ) ) ;
#2612 = EDGE_LOOP ( 'NONE', ( #1570, #1985, #2003, #2668 ) ) ;
#2613 = ORIENTED_EDGE ( 'NONE', *, *, #2526, .F. ) ;
#2614 = CARTESIAN_POINT ( 'NONE',  ( -7.342629215199980131, 7.480222358731789534, 0.2126360116942299927 ) ) ;
#2615 = B_SPLINE_CURVE_WITH_KNOTS ( 'NONE', 3,
 ( #616, #146, #1439, #767 ),
 .UNSPECIFIED., .F., .F.,
 ( 4, 4 ),
 ( 1.278289074791218081E-16, 6.341765589248670495E-05 ),
 .UNSPECIFIED. ) ;
#2616 = CARTESIAN_POINT ( 'NONE',  ( 9.185101720111338963, 1.854218741564990003, -2.699999999999890044 ) ) ;
#2617 = EDGE_CURVE ( 'NONE', #2433, #564, #2135, .T. ) ;
#2618 = CARTESIAN_POINT ( 'NONE',  ( -7.540017991697640198, 5.924143747864980547, 2.433333333309900315 ) ) ;
#2619 = CARTESIAN_POINT ( 'NONE',  ( -4.450000000000000178, 0.6500000000000000222, 2.500000000000109690 ) ) ;
#2620 = ORIENTED_EDGE ( 'NONE', *, *, #503, .F. ) ;
#2621 = CARTESIAN_POINT ( 'NONE',  ( 5.525885170172119665, -7.567597770312390004, -2.699999999999890044 ) ) ;
#2622 = VERTEX_POINT ( 'NONE', #217 ) ;
#2623 = CARTESIAN_POINT ( 'NONE',  ( -0.2916616336545975186, -10.47770909151834040, 0.2077349368215179737 ) ) ;
#2624 = CARTESIAN_POINT ( 'NONE',  ( -7.564487535362590442, 7.126352535873960115, 0.2995502080806995426 ) ) ;
#2625 = ORIENTED_EDGE ( 'NONE', *, *, #2564, .T. ) ;
#2626 = DIRECTION ( 'NONE',  ( -0.08715574264831887907, 0.000000000000000000, -0.9961946981004367041 ) ) ;
#2627 = CARTESIAN_POINT ( 'NONE',  ( 0.000000000000000000, 0.000000000000000000, 0.2080613598355964822 ) ) ;
#2628 = CARTESIAN_POINT ( 'NONE',  ( 2.904815746606627336, 11.68019567348860832, 0.2068408716308841044 ) ) ;
#2629 =( BOUNDED_CURVE ( )  B_SPLINE_CURVE ( 3, ( #2511, #493, #2075, #2707 ),
 .UNSPECIFIED., .F., .F. ) 
 B_SPLINE_CURVE_WITH_KNOTS ( ( 4, 4 ),
 ( 0.000000000000000000, 1.000000000000000000 ),
 .UNSPECIFIED. ) 
 CURVE ( )  GEOMETRIC_REPRESENTATION_ITEM ( )  RATIONAL_B_SPLINE_CURVE ( ( 1.000000000000000000, 0.8088336327694209960, 0.8088336327694209960, 1.000000000000000000 ) ) 
 REPRESENTATION_ITEM ( '' )  );
#2630 = DIRECTION ( 'NONE',  ( -6.983700903612029784E-14, 0.000000000000000000, 1.000000000000000000 ) ) ;
#2631 = CARTESIAN_POINT ( 'NONE',  ( 0.000000000000000000, 0.000000000000000000, 0.3000000000000779821 ) ) ;
#2632 = EDGE_CURVE ( 'NONE', #1849, #2312, #755, .T. ) ;
#2633 = VERTEX_POINT ( 'NONE', #1046 ) ;
#2634 = CARTESIAN_POINT ( 'NONE',  ( 5.460813489521950004, -7.615091974055339996, -2.699999999999890044 ) ) ;
#2635 = VERTEX_POINT ( 'NONE', #1756 ) ;
#2636 = CARTESIAN_POINT ( 'NONE',  ( 9.428082350291164815, 0.000000000000000000, -2.699999999999887379 ) ) ;
#2637 = CARTESIAN_POINT ( 'NONE',  ( -7.584818112008749225, 7.089271193329330423, 0.2999999999970189846 ) ) ;
#2638 = CONICAL_SURFACE ( 'NONE', #968, 1.197336916307127685, 0.008726646249982187090 ) ;
#2639 = EDGE_LOOP ( 'NONE', ( #1176, #2116, #2515, #652 ) ) ;
#2640 = CARTESIAN_POINT ( 'NONE',  ( -1.303598163660292020, -9.353741700326459352, 3.500000000000494715 ) ) ;
#2641 = CIRCLE ( 'NONE', #2269, 0.1825449350717819330 ) ;
#2642 = DIRECTION ( 'NONE',  ( -1.000000000000000000, 0.000000000000000000, 0.000000000000000000 ) ) ;
#2643 = VECTOR ( 'NONE', #1606, 1000.000000000000000 ) ;
#2644 = PLANE ( 'NONE',  #695 ) ;
#2645 = AXIS2_PLACEMENT_3D ( 'NONE', #2044, #2431, #1787 ) ;
#2646 = ORIENTED_EDGE ( 'NONE', *, *, #595, .F. ) ;
#2647 = CARTESIAN_POINT ( 'NONE',  ( 9.238938601263239292, -1.563984108610975143, -2.699999999999890044 ) ) ;
#2648 = EDGE_CURVE ( 'NONE', #329, #504, #1587, .T. ) ;
#2649 = EDGE_CURVE ( 'NONE', #1757, #1708, #1277, .T. ) ;
#2650 = B_SPLINE_CURVE_WITH_KNOTS ( 'NONE', 3,
 ( #2637, #2391, #2624, #1544 ),
 .UNSPECIFIED., .F., .F.,
 ( 4, 4 ),
 ( 0.000000000000000000, 6.341540413109810848E-05 ),
 .UNSPECIFIED. ) ;
#2651 = ORIENTED_EDGE ( 'NONE', *, *, #334, .T. ) ;
#2652 = CARTESIAN_POINT ( 'NONE',  ( 4.250000000000000000, -0.1499999999999999944, 2.500000000000109690 ) ) ;
#2653 = CARTESIAN_POINT ( 'NONE',  ( 10.44378962380598708, -20.88757924761197415, -0.8999999999998880007 ) ) ;
#2654 = EDGE_CURVE ( 'NONE', #2720, #258, #2650, .T. ) ;
#2655 = EDGE_LOOP ( 'NONE', ( #1575, #992, #213, #1009, #1685, #2293, #2570, #1495, #443, #2765 ) ) ;
#2656 = CARTESIAN_POINT ( 'NONE',  ( -10.49998856494473998, 0.000000000000000000, -0.0005242108632785679855 ) ) ;
#2657 = CARTESIAN_POINT ( 'NONE',  ( 9.428082350291154157, 18.85616470058230831, -2.699999999999887823 ) ) ;
#2658 = CARTESIAN_POINT ( 'NONE',  ( 0.09716241678445709795, -10.48114053513909916, 0.2126218378591950009 ) ) ;
#2659 = CARTESIAN_POINT ( 'NONE',  ( -4.250000000000000000, -0.1499999999999999944, 2.500000000000109690 ) ) ;
#2660 = CARTESIAN_POINT ( 'NONE',  ( 7.356458395577644360, 7.466175170831636621, 0.2116693480462960575 ) ) ;
#2661 = CARTESIAN_POINT ( 'NONE',  ( -8.767253507894709585, 3.307490014919599819, -2.699999999999890044 ) ) ;
#2662 = ORIENTED_EDGE ( 'NONE', *, *, #1732, .F. ) ;
#2663 = CARTESIAN_POINT ( 'NONE',  ( 8.052492751201398846, -4.792401856982450248, -2.699999999999890044 ) ) ;
#2664 = ORIENTED_EDGE ( 'NONE', *, *, #1745, .F. ) ;
#2665 = CARTESIAN_POINT ( 'NONE',  ( -1.168529089126640219, -9.372231597958611715, 3.518924094416880699 ) ) ;
#2666 = CARTESIAN_POINT ( 'NONE',  ( -5.701385116058800051, 7.552228389465769354, 2.439193471148219938 ) ) ;
#2667 = EDGE_CURVE ( 'NONE', #1417, #413, #1753, .T. ) ;
#2668 = ORIENTED_EDGE ( 'NONE', *, *, #1173, .T. ) ;
#2669 = DIRECTION ( 'NONE',  ( -1.000000000000000000, 0.000000000000000000, 0.000000000000000000 ) ) ;
#2670 = CARTESIAN_POINT ( 'NONE',  ( 9.470295926333273329, 18.94059185266654666, -2.601745240643716706 ) ) ;
#2671 = CARTESIAN_POINT ( 'NONE',  ( 2.892533730667341096, 11.63080997678706296, 0.2999999999990888289 ) ) ;
#2672 = CARTESIAN_POINT ( 'NONE',  ( 1.313320088012014164, -9.389983301581558806, 1.366666666667158081 ) ) ;
#2673 = CARTESIAN_POINT ( 'NONE',  ( -7.970258700915110239, 4.927268987861149974, -2.699999999999890044 ) ) ;
#2674 = ORIENTED_EDGE ( 'NONE', *, *, #1269, .T. ) ;
#2675 = CARTESIAN_POINT ( 'NONE',  ( -6.854405838951379337, -6.397241554241150041, -2.699999999999890044 ) ) ;
#2676 = ORIENTED_EDGE ( 'NONE', *, *, #291, .T. ) ;
#2677 = CARTESIAN_POINT ( 'NONE',  ( -5.720422350328750127, 7.584640277157019383, 0.3000000000025414559 ) ) ;
#2678 = DIRECTION ( 'NONE',  ( -1.000000000000000000, 0.000000000000000000, 0.000000000000000000 ) ) ;
#2679 = CARTESIAN_POINT ( 'NONE',  ( -9.469287679984336847, -18.93857535996867369, -2.659507635284655169 ) ) ;
#2680 = AXIS2_PLACEMENT_3D ( 'NONE', #2434, #1529, #1309 ) ;
#2681 = ADVANCED_FACE ( 'NONE', ( #2165 ), #180, .T. ) ;
#2682 = EDGE_CURVE ( 'NONE', #1081, #1711, #1303, .T. ) ;
#2683 = CONICAL_SURFACE ( 'NONE', #736, 1.197336916307099930, 0.008726646249982187090 ) ;
#2684 = FACE_OUTER_BOUND ( 'NONE', #1137, .T. ) ;
#2685 = CARTESIAN_POINT ( 'NONE',  ( 7.620170234278434762, 7.207423499864145988, 0.3000000000000811462 ) ) ;
#2686 = CIRCLE ( 'NONE', #1588, 8.645413632050228614 ) ;
#2687 = CARTESIAN_POINT ( 'NONE',  ( -7.557389179101968502, 7.263087838318066147, 0.2084672050731151416 ) ) ;
#2688 = CARTESIAN_POINT ( 'NONE',  ( -5.460813489523959952, 7.615091974053600055, -2.699999999999890044 ) ) ;
#2689 = ORIENTED_EDGE ( 'NONE', *, *, #1962, .F. ) ;
#2690 = CARTESIAN_POINT ( 'NONE',  ( -1.493373062917192184, -9.250552095085060600, -2.699999999999890044 ) ) ;
#2691 = ORIENTED_EDGE ( 'NONE', *, *, #209, .T. ) ;
#2692 = DIRECTION ( 'NONE',  ( 0.000000000000000000, 0.000000000000000000, -1.000000000000000000 ) ) ;
#2693 =( NAMED_UNIT ( * ) SI_UNIT ( $, .STERADIAN. ) SOLID_ANGLE_UNIT ( ) );
#2694 = CARTESIAN_POINT ( 'NONE',  ( 5.907336341498245602, 7.552198583881419403, 0.2997342713655471447 ) ) ;
#2695 = CARTESIAN_POINT ( 'NONE',  ( 1.184268984678820136, -9.481924515848369595, 0.2995141100368461928 ) ) ;
#2696 = FACE_OUTER_BOUND ( 'NONE', #1013, .T. ) ;
#2697 = CARTESIAN_POINT ( 'NONE',  ( -7.597191702284429304, 7.221578599390673148, 0.2074826381849308732 ) ) ;
#2698 = CARTESIAN_POINT ( 'NONE',  ( -5.127525657264230041, 7.842908376978409812, -2.699999999999890044 ) ) ;
#2699 = DIRECTION ( 'NONE',  ( -0.01745240641734170303, 0.000000000000000000, -0.9998476951567393245 ) ) ;
#2700 = ADVANCED_FACE ( 'NONE', ( #910 ), #1258, .F. ) ;
#2701 = ORIENTED_EDGE ( 'NONE', *, *, #1074, .T. ) ;
#2702 = CARTESIAN_POINT ( 'NONE',  ( -4.724286949239510314, -8.092276693507070462, -2.699999999999890044 ) ) ;
#2703 = EDGE_LOOP ( 'NONE', ( #2324, #1726, #2842, #607 ) ) ;
#2704 = DIRECTION ( 'NONE',  ( 1.000000000000000000, -3.614007241618349757E-16, -0.000000000000000000 ) ) ;
#2705 = CARTESIAN_POINT ( 'NONE',  ( -10.44378962380598708, 20.88757924761197415, -0.8999999999998880007 ) ) ;
#2706 = CARTESIAN_POINT ( 'NONE',  ( -7.570423240965928890, 5.939288883491069981, 0.2807892657074290144 ) ) ;
#2707 = CARTESIAN_POINT ( 'NONE',  ( -8.745398401617759276, 0.000000000000000000, -2.699999999999890044 ) ) ;
#2708 = CARTESIAN_POINT ( 'NONE',  ( -7.089271193340580979, 7.584818112002169599, 0.2999999999970189846 ) ) ;
#2709 = CARTESIAN_POINT ( 'NONE',  ( -5.783528749773560129, 7.374402750074030344, -2.699999999999890044 ) ) ;
#2710 = CARTESIAN_POINT ( 'NONE',  ( -5.717743608115436693, 7.516666539519968104, 3.500000000000173639 ) ) ;
#2711 = VERTEX_POINT ( 'NONE', #1574 ) ;
#2712 = CARTESIAN_POINT ( 'NONE',  ( 1.816975292897345051, -9.192461035213669973, -2.699999999999890044 ) ) ;
#2713 = CARTESIAN_POINT ( 'NONE',  ( 4.767455064928217467, 0.000000000000000000, 3.500000000000110134 ) ) ;
#2714 = ADVANCED_FACE ( 'NONE', ( #2477 ), #2019, .T. ) ;
#2715 = B_SPLINE_CURVE_WITH_KNOTS ( 'NONE', 3,
 ( #660, #2439, #2672, #1340 ),
 .UNSPECIFIED., .F., .F.,
 ( 4, 4 ),
 ( 0.000000000000000000, 1.000000000000000000 ),
 .UNSPECIFIED. ) ;
#2716 = VERTEX_POINT ( 'NONE', #467 ) ;
#2717 = CARTESIAN_POINT ( 'NONE',  ( 7.212195760177957382, 7.625215787102646914, 0.2206190711438351937 ) ) ;
#2718 = CARTESIAN_POINT ( 'NONE',  ( -10.48499495349919997, 0.000000000000000000, -0.8595076352845828493 ) ) ;
#2719 = MANIFOLD_SOLID_BREP ( 'NONE', #1063 ) ;
#2720 = VERTEX_POINT ( 'NONE', #1128 ) ;
#2721 = CARTESIAN_POINT ( 'NONE',  ( -0.2904301331739872483, -10.43346842942128916, 0.2999999999991043720 ) ) ;
#2722 = AXIS2_PLACEMENT_3D ( 'NONE', #730, #2692, #2283 ) ;
#2723 = B_SPLINE_CURVE_WITH_KNOTS ( 'NONE', 3,
 ( #132, #739, #1172, #1877 ),
 .UNSPECIFIED., .F., .F.,
 ( 4, 4 ),
 ( 0.000000000000000000, 1.000000000000000000 ),
 .UNSPECIFIED. ) ;
#2724 = CARTESIAN_POINT ( 'NONE',  ( 7.274160321932620299, 7.567720432566189537, 0.2096788343992547488 ) ) ;
#2725 = CARTESIAN_POINT ( 'NONE',  ( 0.8558485135955359313, 9.331226997450150051, -2.699999999999890044 ) ) ;
#2726 = CIRCLE ( 'NONE', #2778, 9.444143792293520079 ) ;
#2727 = CARTESIAN_POINT ( 'NONE',  ( 4.750000000000000000, 0.000000000000000000, 2.500000000000109690 ) ) ;
#2728 = ORIENTED_EDGE ( 'NONE', *, *, #813, .F. ) ;
#2729 = CARTESIAN_POINT ( 'NONE',  ( 0.5727812114067089011, -9.370278738446859990, -2.699999999999890044 ) ) ;
#2730 = AXIS2_PLACEMENT_3D ( 'NONE', #260, #2035, #1450 ) ;
#2731 = FACE_OUTER_BOUND ( 'NONE', #846, .T. ) ;
#2732 = ORIENTED_EDGE ( 'NONE', *, *, #241, .T. ) ;
#2733 = CARTESIAN_POINT ( 'NONE',  ( -0.04137682390696795220, -10.49609326595025216, 0.2134347276108990998 ) ) ;
#2734 = CARTESIAN_POINT ( 'NONE',  ( -9.370311156817638931, 0.000000000000000000, -2.699999999999890044 ) ) ;
#2735 = DIRECTION ( 'NONE',  ( -0.000000000000000000, -0.000000000000000000, 1.000000000000000000 ) ) ;
#2736 =( BOUNDED_SURFACE ( )  B_SPLINE_SURFACE ( 3, 3, ( 
 ( #26, #1604, #1363, #1141, #1389, #2272, #2259 ),
 ( #1153, #2705, #1559, #720, #2653, #1615, #287 ),
 ( #1168, #1333, #1646, #2315, #364, #339, #2718 ),
 ( #2504, #1246, #764, #1215, #2329, #351, #1852 ) ),
 .UNSPECIFIED., .F., .T., .T. ) 
 B_SPLINE_SURFACE_WITH_KNOTS ( ( 4, 4 ),
 ( 4, 3, 4 ),
 ( 0.000000000000000000, 1.000000000000000000 ),
 ( 0.000000000000000000, 0.5000000000000000000, 1.000000000000000000 ),
 .UNSPECIFIED. ) 
 GEOMETRIC_REPRESENTATION_ITEM ( )  RATIONAL_B_SPLINE_SURFACE ( (
 ( 1.000000000000000000, 0.3333333333333335369, 0.3333333333333335369, 1.000000000000000000, 0.3333333333333335369, 0.3333333333333335369, 1.000000000000000000),
 ( 0.8088336327693690375, 0.2696112109231230125, 0.2696112109231230125, 0.8088336327693690375, 0.2696112109231230125, 0.2696112109231230125, 0.8088336327693690375),
 ( 0.8088336327693690375, 0.2696112109231230125, 0.2696112109231230125, 0.8088336327693690375, 0.2696112109231230125, 0.2696112109231230125, 0.8088336327693690375),
 ( 1.000000000000000000, 0.3333333333333335369, 0.3333333333333335369, 1.000000000000000000, 0.3333333333333335369, 0.3333333333333335369, 1.000000000000000000) ) ) 
 REPRESENTATION_ITEM ( '' )  SURFACE ( )  );
#2737 = ADVANCED_FACE ( 'NONE', ( #1375 ), #2736, .T. ) ;
#2738 = CARTESIAN_POINT ( 'NONE',  ( -7.307350793468519790, 7.455661946699300380, 0.3000000000001119549 ) ) ;
#2739 = FACE_OUTER_BOUND ( 'NONE', #399, .T. ) ;
#2740 = CARTESIAN_POINT ( 'NONE',  ( 7.570153965697360654, 5.939152825435619398, 0.2999999999939244599 ) ) ;
#2741 = CARTESIAN_POINT ( 'NONE',  ( -0.1048718221755819968, -10.43902641931619968, 0.3000000000001119549 ) ) ;
#2742 = CARTESIAN_POINT ( 'NONE',  ( 6.625810560813719441, 6.625810560813719441, -2.699999999999890044 ) ) ;
#2743 = DIRECTION ( 'NONE',  ( 0.000000000000000000, 0.000000000000000000, -1.000000000000000000 ) ) ;
#2744 = ORIENTED_EDGE ( 'NONE', *, *, #876, .T. ) ;
#2745 = CARTESIAN_POINT ( 'NONE',  ( -4.450000000000000178, 0.8499999999999997558, 2.500000000000109690 ) ) ;
#2746 = CARTESIAN_POINT ( 'NONE',  ( -8.745398401617743289, -17.49079680323548658, -2.699999999999887379 ) ) ;
#2747 = ORIENTED_EDGE ( 'NONE', *, *, #1627, .F. ) ;
#2748 = DIRECTION ( 'NONE',  ( 0.000000000000000000, -0.01745240641734169262, 0.9998476951567393245 ) ) ;
#2749 = CARTESIAN_POINT ( 'NONE',  ( 4.450000000000000178, 0.6500000000000000222, 2.500000000000109690 ) ) ;
#2750 = EDGE_LOOP ( 'NONE', ( #721, #2054, #2602, #2129 ) ) ;
#2751 = CARTESIAN_POINT ( 'NONE',  ( -4.750000000000000000, 4.400000000000000355, 2.500000000000109690 ) ) ;
#2752 = CARTESIAN_POINT ( 'NONE',  ( 10.38601843033239902, -20.77203686066479804, -0.8999999999998868905 ) ) ;
#2753 = EDGE_CURVE ( 'NONE', #1322, #859, #1722, .T. ) ;
#2754 = CARTESIAN_POINT ( 'NONE',  ( -7.622346612701235813, 7.209481994688669459, 0.2083886635074688465 ) ) ;
#2755 = CARTESIAN_POINT ( 'NONE',  ( -1.705050420146114964, 9.213877264232509745, -2.699999999999890044 ) ) ;
#2756 = DIRECTION ( 'NONE',  ( -0.9998476951563912696, 0.000000000000000000, 0.01745240643728354982 ) ) ;
#2757 = ORIENTED_EDGE ( 'NONE', *, *, #25, .F. ) ;
#2758 = CARTESIAN_POINT ( 'NONE',  ( -8.637739379005408225, -3.632343321136739966, -2.699999999999890044 ) ) ;
#2759 = CARTESIAN_POINT ( 'NONE',  ( 1.142515703824199980, -9.520662951070439917, 2.440929039463050287 ) ) ;
#2760 = VERTEX_POINT ( 'NONE', #2106 ) ;
#2761 = CARTESIAN_POINT ( 'NONE',  ( 7.089271193329180321, 7.584818112008899327, 0.2999999999970189846 ) ) ;
#2762 = B_SPLINE_CURVE_WITH_KNOTS ( 'NONE', 3,
 ( #957, #571, #68, #2336 ),
 .UNSPECIFIED., .F., .F.,
 ( 4, 4 ),
 ( 0.000000000000000000, 1.000000000000000000 ),
 .UNSPECIFIED. ) ;
#2763 = CARTESIAN_POINT ( 'NONE',  ( -7.553597980455909244, 7.144457134036680479, 0.3000000000001119549 ) ) ;
#2764 = LINE ( 'NONE', #535, #190 ) ;
#2765 = ORIENTED_EDGE ( 'NONE', *, *, #2256, .T. ) ;
#2766 = CARTESIAN_POINT ( 'NONE',  ( -1.318201137669755996, -9.408100008006901049, 0.3000000000025409563 ) ) ;
#2767 = CARTESIAN_POINT ( 'NONE',  ( -10.48600319984804230, 0.000000000000000000, -0.8017452406435799928 ) ) ;
#2768 = EDGE_CURVE ( 'NONE', #1522, #1855, #1770, .T. ) ;
#2769 = PLANE ( 'NONE',  #2311 ) ;
#2770 = EDGE_CURVE ( 'NONE', #964, #2635, #2099, .T. ) ;
#2771 = CARTESIAN_POINT ( 'NONE',  ( 2.298366197705505432, 9.089215593223888945, -2.699999999999890044 ) ) ;
#2772 = CARTESIAN_POINT ( 'NONE',  ( -7.601333907235790832, 7.238960830733124574, 0.2087155742748779963 ) ) ;
#2773 = EDGE_LOOP ( 'NONE', ( #2823, #2296, #2219, #1784 ) ) ;
#2774 = EDGE_CURVE ( 'NONE', #1259, #408, #1116, .T. ) ;
#2775 = CARTESIAN_POINT ( 'NONE',  ( -8.698429212946379607, -3.484460144923345215, -2.699999999999890044 ) ) ;
#2776 = CIRCLE ( 'NONE', #1485, 1.197159337512915700 ) ;
#2777 = CARTESIAN_POINT ( 'NONE',  ( -8.646421878450984977, -17.29284375690196995, -2.659507635284596549 ) ) ;
#2778 = AXIS2_PLACEMENT_3D ( 'NONE', #1496, #2780, #1467 ) ;
#2779 = VERTEX_POINT ( 'NONE', #967 ) ;
#2780 = DIRECTION ( 'NONE',  ( 0.000000000000000000, 0.000000000000000000, -1.000000000000000000 ) ) ;
#2781 = CARTESIAN_POINT ( 'NONE',  ( -7.589703346244304427, 7.178606851674714129, 0.2897988048882708667 ) ) ;
#2782 = CARTESIAN_POINT ( 'NONE',  ( 0.000000000000000000, 0.000000000000000000, -2.699999999999890044 ) ) ;
#2783 = CONICAL_SURFACE ( 'NONE', #2730, 0.1999999999999996503, 0.01745329251994333364 ) ;
#2784 = ORIENTED_EDGE ( 'NONE', *, *, #2020, .T. ) ;
#2785 = DIRECTION ( 'NONE',  ( -1.000000000000000000, 0.000000000000000000, 0.000000000000000000 ) ) ;
#2786 = CONICAL_SURFACE ( 'NONE', #743, 9.500000000000000000, 0.01745329249999845109 ) ;
#2787 = FACE_OUTER_BOUND ( 'NONE', #1223, .T. ) ;
#2788 = CARTESIAN_POINT ( 'NONE',  ( 7.566152707361487373, 7.275761349151040669, 0.2097389026963004943 ) ) ;
#2789 = CARTESIAN_POINT ( 'NONE',  ( 9.370278738446859990, 0.5727812114067080129, -2.699999999999890044 ) ) ;
#2790 = CARTESIAN_POINT ( 'NONE',  ( 0.000000000000000000, 0.000000000000000000, 0.2080613598355939842 ) ) ;
#2791 = CARTESIAN_POINT ( 'NONE',  ( -9.318166525955930979, -1.141662131998698149, -2.699999999999890044 ) ) ;
#2792 = CARTESIAN_POINT ( 'NONE',  ( 7.553597980456120631, 7.144457134036560575, 0.2999999999908234960 ) ) ;
#2793 = EDGE_CURVE ( 'NONE', #316, #1069, #1996, .T. ) ;
#2794 = ORIENTED_EDGE ( 'NONE', *, *, #39, .T. ) ;
#2795 = CARTESIAN_POINT ( 'NONE',  ( 7.553600450767669727, 7.144459470534690659, 0.2996194451535885150 ) ) ;
#2796 = CARTESIAN_POINT ( 'NONE',  ( 8.745398401617759276, 0.000000000000000000, -2.699999999999890044 ) ) ;
#2797 = CARTESIAN_POINT ( 'NONE',  ( 7.273172774099659676, 7.548132688870409446, 0.2073908069851159996 ) ) ;
#2798 = ORIENTED_EDGE ( 'NONE', *, *, #1089, .T. ) ;
#2799 = CARTESIAN_POINT ( 'NONE',  ( -7.212911380246009863, 7.625972388506860433, 0.2087155742748779963 ) ) ;
#2800 = DIRECTION ( 'NONE',  ( 0.000000000000000000, -1.000000000000000000, 0.000000000000000000 ) ) ;
#2801 = CARTESIAN_POINT ( 'NONE',  ( -1.313320088012009945, -9.389983301581558806, 1.366666666667158081 ) ) ;
#2802 = CARTESIAN_POINT ( 'NONE',  ( 0.000000000000000000, 0.000000000000000000, 0.3000000000001254441 ) ) ;
#2803 = CARTESIAN_POINT ( 'NONE',  ( -7.584640277156729837, 5.720422350329129380, 0.3000000000025404567 ) ) ;
#2804 = CARTESIAN_POINT ( 'NONE',  ( 7.144457134036589885, 7.553597980456050465, 0.3000000000001119549 ) ) ;
#2805 = CARTESIAN_POINT ( 'NONE',  ( 1.303598163659859921, -9.353741700326519748, 3.500000000000494715 ) ) ;
#2806 = CARTESIAN_POINT ( 'NONE',  ( -9.213877264232509745, 1.705050420146114964, -2.699999999999890044 ) ) ;
#2807 = ORIENTED_EDGE ( 'NONE', *, *, #391, .T. ) ;
#2808 = CARTESIAN_POINT ( 'NONE',  ( 9.357299312880300590, -0.5716734435672050640, -2.699999999999890044 ) ) ;
#2809 = DIRECTION ( 'NONE',  ( -1.000000000000000000, 0.000000000000000000, 0.000000000000000000 ) ) ;
#2810 = EDGE_CURVE ( 'NONE', #426, #2716, #145, .T. ) ;
#2811 = EDGE_LOOP ( 'NONE', ( #498, #1939, #952, #1 ) ) ;
#2812 = FACE_OUTER_BOUND ( 'NONE', #2340, .T. ) ;
#2813 = CARTESIAN_POINT ( 'NONE',  ( 0.2893062669635385054, -10.39309444171193952, 0.3000000000001119549 ) ) ;
#2814 = CARTESIAN_POINT ( 'NONE',  ( 7.212911380245950355, 7.625972388506900401, 0.2087155742748779963 ) ) ;
#2815 = CARTESIAN_POINT ( 'NONE',  ( 0.000000000000000000, -0.1499999999999999944, 2.500000000000109690 ) ) ;
#2816 = CARTESIAN_POINT ( 'NONE',  ( -7.358516813161367409, 7.484965221195436058, 0.2126919449379999494 ) ) ;
#2817 = FACE_OUTER_BOUND ( 'NONE', #978, .T. ) ;
#2818 = CARTESIAN_POINT ( 'NONE',  ( 1.136769427905765850, -9.505026973361919929, 3.499999999991440180 ) ) ;
#2819 = ORIENTED_EDGE ( 'NONE', *, *, #1913, .F. ) ;
#2820 = CARTESIAN_POINT ( 'NONE',  ( 3.668701199076199959, -8.622275905790550254, -2.699999999999890044 ) ) ;
#2821 = CIRCLE ( 'NONE', #2450, 9.500000000000000000 ) ;
#2822 = AXIS2_PLACEMENT_3D ( 'NONE', #2158, #2590, #1747 ) ;
#2823 = ORIENTED_EDGE ( 'NONE', *, *, #963, .T. ) ;
#2824 = CARTESIAN_POINT ( 'NONE',  ( 0.000000000000000000, 0.000000000000000000, -2.601745240643719814 ) ) ;
#2825 = CARTESIAN_POINT ( 'NONE',  ( -7.615095061090100259, 7.202623223573899836, 0.2077348419726504913 ) ) ;
#2826 = CIRCLE ( 'NONE', #1394, 9.500000000000000000 ) ;
#2827 = EDGE_CURVE ( 'NONE', #1659, #452, #1353, .T. ) ;
#2828 = VECTOR ( 'NONE', #2611, 1000.000000000000114 ) ;
#2829 = ORIENTED_EDGE ( 'NONE', *, *, #1545, .F. ) ;
#2830 = ORIENTED_EDGE ( 'NONE', *, *, #1391, .T. ) ;
#2831 = DIRECTION ( 'NONE',  ( 0.000000000000000000, 0.000000000000000000, -1.000000000000000000 ) ) ;
#2832 = CARTESIAN_POINT ( 'NONE',  ( 8.392532009981488628, 4.170751651949875516, -2.699999999999890044 ) ) ;
#2833 = DIRECTION ( 'NONE',  ( 0.000000000000000000, 0.000000000000000000, -1.000000000000000000 ) ) ;
#2834 =( BOUNDED_CURVE ( )  B_SPLINE_CURVE ( 3, ( #1224, #2545, #1449, #1007 ),
 .UNSPECIFIED., .F., .T. ) 
 B_SPLINE_CURVE_WITH_KNOTS ( ( 4, 4 ),
 ( 0.5000000000000000000, 1.000000000000000000 ),
 .UNSPECIFIED. ) 
 CURVE ( )  GEOMETRIC_REPRESENTATION_ITEM ( )  RATIONAL_B_SPLINE_CURVE ( ( 1.000000000000000000, 0.3333333333333335369, 0.3333333333333335369, 1.000000000000000000 ) ) 
 REPRESENTATION_ITEM ( '' )  );
#2835 = CARTESIAN_POINT ( 'NONE',  ( 9.370311156817630049, 18.74062231363526010, -2.699999999999887379 ) ) ;
#2836 = DIRECTION ( 'NONE',  ( 0.01745240643728354982, -0.000000000000000000, 0.9998476951563911586 ) ) ;
#2837 = ORIENTED_EDGE ( 'NONE', *, *, #1816, .F. ) ;
#2838 = CARTESIAN_POINT ( 'NONE',  ( 3.595869445890070182, -8.652981931041269448, -2.699999999999890044 ) ) ;
#2839 = CARTESIAN_POINT ( 'NONE',  ( 7.548299181340979658, 7.273286693745589560, 0.2074082381335259906 ) ) ;
#2840 = VERTEX_POINT ( 'NONE', #1012 ) ;
#2841 = LINE ( 'NONE', #2154, #1680 ) ;
#2842 = ORIENTED_EDGE ( 'NONE', *, *, #2770, .F. ) ;
#2843 = FACE_OUTER_BOUND ( 'NONE', #1601, .T. ) ;
#2844 = DIRECTION ( 'NONE',  ( 0.000000000000000000, 0.000000000000000000, 1.000000000000000000 ) ) ;
#2845 = EDGE_CURVE ( 'NONE', #1711, #2622, #2764, .T. ) ;
#2846 = CARTESIAN_POINT ( 'NONE',  ( -0.09743360194902700444, -10.49648102299665986, 0.2139607789839754748 ) ) ;
#2847 = CARTESIAN_POINT ( 'NONE',  ( 0.2916620798729930852, -10.47772512155182234, 0.2540633364216129952 ) ) ;
#2848 = DIRECTION ( 'NONE',  ( -1.000000000000000000, 0.000000000000000000, 0.000000000000000000 ) ) ;
#2849 =( BOUNDED_SURFACE ( )  B_SPLINE_SURFACE ( 3, 3, ( 
 ( #1953, #1297, #2835, #851, #1079, #238, #702 ),
 ( #1618, #1338, #2228, #473, #1145, #1607, #56 ),
 ( #723, #510, #2480, #2493, #1367, #483, #1778 ),
 ( #890, #278, #1817, #1396, #2241, #1827, #2276 ) ),
 .UNSPECIFIED., .F., .T., .F. ) 
 B_SPLINE_SURFACE_WITH_KNOTS ( ( 4, 4 ),
 ( 4, 3, 4 ),
 ( 0.000000000000000000, 1.000000000000000000 ),
 ( 0.000000000000000000, 0.5000000000000000000, 1.000000000000000000 ),
 .UNSPECIFIED. ) 
 GEOMETRIC_REPRESENTATION_ITEM ( )  RATIONAL_B_SPLINE_SURFACE ( (
 ( 1.000000000000000000, 0.3333333333333335369, 0.3333333333333335369, 1.000000000000000000, 0.3333333333333335369, 0.3333333333333335369, 1.000000000000000000),
 ( 0.8088336327696910022, 0.2696112109232304821, 0.2696112109232304821, 0.8088336327696910022, 0.2696112109232304821, 0.2696112109232304821, 0.8088336327696910022),
 ( 0.8088336327696910022, 0.2696112109232304821, 0.2696112109232304821, 0.8088336327696910022, 0.2696112109232304821, 0.2696112109232304821, 0.8088336327696910022),
 ( 1.000000000000000000, 0.3333333333333335369, 0.3333333333333335369, 1.000000000000000000, 0.3333333333333335369, 0.3333333333333335369, 1.000000000000000000) ) ) 
 REPRESENTATION_ITEM ( '' )  SURFACE ( )  );
#2850 = ORIENTED_EDGE ( 'NONE', *, *, #1873, .T. ) ;
#2851 = CARTESIAN_POINT ( 'NONE',  ( 7.082948573960399230, -6.168620004536339962, -2.699999999999890044 ) ) ;
#2852 = CARTESIAN_POINT ( 'NONE',  ( 7.559060090304909885, 7.283655537721339890, 0.2087155742748789677 ) ) ;
#2853 = ORIENTED_EDGE ( 'NONE', *, *, #732, .T. ) ;
#2854 = CARTESIAN_POINT ( 'NONE',  ( 5.720422350329049443, 7.584640277156800003, 0.3000000000025404567 ) ) ;
#2855 = CARTESIAN_POINT ( 'NONE',  ( 0.000000000000000000, 0.000000000000000000, 3.500000000000110134 ) ) ;
#2856 = FACE_OUTER_BOUND ( 'NONE', #809, .T. ) ;
#2857 = B_SPLINE_CURVE_WITH_KNOTS ( 'NONE', 3,
 ( #2323, #1064, #1924, #2803 ),
 .UNSPECIFIED., .F., .F.,
 ( 4, 4 ),
 ( 0.000000000000000000, 1.000000000000000000 ),
 .UNSPECIFIED. ) ;
#2858 = DIRECTION ( 'NONE',  ( 0.000000000000000000, 0.000000000000000000, -1.000000000000000000 ) ) ;
#2859 = DIRECTION ( 'NONE',  ( 0.000000000000000000, -0.01745240643728354635, 0.9998476951563911586 ) ) ;
#2860 = ADVANCED_FACE ( 'NONE', ( #779, #1673 ), #567, .T. ) ;
#2861 = EDGE_CURVE ( 'NONE', #258, #2610, #2168, .T. ) ;
#2862 = CARTESIAN_POINT ( 'NONE',  ( 7.144461804991349752, 7.553602918911259678, 0.2992392236175555054 ) ) ;
#2863 = CARTESIAN_POINT ( 'NONE',  ( -7.516499039645217373, 7.305183226551097420, 0.2099260629659105981 ) ) ;
#2864 = ADVANCED_FACE ( 'NONE', ( #1469 ), #671, .F. ) ;
#2865 = ORIENTED_EDGE ( 'NONE', *, *, #1521, .F. ) ;
#2866 = CARTESIAN_POINT ( 'NONE',  ( 9.220783295334999963, -1.667719324403144965, -2.699999999999890044 ) ) ;
#2867 = VECTOR ( 'NONE', #1292, 1000.000000000000000 ) ;
#2868 = ORIENTED_EDGE ( 'NONE', *, *, #911, .T. ) ;
#2869 = B_SPLINE_CURVE_WITH_KNOTS ( 'NONE', 3,
 ( #756, #2754, #556, #102 ),
 .UNSPECIFIED., .F., .F.,
 ( 4, 4 ),
 ( 0.000000000000000000, 1.000000000000000000 ),
 .UNSPECIFIED. ) ;
#2870 = LINE ( 'NONE', #2207, #733 ) ;
#2871 = CARTESIAN_POINT ( 'NONE',  ( 5.939152825435479954, 7.570153965697439702, 0.2999999999939240158 ) ) ;
ENDSEC;
END-ISO-10303-21;
