  0
SECTION
  2
HEADER
  9
$ACADVER
  1
AC1021
  9
$ACADMAINTVER
 70
    50
  9
$DWGCODEPAGE
  3
ANSI_936
  9
$LASTSAVEDBY
  1
gaoyi
  9
$INSBASE
 10
0.0
 20
0.0
 30
0.0
  9
$EXTMIN
 10
172.9898083081816
 20
159.8296517564795
 30
-0.0015258207003583
  9
$EXTMAX
 10
224.8681648132254
 20
200.2538457937234
 30
0.0000000349246037
  9
$LIMMIN
 10
0.0
 20
0.0
  9
$LIMMAX
 10
420.0
 20
297.0
  9
$ORTHOMODE
 70
     0
  9
$REGENMODE
 70
     1
  9
$FILLMODE
 70
     1
  9
$QTEXTMODE
 70
     0
  9
$MIRRTEXT
 70
     0
  9
$LTSCALE
 40
1.0
  9
$ATTMODE
 70
     1
  9
$TEXTSIZE
 40
0.2
  9
$TRACEWID
 40
1.0
  9
$TEXTSTYLE
  7
Standard
  9
$CLAYER
  8
0
  9
$CELTYPE
  6
ByLayer
  9
$CECOLOR
 62
   256
  9
$CELTSCALE
 40
1.0
  9
$DISPSILH
 70
     0
  9
$DIMSCALE
 40
1.0
  9
$DIMASZ
 40
0.6
  9
$DIMEXO
 40
0.1
  9
$DIMDLI
 40
0.1
  9
$DIMRND
 40
0.0
  9
$DIMDLE
 40
0.0
  9
$DIMEXE
 40
0.1
  9
$DIMTP
 40
0.0
  9
$DIMTM
 40
0.0
  9
$DIMTXT
 40
0.7
  9
$DIMCEN
 40
0.1
  9
$DIMTSZ
 40
0.0
  9
$DIMTOL
 70
     0
  9
$DIMLIM
 70
     0
  9
$DIMTIH
 70
     0
  9
$DIMTOH
 70
     0
  9
$DIMSE1
 70
     0
  9
$DIMSE2
 70
     0
  9
$DIMTAD
 70
     0
  9
$DIMZIN
 70
     8
  9
$DIMBLK
  1

  9
$DIMASO
 70
     1
  9
$DIMSHO
 70
     1
  9
$DIMPOST
  1

  9
$DIMAPOST
  1

  9
$DIMALT
 70
     0
  9
$DIMALTD
 70
     3
  9
$DIMALTF
 40
0.03937007874016
  9
$DIMLFAC
 40
1.0
  9
$DIMTOFL
 70
     1
  9
$DIMTVP
 40
0.0
  9
$DIMTIX
 70
     0
  9
$DIMSOXD
 70
     0
  9
$DIMSAH
 70
     0
  9
$DIMBLK1
  1

  9
$DIMBLK2
  1

  9
$DIMSTYLE
  2
ISO-25
  9
$DIMCLRD
 70
     0
  9
$DIMCLRE
 70
     0
  9
$DIMCLRT
 70
     0
  9
$DIMTFAC
 40
1.0
  9
$DIMGAP
 40
0.03
  9
$DIMJUST
 70
     0
  9
$DIMSD1
 70
     0
  9
$DIMSD2
 70
     0
  9
$DIMTOLJ
 70
     1
  9
$DIMTZIN
 70
     8
  9
$DIMALTZ
 70
     0
  9
$DIMALTTZ
 70
     0
  9
$DIMUPT
 70
     0
  9
$DIMDEC
 70
     3
  9
$DIMTDEC
 70
     3
  9
$DIMALTU
 70
     2
  9
$DIMALTTD
 70
     3
  9
$DIMTXSTY
  7
Standard
  9
$DIMAUNIT
 70
     0
  9
$DIMADEC
 70
     1
  9
$DIMALTRND
 40
0.0
  9
$DIMAZIN
 70
     0
  9
$DIMDSEP
 70
    46
  9
$DIMATFIT
 70
     3
  9
$DIMFRAC
 70
     0
  9
$DIMLDRBLK
  1

  9
$DIMLUNIT
 70
     2
  9
$DIMLWD
 70
    -2
  9
$DIMLWE
 70
    -2
  9
$DIMTMOVE
 70
     0
  9
$DIMFXL
 40
1.0
  9
$DIMFXLON
 70
     0
  9
$DIMJOGANG
 40
0.7853981633974483
  9
$DIMTFILL
 70
     0
  9
$DIMTFILLCLR
 70
     0
  9
$DIMARCSYM
 70
     0
  9
$DIMLTYPE
  6

  9
$DIMLTEX1
  6

  9
$DIMLTEX2
  6

  9
$LUNITS
 70
     2
  9
$LUPREC
 70
     4
  9
$SKETCHINC
 40
1.0
  9
$FILLETRAD
 40
0.1
  9
$AUNITS
 70
     0
  9
$AUPREC
 70
     0
  9
$MENU
  1
.
  9
$ELEVATION
 40
0.0
  9
$PELEVATION
 40
0.0
  9
$THICKNESS
 40
0.0
  9
$LIMCHECK
 70
     0
  9
$CHAMFERA
 40
0.3
  9
$CHAMFERB
 40
0.3
  9
$CHAMFERC
 40
0.0
  9
$CHAMFERD
 40
0.0
  9
$SKPOLY
 70
     0
  9
$TDCREATE
 40
2456662.742384259
  9
$TDUCREATE
 40
2456662.409056562
  9
$TDUPDATE
 40
2461252.621365741
  9
$TDUUPDATE
 40
2461252.288032408
  9
$TDINDWG
 40
1.3209696528
  9
$TDUSRTIMER
 40
1.3209611806
  9
$USRTIMER
 70
     1
  9
$ANGBASE
 50
0.0
  9
$ANGDIR
 70
     0
  9
$PDMODE
 70
     0
  9
$PDSIZE
 40
0.0
  9
$PLINEWID
 40
0.0
  9
$SPLFRAME
 70
     0
  9
$SPLINETYPE
 70
     6
  9
$SPLINESEGS
 70
     8
  9
$HANDSEED
  5
EB78
  9
$SURFTAB1
 70
     6
  9
$SURFTAB2
 70
     6
  9
$SURFTYPE
 70
     6
  9
$SURFU
 70
     6
  9
$SURFV
 70
     6
  9
$UCSBASE
  2

  9
$UCSNAME
  2

  9
$UCSORG
 10
169.699361898906
 20
264.0863679864974
 30
0.0
  9
$UCSXDIR
 10
1.0
 20
0.0
 30
0.0
  9
$UCSYDIR
 10
0.0
 20
1.0
 30
0.0
  9
$UCSORTHOREF
  2

  9
$UCSORTHOVIEW
 70
     0
  9
$UCSORGTOP
 10
0.0
 20
0.0
 30
0.0
  9
$UCSORGBOTTOM
 10
0.0
 20
0.0
 30
0.0
  9
$UCSORGLEFT
 10
0.0
 20
0.0
 30
0.0
  9
$UCSORGRIGHT
 10
0.0
 20
0.0
 30
0.0
  9
$UCSORGFRONT
 10
0.0
 20
0.0
 30
0.0
  9
$UCSORGBACK
 10
0.0
 20
0.0
 30
0.0
  9
$PUCSBASE
  2

  9
$PUCSNAME
  2

  9
$PUCSORG
 10
0.0
 20
0.0
 30
0.0
  9
$PUCSXDIR
 10
1.0
 20
0.0
 30
0.0
  9
$PUCSYDIR
 10
0.0
 20
1.0
 30
0.0
  9
$PUCSORTHOREF
  2

  9
$PUCSORTHOVIEW
 70
     0
  9
$PUCSORGTOP
 10
0.0
 20
0.0
 30
0.0
  9
$PUCSORGBOTTOM
 10
0.0
 20
0.0
 30
0.0
  9
$PUCSORGLEFT
 10
0.0
 20
0.0
 30
0.0
  9
$PUCSORGRIGHT
 10
0.0
 20
0.0
 30
0.0
  9
$PUCSORGFRONT
 10
0.0
 20
0.0
 30
0.0
  9
$PUCSORGBACK
 10
0.0
 20
0.0
 30
0.0
  9
$USERI1
 70
     0
  9
$USERI2
 70
     0
  9
$USERI3
 70
     0
  9
$USERI4
 70
     0
  9
$USERI5
 70
     0
  9
$USERR1
 40
0.0
  9
$USERR2
 40
0.0
  9
$USERR3
 40
0.0
  9
$USERR4
 40
0.0
  9
$USERR5
 40
0.0
  9
$WORLDVIEW
 70
     1
  9
$SHADEDGE
 70
     3
  9
$SHADEDIF
 70
    70
  9
$TILEMODE
 70
     1
  9
$MAXACTVP
 70
    64
  9
$PINSBASE
 10
0.0
 20
0.0
 30
0.0
  9
$PLIMCHECK
 70
     0
  9
$PEXTMIN
 10
7.33201873294513
 20
7.104340889898821
 30
-0.000000000000013
  9
$PEXTMAX
 10
293.3479818787159
 20
206.5256542383644
 30
0.0000000000000023
  9
$PLIMMIN
 10
1.834674296915834
 20
1.807161686967235
  9
$PLIMMAX
 10
298.8453249316815
 20
211.8228324633344
  9
$UNITMODE
 70
     0
  9
$VISRETAIN
 70
     1
  9
$PLINEGEN
 70
     0
  9
$PSLTSCALE
 70
     1
  9
$TREEDEPTH
 70
  3020
  9
$CMLSTYLE
  2
Standard
  9
$CMLJUST
 70
     0
  9
$CMLSCALE
 40
20.0
  9
$PROXYGRAPHICS
 70
     1
  9
$MEASUREMENT
 70
     1
  9
$CELWEIGHT
370
    -1
  9
$ENDCAPS
280
     0
  9
$JOINSTYLE
280
     0
  9
$LWDISPLAY
290
     0
  9
$INSUNITS
 70
     4
  9
$HYPERLINKBASE
  1

  9
$STYLESHEET
  1

  9
$XEDIT
290
     1
  9
$CEPSNTYPE
380
     0
  9
$PSTYLEMODE
290
     1
  9
$FINGERPRINTGUID
  2
{FDEAD578-A652-11D2-9A35-0060089B3A3F}
  9
$VERSIONGUID
  2
{FF782029-97AB-E042-ABBD-F327C6EFCE05}
  9
$EXTNAMES
290
     1
  9
$PSVPSCALE
 40
0.0
  9
$OLESTARTUP
290
     0
  9
$SORTENTS
280
   127
  9
$INDEXCTL
280
     0
  9
$HIDETEXT
280
     1
  9
$XCLIPFRAME
290
     0
  9
$HALOGAP
280
     0
  9
$OBSCOLOR
 70
   257
  9
$OBSLTYPE
280
     0
  9
$INTERSECTIONDISPLAY
280
     0
  9
$INTERSECTIONCOLOR
 70
   257
  9
$DIMASSOC
280
     2
  9
$PROJECTNAME
  1

  9
$CAMERADISPLAY
290
     0
  9
$LENSLENGTH
 40
50.0
  9
$CAMERAHEIGHT
 40
0.0
  9
$STEPSPERSEC
 40
2.0
  9
$STEPSIZE
 40
6.0
  9
$3DDWFPREC
 40
2.0
  9
$PSOLWIDTH
 40
0.25
  9
$PSOLHEIGHT
 40
4.0
  9
$LOFTANG1
 40
1.570796326794896
  9
$LOFTANG2
 40
1.570796326794896
  9
$LOFTMAG1
 40
0.0
  9
$LOFTMAG2
 40
0.0
  9
$LOFTPARAM
 70
     7
  9
$LOFTNORMALS
280
     1
  9
$LATITUDE
 40
37.795
  9
$LONGITUDE
 40
-122.394
  9
$NORTHDIRECTION
 40
0.0
  9
$TIMEZONE
 70
 -8000
  9
$LIGHTGLYPHDISPLAY
280
     1
  9
$TILEMODELIGHTSYNCH
280
     1
  9
$CMATERIAL
347
16C
  9
$SOLIDHIST
280
     0
  9
$SHOWHIST
280
     1
  9
$DWFFRAME
280
     2
  9
$DGNFRAME
280
     0
  9
$REALWORLDSCALE
290
     1
  9
$INTERFERECOLOR
 62
     1
  9
$INTERFEREOBJVS
345
186
  9
$INTERFEREVPVS
346
183
  9
$CSHADOW
280
     0
  9
$SHADOWPLANELOCATION
 40
0.0
  0
ENDSEC
  0
SECTION
  2
CLASSES
  0
CLASS
  1
ACDBDICTIONARYWDFLT
  2
AcDbDictionaryWithDefault
  3
ObjectDBX Classes
 90
        0
 91
        1
280
     0
281
     0
  0
CLASS
  1
DICTIONARYVAR
  2
AcDbDictionaryVar
  3
ObjectDBX Classes
 90
        0
 91
       19
280
     0
281
     0
  0
CLASS
  1
MATERIAL
  2
AcDbMaterial
  3
ObjectDBX Classes
 90
     1153
 91
        3
280
     0
281
     0
  0
CLASS
  1
VISUALSTYLE
  2
AcDbVisualStyle
  3
ObjectDBX Classes
 90
     4095
 91
       25
280
     0
281
     0
  0
CLASS
  1
TABLESTYLE
  2
AcDbTableStyle
  3
ObjectDBX Classes
 90
     4095
 91
        1
280
     0
281
     0
  0
CLASS
  1
SCALE
  2
AcDbScale
  3
ObjectDBX Classes
 90
     1153
 91
       17
280
     0
281
     0
  0
CLASS
  1
MLEADERSTYLE
  2
AcDbMLeaderStyle
  3
ACDB_MLEADERSTYLE_CLASS
 90
     4095
 91
        1
280
     0
281
     0
  0
CLASS
  1
ACDBSECTIONVIEWSTYLE
  2
AcDbSectionViewStyle
  3
ObjectDBX Classes
 90
     1025
 91
        1
280
     0
281
     0
  0
CLASS
  1
ACDBDETAILVIEWSTYLE
  2
AcDbDetailViewStyle
  3
ObjectDBX Classes
 90
     1025
 91
        1
280
     0
281
     0
  0
CLASS
  1
SORTENTSTABLE
  2
AcDbSortentsTable
  3
ObjectDBX Classes
 90
        0
 91
        2
280
     0
281
     0
  0
CLASS
  1
DIMASSOC
  2
AcDbDimAssoc
  3
"AcDbDimAssoc|Product Desc:     AcDim ARX App For Dimension|Company:          Autodesk, Inc.|WEB Address:      www.autodesk.com"
 90
        0
 91
        5
280
     0
281
     0
  0
CLASS
  1
CELLSTYLEMAP
  2
AcDbCellStyleMap
  3
ObjectDBX Classes
 90
     1152
 91
        2
280
     0
281
     0
  0
CLASS
  1
ACAD_TABLE
  2
AcDbTable
  3
ObjectDBX Classes
 90
     1025
 91
        0
280
     0
281
     1
  0
CLASS
  1
ACARRAYJIGENTITY
  2
AcArrayJigEntity
  3
ACAD_ARRAY
 90
      129
 91
        0
280
     0
281
     1
  0
CLASS
  1
ACDBASSOCNETWORK
  2
AcDbAssocNetwork
  3
ObjectDBX Classes
 90
     1025
 91
        0
280
     0
281
     0
  0
CLASS
  1
ACDBASSOCACTION
  2
AcDbAssocAction
  3
ObjectDBX Classes
 90
     1025
 91
        0
280
     0
281
     0
  0
CLASS
  1
ACDBASSOCARRAYACTIONBODY
  2
AcDbAssocArrayActionBody
  3
ObjectDBX Classes
 90
     1025
 91
        0
280
     0
281
     0
  0
CLASS
  1
ACDBASSOCVERTEXACTIONPARAM
  2
AcDbAssocVertexActionParam
  3
ObjectDBX Classes
 90
     1025
 91
        0
280
     0
281
     0
  0
CLASS
  1
ACDBASSOCDEPENDENCY
  2
AcDbAssocDependency
  3
ObjectDBX Classes
 90
     1025
 91
        0
280
     0
281
     0
  0
CLASS
  1
ACDBASSOCARRAYRECTANGULARPARAMETERS
  2
AcDbAssocArrayRectangularParameters
  3
ObjectDBX Classes
 90
     1025
 91
        0
280
     0
281
     0
  0
CLASS
  1
RAPIDRTRENDERSETTINGS
  2
AcDbRapidRTRenderSettings
  3
ObjectDBX Classes
 90
     1024
 91
        7
280
     0
281
     0
  0
CLASS
  1
MENTALRAYRENDERSETTINGS
  2
AcDbMentalRayRenderSettings
  3
SCENEOE
 90
     1024
 91
        1
280
     0
281
     0
  0
ENDSEC
  0
SECTION
  2
TABLES
  0
TABLE
  2
VPORT
  5
8
102
{ACAD_XDICTIONARY
360
3AC7
102
}
330
0
100
AcDbSymbolTable
 70
     1
  0
VPORT
  5
160
330
8
100
AcDbSymbolTableRecord
100
AcDbViewportTableRecord
  2
*Active
 70
     0
 10
0.0
 20
0.0
 11
1.0
 21
1.0
 12
198.9289865607035
 22
180.0417487751014
 13
0.0
 23
0.0
 14
10.0
 24
10.0
 15
10.0
 25
10.0
 16
0.0
 26
0.0
 36
1.0
 17
0.0
 27
0.0
 37
0.0
 40
40.58807590496241
 41
2.148073022312373
 42
50.0
 43
0.0
 44
0.0
 50
0.0
 51
0.0
 71
     0
 72
  1000
 73
     1
 74
     3
 75
     0
 76
     0
 77
     0
 78
     0
281
     0
 65
     1
110
169.699361898906
120
264.0863679864974
130
0.0
111
1.0
121
0.0
131
0.0
112
0.0
122
1.0
132
0.0
 79
     0
146
0.0
348
182
 60
     3
 61
     5
292
     1
282
     1
141
0.0
142
0.0
 63
   250
421
  3355443
1001
ACAD_NAV_VCDISPLAY
1070
     3
  0
ENDTAB
  0
TABLE
  2
LTYPE
  5
5
330
0
100
AcDbSymbolTable
 70
     4
  0
LTYPE
  5
14
330
5
100
AcDbSymbolTableRecord
100
AcDbLinetypeTableRecord
  2
ByBlock
 70
     0
  3

 72
    65
 73
     0
 40
0.0
  0
LTYPE
  5
15
330
5
100
AcDbSymbolTableRecord
100
AcDbLinetypeTableRecord
  2
ByLayer
 70
     0
  3

 72
    65
 73
     0
 40
0.0
  0
LTYPE
  5
16
330
5
100
AcDbSymbolTableRecord
100
AcDbLinetypeTableRecord
  2
Continuous
 70
     0
  3
Solid line
 72
    65
 73
     0
 40
0.0
  0
LTYPE
  5
87DE
330
5
100
AcDbSymbolTableRecord
100
AcDbLinetypeTableRecord
  2
JIS_02_0.7
 70
     0
  3
HIDDEN0.75 _ _ _ _ _ _ _ _ _ _ _ _ _ _ _ _ _
 72
    65
 73
     2
 40
1.35
 49
0.75
 74
     0
 49
-0.6
 74
     0
  0
ENDTAB
  0
TABLE
  2
LAYER
  5
2
102
{ACAD_XDICTIONARY
360
8E
102
}
330
0
100
AcDbSymbolTable
 70
     6
  0
LAYER
  5
10
102
{ACAD_XDICTIONARY
360
3AE
102
}
330
2
100
AcDbSymbolTableRecord
100
AcDbLayerTableRecord
  2
0
 70
     0
 62
     7
  6
Continuous
370
    -3
390
F
347
A6
  0
LAYER
  5
1B8
102
{ACAD_XDICTIONARY
360
1B9
102
}
330
2
100
AcDbSymbolTableRecord
100
AcDbLayerTableRecord
  2
图框线
 70
     0
 62
     7
  6
Continuous
370
    -3
390
F
347
A6
  0
LAYER
  5
8B35
330
2
100
AcDbSymbolTableRecord
100
AcDbLayerTableRecord
  2
中心线
 70
     0
 62
     1
  6
JIS_02_0.7
370
    -3
390
F
347
A6
  0
LAYER
  5
9F9C
330
2
100
AcDbSymbolTableRecord
100
AcDbLayerTableRecord
  2
标注线
 70
     0
 62
     3
  6
Continuous
370
    -3
390
F
347
A6
  0
LAYER
  5
BAF3
330
2
100
AcDbSymbolTableRecord
100
AcDbLayerTableRecord
  2
Defpoints
 70
     0
 62
     7
  6
Continuous
290
     0
370
    -3
390
F
347
A6
  0
LAYER
  5
CEAC
330
2
100
AcDbSymbolTableRecord
100
AcDbLayerTableRecord
  2
点划线
 70
     0
 62
     2
  6
JIS_02_0.7
370
    -3
390
F
347
A6
1001
ACAECLAYERSTANDARD
1000

1000

1001
AcCmTransparency
1071
        0
  0
ENDTAB
  0
TABLE
  2
STYLE
  5
3
330
0
100
AcDbSymbolTable
 70
     1
  0
STYLE
  5
11
330
3
100
AcDbSymbolTableRecord
100
AcDbTextStyleTableRecord
  2
Standard
 70
     0
 40
0.0
 41
1.0
 50
0.0
 71
     0
 42
0.2
  3
arial.ttf
  4

1001
ACAD
1000
Arial
1071
       34
  0
ENDTAB
  0
TABLE
  2
VIEW
  5
6
330
0
100
AcDbSymbolTable
 70
     2
  0
ENDTAB
  0
TABLE
  2
UCS
  5
7
330
0
100
AcDbSymbolTable
 70
     0
  0
ENDTAB
  0
TABLE
  2
APPID
  5
9
330
0
100
AcDbSymbolTable
 70
    21
  0
APPID
  5
12
330
9
100
AcDbSymbolTableRecord
100
AcDbRegAppTableRecord
  2
ACAD
 70
     0
  0
APPID
  5
1BE
330
9
100
AcDbSymbolTableRecord
100
AcDbRegAppTableRecord
  2
ACAD_PSEXT
 70
     0
  0
APPID
  5
1BF
330
9
100
AcDbSymbolTableRecord
100
AcDbRegAppTableRecord
  2
ACAD_DSTYLE_DIMJAG
 70
     0
  0
APPID
  5
1C0
330
9
100
AcDbSymbolTableRecord
100
AcDbRegAppTableRecord
  2
ACAD_DSTYLE_DIMTALN
 70
     0
  0
APPID
  5
1C1
330
9
100
AcDbSymbolTableRecord
100
AcDbRegAppTableRecord
  2
ACAD_NAV_VCDISPLAY
 70
     0
  0
APPID
  5
1C2
330
9
100
AcDbSymbolTableRecord
100
AcDbRegAppTableRecord
  2
AcadStringInfo
 70
     0
  0
APPID
  5
1C3
330
9
100
AcDbSymbolTableRecord
100
AcDbRegAppTableRecord
  2
ACAECLAYERSTANDARD
 70
     0
  0
APPID
  5
3EB
330
9
100
AcDbSymbolTableRecord
100
AcDbRegAppTableRecord
  2
ACAD_DSTYLE_DIMBREAK
 70
     0
  0
APPID
  5
3FA
330
9
100
AcDbSymbolTableRecord
100
AcDbRegAppTableRecord
  2
ACAD_EXEMPT_FROM_CAD_STANDARDS
 70
     0
  0
APPID
  5
402
330
9
100
AcDbSymbolTableRecord
100
AcDbRegAppTableRecord
  2
ACAD_DSTYLE_DIMRADIAL_EXTENSION
 70
     0
  0
APPID
  5
25B6
330
9
100
AcDbSymbolTableRecord
100
AcDbRegAppTableRecord
  2
AcadAnnoMonitorAlertIconDisabled
 70
     0
  0
APPID
  5
29E4
330
9
100
AcDbSymbolTableRecord
100
AcDbRegAppTableRecord
  2
AcadAnnoPO
 70
     0
  0
APPID
  5
3B06
330
9
100
AcDbSymbolTableRecord
100
AcDbRegAppTableRecord
  2
ACAD_MLEADERVER
 70
     0
  0
APPID
  5
4908
330
9
100
AcDbSymbolTableRecord
100
AcDbRegAppTableRecord
  2
AcadAnnotative
 70
     0
  0
APPID
  5
4909
330
9
100
AcDbSymbolTableRecord
100
AcDbRegAppTableRecord
  2
GradientColor1ACI
 70
     0
  0
APPID
  5
490A
330
9
100
AcDbSymbolTableRecord
100
AcDbRegAppTableRecord
  2
GradientColor2ACI
 70
     0
  0
APPID
  5
87E0
330
9
100
AcDbSymbolTableRecord
100
AcDbRegAppTableRecord
  2
CAXA_DRAFT_TXTSTYLE
 70
     0
  0
APPID
  5
8D03
330
9
100
AcDbSymbolTableRecord
100
AcDbRegAppTableRecord
  2
AcDbDynamicBlockGUID
 70
     0
  0
APPID
  5
9836
330
9
100
AcDbSymbolTableRecord
100
AcDbRegAppTableRecord
  2
AcCmTransparency
 70
     0
  0
APPID
  5
B430
330
9
100
AcDbSymbolTableRecord
100
AcDbRegAppTableRecord
  2
ACAD_DSTYLE_DIMJOGGED_JOGANGLE_SYMBOL
 70
     0
  0
APPID
  5
B431
330
9
100
AcDbSymbolTableRecord
100
AcDbRegAppTableRecord
  2
GENIUS_GENTRA_14
 70
     0
  0
ENDTAB
  0
TABLE
  2
DIMSTYLE
  5
A
330
0
100
AcDbSymbolTable
 70
     2
100
AcDbDimStyleTable
 71
     1
340
27
  0
DIMSTYLE
105
27
102
{ACAD_REACTORS
330
E9ED
330
EA13
330
EA46
330
EA49
330
EB0F
102
}
330
A
100
AcDbSymbolTableRecord
100
AcDbDimStyleTableRecord
  2
ISO-25
 70
     0
 41
0.6
 42
0.1
 43
0.1
 44
0.1
 73
     0
 74
     0
 78
     8
140
0.7
141
0.1
143
0.03937007874016
147
0.03
171
     3
172
     1
179
     1
271
     3
272
     3
274
     3
284
     8
340
11
1001
ACAD_DSTYLE_DIMBREAK
1070
   391
1040
0.1
1001
ACAD_DSTYLE_DIMJAG
1070
   388
1040
0.1
1001
ACAD_DSTYLE_DIMTALN
1070
   392
1070
     0
  0
ENDTAB
  0
TABLE
  2
BLOCK_RECORD
  5
1
330
0
100
AcDbSymbolTable
 70
     7
  0
BLOCK_RECORD
  5
1F
102
{ACAD_XDICTIONARY
360
D5A
102
}
330
1
100
AcDbSymbolTableRecord
100
AcDbBlockTableRecord
  2
*Model_Space
340
22
 70
     0
280
     1
281
     0
  0
BLOCK_RECORD
  5
AB15
102
{ACAD_XDICTIONARY
360
AF94
102
}
330
1
100
AcDbSymbolTableRecord
100
AcDbBlockTableRecord
  2
*Paper_Space
340
AB16
 70
     0
280
     1
281
     0
  0
BLOCK_RECORD
  5
E9EE
330
1
100
AcDbSymbolTableRecord
100
AcDbBlockTableRecord
  2
*D2
340
0
 70
     0
280
     1
281
     0
  0
BLOCK_RECORD
  5
EA14
330
1
100
AcDbSymbolTableRecord
100
AcDbBlockTableRecord
  2
*D3
340
0
 70
     0
280
     1
281
     0
  0
BLOCK_RECORD
  5
EA4C
330
1
100
AcDbSymbolTableRecord
100
AcDbBlockTableRecord
  2
*D4
340
0
 70
     0
280
     1
281
     0
  0
BLOCK_RECORD
  5
EA57
330
1
100
AcDbSymbolTableRecord
100
AcDbBlockTableRecord
  2
*D5
340
0
 70
     0
280
     1
281
     0
  0
BLOCK_RECORD
  5
EB10
330
1
100
AcDbSymbolTableRecord
100
AcDbBlockTableRecord
  2
*D6
340
0
 70
     0
280
     1
281
     0
  0
ENDTAB
  0
ENDSEC
  0
SECTION
  2
BLOCKS
  0
BLOCK
  5
20
330
1F
100
AcDbEntity
  8
0
100
AcDbBlockBegin
  2
*Model_Space
 70
     0
 10
0.0
 20
0.0
 30
0.0
  3
*Model_Space
  1

  0
ENDBLK
  5
21
330
1F
100
AcDbEntity
  8
0
100
AcDbBlockEnd
  0
BLOCK
  5
AB17
330
AB15
100
AcDbEntity
 67
     1
  8
0
100
AcDbBlockBegin
  2
*Paper_Space
 70
     0
 10
0.0
 20
0.0
 30
0.0
  3
*Paper_Space
  1

  0
ENDBLK
  5
AB18
330
AB15
100
AcDbEntity
 67
     1
  8
0
100
AcDbBlockEnd
  0
BLOCK
  5
E9EF
330
E9EE
100
AcDbEntity
  8
0
100
AcDbBlockBegin
  2
*D2
 70
     1
 10
0.0
 20
0.0
 30
0.0
  3
*D2
  1

  0
LINE
  5
EA0B
330
E9EE
100
AcDbEntity
  8
标注线
 62
     0
440
 16777216
370
    -2
100
AcDbLine
 10
187.1420452687815
 20
196.8573034216648
 30
0.0
 11
186.7999617180725
 21
196.3643745785907
 31
0.0
  0
LINE
  5
EA0C
330
E9EE
100
AcDbEntity
  8
标注线
 62
     0
440
 16777216
370
    -2
100
AcDbLine
 10
176.3445678087587
 20
181.2985662024805
 30
0.0
 11
176.0024842580497
 21
180.8056373594064
 31
0.0
  0
MTEXT
  5
EA0D
330
E9EE
100
AcDbEntity
  8
标注线
 62
     0
440
 16777216
100
AcDbMText
 10
188.2050788474957
 20
198.3890926907436
 30
0.0
 40
0.7
 41
0.0
 46
0.0
 71
     5
 72
     1
  1
\A1;∅17.138
 11
0.5701392511816916
 21
0.8215480717900687
 31
0.0
 73
     1
 44
1.0
  0
LINE
  5
EA0E
330
E9EE
100
AcDbEntity
  8
标注线
 62
     0
440
 16777216
370
    -2
100
AcDbLine
 10
176.6866513594677
 20
181.7914950455545
 30
0.0
 11
186.4578781673635
 21
195.8714457355167
 31
0.0
  0
SOLID
  5
EA0F
330
E9EE
100
AcDbEntity
  8
标注线
 62
     0
440
 16777216
100
AcDbTrace
 10
176.2624130015798
 20
181.3555801275987
 30
0.0
 11
176.4267226159377
 21
181.2415522773623
 31
0.0
 12
176.6866513594677
 22
181.7914950455545
 32
0.0
 13
176.6866513594677
 23
181.7914950455545
 33
0.0
  0
SOLID
  5
EA10
330
E9EE
100
AcDbEntity
  8
标注线
 62
     0
440
 16777216
100
AcDbTrace
 10
186.7178069108935
 20
196.4213885037089
 30
0.0
 11
186.8821165252515
 21
196.3073606534726
 31
0.0
 12
186.4578781673635
 22
195.8714457355167
 32
0.0
 13
186.4578781673635
 23
195.8714457355167
 33
0.0
  0
POINT
  5
EA11
330
E9EE
100
AcDbEntity
  8
Defpoints
 62
     0
440
 16777216
100
AcDbPoint
 10
186.4578781673635
 20
195.8714457355167
 30
0.0
  0
POINT
  5
EA12
330
E9EE
100
AcDbEntity
  8
Defpoints
 62
     0
440
 16777216
100
AcDbPoint
 10
176.6866513594677
 20
181.7914950455545
 30
0.0
  0
ENDBLK
  5
E9F0
330
E9EE
100
AcDbEntity
  8
0
100
AcDbBlockEnd
  0
BLOCK
  5
EA15
330
EA14
100
AcDbEntity
  8
0
100
AcDbBlockBegin
  2
*D3
 70
     1
 10
0.0
 20
0.0
 30
0.0
  3
*D3
  1

  0
LINE
  5
EA20
330
EA14
100
AcDbEntity
  8
0
 62
     0
440
 16777216
370
    -2
100
AcDbLine
 10
189.5181993542202
 20
194.0657790726645
 30
0.0
 11
187.5097734968699
 21
192.7427476806485
 31
0.0
  0
LINE
  5
EA21
330
EA14
100
AcDbEntity
  8
0
 62
     0
440
 16777216
370
    -2
100
AcDbLine
 10
175.6347560299612
 20
184.9201931004226
 30
0.0
 11
175.1337004406402
 21
184.5901275063203
 31
0.0
  0
MTEXT
  5
EA22
330
EA14
100
AcDbEntity
  8
0
 62
     0
440
 16777216
100
AcDbMText
 10
190.8445668688209
 20
194.939511031823
 30
0.0
 40
0.7
 41
0.0
 46
0.0
 71
     5
 72
     1
  1
\A1;∅13.02
 11
0.8350926488684054
 21
0.5501093235039286
 31
0.0
 73
     1
 44
1.0
  0
LINE
  5
EA23
330
EA14
100
AcDbEntity
  8
0
 62
     0
440
 16777216
370
    -2
100
AcDbLine
 10
176.1358116192822
 20
185.250258694525
 30
0.0
 11
187.0087179075489
 21
192.4126820865461
 31
0.0
  0
SOLID
  5
EA24
330
EA14
100
AcDbEntity
  8
0
 62
     0
440
 16777216
100
AcDbTrace
 10
175.5797450976108
 20
185.0037023653095
 30
0.0
 11
175.6897669623116
 21
184.8366838355358
 31
0.0
 12
176.1358116192822
 22
185.250258694525
 32
0.0
 13
176.1358116192822
 23
185.250258694525
 33
0.0
  0
SOLID
  5
EA25
330
EA14
100
AcDbEntity
  8
0
 62
     0
440
 16777216
100
AcDbTrace
 10
187.4547625645196
 20
192.8262569455354
 30
0.0
 11
187.5647844292203
 21
192.6592384157617
 31
0.0
 12
187.0087179075489
 22
192.4126820865461
 32
0.0
 13
187.0087179075489
 23
192.4126820865461
 33
0.0
  0
POINT
  5
EA26
330
EA14
100
AcDbEntity
  8
Defpoints
 62
     0
440
 16777216
100
AcDbPoint
 10
187.0087179075489
 20
192.4126820865461
 30
0.0
  0
POINT
  5
EA27
330
EA14
100
AcDbEntity
  8
Defpoints
 62
     0
440
 16777216
100
AcDbPoint
 10
176.1358116192822
 20
185.250258694525
 30
0.0
  0
ENDBLK
  5
EA16
330
EA14
100
AcDbEntity
  8
0
100
AcDbBlockEnd
  0
BLOCK
  5
EA4D
330
EA4C
100
AcDbEntity
  8
0
100
AcDbBlockBegin
  2
*D4
 70
     1
 10
0.0
 20
0.0
 30
0.0
  3
*D4
  1

  0
LINE
  5
EAE7
330
EA4C
100
AcDbEntity
  8
标注线
 62
     0
440
 16777216
370
    -2
100
AcDbLine
 10
187.1311224624372
 20
177.0205056412825
 30
0.0
 11
186.7890389117281
 21
176.5275767982085
 31
0.0
  0
LINE
  5
EAE8
330
EA4C
100
AcDbEntity
  8
标注线
 62
     0
440
 16777216
370
    -2
100
AcDbLine
 10
176.3554906151032
 20
161.4932470844503
 30
0.0
 11
176.0134070643941
 21
161.0003182413763
 31
0.0
  0
MTEXT
  5
EAE9
330
EA4C
100
AcDbEntity
  8
标注线
 62
     0
440
 16777216
100
AcDbMText
 10
188.3698841589184
 20
178.8055121656399
 30
0.0
 40
0.7
 41
0.0
 46
0.0
 71
     5
 72
     1
  1
\A1;∅17.1{\H0.7x;\S+0.00^ -0.06;}
 11
0.5701392511816959
 21
0.8215480717900657
 31
0.0
 73
     1
 44
1.0
  0
LINE
  5
EAEA
330
EA4C
100
AcDbEntity
  8
标注线
 62
     0
440
 16777216
370
    -2
100
AcDbLine
 10
176.6975741658122
 20
161.9861759275243
 30
0.0
 11
186.4469553610192
 21
176.0346479551345
 31
0.0
  0
SOLID
  5
EAEB
330
EA4C
100
AcDbEntity
  8
标注线
 62
     0
440
 16777216
100
AcDbTrace
 10
176.2733358079241
 20
161.5502610095685
 30
0.0
 11
176.4376454222821
 21
161.4362331593321
 31
0.0
 12
176.6975741658122
 22
161.9861759275243
 32
0.0
 13
176.6975741658122
 23
161.9861759275243
 33
0.0
  0
SOLID
  5
EAEC
330
EA4C
100
AcDbEntity
  8
标注线
 62
     0
440
 16777216
100
AcDbTrace
 10
186.7068841045491
 20
176.5845907233267
 30
0.0
 11
186.8711937189072
 21
176.4705628730903
 31
0.0
 12
186.4469553610192
 22
176.0346479551345
 32
0.0
 13
186.4469553610192
 23
176.0346479551345
 33
0.0
  0
POINT
  5
EAED
330
EA4C
100
AcDbEntity
  8
Defpoints
 62
     0
440
 16777216
100
AcDbPoint
 10
186.4469553610192
 20
176.0346479551345
 30
0.0
  0
POINT
  5
EAEE
330
EA4C
100
AcDbEntity
  8
Defpoints
 62
     0
440
 16777216
100
AcDbPoint
 10
176.6975741658122
 20
161.9861759275243
 30
0.0
  0
ENDBLK
  5
EA4E
330
EA4C
100
AcDbEntity
  8
0
100
AcDbBlockEnd
  0
BLOCK
  5
EA58
330
EA57
100
AcDbEntity
  8
0
100
AcDbBlockBegin
  2
*D5
 70
     1
 10
0.0
 20
0.0
 30
0.0
  3
*D5
  1

  0
LINE
  5
EB07
330
EA57
100
AcDbEntity
  8
标注线
 62
     0
440
 16777216
370
    -2
100
AcDbLine
 10
188.9439065446917
 20
175.0511263563884
 30
0.0
 11
187.0794079985442
 21
173.5232573173397
 31
0.0
  0
LINE
  5
EB08
330
EA57
100
AcDbEntity
  8
标注线
 62
     0
440
 16777216
370
    -2
100
AcDbLine
 10
176.065121528287
 20
164.4975665653191
 30
0.0
 11
175.6010364242032
 21
164.1172706066666
 31
0.0
  0
MTEXT
  5
EB09
330
EA57
100
AcDbEntity
  8
标注线
 62
     0
440
 16777216
100
AcDbMText
 10
190.8353118723703
 20
176.6010442398982
 30
0.0
 40
0.7
 41
0.0
 46
0.0
 71
     5
 72
     1
  1
\A1;∅13.04{\H0.7x;\S+0.06^ -0.00;}
 11
0.773475173473117
 21
0.6338265977542532
 31
0.0
 73
     1
 44
1.0
  0
LINE
  5
EB0A
330
EA57
100
AcDbEntity
  8
标注线
 62
     0
440
 16777216
370
    -2
100
AcDbLine
 10
176.5292066323709
 20
164.8778625239717
 30
0.0
 11
186.6153228944603
 21
173.1429613586871
 31
0.0
  0
SOLID
  5
EB0B
330
EA57
100
AcDbEntity
  8
标注线
 62
     0
440
 16777216
100
AcDbTrace
 10
176.0017388685116
 20
164.5749140826665
 30
0.0
 11
176.1285041880625
 21
164.4202190479718
 31
0.0
 12
176.5292066323709
 22
164.8778625239717
 32
0.0
 13
176.5292066323709
 23
164.8778625239717
 33
0.0
  0
SOLID
  5
EB0C
330
EA57
100
AcDbEntity
  8
标注线
 62
     0
440
 16777216
100
AcDbTrace
 10
187.0160253387688
 20
173.600604834687
 30
0.0
 11
187.1427906583196
 21
173.4459097999924
 31
0.0
 12
186.6153228944603
 22
173.1429613586871
 32
0.0
 13
186.6153228944603
 23
173.1429613586871
 33
0.0
  0
POINT
  5
EB0D
330
EA57
100
AcDbEntity
  8
Defpoints
 62
     0
440
 16777216
100
AcDbPoint
 10
186.6153228944603
 20
173.1429613586871
 30
0.0
  0
POINT
  5
EB0E
330
EA57
100
AcDbEntity
  8
Defpoints
 62
     0
440
 16777216
100
AcDbPoint
 10
176.5292066323709
 20
164.8778625239717
 30
0.0
  0
ENDBLK
  5
EA59
330
EA57
100
AcDbEntity
  8
0
100
AcDbBlockEnd
  0
BLOCK
  5
EB11
330
EB10
100
AcDbEntity
  8
0
100
AcDbBlockBegin
  2
*D6
 70
     1
 10
0.0
 20
0.0
 30
0.0
  3
*D6
  1

  0
LINE
  5
EB20
330
EB10
100
AcDbEntity
  8
0
 62
     0
440
 16777216
370
    -2
100
AcDbLine
 10
199.096787914066
 20
177.2904010536804
 30
0.0
 11
198.4680444591358
 21
178.1883397655911
 31
0.0
  0
LINE
  5
EB21
330
EB10
100
AcDbEntity
  8
0
 62
     0
440
 16777216
370
    -2
100
AcDbLine
 10
199.096787914066
 20
160.7304228289785
 30
0.0
 11
198.4680444591358
 21
159.8324841170678
 31
0.0
  0
ARC
  5
EB22
330
EB10
100
AcDbEntity
  8
0
 62
     0
440
 16777216
370
    -2
100
AcDbCircle
 10
204.8944987068286
 20
169.0104119413294
 30
0.0
 40
11.10418106534543
100
AcDbArc
 50
128.0962797668038
 51
172.9473305327968
  0
ARC
  5
EB23
330
EB10
100
AcDbEntity
  8
0
 62
     0
440
 16777216
370
    -2
100
AcDbCircle
 10
204.8944987068286
 20
169.0104119413294
 30
0.0
 40
11.10418106534543
100
AcDbArc
 50
187.0526694672031
 51
231.9037202331962
  0
SOLID
  5
EB24
330
EB10
100
AcDbEntity
  8
0
 62
     0
440
 16777216
100
AcDbTrace
 10
197.9838382207971
 20
177.8294614557827
 30
0.0
 11
198.102937816162
 21
177.6687900943523
 31
0.0
 12
198.5254021027709
 22
178.1064245611622
 32
0.0
 13
198.5254021027709
 23
178.1064245611622
 33
0.0
  0
SOLID
  5
EB25
330
EB10
100
AcDbEntity
  8
0
 62
     0
440
 16777216
100
AcDbTrace
 10
198.102937816162
 20
160.3520337883066
 30
0.0
 11
197.9838382207971
 21
160.1913624268761
 31
0.0
 12
198.5254021027709
 22
159.9143993214967
 32
0.0
 13
198.5254021027709
 23
159.9143993214967
 33
0.0
  0
MTEXT
  5
EB26
330
EB10
100
AcDbEntity
  8
0
 62
     0
440
 16777216
100
AcDbMText
 10
193.7903176414831
 20
169.0104119413294
 30
0.0
 40
0.7
 41
0.0
 46
0.0
 71
     5
 72
     1
  1
\A1;110.0\U+00B0
 11
0.0000000000000001
 21
1.0
 31
0.0
 73
     1
 44
1.0
  0
POINT
  5
EB27
330
EB10
100
AcDbEntity
  8
Defpoints
 62
     0
440
 16777216
100
AcDbPoint
 10
194.3539365176464
 20
172.5031738667918
 30
0.0
  0
POINT
  5
EB28
330
EB10
100
AcDbEntity
  8
Defpoints
 62
     0
440
 16777216
100
AcDbPoint
 10
200.3291455577012
 20
162.4904119413294
 30
0.0
  0
POINT
  5
EB29
330
EB10
100
AcDbEntity
  8
Defpoints
 62
     0
440
 16777216
100
AcDbPoint
 10
200.3291455577012
 20
175.5304119413295
 30
0.0
  0
POINT
  5
EB2A
330
EB10
100
AcDbEntity
  8
Defpoints
 62
     0
440
 16777216
100
AcDbPoint
 10
199.1541455577011
 20
177.2084858492515
 30
0.0
  0
POINT
  5
EB2B
330
EB10
100
AcDbEntity
  8
Defpoints
 62
     0
440
 16777216
100
AcDbPoint
 10
199.1541455577011
 20
160.8123380334074
 30
0.0
  0
ENDBLK
  5
EB12
330
EB10
100
AcDbEntity
  8
0
100
AcDbBlockEnd
  0
ENDSEC
  0
SECTION
  2
ENTITIES
  0
CIRCLE
  5
E9CA
102
{ACAD_REACTORS
330
EA02
102
}
330
1F
100
AcDbEntity
  8
0
100
AcDbCircle
 10
181.5722647634156
 20
188.8314703905356
 30
0.0
 40
8.569158137808926
  0
CIRCLE
  5
E9CB
330
1F
100
AcDbEntity
  8
0
100
AcDbCircle
 10
181.5722647634156
 20
188.8314703905356
 30
0.0
 40
7.669158137809062
  0
CIRCLE
  5
E9CC
102
{ACAD_REACTORS
330
EA28
102
}
330
1F
100
AcDbEntity
  8
0
100
AcDbCircle
 10
181.5722647634156
 20
188.8314703905356
 30
0.0
 40
6.509999999999991
  0
LINE
  5
E9CD
330
1F
100
AcDbEntity
  8
0
100
AcDbLine
 10
199.154145557701
 20
197.4006285283356
 30
0.0
 11
201.004145557701
 21
197.4006285283356
 31
0.0
  0
LINE
  5
E9CE
330
1F
100
AcDbEntity
  8
0
100
AcDbLine
 10
201.004145557701
 20
197.4006285283356
 30
0.0
 11
201.004145557701
 21
195.7414703905356
 31
0.0
  0
LINE
  5
E9CF
330
1F
100
AcDbEntity
  8
0
100
AcDbLine
 10
200.604145557701
 20
195.3414703905356
 30
0.0
 11
201.004145557701
 21
195.7414703905356
 31
0.0
  0
LINE
  5
E9D0
330
1F
100
AcDbEntity
  8
0
100
AcDbLine
 10
200.2541455577011
 20
195.3414703905356
 30
0.0
 11
200.604145557701
 21
195.3414703905356
 31
0.0
  0
LINE
  5
E9D1
330
1F
100
AcDbEntity
  8
0
100
AcDbLine
 10
199.154145557701
 20
196.5006285283356
 30
0.0
 11
200.2541455577011
 21
195.3414703905356
 31
0.0
  0
LINE
  5
E9D2
330
1F
100
AcDbEntity
  8
0
100
AcDbLine
 10
199.154145557701
 20
196.5006285283356
 30
0.0
 11
199.154145557701
 21
197.4006285283356
 31
0.0
  0
LINE
  5
E9D3
330
1F
100
AcDbEntity
  8
0
100
AcDbLine
 10
201.004145557701
 20
180.2623122527356
 30
0.0
 11
199.154145557701
 21
180.2623122527356
 31
0.0
  0
LINE
  5
E9D4
330
1F
100
AcDbEntity
  8
0
100
AcDbLine
 10
200.604145557701
 20
195.3414703905356
 30
0.0
 11
200.604145557701
 21
182.3214703905356
 31
0.0
  0
LINE
  5
E9D5
330
1F
100
AcDbEntity
  8
0
100
AcDbLine
 10
201.004145557701
 20
181.9214703905356
 30
0.0
 11
200.604145557701
 21
182.3214703905356
 31
0.0
  0
LINE
  5
E9D6
330
1F
100
AcDbEntity
  8
0
100
AcDbLine
 10
201.004145557701
 20
195.7414703905356
 30
0.0
 11
201.004145557701
 21
181.9214703905356
 31
0.0
  0
LINE
  5
E9D7
330
1F
100
AcDbEntity
  8
0
100
AcDbLine
 10
200.2541455577011
 20
182.3214703905356
 30
0.0
 11
199.154145557701
 21
181.1623122527356
 31
0.0
  0
LINE
  5
E9D8
330
1F
100
AcDbEntity
  8
0
100
AcDbLine
 10
200.604145557701
 20
182.3214703905356
 30
0.0
 11
200.2541455577011
 21
182.3214703905356
 31
0.0
  0
LINE
  5
E9D9
330
1F
100
AcDbEntity
  8
0
100
AcDbLine
 10
199.154145557701
 20
180.2623122527356
 30
0.0
 11
199.154145557701
 21
181.1623122527356
 31
0.0
  0
LINE
  5
E9DA
330
1F
100
AcDbEntity
  8
0
100
AcDbLine
 10
201.004145557701
 20
181.9214703905356
 30
0.0
 11
201.004145557701
 21
180.2623122527356
 31
0.0
  0
LINE
  5
E9DB
330
1F
100
AcDbEntity
  8
0
100
AcDbLine
 10
200.2541455577011
 20
195.3414703905356
 30
0.0
 11
200.2541455577011
 21
182.3214703905356
 31
0.0
  0
LINE
  5
E9DC
330
1F
100
AcDbEntity
  8
0
100
AcDbLine
 10
199.154145557701
 20
196.5006285283356
 30
0.0
 11
199.154145557701
 21
181.1623122527356
 31
0.0
  0
HATCH
  5
E9DD
330
1F
100
AcDbEntity
  8
标注线
100
AcDbHatch
 10
0.0
 20
0.0
 30
0.0
210
0.0
220
0.0
230
1.0
  2
ANSI36
 70
     0
 71
     0
 91
        1
 92
        0
 93
        6
 72
     1
 10
199.154145557668
 20
197.4006285283497
 11
199.154145557668
 21
196.5006285283497
 72
     1
 10
199.154145557668
 20
196.5006285283497
 11
200.254145557668
 21
195.3414703905406
 72
     1
 10
200.254145557668
 20
195.3414703905406
 11
200.604145557668
 21
195.3414703905407
 72
     1
 10
200.604145557668
 20
195.3414703905407
 11
201.004145557668
 21
195.7414703905406
 72
     1
 10
201.004145557668
 20
195.7414703905406
 11
201.004145557668
 21
197.4006285283497
 72
     1
 10
201.004145557668
 20
197.4006285283497
 11
199.154145557668
 21
197.4006285283497
 97
        0
 75
     0
 76
     1
 52
0.0
 41
0.1
 77
     0
 78
     1
 53
45.0
 43
156.9436979792914
 44
264.0863679864974
 45
0.1683798022700467
 46
0.6173926083235044
 79
     4
 49
0.7937500000000001
 49
-0.15875
 49
0.0
 49
-0.15875
 98
        1
 10
-53.45173351389894
 20
-446.5189598491644
1001
ACAD
1010
0.0
1020
0.0
1030
0.0
  0
HATCH
  5
E9DE
330
1F
100
AcDbEntity
  8
标注线
100
AcDbHatch
 10
0.0
 20
0.0
 30
0.0
210
0.0
220
0.0
230
1.0
  2
ANSI36
 70
     0
 71
     0
 91
        1
 92
        0
 93
        6
 72
     1
 10
199.154145557668
 20
181.1623122527315
 11
199.154145557668
 21
180.2623122527316
 72
     1
 10
199.154145557668
 20
180.2623122527316
 11
201.004145557668
 21
180.2623122527316
 72
     1
 10
201.004145557668
 20
180.2623122527316
 11
201.004145557668
 21
181.9214703905405
 72
     1
 10
201.004145557668
 20
181.9214703905405
 11
200.604145557668
 21
182.3214703905405
 72
     1
 10
200.604145557668
 20
182.3214703905405
 11
200.254145557668
 21
182.3214703905405
 72
     1
 10
200.254145557668
 20
182.3214703905405
 11
199.154145557668
 21
181.1623122527315
 97
        0
 75
     0
 76
     1
 52
0.0
 41
0.1
 77
     0
 78
     1
 53
45.0
 43
156.9436979792914
 44
264.0863679864974
 45
0.1683798022700467
 46
0.6173926083235044
 79
     4
 49
0.7937500000000001
 49
-0.15875
 49
0.0
 49
-0.15875
 98
        1
 10
-53.45173351389894
 20
-446.5189598491644
1001
ACAD
1010
0.0
1020
0.0
1030
0.0
  0
CIRCLE
  5
E9DF
330
1F
100
AcDbEntity
  8
0
100
AcDbCircle
 10
216.288232582363
 20
188.8314703905356
 30
0.0
 40
6.909999999999968
  0
CIRCLE
  5
E9E0
330
1F
100
AcDbEntity
  8
0
100
AcDbCircle
 10
216.288232582363
 20
188.8314703905356
 30
0.0
 40
8.569158137808926
  0
CIRCLE
  5
E9E1
330
1F
100
AcDbEntity
  8
0
100
AcDbCircle
 10
216.288232582363
 20
188.8314703905356
 30
0.0
 40
6.509999999999991
  0
LINE
  5
E9E8
330
1F
100
AcDbEntity
  8
中心线
100
AcDbLine
 10
173.0031066256067
 20
188.8314703905356
 30
0.0
 11
190.1414229012245
 21
188.8314703905356
 31
0.0
  0
LINE
  5
E9E9
330
1F
100
AcDbEntity
  8
中心线
100
AcDbLine
 10
216.288232582363
 20
180.2623122527267
 30
0.0
 11
216.288232582363
 21
197.4006285283445
 31
0.0
  0
LINE
  5
E9EA
330
1F
100
AcDbEntity
  8
中心线
100
AcDbLine
 10
181.5722647634156
 20
180.2623122527267
 30
0.0
 11
181.5722647634156
 21
197.4006285283445
 31
0.0
  0
LINE
  5
E9EB
330
1F
100
AcDbEntity
  8
中心线
100
AcDbLine
 10
207.7190744445541
 20
188.8314703905356
 30
0.0
 11
224.857390720172
 21
188.8314703905356
 31
0.0
  0
LINE
  5
E9EC
330
1F
100
AcDbEntity
  8
中心线
100
AcDbLine
 10
199.154145557701
 20
188.8314703905356
 30
0.0
 11
201.0041455577011
 21
188.8314703905356
 31
0.0
  0
DIMENSION
  5
E9ED
102
{ACAD_XDICTIONARY
360
E9F9
102
}
102
{ACAD_REACTORS
330
EA02
102
}
330
1F
100
AcDbEntity
  8
标注线
100
AcDbDimension
  2
*D2
 10
176.6866513594677
 20
181.7914950455545
 30
0.0
 11
188.2050788474957
 21
198.3890926907436
 31
0.0
 70
    35
 71
     5
 42
17.1383162756178
 73
     0
 74
     0
 75
     0
  3
ISO-25
100
AcDbDiametricDimension
 15
186.4578781673635
 25
195.8714457355167
 35
0.0
 40
0.0
1001
ACAD
1000
DSTYLE
1002
{
1070
   288
1070
     1
1002
}
1001
ACAD_DSTYLE_DIMRADIAL_EXTENSION
1070
   387
1070
     1
1070
   388
1040
0.0
1070
   390
1040
0.0
  0
DIMENSION
  5
EA13
102
{ACAD_XDICTIONARY
360
EA1F
102
}
102
{ACAD_REACTORS
330
EA28
102
}
330
1F
100
AcDbEntity
  8
0
100
AcDbDimension
  2
*D3
 10
176.1358116192822
 20
185.250258694525
 30
0.0
 11
190.8445668688209
 21
194.939511031823
 31
0.0
 70
   163
 71
     5
 42
13.02000000000001
 73
     0
 74
     0
 75
     0
  3
ISO-25
100
AcDbDiametricDimension
 15
187.0087179075489
 25
192.4126820865461
 35
0.0
 40
0.0
1001
ACAD
1000
DSTYLE
1002
{
1070
   288
1070
     1
1002
}
1001
ACAD_DSTYLE_DIMRADIAL_EXTENSION
1070
   387
1070
     1
1070
   388
1040
0.0
1070
   390
1040
0.0
  0
CIRCLE
  5
EA29
102
{ACAD_REACTORS
330
EA48
102
}
330
1F
100
AcDbEntity
  8
0
100
AcDbCircle
 10
181.5722647634156
 20
169.0104119413294
 30
0.0
 40
8.55
  0
CIRCLE
  5
EA2A
330
1F
100
AcDbEntity
  8
0
100
AcDbCircle
 10
181.5722647634156
 20
169.0104119413294
 30
0.0
 40
7.669158137809062
  0
CIRCLE
  5
EA2B
102
{ACAD_REACTORS
330
EA4B
102
}
330
1F
100
AcDbEntity
  8
0
100
AcDbCircle
 10
181.5722647634156
 20
169.0104119413294
 30
0.0
 40
6.519999999999999
  0
LINE
  5
EA39
102
{ACAD_REACTORS
330
EAC7
102
}
330
1F
100
AcDbEntity
  8
0
100
AcDbLine
 10
201.004145557701
 20
162.0904119413293
 30
0.0
 11
201.004145557701
 21
160.7604119413294
 31
0.0
  0
CIRCLE
  5
EA3F
330
1F
100
AcDbEntity
  8
0
100
AcDbCircle
 10
216.288232582363
 20
169.0104119413294
 30
0.0
 40
8.55
  0
LINE
  5
EA41
330
1F
100
AcDbEntity
  8
中心线
100
AcDbLine
 10
173.0031066256067
 20
169.0104119413294
 30
0.0
 11
190.1414229012245
 21
169.0104119413294
 31
0.0
  0
LINE
  5
EA42
330
1F
100
AcDbEntity
  8
中心线
100
AcDbLine
 10
199.154145557701
 20
169.0104119413294
 30
0.0
 11
201.0041455577011
 21
169.0104119413294
 31
0.0
  0
LINE
  5
EA43
330
1F
100
AcDbEntity
  8
中心线
100
AcDbLine
 10
207.7190744445541
 20
169.0104119413294
 30
0.0
 11
224.857390720172
 21
169.0104119413294
 31
0.0
  0
LINE
  5
EA44
330
1F
100
AcDbEntity
  8
中心线
100
AcDbLine
 10
216.288232582363
 20
160.4412538035204
 30
0.0
 11
216.288232582363
 21
177.5795700791383
 31
0.0
  0
LINE
  5
EA45
330
1F
100
AcDbEntity
  8
中心线
100
AcDbLine
 10
181.5722647634156
 20
160.4412538035204
 30
0.0
 11
181.5722647634156
 21
177.5795700791383
 31
0.0
  0
DIMENSION
  5
EA46
102
{ACAD_XDICTIONARY
360
EA47
102
}
102
{ACAD_REACTORS
330
EA48
102
}
330
1F
100
AcDbEntity
  8
标注线
100
AcDbDimension
  2
*D4
 10
176.6975741658122
 20
161.9861759275243
 30
0.0
 11
188.3698841589184
 21
178.8055121656399
 31
0.0
 70
    35
  1
<>{\H0.7x;\S+0.00^ -0.06;}
 71
     5
 42
17.09999999999996
 73
     0
 74
     0
 75
     0
  3
ISO-25
100
AcDbDiametricDimension
 15
186.4469553610192
 25
176.0346479551345
 35
0.0
 40
0.0
1001
ACAD
1000
DSTYLE
1002
{
1070
   288
1070
     1
1002
}
1001
ACAD_DSTYLE_DIMRADIAL_EXTENSION
1070
   387
1070
     1
1070
   388
1040
0.0
1070
   390
1040
0.0
  0
DIMENSION
  5
EA49
102
{ACAD_XDICTIONARY
360
EA4A
102
}
102
{ACAD_REACTORS
330
EA4B
102
}
330
1F
100
AcDbEntity
  8
标注线
100
AcDbDimension
  2
*D5
 10
176.5292066323709
 20
164.8778625239717
 30
0.0
 11
190.8353118723703
 21
176.6010442398982
 31
0.0
 70
   163
  1
<>{\H0.7x;\S+0.06^ -0.00;}
 71
     5
 42
13.03999999999999
 73
     0
 74
     0
 75
     0
  3
ISO-25
100
AcDbDiametricDimension
 15
186.6153228944603
 25
173.1429613586871
 35
0.0
 40
0.0
1001
ACAD_DSTYLE_DIMRADIAL_EXTENSION
1070
   387
1070
     1
1070
   388
1040
0.0
1070
   390
1040
0.0
1001
ACAD
1000
DSTYLE
1002
{
1070
   288
1070
     1
1002
}
  0
LINE
  5
EA82
102
{ACAD_REACTORS
330
EAC7
102
}
330
1F
100
AcDbEntity
  8
0
100
AcDbLine
 10
200.329145557701
 20
162.4904119413294
 30
0.0
 11
200.604145557701
 21
162.4904119413294
 31
0.0
  0
LINE
  5
EA83
102
{ACAD_REACTORS
330
EAC7
102
}
330
1F
100
AcDbEntity
  8
0
100
AcDbLine
 10
199.254145557701
 20
160.4604119413293
 30
0.0
 11
200.704145557701
 21
160.4604119413294
 31
0.0
  0
ARC
  5
EA90
102
{ACAD_REACTORS
330
EAC7
102
}
330
1F
100
AcDbEntity
  8
0
100
AcDbCircle
 10
199.254145557701
 20
160.5604119413293
 30
0.0
 40
0.1
100
AcDbArc
 50
180.0
 51
270.0
  0
LINE
  5
EA91
102
{ACAD_REACTORS
330
EAC7
102
}
330
1F
100
AcDbEntity
  8
0
100
AcDbLine
 10
199.154145557701
 20
160.5604119413293
 30
0.0
 11
199.154145557701
 21
160.8123380334073
 31
0.0
  0
LINE
  5
EA94
102
{ACAD_REACTORS
330
EAC7
330
EB2C
102
}
330
1F
100
AcDbEntity
  8
0
100
AcDbLine
 10
200.3291455577011
 20
162.4904119413294
 30
0.0
 11
199.154145557701
 21
160.8123380334073
 31
0.0
  0
LINE
  5
EA96
102
{ACAD_REACTORS
330
EAC7
102
}
330
1F
100
AcDbEntity
  8
0
100
AcDbLine
 10
200.604145557701
 20
162.4904119413294
 30
0.0
 11
201.004145557701
 21
162.0904119413293
 31
0.0
  0
LINE
  5
EA97
102
{ACAD_REACTORS
330
EAC7
102
}
330
1F
100
AcDbEntity
  8
0
100
AcDbLine
 10
200.704145557701
 20
160.4604119413294
 30
0.0
 11
201.004145557701
 21
160.7604119413294
 31
0.0
  0
LINE
  5
EA98
102
{ACAD_REACTORS
330
EAB6
102
}
330
1F
100
AcDbEntity
  8
0
100
AcDbLine
 10
201.004145557701
 20
175.9304119413294
 30
0.0
 11
201.004145557701
 21
177.2604119413294
 31
0.0
  0
LINE
  5
EA99
102
{ACAD_REACTORS
330
EAB6
102
}
330
1F
100
AcDbEntity
  8
0
100
AcDbLine
 10
200.704145557701
 20
177.5604119413294
 30
0.0
 11
201.004145557701
 21
177.2604119413294
 31
0.0
  0
LINE
  5
EA9A
102
{ACAD_REACTORS
330
EAB6
102
}
330
1F
100
AcDbEntity
  8
0
100
AcDbLine
 10
200.604145557701
 20
175.5304119413294
 30
0.0
 11
201.004145557701
 21
175.9304119413294
 31
0.0
  0
LINE
  5
EA9B
102
{ACAD_REACTORS
330
EAB6
102
}
330
1F
100
AcDbEntity
  8
0
100
AcDbLine
 10
200.329145557701
 20
175.5304119413294
 30
0.0
 11
200.604145557701
 21
175.5304119413294
 31
0.0
  0
LINE
  5
EA9C
102
{ACAD_REACTORS
330
EAB6
102
}
330
1F
100
AcDbEntity
  8
0
100
AcDbLine
 10
199.254145557701
 20
177.5604119413294
 30
0.0
 11
200.704145557701
 21
177.5604119413294
 31
0.0
  0
ARC
  5
EA9D
102
{ACAD_REACTORS
330
EAB6
102
}
330
1F
100
AcDbEntity
  8
0
100
AcDbCircle
 10
199.254145557701
 20
177.4604119413294
 30
0.0
 40
0.1
100
AcDbArc
 50
90.00000000000003
 51
180.0
  0
LINE
  5
EA9E
102
{ACAD_REACTORS
330
EAB6
102
}
330
1F
100
AcDbEntity
  8
0
100
AcDbLine
 10
199.154145557701
 20
177.4604119413294
 30
0.0
 11
199.154145557701
 21
177.2084858492515
 31
0.0
  0
LINE
  5
EA9F
102
{ACAD_REACTORS
330
EAB6
330
EB2C
102
}
330
1F
100
AcDbEntity
  8
0
100
AcDbLine
 10
200.3291455577011
 20
175.5304119413294
 30
0.0
 11
199.154145557701
 21
177.2084858492514
 31
0.0
  0
LINE
  5
EAA0
330
1F
100
AcDbEntity
  8
0
100
AcDbLine
 10
199.154145557701
 20
160.8123380334073
 30
0.0
 11
199.154145557701
 21
177.2084858492514
 31
0.0
  0
LINE
  5
EAA1
330
1F
100
AcDbEntity
  8
0
100
AcDbLine
 10
200.329145557701
 20
175.5304119413294
 30
0.0
 11
200.329145557701
 21
162.4904119413294
 31
0.0
  0
LINE
  5
EAA2
330
1F
100
AcDbEntity
  8
0
100
AcDbLine
 10
200.604145557701
 20
162.4904119413294
 30
0.0
 11
200.604145557701
 21
175.5304119413294
 31
0.0
  0
LINE
  5
EAA3
330
1F
100
AcDbEntity
  8
0
100
AcDbLine
 10
201.004145557701
 20
175.9304119413294
 30
0.0
 11
201.004145557701
 21
162.0904119413293
 31
0.0
  0
HATCH
  5
EAB6
330
1F
100
AcDbEntity
  8
标注线
100
AcDbHatch
 10
0.0
 20
0.0
 30
0.0
210
0.0
220
0.0
230
1.0
  2
ANSI36
 70
     0
 71
     1
 91
        1
 92
        7
 72
     1
 73
     1
 93
        8
 10
201.004145557701
 20
177.2604119413294
 42
0.0
 10
200.704145557701
 20
177.5604119413294
 42
0.0
 10
199.254145557701
 20
177.5604119413294
 42
0.4142135623731007
 10
199.154145557701
 20
177.4604119413294
 42
0.0
 10
199.154145557701
 20
177.2084858492514
 42
0.0
 10
200.3291455577011
 20
175.5304119413294
 42
0.0
 10
200.604145557701
 20
175.5304119413294
 42
0.0
 10
201.004145557701
 20
175.9304119413294
 42
0.0
 97
        8
330
EA99
330
EA9C
330
EA9D
330
EA9E
330
EA9F
330
EA9B
330
EA9A
330
EA98
 75
     0
 76
     1
 52
0.0
 41
0.1
 77
     0
 78
     1
 53
45.0
 43
169.699361898906
 44
264.0863679864974
 45
0.1683798022700467
 46
0.6173926083235044
 79
     4
 49
0.7937500000000001
 49
-0.15875
 49
0.0
 49
-0.15875
 47
0.0198336768242306
 98
        1
 10
200.4885921381065
 20
176.5728755020517
1001
GradientColor1ACI
1070
     5
1001
GradientColor2ACI
1070
     2
1001
ACAD
1010
0.0
1020
0.0
1030
0.0
  0
HATCH
  5
EAC7
330
1F
100
AcDbEntity
  8
标注线
100
AcDbHatch
 10
0.0
 20
0.0
 30
0.0
210
0.0
220
0.0
230
1.0
  2
ANSI36
 70
     0
 71
     1
 91
        1
 92
        7
 72
     1
 73
     1
 93
        8
 10
201.004145557701
 20
162.0904119413293
 42
0.0
 10
200.604145557701
 20
162.4904119413294
 42
0.0
 10
200.3291455577011
 20
162.4904119413294
 42
0.0
 10
199.154145557701
 20
160.8123380334073
 42
0.0
 10
199.154145557701
 20
160.5604119413293
 42
0.4142135623731009
 10
199.254145557701
 20
160.4604119413293
 42
0.0
 10
200.704145557701
 20
160.4604119413294
 42
0.0
 10
201.004145557701
 20
160.7604119413294
 42
0.0
 97
        8
330
EA96
330
EA82
330
EA94
330
EA91
330
EA90
330
EA83
330
EA97
330
EA39
 75
     0
 76
     1
 52
0.0
 41
0.1
 77
     0
 78
     1
 53
45.0
 43
169.699361898906
 44
264.0863679864974
 45
0.1683798022700467
 46
0.6173926083235044
 79
     4
 49
0.7937500000000001
 49
-0.15875
 49
0.0
 49
-0.15875
 47
0.0198336768242306
 98
        1
 10
200.4687503727546
 20
161.1026072791926
1001
GradientColor1ACI
1070
     5
1001
GradientColor2ACI
1070
     2
1001
ACAD
1010
0.0
1020
0.0
1030
0.0
  0
CIRCLE
  5
EACB
330
1F
100
AcDbEntity
  8
0
100
AcDbCircle
 10
216.288232582363
 20
169.0104119413294
 30
0.0
 40
6.520000000000067
  0
CIRCLE
  5
EACC
330
1F
100
AcDbEntity
  8
0
100
AcDbCircle
 10
216.288232582363
 20
169.0104119413294
 30
0.0
 40
6.920000000000072
  0
CIRCLE
  5
EACD
330
1F
100
AcDbEntity
  8
0
100
AcDbCircle
 10
216.288232582363
 20
169.0104119413294
 30
0.0
 40
8.250000000000028
  0
DIMENSION
  5
EB0F
102
{ACAD_XDICTIONARY
360
EB1F
102
}
102
{ACAD_REACTORS
330
EB2C
102
}
330
1F
100
AcDbEntity
  8
0
100
AcDbDimension
  2
*D6
 10
199.154145557701
 20
160.8123380334073
 30
0.0
 11
193.7903176414832
 21
169.0104119413294
 31
0.0
 70
    34
 71
     5
 42
1.919862177193738
 73
     0
 74
     0
 75
     0
  3
ISO-25
100
AcDb2LineAngularDimension
 13
200.3291455577011
 23
175.5304119413294
 33
0.0
 14
199.154145557701
 24
177.2084858492514
 34
0.0
 15
200.3291455577011
 25
162.4904119413294
 35
0.0
 16
194.3539365176464
 26
172.5031738667918
 36
0.0
  0
VIEWPORT
  5
AB1C
102
{ACAD_XDICTIONARY
360
AB1D
102
}
330
AB15
100
AcDbEntity
 67
     1
  8
0
100
AcDbViewport
 10
150.3400003058305
 20
106.8149975641316
 30
0.0
 40
430.1081846696085
 41
200.2297781323107
 68
     1
 69
     1
 12
150.3400003058305
 22
106.8149975641316
 13
0.0
 23
0.0
 14
10.0
 24
10.0
 15
10.0
 25
10.0
 16
0.0
 26
0.0
 36
1.0
 17
0.0
 27
0.0
 37
0.0
 42
50.0
 43
0.0
 44
0.0
 45
200.2297781323107
 50
0.0
 51
0.0
 72
  1000
 90
   819232
  1

281
     0
 71
     1
 74
     0
110
0.0
120
0.0
130
0.0
111
1.0
121
0.0
131
0.0
112
0.0
122
1.0
132
0.0
 79
     0
146
0.0
170
     0
 61
     5
348
182
292
     1
282
     1
141
0.0
142
0.0
 63
   250
421
  3355443
  0
LINE
  5
BF86
330
AB15
100
AcDbEntity
 67
     1
  8
图框线
100
AcDbLine
 10
7.339999614298534
 20
206.5149970751508
 30
0.0
 11
293.3399996142987
 21
206.5149970751508
 31
0.0
  0
LINE
  5
BF87
330
AB15
100
AcDbEntity
 67
     1
  8
图框线
100
AcDbLine
 10
13.33999961429842
 20
200.5149970751506
 30
0.0
 11
287.3399996142987
 21
200.5149970751508
 31
0.0
  0
LINE
  5
BF88
330
AB15
100
AcDbEntity
 67
     1
  8
图框线
100
AcDbLine
 10
7.339999614298534
 20
206.5149970751508
 30
0.0
 11
7.339999614298535
 21
7.11499707515087
 31
0.0
  0
LINE
  5
BF89
330
AB15
100
AcDbEntity
 67
     1
  8
图框线
100
AcDbLine
 10
13.33999961429842
 20
200.5149970751506
 30
0.0
 11
13.33999961429842
 21
13.11499707515087
 31
0.0
  0
LINE
  5
BF8A
330
AB15
100
AcDbEntity
 67
     1
  8
图框线
100
AcDbLine
 10
7.339999614298535
 20
7.11499707515087
 30
0.0
 11
293.3399996142987
 21
7.11499707515087
 31
0.0
  0
LINE
  5
BF8B
330
AB15
100
AcDbEntity
 67
     1
  8
图框线
100
AcDbLine
 10
13.33999961429842
 20
13.11499707515087
 30
0.0
 11
287.3399996142987
 21
13.11499707515087
 31
0.0
  0
LINE
  5
BF8C
330
AB15
100
AcDbEntity
 67
     1
  8
图框线
100
AcDbLine
 10
293.3399996142987
 20
7.11499707515087
 30
0.0
 11
293.3399996142987
 21
206.5149970751508
 31
0.0
  0
LINE
  5
BF8D
330
AB15
100
AcDbEntity
 67
     1
  8
图框线
100
AcDbLine
 10
287.3399996142987
 20
13.11499707515087
 30
0.0
 11
287.3399996142987
 21
200.5149970751508
 31
0.0
  0
LINE
  5
BFB5
330
AB15
100
AcDbEntity
 67
     1
  8
图框线
100
AcDbLine
 10
7.339999614298535
 20
7.11499707515087
 30
0.0
 11
13.33999961429842
 21
13.11499707515087
 31
0.0
  0
LINE
  5
BFB6
330
AB15
100
AcDbEntity
 67
     1
  8
图框线
100
AcDbLine
 10
293.3399996142987
 20
7.11499707515087
 30
0.0
 11
287.3399996142987
 21
13.11499707515087
 31
0.0
  0
LINE
  5
BFB7
330
AB15
100
AcDbEntity
 67
     1
  8
图框线
100
AcDbLine
 10
287.3399996142987
 20
200.5149970751508
 30
0.0
 11
293.3399996142987
 21
206.5149970751508
 31
0.0
  0
LINE
  5
BFB8
330
AB15
100
AcDbEntity
 67
     1
  8
图框线
100
AcDbLine
 10
13.33999961429842
 20
200.5149970751506
 30
0.0
 11
7.339999614298534
 21
206.5149970751508
 31
0.0
  0
MTEXT
  5
C006
330
AB15
100
AcDbEntity
 67
     1
  8
图框线
100
AcDbMText
 10
10.33999961429848
 20
188.8024970751506
 30
0.0
 40
3.0
 41
5.999999999999886
 46
23.42499999999998
 71
     5
 72
     5
  1
A
 73
     1
 44
1.0
  0
MTEXT
  5
C037
330
AB15
100
AcDbEntity
 67
     1
  8
图框线
100
AcDbMText
 10
28.56222183652061
 20
203.5149970751507
 30
0.0
 40
3.0
 41
30.44444444444455
 46
6.0
 71
     5
 72
     5
  1
1
 73
     1
 44
1.0
  0
VIEWPORT
  5
C27E
102
{ACAD_XDICTIONARY
360
C27F
102
}
330
AB15
100
AcDbEntity
 67
     1
  8
图框线
100
AcDbViewport
 10
150.3399996142985
 20
126.7318903016733
 30
0.0
 40
274.0000000000001
 41
147.5662135469549
 68
     2
 69
     2
 12
214.0516601900332
 22
149.107749028505
 13
0.0
 23
0.0
 14
10.0
 24
10.0
 15
10.0
 25
10.0
 16
0.0
 26
0.0
 36
1.0
 17
0.0
 27
0.0
 37
0.0
 42
50.0
 43
0.0
 44
0.0
 45
298.944076411075
 50
0.0
 51
0.0
 72
  1000
 90
   819296
  1

281
     0
 71
     1
 74
     0
110
169.699361898906
120
264.0863679864974
130
0.0
111
1.0
121
0.0
131
0.0
112
0.0
122
1.0
132
0.0
 79
     0
146
0.0
170
     0
 61
     5
348
182
292
     1
282
     1
141
0.0
142
0.0
 63
   250
421
  3355443
  0
LINE
  5
C97B
330
AB15
100
AcDbEntity
 67
     1
  8
图框线
100
AcDbLine
 10
225.6409376929735
 20
30.72599613875344
 30
0.0
 11
225.6409376929735
 21
25.46856319120147
 31
0.0
  0
LINE
  5
C97C
330
AB15
100
AcDbEntity
 67
     1
  8
图框线
100
AcDbLine
 10
238.6912103405796
 20
30.72599613875344
 30
0.0
 11
238.6912103405796
 21
25.46856319120147
 31
0.0
  0
LINE
  5
C97D
330
AB15
100
AcDbEntity
 67
     1
  8
图框线
100
AcDbLine
 10
263.8906356500531
 20
52.94878352819586
 30
0.0
 11
263.8906356500531
 21
35.98342908633571
 31
0.0
  0
LINE
  5
C97E
330
AB15
100
AcDbEntity
 67
     1
  8
图框线
100
AcDbLine
 10
254.1952457749415
 20
35.98342908633571
 30
0.0
 11
254.1952457749415
 21
25.46856319122902
 31
0.0
  0
LINE
  5
C97F
330
AB15
100
AcDbEntity
 67
     1
  8
图框线
100
AcDbLine
 10
238.6912103400946
 20
35.98342908633571
 30
0.0
 11
238.6912103400946
 21
30.72599613878099
 31
0.0
  0
LINE
  5
C980
330
AB15
100
AcDbEntity
 67
     1
  8
图框线
100
AcDbLine
 10
287.3109990084079
 20
47.29366538090912
 30
0.0
 11
188.9989450632832
 21
47.29366538090912
 31
0.0
  0
LINE
  5
C981
330
AB15
100
AcDbEntity
 67
     1
  8
图框线
100
AcDbLine
 10
287.3109990084079
 20
41.63854723362243
 30
0.0
 11
188.9989450632832
 21
41.63854723362243
 31
0.0
  0
LINE
  5
C982
330
AB15
100
AcDbEntity
 67
     1
  8
图框线
100
AcDbLine
 10
287.3399996142987
 20
35.98342908633571
 30
0.0
 11
188.9989450632832
 21
35.98342908633571
 31
0.0
  0
LINE
  5
C983
330
AB15
100
AcDbEntity
 67
     1
  8
图框线
100
AcDbLine
 10
287.3399996142987
 20
30.72599613878099
 30
0.0
 11
188.9989450632832
 21
30.72599613878099
 31
0.0
  0
LINE
  5
C984
330
AB15
100
AcDbEntity
 67
     1
  8
图框线
100
AcDbLine
 10
287.3399996142987
 20
25.46856319122902
 30
0.0
 11
188.9989450632832
 21
25.46856319122902
 31
0.0
  0
LINE
  5
C986
330
AB15
100
AcDbEntity
 67
     1
  8
图框线
100
AcDbLine
 10
124.6176000018195
 20
25.54962060241899
 30
0.0
 11
188.9989450632832
 21
25.54962060241899
 31
0.0
  0
LINE
  5
C987
330
AB15
100
AcDbEntity
 67
     1
  8
图框线
100
AcDbLine
 10
124.6176000018195
 20
29.46450663518965
 30
0.0
 11
188.9989450632832
 21
29.46450663518965
 31
0.0
  0
LINE
  5
C988
330
AB15
100
AcDbEntity
 67
     1
  8
图框线
100
AcDbLine
 10
124.6176000018195
 20
33.37939266796031
 30
0.0
 11
188.9989450632832
 21
33.37939266796031
 31
0.0
  0
LINE
  5
C989
330
AB15
100
AcDbEntity
 67
     1
  8
图框线
100
AcDbLine
 10
124.6176000018195
 20
37.29427870073094
 30
0.0
 11
188.9989450632832
 21
37.29427870073094
 31
0.0
  0
LINE
  5
C98A
330
AB15
100
AcDbEntity
 67
     1
  8
图框线
100
AcDbLine
 10
124.6176000018195
 20
41.20916473350158
 30
0.0
 11
188.9989450632832
 21
41.20916473350158
 31
0.0
  0
LINE
  5
C98B
330
AB15
100
AcDbEntity
 67
     1
  8
图框线
100
AcDbLine
 10
124.6176000018195
 20
45.12405076627223
 30
0.0
 11
188.9989450632832
 21
45.12405076627223
 31
0.0
  0
LINE
  5
C98C
330
AB15
100
AcDbEntity
 67
     1
  8
图框线
100
AcDbLine
 10
124.6176000018195
 20
49.0389367990429
 30
0.0
 11
188.9989450632832
 21
49.0389367990429
 31
0.0
  0
LINE
  5
C98D
330
AB15
100
AcDbEntity
 67
     1
  8
图框线
100
AcDbLine
 10
124.6176000018195
 20
21.63473456964834
 30
0.0
 11
188.9989450632832
 21
21.63473456964834
 31
0.0
  0
LINE
  5
C98E
330
AB15
100
AcDbEntity
 67
     1
  8
图框线
100
AcDbLine
 10
131.4876642423177
 20
13.11499707515087
 30
0.0
 11
131.4876642423177
 21
52.94878352819586
 31
0.0
  0
LINE
  5
C98F
330
AB15
100
AcDbEntity
 67
     1
  8
图框线
100
AcDbLine
 10
161.2540192083968
 20
13.11499707515087
 30
0.0
 11
161.2540192083968
 21
52.94878352819586
 31
0.0
  0
LINE
  5
C991
330
AB15
100
AcDbEntity
 67
     1
  8
图框线
100
AcDbLine
 10
199.0041540930649
 20
52.94878352819586
 30
0.0
 11
199.0041540930649
 21
25.46856319122902
 31
0.0
  0
LINE
  5
C992
330
AB15
100
AcDbEntity
 67
     1
  8
图框线
100
AcDbLine
 10
225.6409376925327
 20
52.94878352819586
 30
0.0
 11
225.6409376925327
 21
35.98342908633571
 31
0.0
  0
LINE
  5
C993
330
AB15
100
AcDbEntity
 67
     1
  8
图框线
100
AcDbLine
 10
238.6912103400946
 20
52.94878352819586
 30
0.0
 11
238.6912103400946
 21
35.98342908633571
 31
0.0
  0
LINE
  5
C994
330
AB15
100
AcDbEntity
 67
     1
  8
图框线
100
AcDbLine
 10
177.6234574054672
 20
13.11499707515087
 30
0.0
 11
177.6234574054672
 21
52.94878352819586
 31
0.0
  0
LINE
  5
C995
330
AB15
100
AcDbEntity
 67
     1
  8
图框线
100
AcDbLine
 10
225.6409376925327
 20
35.98342908633571
 30
0.0
 11
225.6409376925327
 21
30.72599613878099
 31
0.0
  0
MTEXT
  5
C99E
102
{ACAD_XDICTIONARY
360
C99F
102
}
330
AB15
100
AcDbEntity
 67
     1
  8
图框线
100
AcDbMText
 10
238.2419738534945
 20
19.22437714668237
 30
0.0
 40
5.188715749199004
 41
98.48605758042234
 46
12.48837208909329
 71
     5
 72
     5
  1
江西歐維星科技有限公司
 73
     1
 44
1.0
1001
ACAD
1000
ACAD_MTEXT_DEFINED_HEIGHT_BEGIN
1070
    46
1040
12.48837208909329
1000
ACAD_MTEXT_DEFINED_HEIGHT_END
  0
MTEXT
  5
C9A0
102
{ACAD_XDICTIONARY
360
C9A1
102
}
330
AB15
100
AcDbEntity
 67
     1
  8
图框线
100
AcDbMText
 10
275.7040095794339
 20
38.81098815997912
 30
0.0
 40
2.905680819551441
 41
23.21397885794809
 46
5.655118147286722
 71
     5
 72
     5
  1
{\f陈继世-硬笔行书|b0|i0|c134|p49;2026.07.21}
 73
     1
 44
1.0
1001
ACAD
1000
ACAD_MTEXT_DEFINED_HEIGHT_BEGIN
1070
    46
1040
5.655118147286722
1000
ACAD_MTEXT_DEFINED_HEIGHT_END
  0
LINE
  5
C9A5
330
AB15
100
AcDbEntity
 67
     1
  8
图框线
100
AcDbLine
 10
124.6176000018195
 20
13.11499707515087
 30
0.0
 11
124.6176000018195
 21
52.94878352819586
 31
0.0
  0
LINE
  5
C9A6
330
AB15
100
AcDbEntity
 67
     1
  8
图框线
100
AcDbLine
 10
107.6868205121832
 20
13.11499707515087
 30
0.0
 11
107.6868205121832
 21
52.94878352819586
 31
0.0
  0
HATCH
  5
C9A8
330
AB15
100
AcDbEntity
 67
     1
  8
图框线
100
AcDbHatch
 10
0.0
 20
0.0
 30
0.0
210
0.0
220
0.0
230
1.0
  2
SOLID
 70
     1
 71
     0
 91
        9
 92
        7
 72
     0
 73
     1
 93
       56
 10
248.5415983229078
 20
40.69436948410952
 10
248.5401178217786
 20
40.72397363169135
 10
248.5221696830879
 20
40.76959656649217
 10
248.4832865534281
 20
40.83020076272064
 10
248.4623891624877
 20
40.85970386022544
 10
248.4181186537185
 20
40.91649165354278
 10
248.361809085766
 20
40.97280239649622
 10
248.3336537142892
 20
41.00095659297203
 10
248.2773441463366
 20
41.0572673359255
 10
248.2455791721065
 20
41.0726868726874
 10
248.2303464604872
 20
41.08284240543397
 10
248.2038960153109
 20
41.10623197327536
 10
248.1565599292033
 20
41.13593364593163
 10
248.1319154604046
 20
41.14948845627115
 10
248.0814832469353
 20
41.17355952463239
 10
248.0577435288267
 20
41.18002555456463
 10
248.0448267439739
 20
41.18131805555053
 10
248.0202762752471
 20
41.1796801043011
 10
247.9921044537577
 20
41.15106765747575
 10
247.9794990441425
 20
41.13468109497619
 10
247.9590693035588
 20
41.10011139360664
 10
247.9942453053908
 20
41.02804036363138
 10
248.015404721531
 20
40.99318983704761
 10
248.0631215079291
 20
40.92873398788113
 10
248.1163807735549
 20
40.84743215086464
 10
248.1493524737055
 20
40.80938914684572
 10
248.2222577543171
 20
40.74511424781728
 10
248.2547065790689
 20
40.7400147439274
 10
248.2721576923804
 20
40.73128918727157
 10
248.2957058853429
 20
40.70838959480392
 10
248.2931291083773
 20
40.67995457311389
 10
248.2828584255428
 20
40.66283833505774
 10
248.2589812323295
 20
40.64718379811657
 10
248.2515376016516
 20
40.64931054973885
 10
248.2452995218932
 20
40.64723079815244
 10
248.2406194933233
 20
40.64106321844785
 10
248.1769649947681
 20
40.57740754489173
 10
248.1451377454905
 20
40.5455802956141
 10
248.0814832469353
 20
40.48192579705889
 10
248.0199507999988
 20
40.44650304503867
 10
247.9914511532594
 20
40.41657812221216
 10
247.9590693035588
 20
40.35339244901456
 10
247.9670654457246
 20
40.34208699471277
 10
247.9713116378972
 20
40.32891013033959
 10
248.0456938946353
 20
40.33232233294238
 10
248.0834619484446
 20
40.33861681274379
 10
248.1549302029601
 20
40.35951302868332
 10
248.2123078467273
 20
40.38124114525735
 10
248.2402528930437
 20
40.3964844318848
 10
248.2895853056742
 20
40.43296115970902
 10
248.3189638530839
 20
40.45254724964913
 10
248.3336537142892
 20
40.46233970711877
 10
248.3630322616988
 20
40.48192579705889
 10
248.4291354621219
 20
40.54802899748198
 10
248.4621870623336
 20
40.58108059769351
 10
248.5282902627566
 20
40.64718379811657
 97
        0
 92
        7
 72
     0
 73
     1
 93
      513
 10
248.3569116820303
 20
39.86374020051115
 10
248.6507030311322
 20
40.15753154961319
 10
248.6591689125898
 20
40.16978328395874
 10
248.6565639356028
 20
40.18541079587929
 10
248.6445824514635
 20
40.19425502762561
 10
248.6284015141208
 20
40.19144677548347
 10
248.6153202291425
 20
40.19798683047222
 10
248.6078589734511
 20
40.21261676663184
 10
248.5763712994324
 20
40.22859442881947
 10
248.5612690129126
 20
40.23866183649881
 10
248.5344108424253
 20
40.26158257898262
 10
248.5176210466174
 20
40.26469859985843
 10
248.5099285237503
 20
40.27994431798883
 10
248.4607288862212
 20
40.28092544373722
 10
248.4355462670121
 20
40.27840741681649
 10
248.3875157553748
 20
40.26770315865136
 10
248.3704688423714
 20
40.24628641731481
 10
248.3536698545573
 20
40.23788751090815
 10
248.3263087836866
 20
40.23710026030765
 10
248.1989997865761
 20
40.17344458675156
 10
248.1353441130199
 20
40.14161733747395
 10
248.0080351159096
 20
40.07796283891872
 10
247.8534825480179
 20
39.99217132347754
 10
247.7774376650113
 20
39.94678926386044
 10
247.6285544764444
 20
39.85149904117367
 10
247.5921552986792
 20
39.84459121090444
 10
247.5700629318272
 20
39.84753693815143
 10
247.5367446064124
 20
39.86374020051115
 10
247.5456581632116
 20
39.901410729246
 10
247.5518762679547
 20
39.92006621847629
 10
247.5673486797568
 20
39.95555007054311
 10
247.5333453288194
 20
39.98766872004299
 10
247.5162055907453
 20
40.00358528218406
 10
247.4816593893936
 20
40.03511878123759
 10
247.456110169905
 20
40.03589545683002
 10
247.4413545086494
 20
40.03146922845373
 10
247.4204524177054
 20
40.01675704223138
 10
247.4046515292382
 20
39.99313633385602
 10
247.3837289396931
 20
39.97391180954931
 10
247.3896239191897
 20
39.95709167171904
 10
247.3853798159523
 20
39.94223378538555
 10
247.3714877803556
 20
39.93106775186817
 10
247.3479372373914
 20
39.89208944713578
 10
247.3342567019559
 20
39.87343513290641
 10
247.3041602289986
 20
39.83925788183622
 10
247.2190972141131
 20
39.78414093979342
 10
247.1782659329673
 20
39.75320786619787
 10
247.1021787499284
 20
39.68624104011603
 10
247.0991119975892
 20
39.66920352711996
 10
247.1005842737122
 20
39.65889406925595
 10
247.1082993295973
 20
39.64339698243488
 10
247.1548164400802
 20
39.59687987195191
 10
247.1780744078212
 20
39.5736219042109
 10
247.2245915183041
 20
39.52710479372802
 10
247.2727606800473
 20
39.51797386176298
 10
247.2981653744257
 20
39.5167036857941
 10
247.3470042866798
 20
39.52098421405926
 10
247.466985978201
 20
39.54861436013536
 10
247.5264316235457
 20
39.56719112430555
 10
247.6407956357817
 20
39.61279408409119
 10
247.6995539056022
 20
39.64217263150093
 10
247.7289336280128
 20
39.65686249270628
 10
247.7955611272153
 20
39.69017557612577
 10
247.8075846630072
 20
39.67815350894691
 10
247.8060536368395
 20
39.66787930110982
 10
247.1968086221115
 20
38.98937738355318
 10
246.8919992896051
 20
38.65029327490216
 10
246.2820116743106
 20
37.97245875785467
 10
246.2742084933584
 20
37.92881099956046
 10
246.2770590455328
 20
37.90315837999276
 10
246.2942528336481
 20
37.86228714881649
 10
246.3358737153963
 20
37.82066744206928
 10
246.3566829812695
 20
37.7998570011952
 10
246.3983038630176
 20
37.75823611944711
 10
246.4224548314398
 20
37.75190286461614
 10
246.4396533195587
 20
37.75534326724045
 10
246.4595108347058
 20
37.77047727878457
 10
246.7630946412775
 20
38.03489008047684
 10
246.9148871320638
 20
38.16709530632208
 10
247.2184709386354
 20
38.43150810801433
 10
247.236998352768
 20
38.4436834673016
 10
247.2528091648283
 20
38.44544009364162
 10
247.273557330655
 20
38.4376286876831
 10
247.2877818915053
 20
38.42557435348813
 10
247.2930000704856
 20
38.41339781919995
 10
247.2919190696611
 20
38.39478463000194
 10
247.3017115271308
 20
38.34581881765114
 10
247.3066089308665
 20
38.32133649897619
 10
247.3164013883361
 20
38.27237068662541
 10
247.3212976170708
 20
38.25278459668528
 10
247.3237463189387
 20
38.24299213921566
 10
247.3286425476736
 20
38.22340604927553
 10
247.3384361801439
 20
38.17444023692475
 10
247.3433324088789
 20
38.1499579182498
 10
247.3531248663484
 20
38.1009932808999
 10
247.3654706007658
 20
38.07155480844443
 10
247.3637069244204
 20
38.04862701595528
 10
247.3470042866798
 20
38.0214245702054
 10
247.3372118292102
 20
38.01163093773494
 10
247.3323156004752
 20
38.00673470900012
 10
247.3225219680048
 20
37.99694225153049
 10
247.3319654502083
 20
37.966156053047
 10
247.3285414975964
 20
37.94389683606782
 10
247.3102808086673
 20
37.91737354083604
 10
247.3102808086673
 20
37.86351149975042
 10
247.3102808086673
 20
37.83658047920763
 10
247.3102808086673
 20
37.78271843812202
 10
247.3004883511977
 20
37.73865002950696
 10
247.2955909474619
 20
37.71661641269986
 10
247.2857984899924
 20
37.67254682908387
 10
247.2857984899924
 20
37.623582191734
 10
247.2857984899924
 20
37.59909987305905
 10
247.2857984899924
 20
37.55013406070825
 10
247.2760048575219
 20
37.50606565209321
 10
247.2711086287871
 20
37.48403086028519
 10
247.2613161713174
 20
37.43996245167011
 10
247.2613161713174
 20
37.41058390426037
 10
247.2613161713174
 20
37.39589404305502
 10
247.2613161713174
 20
37.36651432064437
 10
247.2588674694496
 20
37.34203200196944
 10
247.2576431185157
 20
37.32979084263198
 10
247.2551955916488
 20
37.30530852395702
 10
247.2454019591782
 20
37.20737807425635
 10
247.2405057304433
 20
37.15841226190555
 10
247.2307120979728
 20
37.06048181220487
 10
247.2347823010776
 20
37.01599157826802
 10
247.2306298479101
 20
36.99107685926326
 10
247.2123503589667
 20
36.95031020316672
 10
247.2123503589667
 20
36.90134556581686
 10
247.2123503589667
 20
36.87686324714189
 10
247.2123503589667
 20
36.82789743479111
 10
247.190006541923
 20
36.76784196398123
 10
247.1859081387967
 20
36.73232638689017
 10
247.1939886199604
 20
36.66876001340215
 10
247.2303783977184
 20
36.63413038698691
 10
247.2487436617272
 20
36.61698947391192
 10
247.2857984899924
 20
36.58307189803986
 10
247.3319114001669
 20
36.57523816706437
 10
247.3586191705394
 20
36.57804876920828
 10
247.4020906786992
 20
36.59531305737735
 10
247.4385979565467
 20
36.63468733741176
 10
247.4569608705539
 20
36.65427460235274
 10
247.4939005487312
 20
36.69324350707802
 10
247.4910911215882
 20
36.70942444442072
 10
247.4976323515778
 20
36.72250572939903
 10
247.5122622877374
 20
36.7299669850904
 10
247.5486696905087
 20
36.7952418098816
 10
247.5683286305045
 20
36.82718655924887
 10
247.6101927374381
 20
36.88910440647936
 10
247.6395724598488
 20
36.94786267629976
 10
247.6542611460532
 20
36.97724122370952
 10
247.6836408684638
 20
37.03599949352997
 10
247.6958820278011
 20
37.04824065286743
 10
247.7791226162966
 20
37.21472300485903
 10
247.8207434980447
 20
37.29796359335435
 10
247.9039840865401
 20
37.46444477034508
 10
247.9325131083018
 20
37.55420661381478
 10
247.9559579011854
 20
37.59849239759566
 10
248.0141556955782
 20
37.67254682908387
 10
248.0772062436727
 20
37.66379307240658
 10
248.1104387940224
 20
37.64994568684391
 10
248.1610507826289
 20
37.61134103239653
 10
248.2404878932229
 20
37.56718802371691
 10
248.2809654990989
 20
37.54633528281055
 10
248.3630322616988
 20
37.50729000302712
 10
248.3752781222289
 20
37.49504708056364
 10
248.4438253233273
 20
37.46077289254416
 10
248.4781012744727
 20
37.44363550447189
 10
248.5466520017627
 20
37.40935955332644
 10
248.6225946596914
 20
37.36974439810828
 10
248.6595801629037
 20
37.34755333118105
 10
248.7302717418267
 20
37.29918794428826
 10
248.6705981463081
 20
37.14265432488551
 10
248.6317984417119
 20
37.06630629164776
 10
248.5405314220941
 20
36.92582788449183
 10
248.4976897144147
 20
36.86073988484309
 10
248.4666837907636
 20
36.83108168722004
 10
248.3997569147123
 20
36.79117395677869
 10
248.3801708247721
 20
36.78138032430818
 10
248.3703771923015
 20
36.77648409557337
 10
248.3507911023615
 20
36.76669046310286
 10
248.3091279205811
 20
36.76217493465845
 10
248.2862177531054
 20
36.76487038671451
 10
248.2467400729919
 20
36.77893279744122
 10
248.1954371838586
 20
36.82366860656538
 10
248.1730369667718
 20
36.85265705367758
 10
248.1426890436227
 20
36.91358672515432
 10
248.1277007321897
 20
36.94773225120022
 10
248.1203546265861
 20
36.96487316427524
 10
248.1059655656102
 20
36.99927601551755
 10
248.0651989095137
 20
36.98384355374573
 10
248.0449148690411
 20
36.96790701658947
 10
248.0202762752471
 20
36.93194846416052
 10
248.002274086515
 20
36.88372760237797
 10
248.0008170854037
 20
36.853128229037
 10
248.0141556955782
 20
36.80341511611617
 10
248.0801707709342
 20
36.72393335548802
 10
248.1109886944418
 20
36.6820234235194
 10
248.1671725372984
 20
36.59531305737735
 10
248.1765831194767
 20
36.60090723664455
 10
248.1904833800798
 20
36.59395710634303
 10
248.1916548559734
 20
36.58307189803986
 10
248.245516897059
 20
36.58307189803986
 10
248.2724467426009
 20
36.58307189803986
 10
248.3263087836866
 20
36.58307189803986
 10
248.42531788421
 20
36.6122025202605
 10
248.4740733714003
 20
36.63220573551882
 10
248.5650137407689
 20
36.68100234774055
 10
248.6420632495419
 20
36.73439321346672
 10
248.6783519772227
 20
36.76567761233022
 10
248.7425129011642
 20
36.83401801445985
 10
248.8189431844646
 20
36.93887744444591
 10
248.8535869108907
 20
36.99455368691535
 10
248.9138914818906
 20
37.10944762455568
 10
248.9259610910972
 20
37.16401114117636
 10
248.9416015280276
 20
37.1924485128682
 10
248.9812190332476
 20
37.23186039293128
 10
249.0576974915849
 20
37.23453116996854
 10
249.0976627970701
 20
37.22937409103475
 10
249.1709581779792
 20
37.20737807425635
 10
249.2248202190648
 20
37.20737807425635
 10
249.2517512396077
 20
37.20737807425635
 10
249.3056132806933
 20
37.20737807425635
 10
249.3447854605734
 20
37.19758444178586
 10
249.3643715505136
 20
37.19268821305102
 10
249.4035437303939
 20
37.1828957555814
 10
249.4623020002144
 20
37.1828957555814
 10
249.4916805476241
 20
37.1828957555814
 10
249.5504388174446
 20
37.1828957555814
 10
249.5847147685899
 20
37.17310212311087
 10
249.6018521566623
 20
37.1682058943761
 10
249.6361281078077
 20
37.15841226190555
 10
249.6899901488933
 20
37.15841226190555
 10
249.7169211694361
 20
37.15841226190555
 10
249.7707820355207
 20
37.15841226190555
 10
249.7707820355207
 20
37.14617110256809
 10
249.8834023464269
 20
37.14617110256809
 10
249.9397119143794
 20
37.14617110256809
 10
250.0523322252854
 20
37.14617110256809
 10
250.0523322252854
 20
37.15841226190555
 10
250.1012980376362
 20
37.15841226190555
 10
250.1257803563112
 20
37.15841226190555
 10
250.1747449936609
 20
37.15841226190555
 10
250.218814577277
 20
37.1682058943761
 10
250.240848194084
 20
37.17310212311087
 10
250.2849166026992
 20
37.1828957555814
 10
250.3167450269776
 20
37.1828957555814
 10
250.332658064116
 20
37.1828957555814
 10
250.3644853133936
 20
37.1828957555814
 10
250.4746569224318
 20
37.19513691491889
 10
250.5297433144512
 20
37.20125749458762
 10
250.6399149234894
 20
37.2134986539251
 10
250.7378453731902
 20
37.22329111139472
 10
250.7868100105399
 20
37.22818851513042
 10
250.8847404602406
 20
37.23798097260003
 10
250.9292318691784
 20
37.23391194449618
 10
250.9541465881832
 20
37.23806439766368
 10
250.9949120692788
 20
37.25634271160624
 10
251.0634639715696
 20
37.25634271160624
 10
251.0977399227152
 20
37.25634271160624
 10
251.1662906500052
 20
37.25634271160624
 10
251.1662906500052
 20
37.24410155226876
 10
251.217703989223
 20
37.24410155226876
 10
251.2434106588318
 20
37.24410155226876
 10
251.2948239980496
 20
37.24410155226876
 10
251.3427475846053
 20
37.30573974928596
 10
251.3686269793459
 20
37.33531687184721
 10
251.4233585210948
 20
37.39099781432023
 10
251.4258342479833
 20
37.42117888734214
 10
251.4213845195891
 20
37.4389789759199
 10
251.4049967820886
 20
37.46444477034508
 10
251.3805132884127
 20
37.48892826402091
 10
251.3682721290753
 20
37.50116942335836
 10
251.3437898104004
 20
37.52565174203333
 10
251.2874802424478
 20
37.52565174203333
 10
251.2593248709711
 20
37.52565174203333
 10
251.2030153030186
 20
37.52565174203333
 10
251.1589457194026
 20
37.5158581095628
 10
251.1369121025955
 20
37.51096188082801
 10
251.0928425189795
 20
37.50116942335836
 10
251.0389816528948
 20
37.50116942335836
 10
251.012050632352
 20
37.50116942335836
 10
250.9581885912663
 20
37.50116942335836
 10
250.9190164113862
 20
37.49137579088785
 10
250.8994303214459
 20
37.48647956215304
 10
250.8602581415658
 20
37.47668592968253
 10
250.8112935042158
 20
37.47668592968253
 10
250.7868100105399
 20
37.47668592968253
 10
250.7378453731902
 20
37.47668592968253
 10
250.6937769645751
 20
37.4668934722129
 10
250.6717421727671
 20
37.4619972434781
 10
250.627673764152
 20
37.45220361100758
 10
250.5738117230663
 20
37.45220361100758
 10
250.5468807025235
 20
37.45220361100758
 10
250.493018661438
 20
37.45220361100758
 10
250.4538476565586
 20
37.44241115353793
 10
250.4342615666185
 20
37.43751374980226
 10
250.3950893867382
 20
37.42772129233261
 10
250.3412273456526
 20
37.42772129233261
 10
250.3142963251097
 20
37.42772129233261
 10
250.2604342840242
 20
37.42772129233261
 10
250.2212621041438
 20
37.41792765986212
 10
250.2016760142038
 20
37.41303143112733
 10
250.1625038343235
 20
37.40323897365769
 10
250.1086429682388
 20
37.40323897365769
 10
250.0817119476961
 20
37.40323897365769
 10
250.0278499066104
 20
37.40323897365769
 10
250.0278499066104
 20
37.39099781432023
 10
249.9299194569098
 20
37.39099781432023
 10
249.880953644559
 20
37.39099781432023
 10
249.7830231948583
 20
37.39099781432023
 10
249.7638514623089
 20
37.37482577107714
 10
249.7401791371771
 20
37.36651432064437
 10
249.6961107285621
 20
37.38120418184971
 10
249.6740759367541
 20
37.38854911245237
 10
249.6300075281389
 20
37.40323897365769
 10
249.5583430484738
 20
37.40221554787704
 10
249.5212200701566
 20
37.40733620178303
 10
249.4525083677438
 20
37.42772129233261
 10
249.3839576404538
 20
37.42772129233261
 10
249.3496816893084
 20
37.42772129233261
 10
249.2811309620183
 20
37.42772129233261
 10
249.2811309620183
 20
37.43996245167011
 10
249.2272689209327
 20
37.43996245167011
 10
249.2003379003899
 20
37.43996245167011
 10
249.1464758593042
 20
37.43996245167011
 10
249.1255408683353
 20
37.47881855630929
 10
249.1238535670483
 20
37.50919820448267
 10
249.1403552796355
 20
37.55013406070825
 10
249.1466121594083
 20
37.59002416613615
 10
249.1515859382023
 20
37.6099239813156
 10
249.1648375983106
 20
37.64806451040892
 10
249.1840547379692
 20
37.68522626375567
 10
249.1916052937288
 20
37.70536107911437
 10
249.2015622513239
 20
37.74599496010961
 10
249.2309407987337
 20
37.80475322993004
 10
249.2456306599389
 20
37.83413295234068
 10
249.2750092073487
 20
37.89289122216108
 10
249.3069527817151
 20
37.94816796432576
 10
249.3241536198357
 20
37.975196509943
 10
249.3606984977118
 20
38.02754514987416
 10
249.3799591124037
 20
38.06664917970245
 10
249.3945890485633
 20
38.08526941890585
 10
249.4280260490688
 20
38.11323444023738
 10
249.4252166219259
 20
38.1294153775801
 10
249.4317578519156
 20
38.14249666255839
 10
249.4463877880751
 20
38.1499579182498
 10
249.4583998222377
 20
38.17732251412332
 10
249.4676318042799
 20
38.1905118991841
 10
249.4892330207572
 20
38.21116488993805
 10
249.4969527766457
 20
38.25235454635727
 10
249.4940599244391
 20
38.27694144011191
 10
249.4769906864187
 20
38.31521591930748
 10
249.4578499218184
 20
38.32585085241973
 10
249.4495320904735
 20
38.34248651510927
 10
249.4525083677438
 20
38.36418055665735
 10
249.5067887091486
 20
38.49505333148619
 10
249.5290831761546
 20
38.56317518344911
 10
249.5626799767819
 20
38.70081713844141
 10
249.5435615371986
 20
38.72325730555865
 10
249.5414183355638
 20
38.74896867517112
 10
249.5565593971133
 20
38.77426409446626
 10
249.5761454870534
 20
38.81343627434656
 10
249.5859391195239
 20
38.83302236428665
 10
249.6055252094641
 20
38.87219454416693
 10
249.6251112994042
 20
38.93095281398736
 10
249.6349037568737
 20
38.960332536398
 10
249.654489846814
 20
39.0190908062184
 10
249.6560843230302
 20
39.05545120895387
 10
249.6632929535289
 20
39.07563537435022
 10
249.6850939201584
 20
39.10478009658162
 10
249.6866860463729
 20
39.15911683802931
 10
249.6904401742366
 20
39.18665415903458
 10
249.7034556591647
 20
39.23943402429472
 10
249.7132481166343
 20
39.32757084152484
 10
249.7181443453691
 20
39.37164042514086
 10
249.7279379778397
 20
39.45977724237101
 10
249.7303866797076
 20
39.48181203417899
 10
249.7316098556406
 20
39.49282884258251
 10
249.7340585575084
 20
39.51486363439051
 10
249.7340585575084
 20
39.62258654156082
 10
249.7340585575084
 20
39.6764485826464
 10
249.7340585575084
 20
39.78417148981673
 10
249.6849094450178
 20
39.83307502712
 10
249.6590876253211
 20
39.8564387449417
 10
249.6055252094641
 20
39.9004636785236
 10
249.5865783200115
 20
39.90743613384216
 10
249.5699967073632
 20
39.90329073068006
 10
249.5565593971133
 20
39.88822251918612
 10
249.5105651620292
 20
39.76514940030678
 10
249.4805262641156
 20
39.70507160447986
 10
249.4096643100626
 20
39.59443117008408
 10
249.3947429736808
 20
39.57008867651584
 10
249.3873968680773
 20
39.55784516717655
 10
249.3729396570493
 20
39.53322537339673
 10
249.3166300890968
 20
39.47691463044328
 10
249.2884747176201
 20
39.44876043396744
 10
249.2321651496676
 20
39.39244969101402
 10
249.2004001754374
 20
39.3770301542521
 10
249.185167463818
 20
39.36687579650641
 10
249.1587170186417
 20
39.34348505366413
 10
249.1401379044698
 20
39.3389648252161
 10
249.1297896715761
 20
39.33034149363832
 10
249.1219935406293
 20
39.31288215532042
 10
249.105173402799
 20
39.3069860008229
 10
249.0903155164656
 20
39.31123127906115
 10
249.0791494829483
 20
39.32512331465792
 10
249.1001044489326
 20
39.37824158017615
 10
249.1155886107438
 20
39.4040492998621
 10
249.152596438973
 20
39.44753608303353
 10
249.1685729261598
 20
39.4790237570521
 10
249.1786415088401
 20
39.49412486857112
 10
249.2015622513239
 20
39.52098421405926
 10
249.2175387385106
 20
39.55247188807785
 10
249.2276061461899
 20
39.56757299959689
 10
249.2505268886738
 20
39.59443117008408
 10
249.2768351587415
 20
39.642002256371
 10
249.2932087962312
 20
39.66467389866476
 10
249.3300955993682
 20
39.70460277912226
 10
249.3272861722252
 20
39.72078489146582
 10
249.3338274022148
 20
39.73386500144327
 10
249.3484573383744
 20
39.74132743213557
 10
249.3644338255612
 20
39.77281510615411
 10
249.3745012332404
 20
39.78791621767316
 10
249.3974231507252
 20
39.81477556316129
 10
249.413399637912
 20
39.84626323717987
 10
249.4234670455913
 20
39.86136434869889
 10
249.4463877880751
 20
39.88822251918612
 10
249.4623642752618
 20
39.9197113682056
 10
249.4724316829412
 20
39.93481247972463
 10
249.4953536004259
 20
39.96167065021186
 10
249.5113300876127
 20
39.99315832423043
 10
249.5213974952919
 20
40.00825943574944
 10
249.5443182377758
 20
40.03511878123759
 10
249.5681131809264
 20
40.07324638532104
 10
249.5791758143649
 20
40.09291472532392
 10
249.5994046297953
 20
40.13304923093826
 10
249.6039201582397
 20
40.17471241271865
 10
249.6012247061837
 20
40.19762258019436
 10
249.5871634704578
 20
40.23710026030765
 10
249.5491286914452
 20
40.27500108921815
 10
249.5295061764772
 20
40.29339690325037
 10
249.4892330207572
 20
40.32891013033959
 10
249.4378185065385
 20
40.32891013033959
 10
249.4121118369297
 20
40.32891013033959
 10
249.3606984977118
 20
40.32891013033959
 10
249.1799974598744
 20
40.02504549855369
 10
249.0894119407763
 20
39.87325183276656
 10
248.9077709022218
 20
39.56994885140915
 10
248.8178363336203
 20
39.44949480952764
 10
248.7725412240695
 20
39.38950866377061
 10
248.6813071044768
 20
39.27003692263838
 10
248.611768201433
 20
39.16045868905285
 10
248.573554822284
 20
39.10745204861973
 10
248.4915667847441
 20
39.00684964688094
 10
248.4666391407294
 20
38.96296218840387
 10
248.4498530779253
 20
38.94230214764453
 10
248.4119980740497
 20
38.90891919718028
 10
248.4148075011928
 20
38.89273708483666
 10
248.4082662712032
 20
38.87965697485923
 10
248.3936363350435
 20
38.87219454416693
 10
248.2976093867947
 20
38.73440336406075
 10
248.2473181734329
 20
38.66693833759891
 10
248.1426890436227
 20
38.53555913738376
 10
248.1388056656604
 20
38.44387264244594
 10
248.1312551099009
 20
38.39731088192897
 10
248.1059655656102
 20
38.30909533963872
 10
248.0621016071511
 20
38.2293856288367
 10
248.0434578679298
 20
38.18712672160192
 10
248.0141556955782
 20
38.1009932808999
 10
247.9407075645526
 20
37.95409701884845
 10
247.9039840865401
 20
37.88064888782269
 10
247.8305359555143
 20
37.73375380077214
 10
247.7352950828652
 20
37.5589700674483
 10
247.6822990174403
 20
37.47393055258076
 10
247.5606993394476
 20
37.30202915355486
 10
247.53946825849
 20
37.30556819915509
 10
247.5306240267437
 20
37.31754968329449
 10
247.5315440524453
 20
37.40110869703276
 10
247.5352594052794
 20
37.44322307915729
 10
247.5489857657499
 20
37.52565174203333
 10
247.5612281000882
 20
37.6113410323965
 10
247.5673486797568
 20
37.65418509007768
 10
247.5795898390944
 20
37.73987438044088
 10
247.5689889810082
 20
37.77710545884051
 10
247.5628449013215
 20
37.79553887290138
 10
247.5489857657499
 20
37.83168425047283
 10
247.5612281000882
 20
37.85616656914778
 10
247.5673486797568
 20
37.86840772848524
 10
247.5795898390944
 20
37.89289122216108
 10
247.5795898390944
 20
38.01530399053671
 10
247.5795898390944
 20
38.07650978722409
 10
247.5795898390944
 20
38.1989237306006
 10
247.5673486797568
 20
38.1989237306006
 10
247.5673486797568
 20
38.24543966608262
 10
247.5673486797568
 20
38.2686988088245
 10
247.5673486797568
 20
38.31521591930748
 10
247.5545764200143
 20
38.42312800162206
 10
247.5406385593826
 20
38.47761514318447
 10
247.5000211283998
 20
38.57840319506491
 10
247.4883075444648
 20
38.62060335225491
 10
247.4777877614404
 20
38.64164291830375
 10
247.4510553160492
 20
38.6763336447656
 10
247.4317958763581
 20
38.71543767459389
 10
247.4171659401986
 20
38.73405791379729
 10
247.3837289396931
 20
38.76202293512879
 10
247.3829510890997
 20
38.78757215461757
 10
247.3873784924769
 20
38.80232781587308
 10
247.4020906786992
 20
38.82322990681705
 10
247.6098672621898
 20
39.0613226884326
 10
247.7127103906378
 20
39.18130672995558
 10
247.9162252458776
 20
39.42305376435859
 10
248.2100165949796
 20
39.71684511346062
 97
        0
 92
       22
 72
     0
 73
     1
 93
       39
 10
249.0375286012001
 20
38.98971108380776
 10
249.0901662913517
 20
39.04234877395943
 10
249.1954416716551
 20
39.1476241542628
 10
249.2926953208396
 20
39.22680628966233
 10
249.3416681831956
 20
39.26598434454711
 10
249.4402672084063
 20
39.34348505366413
 10
249.4496871905918
 20
39.35167715991298
 10
249.4653264525214
 20
39.34854930752712
 10
249.4708701067501
 20
39.33736447399539
 10
249.4785040875732
 20
39.29368616567787
 10
249.4756641104069
 20
39.26812989618369
 10
249.4586289474125
 20
39.22719286495726
 10
249.4087548593689
 20
39.03156109073064
 10
249.3842701906923
 20
38.93362711602728
 10
249.3362161790369
 20
38.73754061645391
 10
249.311733860362
 20
38.63961016675319
 10
249.2994927010245
 20
38.59064435440237
 10
249.2750092073487
 20
38.49271390470171
 10
249.2701952286766
 20
38.4786221189526
 10
249.2689050776925
 20
38.47088238804877
 10
249.2688886276798
 20
38.4559904266893
 10
249.2407038811808
 20
38.44636129434427
 10
249.2252255943741
 20
38.4437821673769
 10
249.1954416716551
 20
38.44374926735182
 10
249.1689172014223
 20
38.46200995628095
 10
249.1466591594442
 20
38.46543390889272
 10
249.1158729609607
 20
38.4559904266893
 10
249.0791494829483
 20
38.46823158602678
 10
249.0607865689411
 20
38.47435216569551
 10
249.0240630909287
 20
38.48659332503297
 10
248.9219132130095
 20
38.52300072780429
 10
248.8719827249228
 20
38.54988709831303
 10
248.7853581338463
 20
38.61512784807823
 10
248.7629426417479
 20
38.62665578187165
 10
248.752700158935
 20
38.64509037093345
 10
248.7547540605017
 20
38.67021306509686
 10
248.8293372423932
 20
38.75280270309565
 10
248.8649656195703
 20
38.79580186089511
 10
248.9322532208968
 20
38.88443570350441
 97
        0
 92
       22
 72
     0
 73
     1
 93
       63
 10
248.6507030311322
 20
38.52943855771504
 10
248.6824727053658
 20
38.4769512676781
 10
248.6972224916169
 20
38.44991214705283
 10
248.7241511621579
 20
38.39478463000194
 10
248.7611519403819
 20
38.35040484614933
 10
248.7870947851709
 20
38.33128875656772
 10
248.8404433508648
 20
38.30909533963872
 10
248.9305964696329
 20
38.25773722546311
 10
248.982766509428
 20
38.23947771153488
 10
249.0852700626169
 20
38.22340604927553
 10
249.0948322199109
 20
38.21098393980001
 10
249.1016542751147
 20
38.20552606063678
 10
249.1158729609607
 20
38.1989237306006
 10
249.1215564402961
 20
38.14447418906686
 10
249.1158764859633
 20
38.1132320902356
 10
249.0913906422857
 20
38.06426862788661
 10
249.07731648155
 20
38.03668313184456
 10
249.0722005276477
 20
38.02133409513642
 10
249.0669071486098
 20
37.99082167186178
 10
249.0443060063699
 20
37.94317303551571
 10
249.0344371738419
 20
37.91849919169467
 10
249.01794251126
 20
37.86840772848524
 10
248.9640804701743
 20
37.76068482131497
 10
248.9371494496316
 20
37.70682278022937
 10
248.8832885835468
 20
37.59909987305905
 10
248.8541262363021
 20
37.58043380882071
 10
248.8308200935243
 20
37.57710385628063
 10
248.7975992931837
 20
37.58685871372158
 10
248.6801614786029
 20
37.62415794217318
 10
248.6222386344199
 20
37.64634195909497
 10
248.5099285237503
 20
37.69703032275973
 10
248.4435057230834
 20
37.72650404524207
 10
248.4114975236678
 20
37.74698901086786
 10
248.3569116820303
 20
37.7949607724604
 10
248.3600712594403
 20
37.83211665080266
 10
248.3689084411813
 20
37.8527355665306
 10
248.3936363350435
 20
37.88064888782269
 10
248.3999308148448
 20
37.90300680487715
 10
248.3937244601107
 20
37.92162586907966
 10
248.3752745960373
 20
37.93573527984224
 10
248.3560562813777
 20
37.95258714269671
 10
248.3393888936639
 20
37.9575879465113
 10
248.3140676243489
 20
37.95409701884845
 10
248.2595299577481
 20
37.91940629238661
 10
248.2290539595012
 20
37.9054378817316
 10
248.1671725372984
 20
37.88676946749145
 10
248.1478214475376
 20
37.88287316451937
 10
248.1360021135218
 20
37.8843513156469
 10
248.1182067249477
 20
37.89289122216108
 10
248.1104505440313
 20
37.91662271526332
 10
248.1079336921114
 20
37.92920697486251
 10
248.1059655656102
 20
37.95409701884845
 10
248.1484007229795
 20
38.04225381109386
 10
248.1746702180177
 20
38.0847864935375
 10
248.2344989136545
 20
38.16219907758725
 10
248.3152919752829
 20
38.24299213921566
 10
248.3556885060971
 20
38.28338867002982
 10
248.4364803927247
 20
38.36418055665735
 10
248.4462740251952
 20
38.36907678539217
 10
248.45117025393
 20
38.37152548726002
 10
248.4609627113996
 20
38.37642171599485
 10
248.5269084617026
 20
38.44823894577654
 10
248.5665459419378
 20
38.48020484515988
 97
        0
 92
       23
 72
     0
 73
     1
 93
       59
 10
254.1468178985311
 20
40.77952414906504
 10
254.1713002172062
 20
40.82114503081307
 10
254.2204951547315
 20
40.9042504942053
 10
254.2449786484074
 20
40.9532163065561
 10
254.2572198077448
 20
40.97769862523104
 10
254.2817021264198
 20
41.0266632625809
 10
254.2947748983515
 20
41.04687591572052
 10
254.3123050247634
 20
41.06338791559422
 10
254.3162271777553
 20
41.10022889369625
 10
254.3135011756758
 20
41.12067155928978
 10
254.3000638654259
 20
41.1551977856262
 10
254.2799607750914
 20
41.18359873229022
 10
254.2645565133412
 20
41.19620179190374
 10
254.2327363140689
 20
41.21028300264478
 10
254.1651537875174
 20
41.15041435697739
 10
254.1346695642644
 20
41.11484942984872
 10
254.0858412270184
 20
41.03890559691928
 10
254.0434918447146
 20
40.94740475212307
 10
254.0187439758371
 20
40.90285811814321
 10
253.9634284586428
 20
40.81856120384208
 10
253.9358911376374
 20
40.81399045035555
 10
253.9175047236124
 20
40.81900417917997
 10
253.8961009072858
 20
40.8369241178492
 10
253.864513358191
 20
40.86478926410452
 10
253.8470152448437
 20
40.87728774863829
 10
253.8104116169226
 20
40.89812991453654
 10
253.6831026198122
 20
41.02544008664792
 10
253.6194481212569
 20
41.08909458520311
 10
253.4921379491456
 20
41.21640358231354
 10
253.4706941827884
 20
41.22846849151657
 10
253.4495617916687
 20
41.22635583990503
 10
253.4309321524583
 20
41.21028300264478
 10
253.4309321524583
 20
41.13683604661996
 10
253.4309321524583
 20
41.10011139360664
 10
253.4309321524583
 20
41.0266632625809
 10
253.4681420808418
 20
40.95088627977875
 10
253.4890982218269
 20
40.91390665157097
 10
253.5349831818277
 20
40.84304469751795
 10
253.6015587326111
 20
40.7501867266865
 10
253.6441066900664
 20
40.70763876923122
 10
253.7369646608978
 20
40.64106321844785
 10
253.7763859409681
 20
40.62246060425791
 10
253.7952517553587
 20
40.60763679295039
 10
253.8226527762601
 20
40.57373566709082
 10
253.8388348886037
 20
40.57654509423385
 10
253.8519149985811
 20
40.57000386424426
 10
253.8593774292734
 20
40.55537392808463
 10
253.8779565434454
 20
40.55085369963665
 10
253.8883047763389
 20
40.54223036805882
 10
253.8961009072858
 20
40.52477102974097
 10
253.9270974309298
 20
40.51604077308158
 10
253.9487303724312
 20
40.51936955062074
 10
253.9756696179802
 20
40.53701218907842
 10
254.0168110993627
 20
40.58637985173572
 10
254.0376262402404
 20
40.61086687041433
 10
254.0797206473496
 20
40.65942495745405
 10
254.0769112202066
 20
40.67560589479675
 10
254.0834524501963
 20
40.68868717977507
 10
254.0980823863558
 20
40.69614843546648
 97
        0
 92
        7
 72
     0
 73
     1
 93
      535
 10
255.2694572298726
 20
40.52449020452676
 10
255.2709271559938
 20
40.54800314746224
 10
255.2610066234265
 20
40.58597682642831
 10
255.2416214586397
 20
40.63127311098003
 10
255.2305259251761
 20
40.65346300290634
 10
255.2059202314069
 20
40.69614843546648
 10
255.1419614076197
 20
40.72985333617633
 10
255.1101294583384
 20
40.74699424925131
 10
255.0467828100181
 20
40.78183772582969
 10
255.0075695051064
 20
40.78348037708264
 10
254.9875568898409
 20
40.78223017612903
 10
254.9423508419482
 20
40.77462309891378
 10
254.9378743269434
 20
40.78805113056922
 10
254.9427317806487
 20
40.79407888516714
 10
254.9743945298009
 20
40.90919254797499
 10
254.9903087419399
 20
40.96672764186179
 10
255.0223004913432
 20
41.08174965460043
 10
255.0099383069134
 20
41.13451541984978
 10
255.0012256752673
 20
41.16065331478765
 10
254.979456433662
 20
41.21028300264478
 10
254.9423087803259
 20
41.25646288787048
 10
254.9167043357951
 20
41.27667760329013
 10
254.8631642449551
 20
41.30209287267675
 10
254.8337845225444
 20
41.31678273388208
 10
254.8190946613392
 20
41.32412766448473
 10
254.7897161139293
 20
41.33881752569005
 10
254.7309578441089
 20
41.35350621189448
 10
254.7015781216983
 20
41.36085114249715
 10
254.642819851878
 20
41.37554100370249
 10
254.6330273944083
 20
41.37798970557031
 10
254.6183293014244
 20
41.3816615833712
 10
254.5742691245879
 20
41.3816615833712
 10
254.55223433278
 20
41.3816615833712
 10
254.5081659241647
 20
41.3816615833712
 10
254.4666813425207
 20
41.34494750536595
 10
254.4469495524694
 20
41.32521571531468
 10
254.4102354744641
 20
41.28373113367053
 10
254.4063473964983
 20
41.26392061855916
 10
254.4097243490743
 20
41.25041633325823
 10
254.4224766338016
 20
41.23476649632062
 10
254.5366878959212
 20
41.20258204677052
 10
254.5930056888799
 20
41.18005375458614
 10
254.6979062438975
 20
41.12459371228159
 10
254.7034780981476
 20
41.11264512816729
 10
254.7162339078777
 20
41.10754327427563
 10
254.7285091422411
 20
41.11235255294412
 10
254.7333489709329
 20
41.08296460552738
 10
254.7357976728007
 20
41.06827474432161
 10
254.7407503015786
 20
41.03890559691928
 10
254.7334065459768
 20
40.98014732709886
 10
254.7297334931749
 20
40.9507676046882
 10
254.7223885625724
 20
40.89200933486782
 10
254.7283534688063
 20
40.87751218588336
 10
254.7162679829037
 20
40.86752701619285
 10
254.6788265793435
 20
40.82811631113066
 10
254.6623401417678
 20
40.8052883937177
 10
254.6366992722092
 20
40.75735540715472
 10
254.5754934755217
 20
40.69614843546648
 10
254.5448905771781
 20
40.66554553712278
 10
254.48368360549
 20
40.60433856543453
 10
254.4519186312598
 20
40.5889190286726
 10
254.4366859196403
 20
40.57876467092692
 10
254.4102354744641
 20
40.55537392808463
 10
254.3696109934761
 20
40.5333849613116
 10
254.3498721534194
 20
40.52104745190064
 10
254.3123050247634
 20
40.49416695639636
 10
254.2241682075332
 20
40.45009854778128
 10
254.1800997989181
 20
40.42806375597332
 10
254.0919618066872
 20
40.38399534735821
 10
253.9176492487226
 20
40.32607132817418
 10
253.8315769080673
 20
40.2928716778497
 10
253.663516529872
 20
40.21873852130149
 10
253.6381952605572
 20
40.22222827396342
 10
253.6215278728434
 20
40.21722864514972
 10
253.6023095581837
 20
40.20037560729436
 10
253.4900417475467
 20
40.16298825377551
 10
253.4349894305532
 20
40.1379654346883
 10
253.3330017027576
 20
40.07796283891872
 10
253.3151862670217
 20
40.06769664075171
 10
253.2962770497443
 20
40.05960109991252
 10
253.2780986108778
 20
40.0088410611931
 10
253.2766580597789
 20
39.97714658701678
 10
253.2901564700756
 20
39.92494717219944
 10
253.2976717758081
 20
39.88958904522849
 10
253.3076193333961
 20
39.87111568113717
 10
253.3330017027576
 20
39.84537846150497
 10
253.3594509729329
 20
39.82399462019353
 10
253.3748164596536
 20
39.81503171335666
 10
253.4064486587825
 20
39.80253322882291
 10
253.4194159686737
 20
39.81099676027886
 10
253.4378775827562
 20
39.80484328058503
 10
253.4431733117957
 20
39.79029206948543
 10
253.4970341778803
 20
39.79029206948543
 10
253.5239651984232
 20
39.79029206948543
 10
253.5778272395089
 20
39.79029206948543
 10
253.5817313801389
 20
39.77207666636452
 10
253.5839478191774
 20
39.75356859147304
 10
253.5610270766937
 20
39.72671042098578
 10
253.5509596690144
 20
39.71160813446586
 10
253.5349831818277
 20
39.6801204604473
 10
253.4762249120073
 20
39.6213621906269
 10
253.4468451895967
 20
39.59198364321715
 10
253.3880869197762
 20
39.53322537339673
 10
253.3831906910414
 20
39.52343174092623
 10
253.3758457604388
 20
39.50874305472181
 10
253.3219837193531
 20
39.45488101363621
 10
253.2950526988104
 20
39.42794999309338
 10
253.2411918327257
 20
39.37408795200778
 10
253.012879758571
 20
39.10776107385549
 10
252.8990350967308
 20
38.97432914707444
 10
252.6719708735277
 20
38.70693771811017
 10
252.5752941497833
 20
38.56821123729054
 10
252.5275456383612
 20
38.49842558405864
 10
252.4332659164453
 20
38.35805997698864
 10
252.4038861940346
 20
38.29930170716821
 10
252.3891963328293
 20
38.26992315975843
 10
252.3598177854196
 20
38.21116488993805
 10
252.3416440465567
 20
38.15736394889908
 10
252.3376901685408
 20
38.12705127577677
 10
252.3414560464134
 20
38.07038920755534
 10
252.3871295062528
 20
38.02387444707415
 10
252.4161250033704
 20
38.00410505699422
 10
252.4761099741264
 20
37.97857933752339
 10
252.4906717602341
 20
37.97545853514286
 10
252.49804724086
 20
37.97422948420535
 10
252.5128334521389
 20
37.97245875785467
 10
252.6280117399961
 20
38.07761546306745
 10
252.6814989557957
 20
38.13607763266198
 10
252.7760219028972
 20
38.26012952728797
 10
252.8592624913926
 20
38.34337011578326
 10
252.9008833731407
 20
38.38499099753141
 10
252.9841239616359
 20
38.46823158602678
 10
253.0172813119282
 20
38.52504875436651
 10
253.0435989820032
 20
38.55136642444146
 10
253.1004161503428
 20
38.58452377473364
 10
253.1787605101034
 20
38.66286813449418
 10
253.2179326899838
 20
38.70204031437447
 10
253.2962770497443
 20
38.78038467413501
 10
253.4166394415557
 20
38.88028677533951
 10
253.4766244123119
 20
38.93047693862441
 10
253.5961889785149
 20
39.03133196555589
 10
253.709931415277
 20
39.10553444715701
 10
253.7708892867752
 20
39.1378798718299
 10
253.8961009072858
 20
39.19046821194391
 10
253.9524704002841
 20
39.20972647663401
 10
253.9834281488984
 20
39.21488590556954
 10
254.0429971693372
 20
39.21495170561974
 10
254.046901789126
 20
39.19673259679398
 10
254.049117749006
 20
39.17822705260645
 10
253.9705325140618
 20
39.01268940133546
 10
253.9348865118712
 20
38.92787783664183
 10
253.8716185886109
 20
38.75590235546005
 10
253.8716291636188
 20
38.73267611274324
 10
253.8672005852409
 20
38.71939155260987
 10
253.8532568496047
 20
38.70081713844141
 10
253.8077831399176
 20
38.55574800278367
 10
253.7881241999218
 20
38.48202609654915
 10
253.7553263999041
 20
38.33357765831367
 10
253.7455327674334
 20
38.27481938849329
 10
253.7406365386987
 20
38.24543966608262
 10
253.7308429062282
 20
38.18668139626222
 10
253.7266928030625
 20
38.13160322924897
 10
253.7203031481884
 20
38.10349015780452
 10
253.7002400078844
 20
38.05202746854913
 10
253.7002400078844
 20
37.99326919872873
 10
253.7002400078844
 20
37.96389065131896
 10
253.7002400078844
 20
37.90513238149855
 10
253.6879988485469
 20
37.90513238149855
 10
253.6879988485469
 20
37.8218906180023
 10
253.6879988485469
 20
37.7802709112551
 10
253.6879988485469
 20
37.69703032275973
 10
253.6757576892095
 20
37.69703032275973
 10
253.6757576892095
 20
37.57706508125107
 10
253.6757576892095
 20
37.51708246049674
 10
253.6757576892095
 20
37.39711839398898
 10
253.7251100768552
 20
37.35595811259215
 10
253.7495970955336
 20
37.33514414671546
 10
253.7981704575851
 20
37.29306736461957
 10
253.8234917268999
 20
37.28957643695669
 10
253.8401591146138
 20
37.29457606577037
 10
253.8593774292734
 20
37.31142910362578
 10
253.8821160466183
 20
37.32408973828321
 10
253.8927756547493
 20
37.33341689539788
 10
253.9083420666233
 20
37.35427316130691
 10
253.9245241789668
 20
37.35146490916482
 10
253.9376042889442
 20
37.35800496415347
 10
253.9450667196366
 20
37.37263490031312
 10
253.9642850342962
 20
37.38948793816849
 10
253.980951247009
 20
37.39448756698216
 10
254.006272516324
 20
37.39099781432023
 10
254.0342504626654
 20
37.31488830626441
 10
254.0547389532938
 20
37.27775357793829
 10
254.1042029660246
 20
37.2134986539251
 10
254.1650962124736
 20
37.16130981411577
 10
254.2011875400037
 20
37.13939839740191
 10
254.275581546751
 20
37.10944762455568
 10
254.3198121054899
 20
37.10633152217872
 10
254.3432850983949
 20
37.10894002416849
 10
254.3857531557892
 20
37.12168878389312
 10
254.4505732552334
 20
37.14617462757079
 10
254.4822348293848
 20
37.16596281766506
 10
254.5326482428397
 20
37.2134986539251
 10
254.5620279652504
 20
37.23308474386521
 10
254.5767178264557
 20
37.24287720133484
 10
254.6060963738654
 20
37.26246329127497
 10
254.6501647824805
 20
37.30653287489094
 10
254.6721995742885
 20
37.32856649169804
 10
254.7162679829037
 20
37.37263490031312
 10
254.7285067922394
 20
37.37289927551478
 10
254.7370701987713
 20
37.37932183041387
 10
254.7407503015786
 20
37.39099781432023
 10
254.8827503348952
 20
37.39099781432023
 10
254.9537497640531
 20
37.39099781432023
 10
255.0957486223689
 20
37.39099781432023
 10
255.0957486223689
 20
37.37875547998184
 10
255.1496106634544
 20
37.37875547998184
 10
255.1765416839972
 20
37.37875547998184
 10
255.230402550082
 20
37.37875547998184
 10
255.4085456109683
 20
37.35255178499386
 10
255.4973040036726
 20
37.33406079588905
 10
255.6710901612354
 20
37.2869467849508
 10
255.6853194220894
 20
37.27874645369566
 10
255.6927160527315
 20
37.27504872587505
 10
255.7078136392479
 20
37.26858387094372
 10
255.7100696409687
 20
37.2291719908806
 10
255.7074611389789
 20
37.20829809995814
 10
255.6955724799104
 20
37.17065342124305
 10
255.6684511092224
 20
37.14638260272942
 10
255.6559502746869
 20
37.13263156724023
 10
255.6343655082222
 20
37.10332704488691
 10
255.6240936503867
 20
37.07310367183275
 10
255.6145502931072
 20
37.05810478539169
 10
255.591521450541
 20
37.03599949352997
 10
255.5704760094877
 20
36.99561353772381
 10
255.5563865737404
 20
36.97640109806865
 10
255.5241938991839
 20
36.944189623498
 10
255.4321314039593
 20
36.92045460539308
 10
255.3854274683339
 20
36.91062219789299
 10
255.2916095217702
 20
36.89522498614808
 10
255.2230576194793
 20
36.88543135367761
 10
255.1887828433347
 20
36.88053512494278
 10
255.1202309410439
 20
36.87074149247226
 10
255.1030935529716
 20
36.86829396560529
 10
255.0945242714349
 20
36.86706961467137
 10
255.0773868833627
 20
36.86462091280353
 10
255.0455596340851
 20
36.86462091280353
 10
255.0296454219457
 20
36.86462091280353
 10
254.9978181726682
 20
36.86462091280353
 10
254.9586459927879
 20
36.8548284553339
 10
254.9390599028478
 20
36.8499322265991
 10
254.8998877229675
 20
36.84013859412857
 10
254.8460256818818
 20
36.84013859412857
 10
254.8190946613392
 20
36.84013859412857
 10
254.7652337952544
 20
36.84013859412857
 10
254.7211642116383
 20
36.83034613665893
 10
254.6991305948314
 20
36.82544873292324
 10
254.6550621862162
 20
36.81565627545361
 10
254.5963039163959
 20
36.81565627545361
 10
254.5669241939852
 20
36.81565627545361
 10
254.5081659241647
 20
36.81565627545361
 10
254.5081659241647
 20
36.80341511611617
 10
254.459201286815
 20
36.80341511611617
 10
254.4347177931391
 20
36.80341511611617
 10
254.3857531557892
 20
36.80341511611617
 10
254.3857531557892
 20
36.79117395677869
 10
254.3269948859688
 20
36.79117395677869
 10
254.297615163558
 20
36.79117395677869
 10
254.2388568937377
 20
36.79117395677869
 10
254.2388568937377
 20
36.77893279744122
 10
254.1752023951824
 20
36.77893279744122
 10
254.1433751459049
 20
36.77893279744122
 10
254.0797206473496
 20
36.77893279744122
 10
254.0797206473496
 20
36.76669046310286
 10
254.0209623775293
 20
36.76669046310286
 10
253.9915826551187
 20
36.76669046310286
 10
253.9328243852982
 20
36.76669046310286
 10
253.9328243852982
 20
36.75444930376537
 10
253.869169886743
 20
36.75444930376537
 10
253.8373426374654
 20
36.75444930376537
 10
253.7736881389101
 20
36.75444930376537
 10
253.7736881389101
 20
36.74220814442791
 10
253.7002400078844
 20
36.74220814442791
 10
253.663516529872
 20
36.74220814442791
 10
253.5900683988464
 20
36.74220814442791
 10
253.5900683988464
 20
36.7299669850904
 10
253.5313101290259
 20
36.7299669850904
 10
253.5019315816161
 20
36.7299669850904
 10
253.4431733117957
 20
36.7299669850904
 10
253.4431733117957
 20
36.71772582575294
 10
253.3354492296246
 20
36.71772582575294
 10
253.2815871885389
 20
36.71772582575294
 10
253.1738642813687
 20
36.71772582575294
 10
253.1297958727535
 20
36.72751828322258
 10
253.1077610809456
 20
36.73241568695828
 10
253.0636926723304
 20
36.74220814442791
 10
253.0098306312448
 20
36.74220814442791
 10
252.9828996107021
 20
36.74220814442791
 10
252.9290387446173
 20
36.74220814442791
 10
252.8905421902524
 20
36.76379761089619
 10
252.8595174665871
 20
36.76552133721106
 10
252.8188659605784
 20
36.74832872409665
 10
252.775050177156
 20
36.72023210266476
 10
252.7546004615571
 20
36.70233801401526
 10
252.7209355108777
 20
36.66263943373343
 10
252.7186771591549
 20
36.6329412860799
 10
252.721407861238
 20
36.61655237357857
 10
252.7331778452159
 20
36.58919247770859
 10
252.7786844549282
 20
36.54441436855217
 10
252.8079948522859
 20
36.52576240432458
 10
252.8678317729291
 20
36.50350318734542
 10
252.9265900427496
 20
36.48391709740525
 10
252.9559685901593
 20
36.47412346493475
 10
253.0147268599797
 20
36.4545373749946
 10
253.0493036113547
 20
36.44586351837825
 10
253.0664774244546
 20
36.44095671463539
 10
253.1004161503428
 20
36.43005505631965
 10
253.1738642813687
 20
36.41536519511435
 10
253.2105877593811
 20
36.40802026451166
 10
253.2840358904068
 20
36.39333157830723
 10
253.3587165973727
 20
36.3827918202676
 10
253.3960228758297
 20
36.37408741362792
 10
253.4676556304706
 20
36.35048634562521
 10
253.5317213793395
 20
36.35169894655016
 10
253.5646860294848
 20
36.34789546864887
 10
253.6267918768587
 20
36.33212460661898
 10
253.7698294359668
 20
36.31835829611814
 10
253.8413070904894
 20
36.30726746265815
 10
253.9817901976489
 20
36.27703938960035
 10
254.0604529826524
 20
36.27902514111509
 10
254.1007284883743
 20
36.27524986323532
 10
254.1776510970503
 20
36.25867647559328
 10
254.2257015837029
 20
36.24894511817025
 10
254.2512825282158
 20
36.24766554219418
 10
254.3000638654259
 20
36.25255589592452
 10
254.3000638654259
 20
36.24031473658707
 10
254.4028905438614
 20
36.24031473658707
 10
254.4543038830791
 20
36.24031473658707
 10
254.5571317365156
 20
36.24031473658707
 10
254.5571317365156
 20
36.25255589592452
 10
254.6158900063359
 20
36.25255589592452
 10
254.6452685537458
 20
36.25255589592452
 10
254.7040268235662
 20
36.25255589592452
 10
254.7187166847714
 20
36.26234952839503
 10
254.7260616153742
 20
36.26724575712986
 10
254.7407503015786
 20
36.27703938960035
 10
254.8250319408681
 20
36.29150717563627
 10
254.8669630228528
 20
36.30137365816239
 10
254.9488523603175
 20
36.32600402695029
 10
255.0684639265563
 20
36.3806474436319
 10
255.1266746459589
 20
36.41285069319629
 10
255.2365231297506
 20
36.48514144833916
 10
255.291678846823
 20
36.51884047404454
 10
255.3179271918452
 20
36.53883898929932
 10
255.3650576527959
 20
36.58307189803986
 10
255.4249779985028
 20
36.58652405067315
 10
255.4556384718903
 20
36.59291253054622
 10
255.5119527398464
 20
36.61367479638355
 10
255.570711009667
 20
36.62836465758888
 10
255.6000907320775
 20
36.63570958819155
 10
255.6588490018979
 20
36.65039827439597
 10
255.7617873054184
 20
36.67938437150628
 10
255.8132018196371
 20
36.6940742327116
 10
255.9159156979866
 20
36.7238464054217
 10
255.9394677021365
 20
36.73368821364003
 10
255.9648815103375
 20
36.73608756475915
 10
256.0383284663623
 20
36.7605698834341
 10
256.0750531193757
 20
36.77281104277158
 10
256.1485000754004
 20
36.79729453644745
 10
256.2173187028949
 20
36.81944682834505
 10
256.2512609537857
 20
36.83772396728674
 10
256.3076374967894
 20
36.88298382681062
 10
256.3076374967894
 20
36.89522498614808
 10
256.3076374967894
 20
36.91358672515432
 10
256.1313626873283
 20
36.91358672515432
 10
256.043224695097
 20
36.91358672515432
 10
255.8669510606368
 20
36.91358672515432
 10
255.8567626278651
 20
36.92444843343955
 10
255.8547157763038
 20
36.93673189280929
 10
255.8608293059672
 20
36.95031020316668
 10
255.8972273087313
 20
37.02926438839245
 10
255.9213019020953
 20
37.06727801738897
 10
255.9771226696749
 20
37.13392994323064
 10
255.9767255193719
 20
37.1944953644295
 10
255.9685498631357
 20
37.22719916437573
 10
255.9403980166617
 20
37.28082620528207
 10
255.9200152761139
 20
37.33121964372184
 10
255.9022598375701
 20
37.35580418747479
 10
255.8608293059672
 20
37.39099781432023
 10
255.7940963050638
 20
37.44129255268472
 10
255.7580179025433
 20
37.46368689476696
 10
255.6833313205729
 20
37.50116942335836
 10
255.6025923089853
 20
37.53069484588034
 10
255.5621957781714
 20
37.5453847070855
 10
255.4813498415029
 20
37.5746163793832
 10
255.448721241614
 20
37.5761380055439
 10
255.4317765536887
 20
37.58004840852672
 10
255.4017811308083
 20
37.5929792933903
 10
255.3528153184576
 20
37.60277175085992
 10
255.3283329997827
 20
37.60766797959475
 10
255.2793683624328
 20
37.61746161206526
 10
255.2241585953191
 20
37.61915596335771
 10
255.1952324232544
 20
37.6257300933724
 10
255.1447132597187
 20
37.64806451040892
 10
255.0957486223689
 20
37.64806451040892
 10
255.0712663036939
 20
37.64806451040892
 10
255.0223004913432
 20
37.64806451040892
 10
254.9818217104662
 20
37.66616187421347
 10
254.9555933404593
 20
37.66907587643628
 10
254.9121288823049
 20
37.66030566974641
 10
254.899644497782
 20
37.68150738591895
 10
254.8979689465038
 20
37.69825819869634
 10
254.9060083026363
 20
37.72151264143467
 10
254.9315892471492
 20
37.79263074568304
 10
254.947757259482
 20
37.82745424724622
 10
254.9855770133308
 20
37.89289122216108
 10
254.9851739880232
 20
37.91844866665612
 10
254.9895332413486
 20
37.93298225274224
 10
255.0039387523369
 20
37.95409701884845
 10
255.028421071012
 20
38.02754514987416
 10
255.0406622303494
 20
38.0642686278866
 10
255.0651457240252
 20
38.13771675891232
 10
255.0667402002414
 20
38.17407833664868
 10
255.0739488307399
 20
38.19426132704412
 10
255.0957486223689
 20
38.22340604927553
 10
255.0855789896116
 20
38.25650229952113
 10
255.088960642191
 20
38.28016916757407
 10
255.1079897817063
 20
38.30909533963872
 10
255.1079897817063
 20
38.3874396993993
 10
255.1079897817063
 20
38.42661187927954
 10
255.1079897817063
 20
38.50495623904011
 10
255.0814735364798
 20
38.61005184420628
 10
255.0641446232615
 20
38.66203623385962
 10
255.0223004913432
 20
38.76202293512879
 10
254.9848485127751
 20
38.81865092832422
 10
254.9696099261512
 20
38.8503982775409
 10
254.9488523603175
 20
38.91503977684897
 10
254.9694595260364
 20
38.93093636397482
 10
254.9793271835633
 20
38.9395702705607
 10
254.9978181726682
 20
38.95788383453015
 10
255.0933116705099
 20
38.98763250722223
 10
255.1403375563809
 20
39.00619517138171
 10
255.230402550082
 20
39.0496937045621
 10
255.3381266322532
 20
39.10355574564768
 10
255.3919874983378
 20
39.13048676619047
 10
255.4997115805091
 20
39.18434763227516
 10
255.6045980355157
 20
39.24970470712914
 10
255.6561088998078
 20
39.28404528332386
 10
255.7567782765977
 20
39.35572621300158
 10
255.7678058981129
 20
39.36428111916672
 10
255.7812617702735
 20
39.36796737233905
 10
255.8522611994314
 20
39.43896680149695
 10
255.8877603265099
 20
39.47446710357631
 10
255.9587597556679
 20
39.5454665327342
 10
255.9820200734107
 20
39.58392431206951
 10
255.9930592068312
 20
39.60354917703921
 10
256.0138461476873
 20
39.64339698243488
 10
256.0146228232798
 20
39.66894502692278
 10
256.0101965949036
 20
39.68370186317918
 10
255.9954844086811
 20
39.70460277912226
 10
255.9718668135782
 20
39.72040158499022
 10
255.9526391759991
 20
39.74132743213557
 10
255.9273190816851
 20
39.7378365044727
 10
255.9106516939713
 20
39.74283730828729
 10
255.8914333793118
 20
39.75968917114176
 10
255.8552245516919
 20
39.76337984895699
 10
255.8360978871022
 20
39.77021012916708
 10
255.8057440889486
 20
39.79029206948543
 10
255.7826987963697
 20
39.79989770181254
 10
255.7621163056696
 20
39.79578167367288
 10
255.7445371172603
 20
39.77805091014797
 10
255.612331891415
 20
39.77805091014797
 10
255.5462286909919
 20
39.77805091014797
 10
255.4140222901458
 20
39.77805091014797
 10
255.4140222901458
 20
39.76580975081052
 10
255.3601602490603
 20
39.76580975081052
 10
255.3332292285174
 20
39.76580975081052
 10
255.2793683624328
 20
39.76580975081052
 10
255.2793683624328
 20
39.75356859147304
 10
255.230402550082
 20
39.75356859147304
 10
255.2059202314069
 20
39.75356859147304
 10
255.1569555940571
 20
39.75356859147304
 10
255.0254835687712
 20
39.72750824659437
 10
254.9592569932539
 20
39.71647028817468
 10
254.8264395919418
 20
39.69848219945351
 10
254.7774749545919
 20
39.68868974198386
 10
254.7529926359169
 20
39.68379351324909
 10
254.7040268235662
 20
39.67399988077857
 10
254.6110149276172
 20
39.64943648704178
 10
254.5644978171343
 20
39.63719532770431
 10
254.4714424461524
 20
39.61279408409119
 10
254.4360173441303
 20
39.60882023105997
 10
254.4179305553339
 20
39.60365257711811
 10
254.3857531557892
 20
39.58831059041536
 10
254.2186621533334
 20
39.52627289309339
 10
254.1354051148253
 20
39.49443976881131
 10
253.9695490383116
 20
39.4291743440273
 10
253.8912046785509
 20
39.39000216414705
 10
253.8520324986708
 20
39.37041607420692
 10
253.7736881389101
 20
39.33124389432662
 10
253.6519498210491
 20
39.26502906881843
 10
253.5927615009006
 20
39.22803651560077
 10
253.4798967898082
 20
39.1476241542628
 10
253.4404202846958
 20
39.10969512533076
 10
253.4115129126453
 20
39.09524143930557
 10
253.3574840214326
 20
39.08641718257451
 10
253.3462991879008
 20
39.09196201180407
 10
253.343171335515
 20
39.10760127373358
 10
253.3513634417638
 20
39.11702125591908
 10
253.3575583037003
 20
39.12762000941976
 10
253.3697251807699
 20
39.12926241525655
 10
253.3662342531072
 20
39.15458368457147
 10
253.3712350569217
 20
39.17124989728433
 10
253.3880869197762
 20
39.19046821194391
 10
253.4510939928376
 20
39.27420112581483
 10
253.4829259421186
 20
39.31582553256568
 10
253.5472243411652
 20
39.39857027068276
 10
253.6329136315284
 20
39.48425956104595
 10
253.6757576892095
 20
39.52710479372802
 10
253.7614469795726
 20
39.61279408409119
 10
253.7712394370424
 20
39.61769031282602
 10
253.7859292982477
 20
39.62503524342866
 10
253.8348939355974
 20
39.67399988077857
 10
253.8593774292734
 20
39.69848219945351
 10
253.9083420666233
 20
39.7474480118043
 10
254.1553542800426
 20
39.95097109205058
 10
254.2789925743524
 20
40.05257459455243
 10
254.5265276631709
 20
40.25546199931386
 10
254.7427454531004
 20
40.29098580141118
 10
254.8504107852269
 20
40.31697447123518
 10
255.0590251443564
 20
40.38399534735821
 10
255.1274148965236
 20
40.40743896524086
 10
255.1609447221
 20
40.42549285401224
 10
255.2181613907444
 20
40.46968463772143
 10
255.2359810786728
 20
40.47995328622707
 10
255.2548860437578
 20
40.48804637672763
 97
        0
 92
       22
 72
     0
 73
     1
 93
       59
 10
254.9610946946558
 20
39.50262130005216
 10
255.0042054775404
 20
39.51208123226813
 10
255.0294679968104
 20
39.51067828119797
 10
255.0712663036939
 20
39.49650072038341
 10
255.1300245735141
 20
39.50384565098609
 10
255.1594031209241
 20
39.50751870378787
 10
255.2181613907444
 20
39.51486363439054
 10
255.3260017980043
 20
39.52866519491826
 10
255.3798708890953
 20
39.53601130052179
 10
255.4874704211715
 20
39.55158711240294
 10
255.5049849845316
 20
39.56517952277115
 10
255.5284532774331
 20
39.56257219578232
 10
255.5425556381901
 20
39.5454665327342
 10
255.5490475181422
 20
39.53206329751031
 10
255.5469231165216
 20
39.51931571278655
 10
255.5364350585214
 20
39.50874305472183
 10
255.4360253569296
 20
39.41011230448692
 10
255.3815205903537
 20
39.36427904452564
 10
255.2671272030952
 20
39.28227808197583
 10
255.1761515836997
 20
39.21571428120147
 10
255.1295416481458
 20
39.18382358187545
 10
255.0345416506806
 20
39.12314183558783
 10
254.9659909233906
 20
39.08886588444236
 10
254.9317149722451
 20
39.07172849637009
 10
254.8631642449551
 20
39.03745254522461
 10
254.8264395919418
 20
39.02521138588713
 10
254.8080778529356
 20
39.0190908062184
 10
254.7713543749232
 20
39.00684964688094
 10
254.744415129374
 20
38.98920700842327
 10
254.7227821878727
 20
38.98587823088411
 10
254.6917856642287
 20
38.99460731254256
 10
254.6770958030233
 20
38.98481485507293
 10
254.6697508724207
 20
38.97991862633814
 10
254.6550621862162
 20
38.97012499386761
 10
254.5963039163959
 20
38.97012499386761
 10
254.5669241939852
 20
38.97012499386761
 10
254.5081659241647
 20
38.97012499386761
 10
254.5093244750485
 20
38.97695174907502
 10
254.5027515200347
 20
38.98352587908973
 10
254.4959247648272
 20
38.98236615320511
 10
254.4959247648272
 20
39.08029660290578
 10
254.4959247648272
 20
39.12926241525655
 10
254.4959247648272
 20
39.22719286495726
 10
254.4806790466969
 20
39.23488538782424
 10
254.4775630258211
 20
39.25167518363215
 10
254.444948525943
 20
39.29172038917839
 10
254.4309930402978
 20
39.31455535659674
 10
254.4102354744641
 20
39.36184679267035
 10
254.4080029727612
 20
39.37811820508205
 10
254.4142410525196
 20
39.39059436459878
 10
254.4285972134703
 20
39.39857027068276
 10
254.5130927029229
 20
39.42086121268614
 10
254.5562516608443
 20
39.4294927692702
 10
254.642819851878
 20
39.44141550336478
 10
254.6939864409073
 20
39.45977371736832
 10
254.7232615882383
 20
39.46376519541298
 10
254.7774749545919
 20
39.45977724237101
 10
254.8494731345116
 20
39.48223973450522
 10
254.8865902378243
 20
39.49090066611173
 97
        0
 92
       22
 72
     0
 73
     1
 93
       91
 10
254.7162679829037
 20
38.73754061645389
 10
254.7164559830471
 20
38.72871518472189
 10
254.7264117656413
 20
38.72207760465876
 10
254.7346297219099
 20
38.72529945711637
 10
254.7776136046977
 20
38.68255879951409
 10
254.7984651706031
 20
38.66048170767383
 10
254.8386807512793
 20
38.61512784807823
 10
254.8386807512793
 20
38.51719739837756
 10
254.8386807512793
 20
38.46823158602678
 10
254.8386807512793
 20
38.37030113632609
 10
254.8337845225444
 20
38.37030113632609
 10
254.8264395919418
 20
38.37030113632609
 10
254.8264395919418
 20
38.31154286650566
 10
254.8264395919418
 20
38.28216431909594
 10
254.8264395919418
 20
38.22340604927553
 10
254.8118366808028
 20
38.21588956854199
 10
254.8053295258392
 20
38.20287408361389
 10
254.8080778529356
 20
38.1866813962622
 10
254.7933879917303
 20
38.1279231264418
 10
254.7860430611276
 20
38.09854457903205
 10
254.7713543749232
 20
38.03978630921165
 10
254.756774963802
 20
38.00057300430005
 10
254.7494300331995
 20
37.9809869143601
 10
254.7346297219099
 20
37.94185585951094
 10
254.6909749136103
 20
37.80637943117047
 10
254.6576812632141
 20
37.73979213037814
 10
254.5754934755217
 20
37.623582191734
 10
254.4947004138934
 20
37.623582191734
 10
254.4543038830791
 20
37.623582191734
 10
254.3735119964516
 20
37.623582191734
 10
254.3597915109858
 20
37.64150448040501
 10
254.3564321834232
 20
37.65662086693568
 10
254.3612708371142
 20
37.67866740875263
 10
254.4140413023672
 20
37.73457277639685
 10
254.4378291955123
 20
37.76587127527113
 10
254.4775630258211
 20
37.83168425047283
 10
254.5713316223471
 20
37.95845274717084
 10
254.6178522578328
 20
38.02211194572974
 10
254.7101474032348
 20
38.1499579182498
 10
254.7452235299908
 20
38.18964239852082
 10
254.7604538916083
 20
38.21248911594816
 10
254.7835955342606
 20
38.2601295272879
 10
254.7926007411297
 20
38.31080731594461
 10
254.7912553651034
 20
38.33907078750378
 10
254.7774749545919
 20
38.3886628753323
 10
254.7393873005388
 20
38.42354395193935
 10
254.7157180824842
 20
38.43800821297259
 10
254.6673033455537
 20
38.4559904266893
 10
254.6331495945015
 20
38.47752819311816
 10
254.6096437015714
 20
38.48340437260045
 10
254.5693728958531
 20
38.48047274536425
 10
254.5487199050991
 20
38.45887270388788
 10
254.5355305200384
 20
38.44963954684489
 10
254.5081659241647
 20
38.4376286876831
 10
254.4860606323031
 20
38.41459984511683
 10
254.4710629208629
 20
38.40505648783724
 10
254.4408383728078
 20
38.39478463000194
 10
254.3468277260972
 20
38.31831792167367
 10
254.3030824427286
 20
38.27457263830503
 10
254.2266157344004
 20
38.18056081659351
 10
254.1798036986924
 20
38.12546737456859
 10
254.1611540844666
 20
38.09083304814974
 10
254.1409276190379
 20
38.0214245702054
 10
254.1179916015425
 20
37.96907240527158
 10
254.1125301973766
 20
37.93767050631843
 10
254.116444125362
 20
37.88064888782269
 10
254.0982287222413
 20
37.87674474719258
 10
254.0797206473496
 20
37.87452830815397
 10
254.0609077079992
 20
37.90616285728459
 10
254.0591522566602
 20
37.93248757736491
 10
254.0736000676809
 20
37.96633817818591
 10
254.1078760188264
 20
38.06916485662141
 10
254.1250134068987
 20
38.12057937084004
 10
254.1592893580441
 20
38.22340604927553
 10
254.1736936940316
 20
38.24452081538172
 10
254.1780541223578
 20
38.25905440146783
 10
254.1776510970503
 20
38.28461184596287
 10
254.2077170199844
 20
38.33036168086058
 10
254.220297754581
 20
38.35552315005357
 10
254.2388568937377
 20
38.40702578933939
 10
254.2809266258282
 20
38.50825799155865
 10
254.3086296219599
 20
38.55736715401878
 10
254.3735119964516
 20
38.64573074642193
 10
254.3940521871195
 20
38.66941758949005
 10
254.407099397072
 20
38.67985512245173
 10
254.4347177931391
 20
38.6946953837718
 10
254.4630411897439
 20
38.71352712313651
 10
254.4778321010264
 20
38.72215515471791
 10
254.5081659241647
 20
38.73754061645385
 10
254.5914065126601
 20
38.73754061645385
 10
254.6330273944083
 20
38.73754061645385
 97
        0
 92
       22
 72
     0
 73
     1
 93
       74
 10
254.9842997873565
 20
36.62755860697404
 10
255.0081006055116
 20
36.62539543032398
 10
255.028421071012
 20
36.6075542167148
 10
255.0091757313317
 20
36.57856459460172
 10
254.9933214442382
 20
36.56559140970588
 10
254.9610946946558
 20
36.55246782469527
 10
254.9023364248352
 20
36.52308927728554
 10
254.8729567024246
 20
36.50839941608023
 10
254.8141984326044
 20
36.47902086867043
 10
254.7979152701836
 20
36.48115937030168
 10
254.7855331107386
 20
36.47496829057917
 10
254.7774749545919
 20
36.46065795466333
 10
254.6376862729619
 20
36.41825922232188
 10
254.5662144934439
 20
36.40100785916266
 10
254.4224766338016
 20
36.37496983930106
 10
254.344132274041
 20
36.37496983930106
 10
254.3049600941608
 20
36.37496983930106
 10
254.2266157344004
 20
36.37496983930106
 10
254.0760276195326
 20
36.40411221153065
 10
253.9997959113837
 20
36.41517719497095
 10
253.8471362699358
 20
36.43005505631965
 10
253.7687919101754
 20
36.43984868879016
 10
253.7296197302952
 20
36.44474491752499
 10
253.6512753705346
 20
36.4545373749946
 10
253.6316892805944
 20
36.45698607686249
 10
253.6218956481238
 20
36.45821042779637
 10
253.6023095581837
 20
36.46065795466333
 10
253.5914231748797
 20
36.46182943055695
 10
253.5844730445782
 20
36.47572969115996
 10
253.5900683988464
 20
36.48514144833916
 10
253.6141299084066
 20
36.49155557795153
 10
253.6390342111971
 20
36.49126202800792
 10
253.7467571183674
 20
36.50105448547755
 10
253.8006191594529
 20
36.50595071421236
 10
253.9083420666233
 20
36.51574434668287
 10
253.9352730871661
 20
36.51819304855073
 10
253.9487385974374
 20
36.51941622448376
 10
253.9756696179802
 20
36.52186492635161
 10
254.0074968672578
 20
36.52186492635161
 10
254.0234110793971
 20
36.52186492635161
 10
254.0552383286747
 20
36.52186492635161
 10
254.0552383286747
 20
36.5267611550864
 10
254.0552383286747
 20
36.52920985695427
 10
254.0552383286747
 20
36.53410608568908
 10
254.0772719454818
 20
36.53410608568908
 10
254.0882899288863
 20
36.53410608568908
 10
254.1103235456934
 20
36.53410608568908
 10
254.1372545662361
 20
36.53655478755691
 10
254.1507200765076
 20
36.53777913849082
 10
254.1776510970503
 20
36.54022666535779
 10
254.2853740042206
 20
36.55002029782835
 10
254.3392360453063
 20
36.55491652656316
 10
254.4469601274775
 20
36.56470898403276
 10
254.4738899730193
 20
36.56715768590061
 10
254.4873554832908
 20
36.56838203683452
 10
254.5142865038334
 20
36.5708307387024
 10
254.5363212956415
 20
36.5708307387024
 10
254.5473381040451
 20
36.5708307387024
 10
254.5693728958531
 20
36.5708307387024
 10
254.5693728958531
 20
36.57572696743719
 10
254.5693728958531
 20
36.57817449430415
 10
254.5693728958531
 20
36.58307189803986
 10
254.6232337619378
 20
36.58307189803986
 10
254.6501647824805
 20
36.58307189803986
 10
254.7040268235662
 20
36.58307189803986
 10
254.7040268235662
 20
36.58796812677465
 10
254.7040268235662
 20
36.59041565364161
 10
254.7040268235662
 20
36.59531305737735
 10
254.7627850933866
 20
36.59531305737735
 10
254.7921648157971
 20
36.59531305737735
 10
254.8509230856176
 20
36.59531305737735
 10
254.8931996178658
 20
36.60975616839446
 10
254.9164176355764
 20
36.61362544634592
 10
254.9610946946558
 20
36.61367479638355
 97
        0
 75
     1
 76
     1
 47
0.0123501736075818
 98
        9
 10
248.3924108590595
 20
40.6545547648986
 10
248.1702999820404
 20
39.75490656449105
 10
248.1702999820404
 20
39.75490656449105
 10
248.1702999820404
 20
39.75490656449105
 10
253.8958277425346
 20
40.71617487577197
 10
254.7595930355038
 20
40.51899119827019
 10
254.7595930355038
 20
40.51899119827019
 10
254.7595930355038
 20
40.51899119827019
 10
254.7595930355038
 20
40.51899119827019
450
        0
451
        0
460
0.0
461
0.0
452
        0
462
1.0
453
        2
463
0.0
 63
     5
421
      255
463
1.0
 63
     2
421
 16776960
470
LINEAR
1001
GradientColor1ACI
1070
     5
1001
GradientColor2ACI
1070
     2
1001
ACAD
1010
0.0
1020
0.0
1030
0.0
  0
LINE
  5
C9A9
330
AB15
100
AcDbEntity
 67
     1
  8
图框线
100
AcDbLine
 10
273.5860255251649
 20
35.98342908633571
 30
0.0
 11
273.5860255251649
 21
30.72599613878236
 31
0.0
  0
MTEXT
  5
C9AA
330
AB15
100
AcDbEntity
 67
     1
  8
图框线
100
AcDbMText
 10
99.2194814967388
 20
49.6293369149346
 30
0.0
 40
2.151428330238497
 41
16.93467803088885
 46
6.638893226522522
 71
     5
 72
     1
  1
尺寸範圍
 73
     1
 44
1.0
  0
LINE
  5
C9AB
330
AB15
100
AcDbEntity
 67
     1
  8
图框线
100
AcDbLine
 10
90.75214248129444
 20
19.75399707515087
 30
0.0
 11
124.6176000018195
 21
19.75399707515087
 31
0.0
  0
LINE
  5
C9AC
330
AB15
100
AcDbEntity
 67
     1
  8
图框线
100
AcDbLine
 10
90.75214248129444
 20
26.39299707515086
 30
0.0
 11
124.6176000018195
 21
26.39299707515086
 31
0.0
  0
LINE
  5
C9AD
330
AB15
100
AcDbEntity
 67
     1
  8
图框线
100
AcDbLine
 10
90.75214248129444
 20
33.03199707515084
 30
0.0
 11
124.6176000018195
 21
33.03199707515084
 31
0.0
  0
LINE
  5
C9AE
330
AB15
100
AcDbEntity
 67
     1
  8
图框线
100
AcDbLine
 10
90.75214248129444
 20
39.67089030167335
 30
0.0
 11
124.6176000018195
 21
39.67089030167335
 31
0.0
  0
LINE
  5
C9AF
330
AB15
100
AcDbEntity
 67
     1
  8
图框线
100
AcDbLine
 10
90.75214248129444
 20
46.30989030167332
 30
0.0
 11
124.6176000018195
 21
46.30989030167332
 31
0.0
  0
MTEXT
  5
C9B0
330
AB15
100
AcDbEntity
 67
     1
  8
图框线
100
AcDbMText
 10
99.2194814967388
 20
42.99044368841211
 30
0.0
 40
2.151428330238497
 41
16.93467803088885
 46
6.638893226522522
 71
     5
 72
     1
  1
Angle
 73
     1
 44
1.0
  0
MTEXT
  5
C9B1
330
AB15
100
AcDbEntity
 67
     1
  8
图框线
100
AcDbMText
 10
99.2194814967388
 20
36.3514436884121
 30
0.0
 40
2.151428330238497
 41
16.93467803088885
 46
6.638893226522522
 71
     5
 72
     1
  1
0.000
 73
     1
 44
1.0
  0
MTEXT
  5
C9B2
330
AB15
100
AcDbEntity
 67
     1
  8
图框线
100
AcDbMText
 10
99.2194814967388
 20
29.71244368841214
 30
0.0
 40
2.151428330238497
 41
16.93467803088885
 46
6.638893226522522
 71
     5
 72
     1
  1
0.00
 73
     1
 44
1.0
  0
MTEXT
  5
C9B3
330
AB15
100
AcDbEntity
 67
     1
  8
图框线
100
AcDbMText
 10
99.2194814967388
 20
23.07355046188959
 30
0.0
 40
2.151428330238497
 41
16.93467803088885
 46
6.638893226522522
 71
     5
 72
     1
  1
0.0
 73
     1
 44
1.0
  0
MTEXT
  5
C9B4
330
AB15
100
AcDbEntity
 67
     1
  8
图框线
100
AcDbMText
 10
99.2194814967388
 20
16.4345504618896
 30
0.0
 40
2.151428330238497
 41
16.93467803088885
 46
6.638893226522522
 71
     5
 72
     1
  1
0
 73
     1
 44
1.0
  0
MTEXT
  5
C9B5
330
AB15
100
AcDbEntity
 67
     1
  8
图框线
100
AcDbMText
 10
116.1541595276277
 20
16.4345504618896
 30
0.0
 40
2.151428330238497
 41
16.93467803088885
 46
6.638893226522522
 71
     5
 72
     1
  1
%%P0.05
 73
     1
 44
1.0
  0
MTEXT
  5
C9B6
330
AB15
100
AcDbEntity
 67
     1
  8
图框线
100
AcDbMText
 10
116.1541595276277
 20
23.07355046188959
 30
0.0
 40
2.151428330238497
 41
16.93467803088885
 46
6.638893226522522
 71
     5
 72
     1
  1
%%P0.03
 73
     1
 44
1.0
  0
MTEXT
  5
C9B7
330
AB15
100
AcDbEntity
 67
     1
  8
图框线
100
AcDbMText
 10
116.1522102570014
 20
29.71255046188957
 30
0.0
 40
2.151428330238497
 41
16.93467803088885
 46
6.638893226522522
 71
     5
 72
     1
  1
%%P0.03
 73
     1
 44
1.0
  0
MTEXT
  5
C9B8
330
AB15
100
AcDbEntity
 67
     1
  8
图框线
100
AcDbMText
 10
116.1541595276277
 20
36.35144368841212
 30
0.0
 40
2.151428330238497
 41
16.93467803088885
 46
6.638893226522522
 71
     5
 72
     1
  1
%%P0.03
 73
     1
 44
1.0
  0
MTEXT
  5
C9B9
330
AB15
100
AcDbEntity
 67
     1
  8
图框线
100
AcDbMText
 10
116.1541595276277
 20
42.99044368841211
 30
0.0
 40
2.151428330238497
 41
16.93467803088885
 46
6.638893226522522
 71
     5
 72
     1
  1
%%P5°
 73
     1
 44
1.0
  0
MTEXT
  5
C9BA
330
AB15
100
AcDbEntity
 67
     1
  8
图框线
100
AcDbMText
 10
116.1541595276277
 20
49.6293369149346
 30
0.0
 40
2.151428330238497
 41
16.93467803088885
 46
6.638893226522522
 71
     5
 72
     1
  1
允许公差
 73
     1
 44
1.0
  0
MTEXT
  5
C9BC
330
AB15
100
AcDbEntity
 67
     1
  8
图框线
100
AcDbMText
 10
128.0526321218482
 20
19.677291553263
 30
0.0
 40
1.7794
 41
6.870064240939162
 46
3.914886032770649
 71
     5
 72
     5
  1
①
 73
     1
 44
1.0
1001
ACAD
1000
ACAD_MTEXT_DEFINED_HEIGHT_BEGIN
1070
    46
1040
5.257432947554728
1000
ACAD_MTEXT_DEFINED_HEIGHT_END
  0
MTEXT
  5
C9BD
330
AB15
100
AcDbEntity
 67
     1
  8
图框线
100
AcDbMText
 10
128.0526321222891
 20
23.59217758603366
 30
0.0
 40
1.7794
 41
6.870064240939162
 46
3.914886032770649
 71
     5
 72
     5
  1
②
 73
     1
 44
1.0
1001
ACAD
1000
ACAD_MTEXT_DEFINED_HEIGHT_BEGIN
1070
    46
1040
5.257432947554728
1000
ACAD_MTEXT_DEFINED_HEIGHT_END
  0
MTEXT
  5
C9BE
330
AB15
100
AcDbEntity
 67
     1
  8
图框线
100
AcDbMText
 10
128.0526321222891
 20
27.50706361880431
 30
0.0
 40
1.7794
 41
6.870064240939162
 46
3.914886032770649
 71
     5
 72
     5
  1
③
 73
     1
 44
1.0
1001
ACAD
1000
ACAD_MTEXT_DEFINED_HEIGHT_BEGIN
1070
    46
1040
5.257432947554728
1000
ACAD_MTEXT_DEFINED_HEIGHT_END
  0
MTEXT
  5
C9BF
330
AB15
100
AcDbEntity
 67
     1
  8
图框线
100
AcDbMText
 10
128.0526321218482
 20
31.42194965157498
 30
0.0
 40
1.7794
 41
6.870064240939162
 46
3.914886032770649
 71
     5
 72
     5
  1
④
 73
     1
 44
1.0
1001
ACAD
1000
ACAD_MTEXT_DEFINED_HEIGHT_BEGIN
1070
    46
1040
5.257432947554728
1000
ACAD_MTEXT_DEFINED_HEIGHT_END
  0
MTEXT
  5
C9C0
330
AB15
100
AcDbEntity
 67
     1
  8
图框线
100
AcDbMText
 10
128.0526321222891
 20
35.33683568434561
 30
0.0
 40
1.7794
 41
6.870064240939162
 46
3.914886032770649
 71
     5
 72
     5
  1
⑤
 73
     1
 44
1.0
1001
ACAD
1000
ACAD_MTEXT_DEFINED_HEIGHT_BEGIN
1070
    46
1040
5.257432947554728
1000
ACAD_MTEXT_DEFINED_HEIGHT_END
  0
MTEXT
  5
C9C1
330
AB15
100
AcDbEntity
 67
     1
  8
图框线
100
AcDbMText
 10
128.0526321218482
 20
39.25172171711628
 30
0.0
 40
1.7794
 41
6.870064240939162
 46
3.914886032770649
 71
     5
 72
     5
  1
⑥
 73
     1
 44
1.0
1001
ACAD
1000
ACAD_MTEXT_DEFINED_HEIGHT_BEGIN
1070
    46
1040
5.257432947554728
1000
ACAD_MTEXT_DEFINED_HEIGHT_END
  0
MTEXT
  5
C9C2
330
AB15
100
AcDbEntity
 67
     1
  8
图框线
100
AcDbMText
 10
128.0526321218482
 20
43.16660774988692
 30
0.0
 40
1.7794
 41
6.870064240939162
 46
3.914886032770649
 71
     5
 72
     5
  1
⑦
 73
     1
 44
1.0
1001
ACAD
1000
ACAD_MTEXT_DEFINED_HEIGHT_BEGIN
1070
    46
1040
5.257432947554728
1000
ACAD_MTEXT_DEFINED_HEIGHT_END
  0
MTEXT
  5
C9C6
330
AB15
100
AcDbEntity
 67
     1
  8
图框线
100
AcDbMText
 10
194.0015495781741
 20
28.097279665005
 30
0.0
 40
2.00013331164634
 41
10.00520902978167
 46
5.257432947551971
 71
     5
 72
     1
  1
單位
 73
     1
 44
1.0
  0
MTEXT
  5
C9C7
330
AB15
100
AcDbEntity
 67
     1
  8
图框线
100
AcDbMText
 10
194.0015495781741
 20
33.35471261255698
 30
0.0
 40
2.00013331164634
 41
10.00520902978167
 46
5.257432947551971
 71
     5
 72
     1
  1
材質
 73
     1
 44
1.0
  0
MTEXT
  5
C9C8
330
AB15
100
AcDbEntity
 67
     1
  8
图框线
100
AcDbMText
 10
194.0015495781741
 20
38.61214556011171
 30
0.0
 40
2.00013331164634
 41
10.00520902978167
 46
5.257432947551971
 71
     5
 72
     1
  1
版本
 73
     1
 44
1.0
  0
MTEXT
  5
C9C9
330
AB15
100
AcDbEntity
 67
     1
  8
图框线
100
AcDbMText
 10
194.0015495781741
 20
44.26726370739838
 30
0.0
 40
2.00013331164634
 41
10.00520902978167
 46
5.257432947551971
 71
     5
 72
     1
  1
圖名
 73
     1
 44
1.0
  0
MTEXT
  5
C9CA
330
AB15
100
AcDbEntity
 67
     1
  8
图框线
100
AcDbMText
 10
194.0015495781741
 20
49.92238185468514
 30
0.0
 40
2.00013331164634
 41
10.00520902978167
 46
5.257432947551971
 71
     5
 72
     1
  1
品名
 73
     1
 44
1.0
  0
MTEXT
  5
C9CB
330
AB15
100
AcDbEntity
 67
     1
  8
图框线
100
AcDbMText
 10
232.1660740163137
 20
50.12122445455249
 30
0.0
 40
2.00013331164634
 41
13.05027264756191
 46
5.655118147286724
 71
     5
 72
     1
  1
製^I圖
 73
     1
 44
1.0
  0
MTEXT
  5
C9CC
330
AB15
100
AcDbEntity
 67
     1
  8
图框线
100
AcDbMText
 10
232.1660740163137
 20
44.46610630726579
 30
0.0
 40
2.00013331164634
 41
13.05027264756191
 46
5.655118147286724
 71
     5
 72
     1
  1
審^I圖
 73
     1
 44
1.0
  0
MTEXT
  5
C9CD
330
AB15
100
AcDbEntity
 67
     1
  8
图框线
100
AcDbMText
 10
232.1660740163137
 20
38.81098815997908
 30
0.0
 40
2.00013331164634
 41
13.05027264756191
 46
5.655118147286724
 71
     5
 72
     1
  1
簽^I核
 73
     1
 44
1.0
  0
MTEXT
  5
C9CE
330
AB15
100
AcDbEntity
 67
     1
  8
图框线
100
AcDbMText
 10
232.1660740167986
 20
33.55355521239679
 30
0.0
 40
2.00013331164634
 41
13.05027264756191
 46
5.655118147286724
 71
     5
 72
     1
  1
製圖比例
 73
     1
 44
1.0
  0
MTEXT
  5
C9CF
330
AB15
100
AcDbEntity
 67
     1
  8
图框线
100
AcDbMText
 10
232.1660740163137
 20
28.29612226487238
 30
0.0
 40
2.00013331164634
 41
13.05027264756191
 46
5.655118147286724
 71
     5
 72
     1
  1
页    数
 73
     1
 44
1.0
  0
MTEXT
  5
C9D0
330
AB15
100
AcDbEntity
 67
     1
  8
图框线
100
AcDbMText
 10
263.8906356500532
 20
33.35471261255835
 30
0.0
 40
2.00013331164634
 41
19.3907797502234
 46
5.257432947554717
 71
     5
 72
     1
  1
A4列印比例
 73
     1
 44
1.0
  0
MTEXT
  5
C9D2
330
AB15
100
AcDbEntity
 67
     1
  8
图框线
100
AcDbMText
 10
246.4432280572755
 20
33.35471261255835
 30
0.0
 40
2.00013331164634
 41
15.50403543436186
 46
5.257432947554714
 71
     5
 72
     1
  1
1:1
 73
     1
 44
1.0
  0
MTEXT
  5
C9D3
330
AB15
100
AcDbEntity
 67
     1
  8
图框线
100
AcDbMText
 10
280.8148632900329
 20
33.55355521242433
 30
0.0
 40
2.00013331164634
 41
13.05027264756191
 46
5.655118147286724
 71
     5
 72
     1
  1
3:1
 73
     1
 44
1.0
  0
LINE
  5
C9DC
330
AB15
100
AcDbEntity
 67
     1
  8
图框线
100
AcDbLine
 10
90.75214248129444
 20
13.11499707515088
 30
0.0
 11
90.75214248129444
 21
52.94878352819587
 31
0.0
  0
MTEXT
  5
CE45
330
AB15
100
AcDbEntity
 67
     1
  8
图框线
100
AcDbMText
 10
169.4387383071525
 20
19.677291553263
 30
0.0
 40
1.7794
 41
16.36943819751138
 46
3.914886032770646
 71
     5
 72
     5
  1
{\f陈继世-硬笔行书|b0|i0|c134|p49;2026.07.21}
 73
     1
 44
1.0
1001
ACAD
1000
ACAD_MTEXT_DEFINED_HEIGHT_BEGIN
1070
    46
1040
5.257432947554728
1000
ACAD_MTEXT_DEFINED_HEIGHT_END
  0
MTEXT
  5
CE46
330
AB15
100
AcDbEntity
 67
     1
  8
图框线
100
AcDbMText
 10
146.3708417253573
 20
19.677291553263
 30
0.0
 40
1.7794
 41
29.7663549660789
 46
3.914886032770646
 71
     5
 72
     5
  1
初版新作成
 73
     1
 44
1.0
1001
ACAD
1000
ACAD_MTEXT_DEFINED_HEIGHT_BEGIN
1070
    46
1040
5.257432947554728
1000
ACAD_MTEXT_DEFINED_HEIGHT_END
  0
HATCH
  5
CE47
330
AB15
100
AcDbEntity
 67
     1
  8
图框线
100
AcDbHatch
 10
0.0
 20
0.0
 30
0.0
210
0.0
220
0.0
230
1.0
  2
SOLID
 70
     1
 71
     0
 91
        9
 92
        7
 72
     0
 73
     1
 93
       56
 10
181.2426319012014
 20
20.87975874216812
 10
181.2417248597117
 20
20.89789597259251
 10
181.2307287813338
 20
20.92584724796131
 10
181.2069067043659
 20
20.96297691935757
 10
181.1941037417504
 20
20.98105224060092
 10
181.1669810415838
 20
21.01584376060134
 10
181.1324825103821
 20
21.05034301167725
 10
181.1152328848441
 20
21.06759191734103
 10
181.0807343536423
 20
21.10209116841694
 10
181.0612732745674
 20
21.1115380775203
 10
181.0519408254615
 20
21.11775995021559
 10
181.0357357373852
 20
21.13208976600553
 10
181.0067348854354
 20
21.1502867459884
 10
180.9916362440015
 20
21.15859121473916
 10
180.9607385235396
 20
21.17333855756409
 10
180.9461941852384
 20
21.17730002527693
 10
180.9382806081774
 20
21.17809188689498
 10
180.9232395566796
 20
21.17708838226265
 10
180.9059798529028
 20
21.15955872566158
 10
180.8982570425043
 20
21.14951936009308
 10
180.8857405898196
 20
21.12833994130698
 10
180.9072914636921
 20
21.08418501761021
 10
180.9202549582536
 20
21.06283354889073
 10
180.9494890494438
 20
21.02334412987268
 10
180.982118787227
 20
20.97353387447461
 10
181.0023191771035
 20
20.95022650755856
 10
181.046985211481
 20
20.91084794916703
 10
181.0668652573393
 20
20.90772369514672
 10
181.0775568289313
 20
20.90237790935066
 10
181.091983827738
 20
20.88834828110136
 10
181.0904051436214
 20
20.87092732550423
 10
181.0841127232545
 20
20.86044091805864
 10
181.0694841596724
 20
20.85085003411564
 10
181.0649237566267
 20
20.85215300641443
 10
181.0611019445081
 20
20.85087882908357
 10
181.0582346855767
 20
20.84710020941705
 10
181.0192362207618
 20
20.808101024728
 10
180.9997369883544
 20
20.78860179232056
 10
180.9607385235396
 20
20.7496033275057
 10
180.9230401515267
 20
20.72790128005169
 10
180.9055796028486
 20
20.7095675239712
 10
180.8857405898196
 20
20.67085628896144
 10
180.8906394936833
 20
20.6639299071375
 10
180.893240959091
 20
20.65585699016712
 10
180.9388118753355
 20
20.65794750483879
 10
180.9619507916893
 20
20.6618038709187
 10
181.0057364199224
 20
20.67460611366001
 10
181.0408893167703
 20
20.68791802733366
 10
181.0580100848268
 20
20.69725695530727
 10
181.0882340030395
 20
20.71960472991711
 10
181.1062330176178
 20
20.73160431292738
 10
181.1152328848441
 20
20.73760374449541
 10
181.1332318994223
 20
20.7496033275057
 10
181.1737305820663
 20
20.79010201014967
 10
181.1939799233884
 20
20.81035135147168
 10
181.2344786060323
 20
20.85085003411564
 97
        0
 92
        7
 72
     0
 73
     1
 93
      513
 10
181.1294820747238
 20
20.37086671370443
 10
181.309475819878
 20
20.55086045885864
 10
181.3146625134762
 20
20.55836658712359
 10
181.3130665523787
 20
20.56794091396001
 10
181.3057259951794
 20
20.57335940705009
 10
181.2958126075957
 20
20.57163890771632
 10
181.2877982481468
 20
20.57564572750368
 10
181.283227046988
 20
20.58460888114582
 10
181.2639358582238
 20
20.59439773049332
 10
181.254683315154
 20
20.60056561262375
 10
181.2382284307309
 20
20.61460819860861
 10
181.2279420208788
 20
20.61651725504996
 10
181.2232291319365
 20
20.62585767270435
 10
181.1930865595083
 20
20.62645876765984
 10
181.1776582156919
 20
20.62491607725306
 10
181.1482319180909
 20
20.6183580233072
 10
181.1377879832229
 20
20.60523687629606
 10
181.1274959418109
 20
20.60009121552711
 10
181.110732951231
 20
20.5996088998143
 10
181.0327360216012
 20
20.56060971512525
 10
180.9937368369121
 20
20.54111048271784
 10
180.9157399072824
 20
20.50211201790296
 10
180.8210519744926
 20
20.44955112319346
 10
180.7744624362574
 20
20.42174742203528
 10
180.6832478964741
 20
20.36336706430728
 10
180.6609476335611
 20
20.35913492389588
 10
180.6474125588861
 20
20.36093964851086
 10
180.6269998061211
 20
20.37086671370443
 10
180.632460771789
 20
20.39394588049967
 10
180.636270346046
 20
20.40537532314496
 10
180.6457496494882
 20
20.42711480405727
 10
180.6249172100656
 20
20.44679256526586
 10
180.6144164051361
 20
20.45654398115507
 10
180.5932513838339
 20
20.47586324501294
 10
180.5775984392677
 20
20.47633908185797
 10
180.5685582590863
 20
20.47362731575324
 10
180.555752416974
 20
20.46461377091722
 10
180.5460718695356
 20
20.45014234493183
 10
180.5332534687826
 20
20.43836427815298
 10
180.536865077635
 20
20.42805927900534
 10
180.5342648920311
 20
20.41895646976875
 10
180.5257538193854
 20
20.41211550526296
 10
180.5113253808303
 20
20.3882351184851
 10
180.5029438855403
 20
20.37680639571402
 10
180.4845050278269
 20
20.35586741491014
 10
180.4323904551203
 20
20.32209955601963
 10
180.4073748267318
 20
20.30314814787704
 10
180.3607593730255
 20
20.26212035769736
 10
180.3588805013681
 20
20.25168218182308
 10
180.3597825037385
 20
20.24536600560777
 10
180.3645091977242
 20
20.23587158480734
 10
180.3930082973578
 20
20.20737248517363
 10
180.4072574872375
 20
20.1931232952939
 10
180.4357565868712
 20
20.16462419566024
 10
180.4652678296277
 20
20.15903005326579
 10
180.4808322296675
 20
20.15825186925749
 10
180.510753800717
 20
20.16087437096163
 10
180.5842615948466
 20
20.17780221273301
 10
180.6206814702833
 20
20.18918342380699
 10
180.6907475458711
 20
20.21712246131447
 10
180.726746294902
 20
20.23512147589279
 10
180.7447460293545
 20
20.24412134311904
 10
180.7855659280628
 20
20.26453088433134
 10
180.7929322485613
 20
20.25716546359095
 10
180.7919942524811
 20
20.25087088360164
 10
180.4187351614541
 20
19.83518096758268
 10
180.2319911559431
 20
19.62743823170934
 10
179.8582771044228
 20
19.212157204235
 10
179.8534964198724
 20
19.18541603739338
 10
179.8552428346773
 20
19.16969974389761
 10
179.86577675382
 20
19.14465963978643
 10
179.8912761376698
 20
19.11916097581096
 10
179.9040251097204
 20
19.10641128388612
 10
179.92952449357
 20
19.08091190003648
 10
179.9443207878405
 20
19.077031778108
 10
179.9548575864799
 20
19.07913956976042
 10
179.96702346043
 20
19.08841154943364
 10
180.1530166371519
 20
19.25040628000949
 10
180.2460135854505
 20
19.33140292542324
 10
180.4320067621727
 20
19.4933976559991
 10
180.4433577385303
 20
19.50085699244114
 10
180.4530443657417
 20
19.50193320436753
 10
180.4657559043341
 20
19.4971474806977
 10
180.4744707013778
 20
19.48976229129806
 10
180.4776676626921
 20
19.4823022349818
 10
180.4770053784298
 20
19.47089870780766
 10
180.4830048099979
 20
19.44089939034485
 10
180.4860052456561
 20
19.42590009155055
 10
180.4920046772241
 20
19.39590077408776
 10
180.4950043930081
 20
19.38390119107747
 10
180.4965046108371
 20
19.37790175950944
 10
180.4995043266213
 20
19.36590217649916
 10
180.5055044780634
 20
19.33590285903636
 10
180.5085041938475
 20
19.32090356024207
 10
180.5145036254155
 20
19.29090496265347
 10
180.5220673436163
 20
19.27286923449102
 10
180.5209868124448
 20
19.258822329261
 10
180.510753800717
 20
19.24215652169777
 10
180.504754369149
 20
19.23615637025557
 10
180.5017546533648
 20
19.23315665447152
 10
180.4957545019226
 20
19.22715722290348
 10
180.5015401308539
 20
19.20829579903568
 10
180.4994424174401
 20
19.19465850222445
 10
180.4882548525254
 20
19.17840878194784
 10
180.4882548525254
 20
19.14540974870098
 10
180.4882548525254
 20
19.12891023207759
 10
180.4882548525254
 20
19.09591119883075
 10
180.4822554209575
 20
19.06891231702621
 10
180.4792549852991
 20
19.055413236061
 10
180.4732555537312
 20
19.02841363438222
 10
180.4732555537312
 20
18.99841503679364
 10
180.4732555537312
 20
18.98341573799932
 10
180.4732555537312
 20
18.95341642053652
 10
180.4672554022889
 20
18.92641753873195
 10
180.4642556865049
 20
18.91291773789255
 10
180.4582562549369
 20
18.88591885608798
 10
180.4582562549369
 20
18.86791984150966
 10
180.4582562549369
 20
18.85891997428339
 10
180.4582562549369
 20
18.84092023983087
 10
180.4567560371078
 20
18.82592094103657
 10
180.4560059281933
 20
18.81842129163943
 10
180.4545064302384
 20
18.80342199284512
 10
180.4485062787961
 20
18.74342407779371
 10
180.445506563012
 20
18.71342476033092
 10
180.4395064115698
 20
18.65342684527951
 10
180.4420000557925
 20
18.62616952863777
 10
180.4394560203759
 20
18.61090531613852
 10
180.4282569374741
 20
18.58592928083098
 10
180.4282569374741
 20
18.55593068324239
 10
180.4282569374741
 20
18.54093138444808
 10
180.4282569374741
 20
18.51093206698527
 10
180.4145678097206
 20
18.4741385768396
 10
180.4120568885171
 20
18.45237965932391
 10
180.4170074633784
 20
18.41343518507392
 10
180.4393019672976
 20
18.39221905270371
 10
180.4505536010158
 20
18.38171752789993
 10
180.4732555537312
 20
18.36093763929387
 10
180.5015070166406
 20
18.3561382380143
 10
180.5178697571663
 20
18.35786017709646
 10
180.5445029428783
 20
18.36843728869103
 10
180.5668694342171
 20
18.39256027307367
 10
180.5781196281871
 20
18.40456057595812
 10
180.6007510332312
 20
18.42843520374243
 10
180.5990298140231
 20
18.43834859132625
 10
180.6030373536847
 20
18.44636295077512
 10
180.6120005073269
 20
18.45093415193387
 10
180.6343058093588
 20
18.49092532326807
 10
180.6463500245696
 20
18.51049654309536
 10
180.6719984223783
 20
18.54843103384522
 10
180.6899981568308
 20
18.58442978287605
 10
180.6989973041829
 20
18.60242879745438
 10
180.7169970386354
 20
18.63842754648525
 10
180.7244966880324
 20
18.64592719588239
 10
180.7754947358576
 20
18.74792401140687
 10
180.8009941197073
 20
18.79892205923198
 10
180.8519921675324
 20
18.90091815488229
 10
180.8694707130654
 20
18.95591150450757
 10
180.8838343629428
 20
18.98304356303883
 10
180.919489731981
 20
19.02841363438222
 10
180.9581181814579
 20
19.02305057160542
 10
180.9784783834065
 20
19.0145668541793
 10
181.009486244621
 20
18.99091538739648
 10
181.0581540596665
 20
18.96386467464962
 10
181.0829530059213
 20
18.95108906725364
 10
181.1332318994223
 20
18.9271676476465
 10
181.1407344290447
 20
18.91966691805535
 10
181.1827304492924
 20
18.8986685480128
 10
181.203729899529
 20
18.88816918283164
 10
181.2457280801279
 20
18.86716973259509
 10
181.292254989308
 20
18.84289917400181
 10
181.3149144694456
 20
18.82930362989405
 10
181.3582242608337
 20
18.79967216814653
 10
181.3216647298024
 20
18.70377052745848
 10
181.2978937639025
 20
18.65699526168015
 10
181.2419782554295
 20
18.57092998203671
 10
181.2157309222878
 20
18.53105327069997
 10
181.196734881945
 20
18.51288292606248
 10
181.1557315674881
 20
18.48843311879384
 10
181.1437319844778
 20
18.48243296735159
 10
181.1377318330354
 20
18.47943325156757
 10
181.1257322500251
 20
18.47343310012534
 10
181.1002069507045
 20
18.47066662358153
 10
181.0861708435874
 20
18.47231801499227
 10
181.061984510275
 20
18.48093346939668
 10
181.0305533630322
 20
18.50834123974584
 10
181.0168296813172
 20
18.52610125609037
 10
180.9982367705254
 20
18.56343033263951
 10
180.9890540552527
 20
18.58434987684002
 10
180.9845534017653
 20
18.59485140164382
 10
180.9757378223338
 20
18.6159285982938
 10
180.9507617870263
 20
18.60647377057423
 10
180.9383345987421
 20
18.59671011682366
 10
180.9232395566796
 20
18.57467980673525
 10
180.9122103640885
 20
18.54513688951412
 10
180.9113177200827
 20
18.52638992564386
 10
180.919489731981
 20
18.49593276819098
 10
180.9599344240601
 20
18.44723759792598
 10
180.9788152845312
 20
18.42156112502354
 10
181.0132367891936
 20
18.36843728869103
 10
181.0190022616473
 20
18.3718646097488
 10
181.0275183734125
 20
18.36760655386626
 10
181.0282360879881
 20
18.36093763929387
 10
181.0612351212349
 20
18.36093763929387
 10
181.0777339179841
 20
18.36093763929387
 10
181.110732951231
 20
18.36093763929387
 10
181.1713917107963
 20
18.37878476041637
 10
181.2012621707776
 20
18.39103989876702
 10
181.2569775542236
 20
18.42093555434528
 10
181.3041825848985
 20
18.45364591803861
 10
181.3264151796365
 20
18.47281256856643
 10
181.3657239102308
 20
18.51468189168384
 10
181.412549567203
 20
18.57892490488221
 10
181.4337743380635
 20
18.61303542389108
 10
181.4707204415393
 20
18.68342616274233
 10
181.4781149893035
 20
18.71685496088548
 10
181.4876972347562
 20
18.73427735623104
 10
181.5119692330979
 20
18.75842337658802
 10
181.5588244049121
 20
18.76005965064059
 10
181.5833094860165
 20
18.75690012278457
 10
181.6282145186278
 20
18.74342407779371
 10
181.6612135518747
 20
18.74342407779371
 10
181.677713068498
 20
18.74342407779371
 10
181.7107121017449
 20
18.74342407779371
 10
181.7347112677654
 20
18.7374239263515
 10
181.7467108507757
 20
18.73442421056747
 10
181.7707100167963
 20
18.72842477899942
 10
181.8067087658272
 20
18.72842477899942
 10
181.8247077804055
 20
18.72842477899942
 10
181.8607065294364
 20
18.72842477899942
 10
181.8817059796728
 20
18.72242462755717
 10
181.8922053448541
 20
18.71942491177316
 10
181.9132047950904
 20
18.71342476033092
 10
181.9462038283374
 20
18.71342476033092
 10
181.9627033449608
 20
18.71342476033092
 10
181.9957016583334
 20
18.71342476033092
 10
181.9957016583334
 20
18.70592511093377
 10
182.064699440611
 20
18.70592511093377
 10
182.0991979718128
 20
18.70592511093377
 10
182.1681957540905
 20
18.70592511093377
 10
182.1681957540905
 20
18.71342476033092
 10
182.1981950715533
 20
18.71342476033092
 10
182.2131943703476
 20
18.71342476033092
 10
182.2431929679361
 20
18.71342476033092
 10
182.270192569615
 20
18.71942491177316
 10
182.2836916505801
 20
18.72242462755717
 10
182.3106905323848
 20
18.72842477899942
 10
182.3301904846663
 20
18.72842477899942
 10
182.339939740933
 20
18.72842477899942
 10
182.3594389733404
 20
18.72842477899942
 10
182.426936537789
 20
18.7359244283966
 10
182.4606856799503
 20
18.73967425309515
 10
182.5281832443989
 20
18.7471739024923
 10
182.5881811594503
 20
18.75317333406035
 10
182.6181797570388
 20
18.75617376971855
 10
182.6781776720902
 20
18.76217320128661
 10
182.7054357086062
 20
18.75968027693813
 10
182.7206999211054
 20
18.76222431235468
 10
182.7456752365388
 20
18.77342267538233
 10
182.7876741370118
 20
18.77342267538233
 10
182.8086735872484
 20
18.77342267538233
 10
182.8506717678473
 20
18.77342267538233
 10
182.8506717678473
 20
18.76592302598518
 10
182.882170583265
 20
18.76592302598518
 10
182.8979199909739
 20
18.76592302598518
 10
182.9294188063916
 20
18.76592302598518
 10
182.9587795954405
 20
18.80368618667587
 10
182.9746348246565
 20
18.82180685999372
 10
183.0081665648101
 20
18.85592025849938
 10
183.0096833397456
 20
18.87441094715509
 10
183.0069571761569
 20
18.88531632138404
 10
182.9969170907143
 20
18.90091815488229
 10
182.9819170720458
 20
18.91591817355077
 10
182.9744174226487
 20
18.92341782294791
 10
182.9594181238544
 20
18.93841712174222
 10
182.9249195926527
 20
18.93841712174222
 10
182.9076699671147
 20
18.93841712174222
 10
182.873171435913
 20
18.93841712174222
 10
182.8461718342342
 20
18.93241697029998
 10
182.832672753269
 20
18.92941725451596
 10
182.80567315159
 20
18.92341782294791
 10
182.7726748382175
 20
18.92341782294791
 10
182.7561753215942
 20
18.92341782294791
 10
182.7231762883473
 20
18.92341782294791
 10
182.6991771223268
 20
18.91741767150566
 10
182.6871775393165
 20
18.91441795572166
 10
182.663178373296
 20
18.90841780427941
 10
182.6331797757073
 20
18.90841780427941
 10
182.6181797570388
 20
18.90841780427941
 10
182.5881811594503
 20
18.90841780427941
 10
182.5611822776456
 20
18.90241837271138
 10
182.5476824768063
 20
18.89941865692736
 10
182.5206835950017
 20
18.89341850548512
 10
182.4876845617548
 20
18.89341850548512
 10
182.4711850451315
 20
18.89341850548512
 10
182.4381860118847
 20
18.89341850548512
 10
182.4141875657383
 20
18.88741907391707
 10
182.402187982728
 20
18.88441863825885
 10
182.3781888167075
 20
18.8784192066908
 10
182.3451897834605
 20
18.8784192066908
 10
182.328690266837
 20
18.8784192066908
 10
182.2956912335904
 20
18.8784192066908
 10
182.2716920675698
 20
18.87241905524858
 10
182.2596924845596
 20
18.86941933946457
 10
182.235693318539
 20
18.86341990789652
 10
182.2026950051664
 20
18.86341990789652
 10
182.186195488543
 20
18.86341990789652
 10
182.1531964552961
 20
18.86341990789652
 10
182.1531964552961
 20
18.85592025849938
 10
182.0931985402448
 20
18.85592025849938
 10
182.063199222782
 20
18.85592025849938
 10
182.0032013077306
 20
18.85592025849938
 10
181.9914555842666
 20
18.84601231996062
 10
181.9769525348405
 20
18.84092023983087
 10
181.949953653036
 20
18.84992010705714
 10
181.9364538521966
 20
18.85442004067025
 10
181.9094549703919
 20
18.86341990789652
 10
181.8655491231678
 20
18.86279289746988
 10
181.8428054177489
 20
18.86593010922575
 10
181.8007086143849
 20
18.8784192066908
 10
181.758710433786
 20
18.8784192066908
 10
181.7377109835495
 20
18.8784192066908
 10
181.6957128029506
 20
18.8784192066908
 10
181.6957128029506
 20
18.88591885608798
 10
181.6627137697038
 20
18.88591885608798
 10
181.6462142530804
 20
18.88591885608798
 10
181.6132152198335
 20
18.88591885608798
 10
181.6003892212437
 20
18.90972437594923
 10
181.5993554818951
 20
18.92833672334443
 10
181.609465395135
 20
18.95341642053652
 10
181.6132987252406
 20
18.97785542969219
 10
181.6163459527214
 20
18.99004721911339
 10
181.6244646939293
 20
19.01341433558789
 10
181.6362382364413
 20
19.0361817968553
 10
181.6408641480391
 20
19.04851756111616
 10
181.6469643619949
 20
19.07341225063932
 10
181.6649633765733
 20
19.10941099967016
 10
181.6739632437995
 20
19.12741073412268
 10
181.6919622583778
 20
19.16340948315352
 10
181.7115327583309
 20
19.19727524493498
 10
181.7220709967188
 20
19.21383451111687
 10
181.7444605240321
 20
19.24590634639636
 10
181.7562607018894
 20
19.26986375971341
 10
181.7652238555316
 20
19.28127160613277
 10
181.7857093155905
 20
19.29840461205062
 10
181.7839880963826
 20
19.30831799963442
 10
181.7879956360443
 20
19.3163323590833
 10
181.7969587896863
 20
19.32090356024207
 10
181.8043180636148
 20
19.33766871044462
 10
181.8099741151903
 20
19.34574929831974
 10
181.8232082824506
 20
19.358402527102
 10
181.8279378559329
 20
19.38363771712095
 10
181.8261655256569
 20
19.39870108471884
 10
181.8157079131791
 20
19.422150266852
 10
181.80398116249
 20
19.42866584822018
 10
181.7988851730408
 20
19.43885782711866
 10
181.8007086143849
 20
19.45214886444057
 10
181.8339639228464
 20
19.53232917251353
 10
181.8476228158835
 20
19.57406459903007
 10
181.8682061788334
 20
19.658392102359
 10
181.8564931057541
 20
19.6721402597968
 10
181.8551800552165
 20
19.68789254700244
 10
181.8644563541349
 20
19.7033899987419
 10
181.8764559371452
 20
19.72738916476248
 10
181.8824560885874
 20
19.73938874777273
 10
181.8944556715976
 20
19.7633879137933
 10
181.906455254608
 20
19.79938666282414
 10
181.912454686176
 20
19.81738639727666
 10
181.9244542691863
 20
19.8533851463075
 10
181.9254311384733
 20
19.8756616533717
 10
181.9298475666794
 20
19.88802765234888
 10
181.9432041125533
 20
19.90588341196175
 10
181.9441795420919
 20
19.93917327438466
 10
181.9464795401553
 20
19.95604424609434
 10
181.9544535866491
 20
19.98838027520461
 10
181.9604530182171
 20
20.04237803881375
 10
181.9634527340011
 20
20.06937764049255
 10
181.9694528854434
 20
20.1233754041017
 10
181.9709531032726
 20
20.13687520494108
 10
181.9717024923129
 20
20.14362474542367
 10
181.9732027101419
 20
20.15712454626306
 10
181.9732027101419
 20
20.22312189288251
 10
181.9732027101419
 20
20.25612092612932
 10
181.9732027101419
 20
20.32211827274878
 10
181.9430910923043
 20
20.35207943687907
 10
181.927271136924
 20
20.36639341543666
 10
181.8944556715976
 20
20.39336566189589
 10
181.8828477001513
 20
20.3976373953882
 10
181.8726888354658
 20
20.39509767921683
 10
181.8644563541349
 20
20.38586601249873
 10
181.8362775985195
 20
20.31046422935364
 10
181.8178740146416
 20
20.27365706159819
 10
181.7744598414948
 20
20.20587226734454
 10
181.7653181590516
 20
20.19095863357984
 10
181.7608175055643
 20
20.1834575444343
 10
181.7519601734291
 20
20.1683740203588
 10
181.7174616422275
 20
20.13387476928287
 10
181.7002120166895
 20
20.11662586361909
 10
181.6657134854879
 20
20.08212661254318
 10
181.6462524064128
 20
20.07267970343983
 10
181.636919957307
 20
20.06645855061872
 10
181.6207148692305
 20
20.05212801495459
 10
181.6093322184083
 20
20.04935865891398
 10
181.6029922863444
 20
20.0440755021732
 10
181.5982159210392
 20
20.0333788914617
 10
181.5879109218915
 20
20.02976656273499
 10
181.578808112655
 20
20.03236746821318
 10
181.5719671481493
 20
20.04087854085886
 10
181.5848053846005
 20
20.07342189373819
 10
181.5942918867848
 20
20.08923321062809
 10
181.6169650445321
 20
20.11587575470455
 10
181.6267531740054
 20
20.13516694346868
 10
181.6329217760101
 20
20.14441876666432
 10
181.6469643619949
 20
20.16087437096163
 10
181.6567524914683
 20
20.1801655597258
 10
181.6629203735986
 20
20.18941738292143
 10
181.6769629595836
 20
20.20587226734454
 10
181.6930809428819
 20
20.23501709413405
 10
181.7031123898342
 20
20.24890706678887
 10
181.7257114005392
 20
20.27336983179309
 10
181.7239901813313
 20
20.28328393925109
 10
181.7279977209928
 20
20.29129757882579
 10
181.736960874635
 20
20.29586949985874
 10
181.7467490041083
 20
20.31516068862287
 10
181.7529168862385
 20
20.32441251181852
 10
181.7669601920977
 20
20.34086811611584
 10
181.7767483215711
 20
20.36015930487999
 10
181.7829162037015
 20
20.36941112807562
 10
181.7969587896863
 20
20.38586601249873
 10
181.8067469191596
 20
20.40515792113708
 10
181.8129148012901
 20
20.41440974433272
 10
181.8269581071491
 20
20.43086462875585
 10
181.8367462366225
 20
20.45015581751998
 10
181.8429141187528
 20
20.4594076407156
 10
181.8569567047377
 20
20.47586324501294
 10
181.8715348771261
 20
20.49922244287127
 10
181.8783124927024
 20
20.51127241707543
 10
181.8907058468991
 20
20.53586116006434
 10
181.8934723234429
 20
20.56138645938514
 10
181.8918209320322
 20
20.57542256650221
 10
181.8832061975019
 20
20.5996088998143
 10
181.8599038697053
 20
20.62282916195239
 10
181.8478819705948
 20
20.63409951239987
 10
181.8232082824506
 20
20.65585699016712
 10
181.7917087471587
 20
20.65585699016712
 10
181.7759593394499
 20
20.65585699016712
 10
181.7444605240321
 20
20.65585699016712
 10
181.6337525108349
 20
20.46969176351149
 10
181.5782545293965
 20
20.37669409533909
 10
181.4669706168407
 20
20.19087296855024
 10
181.4118714457083
 20
20.117075784993
 10
181.3841210152408
 20
20.080324767425
 10
181.3282256632451
 20
20.00712939869746
 10
181.2856220684455
 20
19.93999537071902
 10
181.2622103197707
 20
19.90752040588851
 10
181.2119796578408
 20
19.84588549691035
 10
181.1967075267253
 20
19.81899747573228
 10
181.1864234039296
 20
19.80633992770482
 10
181.1632312168851
 20
19.78588758185897
 10
181.1649524360932
 20
19.77597347440095
 10
181.1609448964317
 20
19.76795983482626
 10
181.1519817427895
 20
19.7633879137933
 10
181.0931500239391
 20
19.67896898644118
 10
181.0623386883807
 20
19.63763596960147
 10
180.9982367705254
 20
19.55714539574909
 10
180.9958575863
 20
19.50097289218708
 10
180.9912316747023
 20
19.47244643733387
 10
180.9757378223338
 20
19.41840044215341
 10
180.9488641986398
 20
19.36956561629395
 10
180.9374419547364
 20
19.34367534075466
 10
180.919489731981
 20
19.29090496265347
 10
180.874491115724
 20
19.20090773013925
 10
180.8519921675324
 20
19.15590911388216
 10
180.8069935512753
 20
19.06591260124217
 10
180.7486434282636
 20
18.95882987450719
 10
180.716174942301
 20
18.90672969928459
 10
180.6416758751285
 20
18.80141285894026
 10
180.6286684745126
 20
18.80358108504293
 10
180.6232499814226
 20
18.81092164224227
 10
180.6238136429197
 20
18.86211477597514
 10
180.6260898851345
 20
18.88791650698805
 10
180.6344994555184
 20
18.93841712174222
 10
180.6419998247897
 20
18.99091538739646
 10
180.6457496494882
 20
19.0171641602865
 10
180.6532492988853
 20
19.06966242594075
 10
180.646754593869
 20
19.09247235978584
 10
180.6429903716864
 20
19.10376574620764
 10
180.6344994555184
 20
19.12591051629357
 10
180.6419998247897
 20
19.14090981508788
 10
180.6457496494882
 20
19.14840946448502
 10
180.6532492988853
 20
19.16340948315352
 10
180.6532492988853
 20
19.23840669699922
 10
180.6532492988853
 20
19.27590494398498
 10
180.6532492988853
 20
19.35090287770487
 10
180.6457496494882
 20
19.35090287770487
 10
180.6457496494882
 20
19.37940125746436
 10
180.6457496494882
 20
19.39365116721827
 10
180.6457496494882
 20
19.422150266852
 10
180.6379246169535
 20
19.48826351321734
 10
180.6293854692141
 20
19.52164551953762
 10
180.6045008579296
 20
19.58339416863911
 10
180.5973244320475
 20
19.6092484504685
 10
180.5908793983508
 20
19.622138517862
 10
180.5745015404669
 20
19.64339208369052
 10
180.5627020824836
 20
19.66734949700759
 10
180.5537389288416
 20
19.67875734342691
 10
180.5332534687826
 20
19.69589034934475
 10
180.5327769120633
 20
19.71154329391103
 10
180.5354893980423
 20
19.72058347409241
 10
180.5445029428783
 20
19.73338931620471
 10
180.6717990172254
 20
19.87925886474025
 10
180.7348067262995
 20
19.9527680986182
 10
180.8594918169296
 20
20.10087645591025
 10
181.0394855620838
 20
20.28087020106445
 97
        0
 92
       22
 72
     0
 73
     1
 93
       39
 10
181.5464677642996
 20
19.835385411855
 10
181.5787166886318
 20
19.86763433618725
 10
181.6432145372963
 20
19.93213218485177
 10
181.7027978048096
 20
19.98064378719621
 10
181.7328014415175
 20
20.00464655258779
 10
181.7932089649877
 20
20.05212801495459
 10
181.7989801964349
 20
20.05714697786463
 10
181.8085617220134
 20
20.05523067274896
 10
181.8119580884806
 20
20.048378190256
 10
181.8166351111466
 20
20.02161830668523
 10
181.8148951752095
 20
20.00596104287374
 10
181.8044584390834
 20
19.98088062580746
 10
181.7739026588654
 20
19.8610251711733
 10
181.7589019203228
 20
19.80102509649931
 10
181.7294612252375
 20
19.68089105055049
 10
181.7144619264434
 20
19.62089313549907
 10
181.7069622770463
 20
19.59089381803625
 10
181.6919622583778
 20
19.53089590298485
 10
181.6890129337877
 20
19.5222624517255
 10
181.6882225119181
 20
19.51752064038175
 10
181.6882124336792
 20
19.50839695479342
 10
181.6709448112863
 20
19.50249758573891
 10
181.6614619084731
 20
19.50091746187382
 10
181.6432145372963
 20
19.50089730539625
 10
181.6269640971455
 20
19.51208487031093
 10
181.6133275202085
 20
19.51418258372459
 10
181.5944660963407
 20
19.50839695479342
 10
181.5719671481493
 20
19.51589660419056
 10
181.5607169541793
 20
19.51964642888912
 10
181.5382180059879
 20
19.52714607828629
 10
181.4756350226907
 20
19.5494513803184
 10
181.445044688511
 20
19.56592354172229
 10
181.3919734029951
 20
19.60589383670476
 10
181.3782403629155
 20
19.61295652246359
 10
181.3719652195295
 20
19.6242506287596
 10
181.373223559628
 20
19.63964225899194
 10
181.4189175743606
 20
19.69024149651125
 10
181.4407455997993
 20
19.71658529279543
 10
181.4819699156351
 20
19.77088756319043
 97
        0
 92
       22
 72
     0
 73
     1
 93
       63
 10
181.309475819878
 20
19.5533955710505
 10
181.3289397784495
 20
19.52123879061563
 10
181.3379763592601
 20
19.50467304556596
 10
181.3544744361351
 20
19.47089870780766
 10
181.3771432746373
 20
19.44370905934055
 10
181.39303737706
 20
19.43199742600956
 10
181.4257218252821
 20
19.41840044215341
 10
181.4809548930155
 20
19.386935460823
 10
181.5129173074169
 20
19.37574861578253
 10
181.5757169728478
 20
19.36590217649916
 10
181.581575309073
 20
19.35829166647548
 10
181.5857548986679
 20
19.35494785082471
 10
181.5944660963407
 20
19.35090287770487
 10
181.5979481278376
 20
19.31754390735893
 10
181.5944682559633
 20
19.29840317230221
 10
181.5794667975464
 20
19.26840529458782
 10
181.5708441444
 20
19.25150480803599
 10
181.567709812141
 20
19.24210109138452
 10
181.5644667788779
 20
19.22340739820491
 10
181.550619998675
 20
19.19421505971832
 10
181.544573775284
 20
19.17909842142972
 10
181.5344681812893
 20
19.14840946448502
 10
181.5014691480424
 20
19.08241211786559
 10
181.4849696314191
 20
19.04941308461878
 10
181.4519713180464
 20
18.98341573799932
 10
181.4341047603206
 20
18.97197981648625
 10
181.4198260555988
 20
18.96993969300847
 10
181.3994730523922
 20
18.97591608860218
 10
181.3275237859018
 20
18.99876777515076
 10
181.2920368674259
 20
19.01235900001331
 10
181.2232291319365
 20
19.04341365305072
 10
181.1825346435106
 20
19.06147097743909
 10
181.1629245504766
 20
19.074021264211
 10
181.1294820747238
 20
19.10341156810213
 10
181.1314178164429
 20
19.12617542999852
 10
181.1368319902878
 20
19.13880778242902
 10
181.1519817427895
 20
19.15590911388216
 10
181.1558381088693
 20
19.16960688012605
 10
181.1520357333543
 20
19.18101400667121
 10
181.1407322686937
 20
19.18965825604354
 10
181.1289580063075
 20
19.19998269179454
 10
181.1187465908055
 20
19.2030464763822
 10
181.1032333018337
 20
19.20090773013925
 10
181.069820340923
 20
19.17965416431075
 10
181.0511489638435
 20
19.17109629984221
 10
181.0132367891936
 20
19.15965893858073
 10
181.0013811810231
 20
19.15727183573941
 10
180.994139966463
 20
19.15817743748078
 10
180.983237471731
 20
19.16340948315352
 10
180.9784855821485
 20
19.17794878233516
 10
180.9769436116158
 20
19.18565863499819
 10
180.9757378223338
 20
19.20090773013925
 10
181.0017360790029
 20
19.2549177316098
 10
181.0178303064527
 20
19.2809757378373
 10
181.0544848608781
 20
19.32840320963922
 10
181.1039834107483
 20
19.37790175950944
 10
181.1287326856834
 20
19.40265103444453
 10
181.1782305156795
 20
19.45214886444057
 10
181.1842306671217
 20
19.45514858022461
 10
181.1872303829055
 20
19.45664879805373
 10
181.1932298144738
 20
19.45964851383777
 10
181.2336320339751
 20
19.50364794470771
 10
181.2579162701783
 20
19.52323212227051
 97
        0
 92
       23
 72
     0
 73
     1
 93
       59
 10
184.6767168969364
 20
20.93192946506225
 10
184.6917161957309
 20
20.95742884891187
 10
184.7218558886622
 20
21.00834411120416
 10
184.7368559073307
 20
21.03834342866699
 10
184.7443555567279
 20
21.05334272746127
 10
184.7593548555222
 20
21.08334132504986
 10
184.7673639993813
 20
21.09572477728297
 10
184.778103979015
 20
21.10584099311552
 10
184.7805069190886
 20
21.12841192872679
 10
184.7788368109488
 20
21.14093630002759
 10
184.7706043296178
 20
21.16208908346837
 10
184.7582880019603
 20
21.17948916271374
 10
184.7488504512215
 20
21.18721053336394
 10
184.7293555380593
 20
21.19583750575554
 10
184.6879505337997
 20
21.15915847560736
 10
184.669274117601
 20
21.13736932337537
 10
184.6393590254194
 20
21.09084169432124
 10
184.6134133195668
 20
21.03478293088254
 10
184.5982513292037
 20
21.00749106027929
 10
184.5643618115736
 20
20.95584584554992
 10
184.5474908398639
 20
20.95304553491883
 10
184.53622624841
 20
20.95611723812265
 10
184.5231130200151
 20
20.96709603951985
 10
184.5037606419441
 20
20.98416785613085
 10
184.4930402753842
 20
20.99182515797742
 10
184.4706147543609
 20
21.0045942865056
 10
184.3926178247312
 20
21.08259193600952
 10
184.3536193599163
 20
21.12159040082438
 10
184.2756217104123
 20
21.19958733045409
 10
184.2624840062947
 20
21.20697899872152
 10
184.2495370688395
 20
21.2056846649131
 10
184.2381234634266
 20
21.19583750575554
 10
184.2381234634266
 20
21.15083960937263
 10
184.2381234634266
 20
21.12833994130698
 10
184.2381234634266
 20
21.08334132504986
 10
184.2609204395361
 20
21.03691591813189
 10
184.2737593958615
 20
21.01426003736523
 10
184.3018712031765
 20
20.97084586421843
 10
184.3426592752483
 20
20.91395564608079
 10
184.3687266398404
 20
20.88788828148871
 10
184.425616857978
 20
20.84710020941705
 10
184.4497686373286
 20
20.8357031611107
 10
184.4613269374553
 20
20.82662122822584
 10
184.478114403758
 20
20.80585141785852
 10
184.4880285112161
 20
20.8075726370665
 10
184.4960421507907
 20
20.80356509740497
 10
184.5006140718237
 20
20.7946019437628
 10
184.5119967226461
 20
20.79183258772223
 10
184.5183366547098
 20
20.78654943098142
 10
184.5231130200151
 20
20.77585282026994
 10
184.5421033013644
 20
20.7705041549771
 10
184.555356905228
 20
20.77254355858066
 10
184.5718614609708
 20
20.78335246966708
 10
184.5970671361476
 20
20.81359798410566
 10
184.609819707569
 20
20.82860016239679
 10
184.6356092007206
 20
20.85834968351277
 10
184.6338879815128
 20
20.86826307109657
 10
184.6378955211743
 20
20.87627743054547
 10
184.6468586748165
 20
20.88084863170423
 97
        0
 92
        7
 72
     0
 73
     1
 93
      535
 10
185.3645113412698
 20
20.77568077033655
 10
185.3654119038916
 20
20.79008617291731
 10
185.3593340060361
 20
20.81335106725568
 10
185.3474575215136
 20
20.84110221759741
 10
185.3406597494599
 20
20.85469704183097
 10
185.3255848638747
 20
20.88084863170423
 10
185.2863999516426
 20
20.90149822308041
 10
185.2668978397383
 20
20.9119997478842
 10
185.2280879819634
 20
20.93334689735849
 10
185.2040636203459
 20
20.93435328148758
 10
185.1918027230016
 20
20.93358733534068
 10
185.1641068569093
 20
20.92892679539683
 10
185.161364282278
 20
20.93715359211871
 10
185.1643402422134
 20
20.94084654675563
 10
185.1837386922332
 20
21.01137190208189
 10
185.1934886683739
 20
21.04662126207201
 10
185.2130886831691
 20
21.11709046721124
 10
185.2055148867296
 20
21.1494178578311
 10
185.2001770195496
 20
21.16543145937075
 10
185.1868399102791
 20
21.19583750575554
 10
185.1640810875019
 20
21.22413000149431
 10
185.1483943088485
 20
21.23651471720064
 10
185.115592521132
 20
21.25208559610834
 10
185.0975927866794
 20
21.26108546333461
 10
185.0885929194532
 20
21.26558539694773
 10
185.0705939048749
 20
21.274585264174
 10
185.034595155844
 20
21.28358441152605
 10
185.0165954213915
 20
21.28808434513919
 10
184.9805966723607
 20
21.29708421236546
 10
184.9745972407925
 20
21.29858443019455
 10
184.9655923302978
 20
21.30083403706401
 10
184.9385984917618
 20
21.30083403706401
 10
184.9250986909224
 20
21.30083403706401
 10
184.8980998091178
 20
21.30083403706401
 10
184.8726839306752
 20
21.27834084786615
 10
184.8605950832643
 20
21.2662520004553
 10
184.8381018940664
 20
21.24083612201262
 10
184.8357198303445
 20
21.22869904303047
 10
184.8377887487901
 20
21.22042552887024
 10
184.8456015434635
 20
21.21083752442403
 10
184.9155740354055
 20
21.19111945026032
 10
184.9500776057267
 20
21.17731730225768
 10
185.0143458145221
 20
21.14333924010125
 10
185.01775945797
 20
21.13601883937949
 10
185.025574412266
 20
21.13289314561075
 10
185.0330949380149
 20
21.13583959070413
 10
185.0360600998374
 20
21.11783481713233
 10
185.0375603176665
 20
21.1088349499058
 10
185.0405945874121
 20
21.09084169432124
 10
185.0360953736731
 20
21.05484294529038
 10
185.0338450469294
 20
21.03684321083787
 10
185.0293451133164
 20
21.00084446180705
 10
185.0329995633736
 20
20.99196266134645
 10
185.0255952886178
 20
20.98584516301272
 10
185.0026564972911
 20
20.96169986252993
 10
184.9925559424158
 20
20.94771414660673
 10
184.976846847662
 20
20.91834759856416
 10
184.9393486006763
 20
20.88084863170423
 10
184.9205994771834
 20
20.86209950821134
 10
184.8831005103236
 20
20.8246005413514
 10
184.8636394312486
 20
20.81515363224805
 10
184.8543069821424
 20
20.80893247942696
 10
184.8381018940664
 20
20.7946019437628
 10
184.8132129635369
 20
20.78113021801715
 10
184.8011197968808
 20
20.77357153893575
 10
184.778103979015
 20
20.75710297690285
 10
184.7241062154058
 20
20.73010409509827
 10
184.6971073336012
 20
20.7166042942589
 10
184.643108850118
 20
20.6896054124543
 10
184.5363147929364
 20
20.65411777410421
 10
184.4835818482936
 20
20.63377772863327
 10
184.3806182417209
 20
20.58835942571861
 10
184.3651049527491
 20
20.59049745208732
 10
184.3548935372472
 20
20.58743438737387
 10
184.3431192748609
 20
20.57710923174866
 10
184.2743374548428
 20
20.5542035546352
 10
184.2406091890331
 20
20.53887311370973
 10
184.1781255483752
 20
20.50211201790296
 10
184.1672107715805
 20
20.49582234510551
 10
184.1556258803096
 20
20.49086254380724
 10
184.1444887065886
 20
20.45976397844375
 10
184.1436061408216
 20
20.44034609182071
 10
184.151876055611
 20
20.4083656805644
 10
184.1564803709829
 20
20.38670322619128
 10
184.1625748259451
 20
20.37538536404674
 10
184.1781255483752
 20
20.35961723960872
 10
184.1943299165774
 20
20.34651624907516
 10
184.2037437114676
 20
20.34102504869105
 10
184.2231234447582
 20
20.33336774684448
 10
184.2310679764097
 20
20.33855300069435
 10
184.2423786398124
 20
20.33478301951821
 10
184.2456231128238
 20
20.32586809744734
 10
184.2786214261964
 20
20.32586809744734
 10
184.2951209428198
 20
20.32586809744734
 10
184.3281199760667
 20
20.32586809744734
 10
184.3305118807151
 20
20.31470827726459
 10
184.331869800765
 20
20.3033691492559
 10
184.3178272147803
 20
20.28691426483276
 10
184.3116593326499
 20
20.27766172176293
 10
184.3018712031765
 20
20.2583705329988
 10
184.2658724541458
 20
20.22237178396795
 10
184.2478727196933
 20
20.20437276938964
 10
184.2118739706624
 20
20.1683740203588
 10
184.2088742548784
 20
20.16237386891656
 10
184.2043743212653
 20
20.15337472156451
 10
184.1713752880184
 20
20.12037568831768
 10
184.1548757713951
 20
20.10387617169426
 10
184.1218774580224
 20
20.07087713844743
 10
183.982000142313
 20
19.90770973280266
 10
183.9122522511207
 20
19.82596153872592
 10
183.7731394418097
 20
19.66214192705759
 10
183.7139096325278
 20
19.57714997984366
 10
183.6846561047344
 20
19.53439521146252
 10
183.6268948388169
 20
19.44839903974202
 10
183.6088951043644
 20
19.41240029071117
 10
183.5998952371381
 20
19.39440127613284
 10
183.5818962225598
 20
19.358402527102
 10
183.5707619283358
 20
19.32544092731351
 10
183.5683395516588
 20
19.30686961274759
 10
183.5706467484641
 20
19.27215511928639
 10
183.5986289784235
 20
19.24365745940107
 10
183.6163933140132
 20
19.23154557601589
 10
183.6531436117069
 20
19.21590702893357
 10
183.6620650126456
 20
19.21399504306307
 10
183.6665836629879
 20
19.21324205465173
 10
183.6756425598984
 20
19.212157204235
 10
183.7462075083056
 20
19.27658234560549
 10
183.7789769016831
 20
19.31239968633837
 10
183.8368871815596
 20
19.38840112469064
 10
183.8878852293848
 20
19.43939917251574
 10
183.9133846132344
 20
19.46489855636541
 10
183.9643826610596
 20
19.51589660419056
 10
183.9846967910594
 20
19.55070612104593
 10
184.0008205333514
 20
19.56682986333786
 10
184.0356300502067
 20
19.58714399333767
 10
184.0836283822479
 20
19.6351423253788
 10
184.1076275482685
 20
19.65914149139937
 10
184.1556258803096
 20
19.70713982344049
 10
184.2293669136793
 20
19.76834568739643
 10
184.2661172113731
 20
19.79909511377389
 10
184.3393694501623
 20
19.86088479570467
 10
184.4090547122993
 20
19.90634557119701
 10
184.4464010658292
 20
19.92616226812589
 10
184.5231130200151
 20
19.9583809577418
 10
184.5576482648009
 20
19.97017969585078
 10
184.5766147903016
 20
19.97334066345518
 10
184.6131102525293
 20
19.97338097641028
 10
184.6155024507385
 20
19.96221888589625
 10
184.6168600772279
 20
19.95088130834466
 10
184.5687141709762
 20
19.84946327167554
 10
184.5468753474244
 20
19.79750275204741
 10
184.5081137212208
 20
19.69214052464618
 10
184.5081202000885
 20
19.67791077136979
 10
184.5054069942355
 20
19.66977187368461
 10
184.4968642471252
 20
19.658392102359
 10
184.4690043957794
 20
19.56951427422305
 10
184.4569601805688
 20
19.5243479272778
 10
184.4368663320738
 20
19.43339974094772
 10
184.4308661806314
 20
19.39740099191689
 10
184.4278664648475
 20
19.37940125746436
 10
184.4218663134052
 20
19.34340250843352
 10
184.4193237177371
 20
19.30965840539152
 10
184.415409041847
 20
19.29243469532471
 10
184.4031171899123
 20
19.26090564519067
 10
184.4031171899123
 20
19.22490689615982
 10
184.4031171899123
 20
19.2069078815815
 10
184.4031171899123
 20
19.17090913255066
 10
184.3956175405151
 20
19.17090913255066
 10
184.3956175405151
 20
19.11991036485132
 10
184.3956175405151
 20
19.09441170087587
 10
184.3956175405151
 20
19.04341365305073
 10
184.388117891118
 20
19.04341365305073
 10
184.388117891118
 20
18.96991593715993
 10
184.388117891118
 20
18.93316707921452
 10
184.388117891118
 20
18.85967008319796
 10
184.4183540471921
 20
18.83445289003397
 10
184.4333562254831
 20
18.82170103848657
 10
184.4631151049637
 20
18.79592234344799
 10
184.4786283939355
 20
18.79378359720503
 10
184.4888398094375
 20
18.7968466619185
 10
184.5006140718237
 20
18.8071718175437
 10
184.5145450773078
 20
18.81492846202961
 10
184.5210757760341
 20
18.82064282341516
 10
184.5306126694123
 20
18.83342059043373
 10
184.5405267768703
 20
18.83170009109997
 10
184.5485404164449
 20
18.83570691088729
 10
184.5531123374779
 20
18.84467006452944
 10
184.564886599864
 20
18.85499522015464
 10
184.5750972954918
 20
18.8580582848681
 10
184.5906105844637
 20
18.85592025849938
 10
184.6077515089977
 20
18.80929112718327
 10
184.6203039553922
 20
18.78654022302245
 10
184.6506084995149
 20
18.7471739024923
 10
184.6879152599641
 20
18.71519997010375
 10
184.7100269158368
 20
18.70177575605518
 10
184.7556050308235
 20
18.68342616274233
 10
184.7827032552676
 20
18.68151705636864
 10
184.7970841821256
 20
18.68311517708871
 10
184.8231025952721
 20
18.69092581213946
 10
184.8628151752915
 20
18.70592727055637
 10
184.8822129054372
 20
18.71805067192873
 10
184.9130991079121
 20
18.7471739024923
 10
184.9310988423647
 20
18.75917348550259
 10
184.9400987095909
 20
18.76517291707062
 10
184.9580977241692
 20
18.7771725000809
 10
184.9850966059738
 20
18.80417210175968
 10
184.9985964068131
 20
18.81767118272487
 10
185.0255952886178
 20
18.84467006452944
 10
185.0330934982666
 20
18.84483203622405
 10
185.0383399414231
 20
18.84876686859159
 10
185.0405945874121
 20
18.85592025849938
 10
185.1275921041422
 20
18.85592025849938
 10
185.1710905025702
 20
18.85592025849938
 10
185.2580872994262
 20
18.85592025849938
 10
185.2580872994262
 20
18.84841988922802
 10
185.291086332673
 20
18.84841988922802
 10
185.3075858492964
 20
18.84841988922802
 10
185.3405841626691
 20
18.84841988922802
 10
185.4497250097368
 20
18.83236597473332
 10
185.5041035867968
 20
18.82103731447578
 10
185.6105751403374
 20
18.79217251874939
 10
185.619292816878
 20
18.78714851671996
 10
185.6238244249558
 20
18.78488307261814
 10
185.6330740885289
 20
18.78092232477948
 10
185.6344562469895
 20
18.75677630442248
 10
185.6328581262694
 20
18.74398773929092
 10
185.6255744391317
 20
18.72092440972808
 10
185.6089583028882
 20
18.70605468828946
 10
185.6012995612933
 20
18.69763000054758
 10
185.5880754722718
 20
18.67967633804374
 10
185.5817823320308
 20
18.66115973391691
 10
185.5759355137929
 20
18.65197053977651
 10
185.5618266993818
 20
18.63842754648525
 10
185.5489330326173
 20
18.61368475041789
 10
185.5403010211064
 20
18.60191408740264
 10
185.5205779078231
 20
18.58217945613241
 10
185.4641750445178
 20
18.56763799732818
 10
185.4355614848866
 20
18.5616140900374
 10
185.378083129529
 20
18.55218085854378
 10
185.3360842290559
 20
18.54618070710158
 10
185.3150854986935
 20
18.54318099131755
 10
185.2730865982205
 20
18.5371808398753
 10
185.2625872330394
 20
18.53568134192039
 10
185.2573371905117
 20
18.53493123300583
 10
185.2468378253305
 20
18.53343101517673
 10
185.2273385929231
 20
18.53343101517673
 10
185.2175886167822
 20
18.53343101517673
 10
185.1980893843748
 20
18.53343101517673
 10
185.1740902183543
 20
18.52743158360869
 10
185.162090635344
 20
18.52443186782467
 10
185.1380914693234
 20
18.51843171638243
 10
185.1050924360766
 20
18.51843171638243
 10
185.0885929194532
 20
18.51843171638243
 10
185.0555946060806
 20
18.51843171638243
 10
185.0285950044017
 20
18.51243228481438
 10
185.0150959234365
 20
18.50943184915616
 10
184.988097041632
 20
18.50343241758812
 10
184.9520982926012
 20
18.50343241758812
 10
184.9340985581484
 20
18.50343241758812
 10
184.8980998091178
 20
18.50343241758812
 10
184.8980998091178
 20
18.49593276819098
 10
184.8681012115293
 20
18.49593276819098
 10
184.8531011928607
 20
18.49593276819098
 10
184.8231025952721
 20
18.49593276819098
 10
184.8231025952721
 20
18.48843311879384
 10
184.7871038462413
 20
18.48843311879384
 10
184.7691041117886
 20
18.48843311879384
 10
184.7331053627579
 20
18.48843311879384
 10
184.7331053627579
 20
18.48093346939668
 10
184.694106897943
 20
18.48093346939668
 10
184.6746076655357
 20
18.48093346939668
 10
184.6356092007206
 20
18.48093346939668
 10
184.6356092007206
 20
18.47343310012534
 10
184.5996104516899
 20
18.47343310012534
 10
184.5816107172374
 20
18.47343310012534
 10
184.5456119682066
 20
18.47343310012534
 10
184.5456119682066
 20
18.46593345072817
 10
184.5066135033917
 20
18.46593345072817
 10
184.4871142709843
 20
18.46593345072817
 10
184.4481158061694
 20
18.46593345072817
 10
184.4481158061694
 20
18.45843380133102
 10
184.4031171899123
 20
18.45843380133102
 10
184.3806182417209
 20
18.45843380133102
 10
184.3356196254638
 20
18.45843380133102
 10
184.3356196254638
 20
18.45093415193387
 10
184.299620876433
 20
18.45093415193387
 10
184.2816218618546
 20
18.45093415193387
 10
184.2456231128238
 20
18.45093415193387
 10
184.2456231128238
 20
18.44343450253671
 10
184.1796250463302
 20
18.44343450253671
 10
184.1466260130833
 20
18.44343450253671
 10
184.0806286664639
 20
18.44343450253671
 10
184.0536297846593
 20
18.44943393410477
 10
184.0401299838199
 20
18.45243436976298
 10
184.0131311020152
 20
18.45843380133102
 10
183.9801320687685
 20
18.45843380133102
 10
183.963632552145
 20
18.45843380133102
 10
183.9306342387724
 20
18.45843380133102
 10
183.9070490004159
 20
18.47166076984929
 10
183.8880414420859
 20
18.47271682529809
 10
183.8631359544498
 20
18.46218362602959
 10
183.8362918455978
 20
18.44496999420158
 10
183.8237631550518
 20
18.43400703003673
 10
183.8031380393983
 20
18.40968536037534
 10
183.801754441189
 20
18.39149054001513
 10
183.8034274288259
 20
18.38144973469822
 10
183.8106384086696
 20
18.36468746399244
 10
183.8385184164929
 20
18.33725377817215
 10
183.8564756783677
 20
18.32582649514946
 10
183.8931352719125
 20
18.31218919833823
 10
183.9291340209434
 20
18.30018961532791
 10
183.9471330355215
 20
18.29418946388569
 10
183.9831317845525
 20
18.28218988087541
 10
184.0043155225838
 20
18.27687576954408
 10
184.0148372038651
 20
18.27386957489228
 10
184.0356300502067
 20
18.26719058208109
 10
184.0806286664639
 20
18.25819071485486
 10
184.1031276146553
 20
18.25369078124171
 10
184.1481262309125
 20
18.24469163388964
 10
184.1938799952033
 20
18.23823436233153
 10
184.2167360009972
 20
18.23290153427105
 10
184.260622411618
 20
18.21844214112543
 10
184.2998728324022
 20
18.219185051298
 10
184.3200689030336
 20
18.21685481851833
 10
184.3581185736552
 20
18.20719266702968
 10
184.4457517393024
 20
18.19875862092325
 10
184.489543126529
 20
18.19196372836618
 10
184.5756112856693
 20
18.17344424474251
 10
184.6238047036182
 20
18.17466083213755
 10
184.6484798315109
 20
18.17234787633864
 10
184.6956071157721
 20
18.16219405077262
 10
184.7250456512345
 20
18.15623205266289
 10
184.7407180324039
 20
18.155448109661
 10
184.7706043296178
 20
18.15844422607403
 10
184.7706043296178
 20
18.15094457667689
 10
184.8336019604533
 20
18.15094457667689
 10
184.8651007758709
 20
18.15094457667689
 10
184.9280991265805
 20
18.15094457667689
 10
184.9280991265805
 20
18.15844422607403
 10
184.9640978756114
 20
18.15844422607403
 10
184.9820968901898
 20
18.15844422607403
 10
185.0180956392206
 20
18.15844422607403
 10
185.0270955064468
 20
18.16444437751627
 10
185.03159544006
 20
18.16744409330031
 10
185.0405945874121
 20
18.17344424474251
 10
185.0922304437769
 20
18.18230805574532
 10
185.1179198744148
 20
18.18835283938786
 10
185.1680900669121
 20
18.20344284233116
 10
185.2413711006691
 20
18.23692059191977
 10
185.2770343883236
 20
18.25665018407063
 10
185.3443339873676
 20
18.30093972424246
 10
185.3781256021066
 20
18.32158571624767
 10
185.3942068718209
 20
18.33383797510155
 10
185.4230817457861
 20
18.36093763929387
 10
185.459792450399
 20
18.36305262968828
 10
185.4785768477276
 20
18.36696658570402
 10
185.5130782584261
 20
18.37968676278677
 10
185.549077007457
 20
18.38868663001301
 10
185.5670767419094
 20
18.39318656362614
 10
185.6030754909401
 20
18.40218571097821
 10
185.6661415098244
 20
18.41994428757426
 10
185.6976410451164
 20
18.42894415480052
 10
185.7605695680288
 20
18.4471843272353
 10
185.7749989017916
 20
18.4532139939553
 10
185.7905688854916
 20
18.45468397663246
 10
185.8355667818745
 20
18.46968327542675
 10
185.8580664499402
 20
18.4771829248239
 10
185.903064346323
 20
18.4921829434924
 10
185.9452266582391
 20
18.50575473175162
 10
185.9660216642034
 20
18.51695237490507
 10
186.0005612282345
 20
18.54468120914664
 10
186.0005612282345
 20
18.55218085854378
 10
186.0005612282345
 20
18.56343033263951
 10
185.892564981142
 20
18.56343033263951
 10
185.8385664976585
 20
18.56343033263951
 10
185.7305709704403
 20
18.56343033263951
 10
185.7243289412674
 20
18.57008484972796
 10
185.7230749204141
 20
18.57761041459623
 10
185.7268204258674
 20
18.58592928083096
 10
185.7491199689059
 20
18.63430122758098
 10
185.7638694713536
 20
18.65759059764208
 10
185.7980685348888
 20
18.69842546153664
 10
185.7978252174097
 20
18.73553137708432
 10
185.7928163327384
 20
18.75556763564365
 10
185.7755688668232
 20
18.78842269405082
 10
185.7630812091064
 20
18.81929665866447
 10
185.752203190097
 20
18.83435858651403
 10
185.7268204258674
 20
18.85592025849938
 10
185.6859358906533
 20
18.88673375368039
 10
185.6638321533966
 20
18.90045383602441
 10
185.6180747897346
 20
18.92341782294791
 10
185.5686093540771
 20
18.94150682180113
 10
185.5438600791423
 20
18.95050668902729
 10
185.4943291349333
 20
18.96841571933082
 10
185.4743389483226
 20
18.96934795641753
 10
185.46395764251
 20
18.97174369774922
 10
185.4455806939775
 20
18.97966591330073
 10
185.4155813765148
 20
18.98566534486876
 10
185.4005820777204
 20
18.98866506065281
 10
185.3705834801319
 20
18.99466521209505
 10
185.3367587511797
 20
18.99570327068891
 10
185.3190368881676
 20
18.99973096682799
 10
185.2880858970147
 20
19.01341433558789
 10
185.2580872994262
 20
19.01341433558789
 10
185.2430880006319
 20
19.01341433558789
 10
185.2130886831691
 20
19.01341433558789
 10
185.1882890170401
 20
19.02450183798904
 10
185.1722199851872
 20
19.02628712600064
 10
185.1455911187205
 20
19.02091398498507
 10
185.1379424553644
 20
19.03390339501792
 10
185.1369159147575
 20
19.04416592158786
 10
185.1418412940219
 20
19.05841295184502
 10
185.1575136751916
 20
19.10198405756701
 10
185.1674191441592
 20
19.12331896917995
 10
185.1905897349776
 20
19.16340948315352
 10
185.1903428181276
 20
19.1790674668392
 10
185.1930135514032
 20
19.18797159079709
 10
185.2018392090734
 20
19.20090773013925
 10
185.2168385078677
 20
19.24590634639636
 10
185.2243381572648
 20
19.26840529458782
 10
185.2393381759333
 20
19.31340391084491
 10
185.2403150452203
 20
19.33568113778331
 10
185.2447314734264
 20
19.34804641688628
 10
185.2580872994262
 20
19.36590217649916
 10
185.2518567882406
 20
19.38617887304068
 10
185.253928586183
 20
19.40067857914142
 10
185.2655869488234
 20
19.41840044215341
 10
185.2655869488234
 20
19.46639877419455
 10
185.2655869488234
 20
19.49039794021509
 10
185.2655869488234
 20
19.53839627225621
 10
185.2493415477918
 20
19.60278398016841
 10
185.2387248431164
 20
19.63463265444645
 10
185.2130886831691
 20
19.69589034934475
 10
185.1901434129748
 20
19.73058396645421
 10
185.1808073644979
 20
19.75003424741616
 10
185.1680900669121
 20
19.78963740655752
 10
185.1807152206006
 20
19.79937658458538
 10
185.1867607241172
 20
19.80466622019396
 10
185.1980893843748
 20
19.81588617944755
 10
185.256594280339
 20
19.83411195439832
 10
185.2854050855006
 20
19.84548452698195
 10
185.3405841626691
 20
19.87213426980037
 10
185.4065822291626
 20
19.90513330304718
 10
185.4395805425353
 20
19.92163281967059
 10
185.505578609029
 20
19.95463113304321
 10
185.5698381793338
 20
19.99467269557132
 10
185.60139674431
 20
20.01571173888876
 10
185.6630726861174
 20
20.05962766435172
 10
185.669828851344
 20
20.06486889968698
 10
185.6780727047859
 20
20.06712731374888
 10
185.721571103214
 20
20.11062571217688
 10
185.7433199424908
 20
20.13237527132795
 10
185.7868183409189
 20
20.17587366975593
 10
185.8010689705471
 20
20.19943515226397
 10
185.8078321886393
 20
20.21145849112278
 10
185.8205674830801
 20
20.23587158480734
 10
185.8210433199253
 20
20.25152380949945
 10
185.8183315538206
 20
20.26056470955499
 10
185.8093180089845
 20
20.27336983179309
 10
185.7948484903717
 20
20.28304910330955
 10
185.7830685162203
 20
20.29586949985874
 10
185.7675559471226
 20
20.2937307536158
 10
185.7573445316208
 20
20.29679453820347
 10
185.7455702692345
 20
20.30711897395446
 10
185.7233866259419
 20
20.3093800988111
 10
185.7116685137432
 20
20.31356472752541
 10
185.6930720035803
 20
20.32586809744734
 10
185.6789531109304
 20
20.33175306901786
 10
185.6663430746001
 20
20.32923134970148
 10
185.6555730367204
 20
20.3183684480502
 10
185.5745763913066
 20
20.3183684480502
 10
185.5340777086626
 20
20.3183684480502
 10
185.4530803433746
 20
20.3183684480502
 10
185.4530803433746
 20
20.31086879865306
 10
185.4200813101279
 20
20.31086879865306
 10
185.4035817935045
 20
20.31086879865306
 10
185.3705834801319
 20
20.31086879865306
 10
185.3705834801319
 20
20.3033691492559
 10
185.3405841626691
 20
20.3033691492559
 10
185.3255848638747
 20
20.3033691492559
 10
185.2955862662862
 20
20.3033691492559
 10
185.2150388223721
 20
20.28740305941337
 10
185.1744645529373
 20
20.2806405611952
 10
185.0930928530663
 20
20.26962000709453
 10
185.0630942554776
 20
20.26362057552647
 10
185.0480949566834
 20
20.26062085974247
 10
185.0180956392206
 20
20.25462070830023
 10
184.9611111175629
 20
20.23957173818624
 10
184.9326120179293
 20
20.23207208878909
 10
184.8756008609264
 20
20.21712246131447
 10
184.8538973737239
 20
20.21468784677606
 10
184.8428163501906
 20
20.21152184005225
 10
184.8231025952721
 20
20.20212244264597
 10
184.720732884913
 20
20.16411452472786
 10
184.669724758849
 20
20.14461169294944
 10
184.5681116362722
 20
20.10462628060881
 10
184.5201133042311
 20
20.08062711458825
 10
184.4961141382106
 20
20.06862753157798
 10
184.4481158061694
 20
20.04462836555741
 10
184.3735318001135
 20
20.00406129486463
 10
184.3372695771261
 20
19.98139749548179
 10
184.2681220610152
 20
19.93213218485177
 10
184.2439364475774
 20
19.90889464573296
 10
184.2262261025524
 20
19.90003947322053
 10
184.1931248471696
 20
19.89463321799183
 10
184.1862723646766
 20
19.89803030433326
 10
184.1843560595609
 20
19.90761182991171
 10
184.189375022471
 20
19.91338306135889
 10
184.1931703568267
 20
19.91987647698324
 10
184.2006244965666
 20
19.92088271075605
 10
184.1984857503238
 20
19.93639599972789
 10
184.2015495349114
 20
19.94660669535559
 10
184.2118739706624
 20
19.9583809577418
 10
184.250475784794
 20
20.00968063285601
 10
184.2699778966982
 20
20.0351821763283
 10
184.3093708525738
 20
20.08587643724176
 10
184.361869118228
 20
20.138374702896
 10
184.388117891118
 20
20.16462419566024
 10
184.4406161567722
 20
20.21712246131447
 10
184.4466155883403
 20
20.2201221770985
 10
184.4556154555666
 20
20.2246221107116
 10
184.4856140531551
 20
20.25462070830023
 10
184.5006140718237
 20
20.26962000709453
 10
184.5306126694123
 20
20.29961932455732
 10
184.6819467829867
 20
20.42430945430694
 10
184.7576948256207
 20
20.48655769610165
 10
184.9093492832135
 20
20.61085837391003
 10
185.0418169338006
 20
20.63262233054509
 10
185.1077790065844
 20
20.64854450806153
 10
185.2355883512348
 20
20.6896054124543
 10
185.2774879090684
 20
20.70396834245737
 10
185.2980302391891
 20
20.71502920951318
 10
185.3330845132718
 20
20.74210367810856
 10
185.3440018952081
 20
20.74839485212661
 10
185.3555841813375
 20
20.75335315220427
 97
        0
 92
       22
 72
     0
 73
     1
 93
       59
 10
185.1755904361834
 20
20.14962417699173
 10
185.2020026205164
 20
20.15541988416166
 10
185.2174799157783
 20
20.15456035436899
 10
185.2430880006319
 20
20.14587435229314
 10
185.2790867496625
 20
20.15037428590629
 10
185.2970857642411
 20
20.15262461264995
 10
185.3330845132718
 20
20.15712454626308
 10
185.3991538473111
 20
20.16558018859547
 10
185.4321571998031
 20
20.17008084208279
 10
185.4980789596318
 20
20.17962349445451
 10
185.5088094044306
 20
20.18795099917964
 10
185.5231874517919
 20
20.18635359833378
 10
185.5318273819189
 20
20.17587366975593
 10
185.5358046868642
 20
20.16766206477674
 10
185.5345031543137
 20
20.15985214960017
 10
185.5280775572204
 20
20.15337472156454
 10
185.4665607076107
 20
20.09294776149095
 10
185.4331679031775
 20
20.06486762864065
 10
185.3630838307346
 20
20.01462904809462
 10
185.3073468510625
 20
19.97384817476496
 10
185.2787908813672
 20
19.95431006915083
 10
185.2205883325662
 20
19.91713288605748
 10
185.1785901519674
 20
19.89613343582093
 10
185.1575907017309
 20
19.88563407063977
 10
185.115592521132
 20
19.86463462040321
 10
185.0930928530663
 20
19.85713497100607
 10
185.0818433789706
 20
19.8533851463075
 10
185.0593444307792
 20
19.84588549691035
 10
185.0428398750363
 20
19.83507658582396
 10
185.0295862711728
 20
19.83303718222037
 10
185.0105959898234
 20
19.838385127639
 10
185.001596122597
 20
19.83238569607096
 10
184.9970961889841
 20
19.82938598028695
 10
184.988097041632
 20
19.8233858288447
 10
184.9520982926012
 20
19.8233858288447
 10
184.9340985581484
 20
19.8233858288447
 10
184.8980998091178
 20
19.8233858288447
 10
184.8988096050771
 20
19.82756829793641
 10
184.8947826288124
 20
19.8315959940755
 10
184.8906001597206
 20
19.83088547824187
 10
184.8906001597206
 20
19.89088339329325
 10
184.8906001597206
 20
19.92088271075605
 10
184.8906001597206
 20
19.98088062580746
 10
184.8812597420663
 20
19.98559351474971
 10
184.8793506856249
 20
19.99587992460173
 10
184.8593691375047
 20
20.0204139571516
 10
184.8508191916523
 20
20.03440399231997
 10
184.8381018940664
 20
20.06337748905032
 10
184.8367341330898
 20
20.07334630694738
 10
184.8405559452082
 20
20.08098993118418
 10
184.849351368162
 20
20.08587643724176
 10
184.901118241631
 20
20.09953317065636
 10
184.927559940806
 20
20.10482136651654
 10
184.9805966723607
 20
20.11212593000598
 10
185.0119443141967
 20
20.12337324447911
 10
185.0298799798456
 20
20.1258186571305
 10
185.0630942554776
 20
20.1233754041017
 10
185.1072045469741
 20
20.13713723914924
 10
185.1299446530221
 20
20.14244343186438
 97
        0
 92
       22
 72
     0
 73
     1
 93
       91
 10
185.0255952886178
 20
19.68089105055049
 10
185.0257104684895
 20
19.67548407544757
 10
185.0318099625711
 20
19.67141750610175
 10
185.0368447627135
 20
19.6733914011533
 10
185.0631792006331
 20
19.64720597719271
 10
185.0759540881549
 20
19.63368026088218
 10
185.1005925024635
 20
19.60589383670476
 10
185.1005925024635
 20
19.54589592165337
 10
185.1005925024635
 20
19.51589660419056
 10
185.1005925024635
 20
19.45589868913916
 10
185.0975927866794
 20
19.45589868913916
 10
185.0930928530663
 20
19.45589868913916
 10
185.0930928530663
 20
19.41989994010831
 10
185.0930928530663
 20
19.40190092553001
 10
185.0930928530663
 20
19.36590217649916
 10
185.0841462565308
 20
19.36129714125309
 10
185.080159593221
 20
19.3533230947593
 10
185.0818433789706
 20
19.3434025084335
 10
185.0728435117444
 20
19.30740375940266
 10
185.0683435781312
 20
19.28940474482434
 10
185.0593444307792
 20
19.25340599579351
 10
185.0504122317275
 20
19.22938163417605
 10
185.0459122981143
 20
19.21738205116589
 10
185.0368447627135
 20
19.19340808074211
 10
185.0100992766267
 20
19.11040730556049
 10
184.9897016412199
 20
19.06961203474688
 10
184.9393486006763
 20
18.99841503679364
 10
184.889850050806
 20
18.99841503679364
 10
184.8651007758709
 20
18.99841503679364
 10
184.8156029458749
 20
18.99841503679364
 10
184.8071969748623
 20
19.00939527793921
 10
184.8051388545294
 20
19.01865645949941
 10
184.8081032964778
 20
19.0321634590808
 10
184.8404335665945
 20
19.06641435355832
 10
184.8550074197375
 20
19.08558964257656
 10
184.8793506856249
 20
19.12591051629357
 10
184.9367988062662
 20
19.20357630379202
 10
184.9653000655225
 20
19.24257764810374
 10
185.0218454639191
 20
19.32090356024207
 10
185.0433351484848
 20
19.34521659141305
 10
185.0526661578421
 20
19.35921382532342
 10
185.0668440801763
 20
19.38840112469059
 10
185.0723611960315
 20
19.41944929886023
 10
185.0715369400745
 20
19.43676515282441
 10
185.0630942554776
 20
19.46714816323491
 10
185.0397595333421
 20
19.48851834868351
 10
185.0252583874929
 20
19.49738000006373
 10
184.995596691029
 20
19.50839695479342
 10
184.9746721077092
 20
19.52159224884695
 10
184.9602710243737
 20
19.52519233971228
 10
184.9355987759778
 20
19.52339625358771
 10
184.9229455471955
 20
19.51016280620167
 10
184.9148649593205
 20
19.50450603475198
 10
184.8980998091178
 20
19.4971474806977
 10
184.8845568158265
 20
19.48303866628658
 10
184.8753683415604
 20
19.47719184804859
 10
184.8568510175593
 20
19.47089870780766
 10
184.7992546028331
 20
19.42405073473532
 10
184.7724536864331
 20
19.39724981833525
 10
184.7256057133609
 20
19.33965268373497
 10
184.6969259253034
 20
19.30589922232837
 10
184.6855000820291
 20
19.28468021046137
 10
184.6731081675807
 20
19.24215652169777
 10
184.6590562232313
 20
19.21008252679571
 10
184.6557102479579
 20
19.19084388884803
 10
184.6581081489122
 20
19.15590911388216
 10
184.6469483287296
 20
19.1535172092336
 10
184.6356092007206
 20
19.1521592891836
 10
184.6240832949329
 20
19.17154046222251
 10
184.6230078028806
 20
19.18766852375964
 10
184.6318593760222
 20
19.20840737953641
 10
184.6528588262587
 20
19.27140501037184
 10
184.6633581914399
 20
19.30290454566373
 10
184.6843576416764
 20
19.36590217649916
 10
184.6931825794725
 20
19.37883831584132
 10
184.6958540326222
 20
19.38774243979923
 10
184.6956071157721
 20
19.40340042348491
 10
184.7140272567564
 20
19.43142944526718
 10
184.7217349497969
 20
19.44684483134805
 10
184.7331053627579
 20
19.4783983572048
 10
184.7588797385513
 20
19.54041911875323
 10
184.775852212523
 20
19.57050626086822
 10
184.8156029458749
 20
19.62464296019765
 10
184.828187066734
 20
19.63915490415972
 10
184.8361805498314
 20
19.64554954666258
 10
184.8531011928607
 20
19.65464155778624
 10
184.870453760409
 20
19.66617898156123
 10
184.8795155368163
 20
19.67146501779884
 10
184.8980998091178
 20
19.68089105055047
 10
184.9490978569429
 20
19.68089105055047
 10
184.9745972407925
 20
19.68089105055047
 97
        0
 92
       22
 72
     0
 73
     1
 93
       74
 10
185.1898072317242
 20
18.38819279631305
 10
185.2043890034835
 20
18.3868675079141
 10
185.2168385078677
 20
18.37593693808818
 10
185.2050476883749
 20
18.35817620186946
 10
185.1953344258181
 20
18.35022807084683
 10
185.1755904361834
 20
18.3421877959268
 10
185.1395916871524
 20
18.32418878134848
 10
185.1215919526999
 20
18.31518891412223
 10
185.0855932036692
 20
18.29718989954391
 10
185.0756171870301
 20
18.29850007058469
 10
185.0680311527291
 20
18.29470705343421
 10
185.0630942554776
 20
18.28593970557397
 10
184.9774515419885
 20
18.25996376500507
 10
184.933663754133
 20
18.24939457202668
 10
184.8456015434635
 20
18.23344215979394
 10
184.7976032114224
 20
18.23344215979394
 10
184.7736040454019
 20
18.23344215979394
 10
184.7256057133609
 20
18.23344215979394
 10
184.6333466361157
 20
18.25129647965841
 10
184.5866426378831
 20
18.25807553498314
 10
184.4931144224264
 20
18.26719058208109
 10
184.4451160903854
 20
18.27319073352334
 10
184.4211169243649
 20
18.27619044930736
 10
184.3731185923237
 20
18.28218988087541
 10
184.3611190093134
 20
18.28369009870453
 10
184.3551188578711
 20
18.28444020761907
 10
184.3431192748609
 20
18.28593970557397
 10
184.3364496404143
 20
18.2866574201496
 10
184.3321915845318
 20
18.29517353191467
 10
184.3356196254638
 20
18.30093972424246
 10
184.3503611120087
 20
18.30486939478709
 10
184.3656189429266
 20
18.30468954894105
 10
184.4316162895461
 20
18.31068898050911
 10
184.4646153227928
 20
18.31368869629312
 10
184.5306126694123
 20
18.31968884773536
 10
184.5471121860357
 20
18.32118906556447
 10
184.5553619443473
 20
18.32193845460482
 10
184.5718614609708
 20
18.32343867243393
 10
184.5913606933782
 20
18.32343867243393
 10
184.601110669519
 20
18.32343867243393
 10
184.6206099019264
 20
18.32343867243393
 10
184.6206099019264
 20
18.32643838821793
 10
184.6206099019264
 20
18.32793860604707
 10
184.6206099019264
 20
18.33093832183109
 10
184.6341089828917
 20
18.33093832183109
 10
184.6408592432485
 20
18.33093832183109
 10
184.6543583242137
 20
18.33093832183109
 10
184.670857840837
 20
18.33243853966018
 10
184.6791075991488
 20
18.33318864857472
 10
184.6956071157721
 20
18.33468814652965
 10
184.7616044623915
 20
18.34068829797191
 10
184.7946034956385
 20
18.34368801375593
 10
184.8606015621321
 20
18.34968744532396
 10
184.8771003588813
 20
18.35118766315307
 10
184.8853501171929
 20
18.35193777206761
 10
184.9018496338163
 20
18.35343798989673
 10
184.9153494346558
 20
18.35343798989673
 10
184.9220989751384
 20
18.35343798989673
 10
184.9355987759778
 20
18.35343798989673
 10
184.9355987759778
 20
18.35643770568075
 10
184.9355987759778
 20
18.35793720363566
 10
184.9355987759778
 20
18.36093763929387
 10
184.9685970893504
 20
18.36093763929387
 10
184.9850966059738
 20
18.36093763929387
 10
185.0180956392206
 20
18.36093763929387
 10
185.0180956392206
 20
18.36393735507789
 10
185.0180956392206
 20
18.36543685303279
 10
185.0180956392206
 20
18.36843728869103
 10
185.0540943882515
 20
18.36843728869103
 10
185.0720941227039
 20
18.36843728869103
 10
185.1080928717348
 20
18.36843728869103
 10
185.1339939453871
 20
18.37728598233567
 10
185.1482186595441
 20
18.37965652807043
 10
185.1755904361834
 20
18.37968676278677
 97
        0
 75
     1
 76
     1
 47
0.0123501736075818
 98
        9
 10
181.1512309446035
 20
20.8553659190134
 10
181.0151528445629
 20
20.30418886969751
 10
181.0151528445629
 20
20.30418886969751
 10
181.0151528445629
 20
20.30418886969751
 10
184.522945663329
 20
20.89311799907572
 10
185.0521387470972
 20
20.77231175782557
 10
185.0521387470972
 20
20.77231175782557
 10
185.0521387470972
 20
20.77231175782557
 10
185.0521387470972
 20
20.77231175782557
450
        0
451
        0
460
0.0
461
0.0
452
        0
462
1.0
453
        2
463
0.0
 63
     5
421
      255
463
1.0
 63
     2
421
 16776960
470
LINEAR
1001
GradientColor1ACI
1070
     5
1001
GradientColor2ACI
1070
     2
1001
ACAD
1010
0.0
1020
0.0
1030
0.0
  0
LINE
  5
CFE7
330
AB15
100
AcDbEntity
 67
     1
  8
图框线
100
AcDbLine
 10
188.9989450632832
 20
13.11499707515087
 30
0.0
 11
188.9989450632832
 21
52.94878352819586
 31
0.0
  0
LINE
  5
CFED
330
AB15
100
AcDbEntity
 67
     1
  8
图框线
100
AcDbLine
 10
13.33999961429845
 20
177.0899970751506
 30
0.0
 11
10.33999961429381
 21
177.0899970751504
 31
0.0
  0
MTEXT
  5
CFEE
330
AB15
100
AcDbEntity
 67
     1
  8
图框线
100
AcDbMText
 10
10.33999961429845
 20
165.3774970751507
 30
0.0
 40
3.0
 41
5.999999999999886
 46
23.42499999999998
 71
     5
 72
     5
  1
B
 73
     1
 44
1.0
  0
LINE
  5
CFEF
330
AB15
100
AcDbEntity
 67
     1
  8
图框线
100
AcDbLine
 10
13.33999961429842
 20
153.6649970751507
 30
0.0
 11
10.33999961429379
 21
153.6649970751506
 31
0.0
  0
MTEXT
  5
CFF0
330
AB15
100
AcDbEntity
 67
     1
  8
图框线
100
AcDbMText
 10
10.33999961429981
 20
141.9524970751507
 30
0.0
 40
3.0
 41
5.999999999999886
 46
23.42499999999998
 71
     5
 72
     5
  1
C
 73
     1
 44
1.0
  0
LINE
  5
CFF1
330
AB15
100
AcDbEntity
 67
     1
  8
图框线
100
AcDbLine
 10
13.33999961429978
 20
130.2399970751507
 30
0.0
 11
10.33999961429515
 21
130.2399970751506
 31
0.0
  0
MTEXT
  5
CFF2
330
AB15
100
AcDbEntity
 67
     1
  8
图框线
100
AcDbMText
 10
10.33999961430047
 20
118.5274970751508
 30
0.0
 40
3.0
 41
5.999999999999886
 46
23.42499999999998
 71
     5
 72
     5
  1
D
 73
     1
 44
1.0
  0
LINE
  5
CFF3
330
AB15
100
AcDbEntity
 67
     1
  8
图框线
100
AcDbLine
 10
13.33999961430045
 20
106.8149970751508
 30
0.0
 11
10.33999961429581
 21
106.8149970751507
 31
0.0
  0
MTEXT
  5
CFF4
330
AB15
100
AcDbEntity
 67
     1
  8
图框线
100
AcDbMText
 10
10.33999961430114
 20
95.10249707515084
 30
0.0
 40
3.0
 41
5.999999999999886
 46
23.42499999999998
 71
     5
 72
     5
  1
E
 73
     1
 44
1.0
  0
LINE
  5
CFF5
330
AB15
100
AcDbEntity
 67
     1
  8
图框线
100
AcDbLine
 10
13.33999961430111
 20
83.38999707515084
 30
0.0
 11
10.33999961429648
 21
83.38999707515075
 31
0.0
  0
MTEXT
  5
CFF6
330
AB15
100
AcDbEntity
 67
     1
  8
图框线
100
AcDbMText
 10
10.3399996143018
 20
71.67749707515087
 30
0.0
 40
3.0
 41
5.999999999999886
 46
23.42499999999998
 71
     5
 72
     5
  1
F
 73
     1
 44
1.0
  0
LINE
  5
CFF7
330
AB15
100
AcDbEntity
 67
     1
  8
图框线
100
AcDbLine
 10
13.33999961430178
 20
59.96499707515088
 30
0.0
 11
10.33999961429715
 21
59.96499707515078
 31
0.0
  0
MTEXT
  5
CFF8
330
AB15
100
AcDbEntity
 67
     1
  8
图框线
100
AcDbMText
 10
10.33999961430247
 20
48.25249707515093
 30
0.0
 40
3.0
 41
5.999999999999886
 46
23.42499999999998
 71
     5
 72
     5
  1
G
 73
     1
 44
1.0
  0
LINE
  5
CFF9
330
AB15
100
AcDbEntity
 67
     1
  8
图框线
100
AcDbLine
 10
13.33999961430244
 20
36.53999707515092
 30
0.0
 11
10.33999961429781
 21
36.53999707515084
 31
0.0
  0
MTEXT
  5
CFFA
330
AB15
100
AcDbEntity
 67
     1
  8
图框线
100
AcDbMText
 10
10.33999961429844
 20
24.82749707515097
 30
0.0
 40
3.0
 41
5.999999999999886
 46
23.42499999999998
 71
     5
 72
     5
  1
H
 73
     1
 44
1.0
  0
MTEXT
  5
CFFD
330
AB15
100
AcDbEntity
 67
     1
  8
图框线
100
AcDbMText
 10
290.3399996142987
 20
188.8024970751506
 30
0.0
 40
3.0
 41
5.999999999999886
 46
23.42499999999998
 71
     5
 72
     5
  1
A
 73
     1
 44
1.0
  0
LINE
  5
CFFE
330
AB15
100
AcDbEntity
 67
     1
  8
图框线
100
AcDbLine
 10
287.3399996142987
 20
177.0899970751506
 30
0.0
 11
290.3399996143033
 21
177.0899970751504
 31
0.0
  0
MTEXT
  5
CFFF
330
AB15
100
AcDbEntity
 67
     1
  8
图框线
100
AcDbMText
 10
290.3399996142987
 20
165.3774970751507
 30
0.0
 40
3.0
 41
5.999999999999886
 46
23.42499999999998
 71
     5
 72
     5
  1
B
 73
     1
 44
1.0
  0
LINE
  5
D000
330
AB15
100
AcDbEntity
 67
     1
  8
图框线
100
AcDbLine
 10
287.3399996142987
 20
153.6649970751507
 30
0.0
 11
290.3399996143033
 21
153.6649970751506
 31
0.0
  0
MTEXT
  5
D001
330
AB15
100
AcDbEntity
 67
     1
  8
图框线
100
AcDbMText
 10
290.3399996142973
 20
141.9524970751507
 30
0.0
 40
3.0
 41
5.999999999999886
 46
23.42499999999998
 71
     5
 72
     5
  1
C
 73
     1
 44
1.0
  0
LINE
  5
D002
330
AB15
100
AcDbEntity
 67
     1
  8
图框线
100
AcDbLine
 10
287.3399996142974
 20
130.2399970751507
 30
0.0
 11
290.339999614302
 21
130.2399970751506
 31
0.0
  0
MTEXT
  5
D003
330
AB15
100
AcDbEntity
 67
     1
  8
图框线
100
AcDbMText
 10
290.3399996142966
 20
118.5274970751508
 30
0.0
 40
3.0
 41
5.999999999999886
 46
23.42499999999998
 71
     5
 72
     5
  1
D
 73
     1
 44
1.0
  0
LINE
  5
D004
330
AB15
100
AcDbEntity
 67
     1
  8
图框线
100
AcDbLine
 10
287.3399996142967
 20
106.8149970751508
 30
0.0
 11
290.3399996143013
 21
106.8149970751507
 31
0.0
  0
MTEXT
  5
D005
330
AB15
100
AcDbEntity
 67
     1
  8
图框线
100
AcDbMText
 10
290.339999614296
 20
95.10249707515084
 30
0.0
 40
3.0
 41
5.999999999999886
 46
23.42499999999998
 71
     5
 72
     5
  1
E
 73
     1
 44
1.0
  0
LINE
  5
D006
330
AB15
100
AcDbEntity
 67
     1
  8
图框线
100
AcDbLine
 10
287.339999614296
 20
83.38999707515084
 30
0.0
 11
290.3399996143006
 21
83.38999707515075
 31
0.0
  0
MTEXT
  5
D007
330
AB15
100
AcDbEntity
 67
     1
  8
图框线
100
AcDbMText
 10
290.3399996142953
 20
71.67749707515087
 30
0.0
 40
3.0
 41
5.999999999999886
 46
23.42499999999998
 71
     5
 72
     5
  1
F
 73
     1
 44
1.0
  0
LINE
  5
D008
330
AB15
100
AcDbEntity
 67
     1
  8
图框线
100
AcDbLine
 10
287.3399996142953
 20
59.96499707515088
 30
0.0
 11
290.3399996143
 21
59.96499707515078
 31
0.0
  0
MTEXT
  5
D009
330
AB15
100
AcDbEntity
 67
     1
  8
图框线
100
AcDbMText
 10
290.3399996142947
 20
48.25249707515093
 30
0.0
 40
3.0
 41
5.999999999999886
 46
23.42499999999998
 71
     5
 72
     5
  1
G
 73
     1
 44
1.0
  0
LINE
  5
D00A
330
AB15
100
AcDbEntity
 67
     1
  8
图框线
100
AcDbLine
 10
287.3399996142947
 20
36.53999707515092
 30
0.0
 11
290.3399996142993
 21
36.53999707515084
 31
0.0
  0
MTEXT
  5
D00B
330
AB15
100
AcDbEntity
 67
     1
  8
图框线
100
AcDbMText
 10
290.3399996142987
 20
24.82749707515097
 30
0.0
 40
3.0
 41
5.999999999999886
 46
23.42499999999998
 71
     5
 72
     5
  1
H
 73
     1
 44
1.0
  0
LINE
  5
D011
330
AB15
100
AcDbEntity
 67
     1
  8
图框线
100
AcDbLine
 10
43.78444405874288
 20
200.5149970751506
 30
0.0
 11
43.78444405874288
 21
203.5149970751508
 31
0.0
  0
MTEXT
  5
D012
330
AB15
100
AcDbEntity
 67
     1
  8
图框线
100
AcDbMText
 10
59.0066662809651
 20
203.5149970751507
 30
0.0
 40
3.0
 41
30.44444444444442
 46
6.000000000000196
 71
     5
 72
     5
  1
2
 73
     1
 44
1.0
  0
LINE
  5
D013
330
AB15
100
AcDbEntity
 67
     1
  8
图框线
100
AcDbLine
 10
74.22888850318731
 20
200.5149970751506
 30
0.0
 11
74.22888850318731
 21
203.5149970751508
 31
0.0
  0
MTEXT
  5
D014
330
AB15
100
AcDbEntity
 67
     1
  8
图框线
100
AcDbMText
 10
89.45111072540951
 20
203.5149970751507
 30
0.0
 40
3.0
 41
30.4444444444444
 46
6.0
 71
     5
 72
     5
  1
3
 73
     1
 44
1.0
  0
LINE
  5
D015
330
AB15
100
AcDbEntity
 67
     1
  8
图框线
100
AcDbLine
 10
104.6733329476317
 20
200.5149970751506
 30
0.0
 11
104.6733329476317
 21
203.5149970751508
 31
0.0
  0
MTEXT
  5
D016
330
AB15
100
AcDbEntity
 67
     1
  8
图框线
100
AcDbMText
 10
119.8955551698539
 20
203.5149970751507
 30
0.0
 40
3.0
 41
30.4444444444445
 46
6.0
 71
     5
 72
     5
  1
4
 73
     1
 44
1.0
  0
LINE
  5
D017
330
AB15
100
AcDbEntity
 67
     1
  8
图框线
100
AcDbLine
 10
135.1177773920762
 20
200.5149970751506
 30
0.0
 11
135.1177773920762
 21
203.5149970751508
 31
0.0
  0
MTEXT
  5
D018
330
AB15
100
AcDbEntity
 67
     1
  8
图框线
100
AcDbMText
 10
150.3399996142984
 20
203.5149970751508
 30
0.0
 40
3.0
 41
30.44444444444441
 46
5.999999999999971
 71
     5
 72
     5
  1
5
 73
     1
 44
1.0
  0
LINE
  5
D019
330
AB15
100
AcDbEntity
 67
     1
  8
图框线
100
AcDbLine
 10
165.5622218365206
 20
200.5149970751508
 30
0.0
 11
165.5622218365206
 21
203.514997075151
 31
0.0
  0
MTEXT
  5
D01A
330
AB15
100
AcDbEntity
 67
     1
  8
图框线
100
AcDbMText
 10
180.7844440587428
 20
203.5149970751507
 30
0.0
 40
3.0
 41
30.44444444444441
 46
6.00000000000017
 71
     5
 72
     5
  1
6
 73
     1
 44
1.0
  0
LINE
  5
D01B
330
AB15
100
AcDbEntity
 67
     1
  8
图框线
100
AcDbLine
 10
196.006666280965
 20
200.5149970751506
 30
0.0
 11
196.006666280965
 21
203.5149970751508
 31
0.0
  0
MTEXT
  5
D01C
330
AB15
100
AcDbEntity
 67
     1
  8
图框线
100
AcDbMText
 10
211.2288885031873
 20
203.5149970751507
 30
0.0
 40
3.0
 41
30.4444444444445
 46
6.00000000000017
 71
     5
 72
     5
  1
7
 73
     1
 44
1.0
  0
LINE
  5
D01D
330
AB15
100
AcDbEntity
 67
     1
  8
图框线
100
AcDbLine
 10
226.4511107254095
 20
200.5149970751506
 30
0.0
 11
226.4511107254095
 21
203.5149970751508
 31
0.0
  0
MTEXT
  5
D01E
330
AB15
100
AcDbEntity
 67
     1
  8
图框线
100
AcDbMText
 10
241.6733329476318
 20
203.5149970751507
 30
0.0
 40
3.0
 41
30.4444444444445
 46
6.000000000000196
 71
     5
 72
     5
  1
8
 73
     1
 44
1.0
  0
LINE
  5
D01F
330
AB15
100
AcDbEntity
 67
     1
  8
图框线
100
AcDbLine
 10
256.895555169854
 20
200.5149970751508
 30
0.0
 11
256.895555169854
 21
203.514997075151
 31
0.0
  0
MTEXT
  5
D020
330
AB15
100
AcDbEntity
 67
     1
  8
图框线
100
AcDbMText
 10
272.1177773920763
 20
203.5149970751507
 30
0.0
 40
3.0
 41
30.44444444444455
 46
6.000000000000142
 71
     5
 72
     5
  1
9
 73
     1
 44
1.0
  0
MTEXT
  5
D022
330
AB15
100
AcDbEntity
 67
     1
  8
图框线
100
AcDbMText
 10
28.56222183652065
 20
10.11499707515087
 30
0.0
 40
3.0
 41
30.44444444444446
 46
5.999999999999997
 71
     5
 72
     5
  1
1
 73
     1
 44
1.0
  0
LINE
  5
D023
330
AB15
100
AcDbEntity
 67
     1
  8
图框线
100
AcDbLine
 10
43.78444405874288
 20
13.11499707515094
 30
0.0
 11
43.78444405874288
 21
10.11499707515074
 31
0.0
  0
MTEXT
  5
D024
330
AB15
100
AcDbEntity
 67
     1
  8
图框线
100
AcDbMText
 10
59.0066662809651
 20
10.11499707515087
 30
0.0
 40
3.0
 41
30.44444444444443
 46
5.999999999999997
 71
     5
 72
     5
  1
2
 73
     1
 44
1.0
  0
LINE
  5
D025
330
AB15
100
AcDbEntity
 67
     1
  8
图框线
100
AcDbLine
 10
74.22888850318731
 20
13.11499707515094
 30
0.0
 11
74.22888850318731
 21
10.11499707515074
 31
0.0
  0
MTEXT
  5
D026
330
AB15
100
AcDbEntity
 67
     1
  8
图框线
100
AcDbMText
 10
89.45111072540951
 20
10.11499707515087
 30
0.0
 40
3.0
 41
30.44444444444441
 46
5.999999999999997
 71
     5
 72
     5
  1
3
 73
     1
 44
1.0
  0
LINE
  5
D027
330
AB15
100
AcDbEntity
 67
     1
  8
图框线
100
AcDbLine
 10
104.6733329476317
 20
13.11499707515094
 30
0.0
 11
104.6733329476317
 21
10.11499707515074
 31
0.0
  0
MTEXT
  5
D028
330
AB15
100
AcDbEntity
 67
     1
  8
图框线
100
AcDbMText
 10
119.8955551698539
 20
10.11499707515087
 30
0.0
 40
3.0
 41
30.4444444444445
 46
5.999999999999997
 71
     5
 72
     5
  1
4
 73
     1
 44
1.0
  0
LINE
  5
D029
330
AB15
100
AcDbEntity
 67
     1
  8
图框线
100
AcDbLine
 10
135.1177773920762
 20
13.11499707515094
 30
0.0
 11
135.1177773920762
 21
10.11499707515074
 31
0.0
  0
MTEXT
  5
D02A
330
AB15
100
AcDbEntity
 67
     1
  8
图框线
100
AcDbMText
 10
150.3399996142984
 20
10.1149970751509
 30
0.0
 40
3.0
 41
30.44444444444444
 46
6.00000000000007
 71
     5
 72
     5
  1
5
 73
     1
 44
1.0
  0
LINE
  5
D02B
330
AB15
100
AcDbEntity
 67
     1
  8
图框线
100
AcDbLine
 10
165.5622218365206
 20
13.11499707515074
 30
0.0
 11
165.5622218365206
 21
10.11499707515054
 31
0.0
  0
MTEXT
  5
D02C
330
AB15
100
AcDbEntity
 67
     1
  8
图框线
100
AcDbMText
 10
180.7844440587428
 20
10.1149970751508
 30
0.0
 40
3.0
 41
30.44444444444444
 46
5.999999999999867
 71
     5
 72
     5
  1
6
 73
     1
 44
1.0
  0
LINE
  5
D02D
330
AB15
100
AcDbEntity
 67
     1
  8
图框线
100
AcDbLine
 10
196.006666280965
 20
13.11499707515094
 30
0.0
 11
196.006666280965
 21
10.11499707515074
 31
0.0
  0
MTEXT
  5
D02E
330
AB15
100
AcDbEntity
 67
     1
  8
图框线
100
AcDbMText
 10
211.2288885031873
 20
10.11499707515087
 30
0.0
 40
3.0
 41
30.44444444444456
 46
5.999999999999999
 71
     5
 72
     5
  1
7
 73
     1
 44
1.0
  0
LINE
  5
D02F
330
AB15
100
AcDbEntity
 67
     1
  8
图框线
100
AcDbLine
 10
226.4511107254095
 20
13.11499707515094
 30
0.0
 11
226.4511107254095
 21
10.11499707515074
 31
0.0
  0
MTEXT
  5
D030
330
AB15
100
AcDbEntity
 67
     1
  8
图框线
100
AcDbMText
 10
241.6733329476318
 20
10.11499707515087
 30
0.0
 40
3.0
 41
30.4444444444445
 46
5.999999999999997
 71
     5
 72
     5
  1
8
 73
     1
 44
1.0
  0
LINE
  5
D031
330
AB15
100
AcDbEntity
 67
     1
  8
图框线
100
AcDbLine
 10
256.895555169854
 20
13.11499707515074
 30
0.0
 11
256.895555169854
 21
10.11499707515054
 31
0.0
  0
MTEXT
  5
D032
330
AB15
100
AcDbEntity
 67
     1
  8
图框线
100
AcDbMText
 10
272.1177773920763
 20
10.11499707515087
 30
0.0
 40
3.0
 41
30.4444444444447
 46
5.999999999999999
 71
     5
 72
     5
  1
9
 73
     1
 44
1.0
  0
CIRCLE
  5
D31F
330
AB15
100
AcDbEntity
 67
     1
  8
0
100
AcDbCircle
 10
270.2597232984211
 20
28.09727966498354
 30
0.0
 40
1.25
  0
CIRCLE
  5
D320
330
AB15
100
AcDbEntity
 67
     1
  8
0
100
AcDbCircle
 10
270.2597232984211
 20
28.09727966498354
 30
0.0
 40
2.5
  0
LINE
  5
D321
330
AB15
100
AcDbEntity
 67
     1
  8
0
100
AcDbLine
 10
284.3399996142987
 20
25.59727966498354
 30
0.0
 11
284.3399996142987
 21
30.59727966498354
 31
0.0
  0
LINE
  5
D322
330
AB15
100
AcDbEntity
 67
     1
  8
0
100
AcDbLine
 10
278.2597232984211
 20
29.34727966498354
 30
0.0
 11
278.2597232984211
 21
26.84727966498354
 31
0.0
  0
LINE
  5
D323
330
AB15
100
AcDbEntity
 67
     1
  8
0
100
AcDbLine
 10
278.2597232984211
 20
26.84727966498354
 30
0.0
 11
284.3399996142987
 21
25.59727966498354
 31
0.0
  0
LINE
  5
D324
330
AB15
100
AcDbEntity
 67
     1
  8
0
100
AcDbLine
 10
278.2597232984211
 20
29.34727966498354
 30
0.0
 11
284.3399996142987
 21
30.59727966498354
 31
0.0
  0
LINE
  5
D325
330
AB15
100
AcDbEntity
 67
     1
  8
中心线
100
AcDbLine
 10
267.7597232984211
 20
28.09727966498354
 30
0.0
 11
272.7597232984211
 21
28.09727966498354
 31
0.0
  0
LINE
  5
D327
330
AB15
100
AcDbEntity
 67
     1
  8
中心线
100
AcDbLine
 10
278.259723298421
 20
28.09727966498354
 30
0.0
 11
284.3399996142987
 21
28.09727966498354
 31
0.0
  0
MTEXT
  5
D33E
330
AB15
100
AcDbEntity
 67
     1
  8
图框线
100
AcDbMText
 10
259.5897857608022
 20
28.09727966500501
 30
0.0
 40
1.8
 41
10.31799687579652
 46
5.25743294755196
 71
     5
 72
     5
  1
第三角法
 73
     1
 44
1.0
  0
MTEXT
  5
D33F
330
AB15
100
AcDbEntity
 67
     1
  8
图框线
100
AcDbMText
 10
246.4432280577605
 20
28.09727966500501
 30
0.0
 40
2.0
 41
15.50403543436185
 46
5.257432947551967
 71
     5
 72
     5
  1
1/1
 73
     1
 44
1.0
  0
MTEXT
  5
DB50
330
AB15
100
AcDbEntity
 67
     1
  8
图框线
100
AcDbMText
 10
212.3225458927988
 20
49.92238185468512
 30
0.0
 40
2.00013331164634
 41
26.63678359946779
 46
5.257432947552011
 71
     5
 72
     1
  1
金属环
 73
     1
 44
1.0
  0
MTEXT
  5
DB51
330
AB15
100
AcDbEntity
 67
     1
  8
图框线
100
AcDbMText
 10
212.3225458927988
 20
44.26726370739843
 30
0.0
 40
2.00013331164634
 41
26.63678359946779
 46
5.257432947552011
 71
     5
 72
     1
  1
******
 73
     1
 44
1.0
  0
MTEXT
  5
DB52
330
AB15
100
AcDbEntity
 67
     1
  8
图框线
100
AcDbMText
 10
212.3225458927988
 20
38.61214556011172
 30
0.0
 40
2.00013331164634
 41
26.63678359946779
 46
5.257432947552011
 71
     5
 72
     1
  1
V1.0
 73
     1
 44
1.0
  0
MTEXT
  5
DB53
330
AB15
100
AcDbEntity
 67
     1
  8
图框线
100
AcDbMText
 10
212.3225458927988
 20
33.354712612557
 30
0.0
 40
2.00013331164634
 41
26.63678359946779
 46
5.257432947552011
 71
     5
 72
     1
  1
{\fSimSun|b0|i0|c134|p2;AL }5052{\fSimSun|b0|i0|c134|p2;、}6063\P{\fSimSun|b0|i0|c134|p2;SUS }303{\fSimSun|b0|i0|c134|p2;、}316
 73
     1
 44
1.0
  0
MTEXT
  5
DB54
330
AB15
100
AcDbEntity
 67
     1
  8
图框线
100
AcDbMText
 10
212.3225458932396
 20
28.09727966500502
 30
0.0
 40
2.00013331164634
 41
26.63678359946779
 46
5.257432947552011
 71
     5
 72
     1
  1
MM
 73
     1
 44
1.0
  0
LINE
  5
DB5C
330
AB15
100
AcDbEntity
 67
     1
  8
图框线
100
AcDbLine
 10
124.6176000018195
 20
17.71984853687769
 30
0.0
 11
188.9989450632832
 21
17.71984853687769
 31
0.0
  0
MTEXT
  5
DB62
330
AB15
100
AcDbEntity
 67
     1
  8
图框线
100
AcDbMText
 10
128.0526321222891
 20
15.41742280601428
 30
0.0
 40
1.7794
 41
6.870064240939162
 46
4.604851461726829
 71
     5
 72
     5
  1
序號
 73
     1
 44
1.0
1001
ACAD
1000
ACAD_MTEXT_DEFINED_HEIGHT_BEGIN
1070
    46
1040
5.257432947554728
1000
ACAD_MTEXT_DEFINED_HEIGHT_END
  0
MTEXT
  5
DB63
330
AB15
100
AcDbEntity
 67
     1
  8
图框线
100
AcDbMText
 10
146.3708417253573
 20
15.41742280601428
 30
0.0
 40
1.7794
 41
29.76635496607896
 46
4.604851461726829
 71
     5
 72
     5
  1
變更内容
 73
     1
 44
1.0
1001
ACAD
1000
ACAD_MTEXT_DEFINED_HEIGHT_BEGIN
1070
    46
1040
5.257432947554728
1000
ACAD_MTEXT_DEFINED_HEIGHT_END
  0
MTEXT
  5
DB64
330
AB15
100
AcDbEntity
 67
     1
  8
图框线
100
AcDbMText
 10
169.4387383071525
 20
15.41742280601428
 30
0.0
 40
1.7794
 41
16.36943819751138
 46
4.604851461726829
 71
     5
 72
     5
  1
變更日期
 73
     1
 44
1.0
1001
ACAD
1000
ACAD_MTEXT_DEFINED_HEIGHT_BEGIN
1070
    46
1040
5.257432947554728
1000
ACAD_MTEXT_DEFINED_HEIGHT_END
  0
MTEXT
  5
DB65
330
AB15
100
AcDbEntity
 67
     1
  8
图框线
100
AcDbMText
 10
183.3112012343752
 20
15.41742280601427
 30
0.0
 40
1.7794
 41
11.37548765781603
 46
4.604851461726815
 71
     5
 72
     5
  1
變更人
 73
     1
 44
1.0
1001
ACAD
1000
ACAD_MTEXT_DEFINED_HEIGHT_BEGIN
1070
    46
1040
5.257432947554728
1000
ACAD_MTEXT_DEFINED_HEIGHT_END
  0
MTEXT
  5
DB66
330
AB15
100
AcDbEntity
 67
     1
  8
图框线
100
AcDbMText
 10
128.0526321214072
 20
47.08149378265757
 30
0.0
 40
1.7794
 41
6.870064240939162
 46
3.914886032770649
 71
     5
 72
     5
  1
⑧
 73
     1
 44
1.0
1001
ACAD
1000
ACAD_MTEXT_DEFINED_HEIGHT_BEGIN
1070
    46
1040
5.257432947554728
1000
ACAD_MTEXT_DEFINED_HEIGHT_END
  0
MTEXT
  5
DB67
330
AB15
100
AcDbEntity
 67
     1
  8
图框线
100
AcDbMText
 10
128.0526321214072
 20
50.99134051181053
 30
0.0
 40
1.7794
 41
6.870064240939162
 46
3.914886032770649
 71
     5
 72
     5
  1
⑨
 73
     1
 44
1.0
1001
ACAD
1000
ACAD_MTEXT_DEFINED_HEIGHT_BEGIN
1070
    46
1040
5.257432947554728
1000
ACAD_MTEXT_DEFINED_HEIGHT_END
  0
MTEXT
  5
DBBD
102
{ACAD_XDICTIONARY
360
DBC8
102
}
330
AB15
100
AcDbEntity
 67
     1
  8
图框线
100
AcDbMText
 10
52.04607104779646
 20
33.03189030167337
 30
0.0
 40
2.00013331164634
 41
75.17786999491907
 46
39.83378645304495
 71
     5
 72
     1
  3
{\fSimSun|b0|i0|c134|p2;备注：\P}1{\fSimSun|b0|i0|c134|p2;、颜色：本色；\P}2{\fSimSun|b0|i0|c134|p2;、材质：AL }5052{\fSimSun|b0|i0|c134|p2;适合冲压和AL }6063{\fSimSun|b0|i0|c134|p2;硬度高价格贵，不锈钢SUS不能做阳极氧化，SUS }303{\fSimSun|b0|i0|c134|p2;（可能过不了盐雾）} {\fSimSun|b0|i0|c134|p2
  3
;SUS 304 SUS }316{\fSimSun|b0|i0|c134|p2;斜面高亮就一定要做}316{\fSimSun|b0|i0|c134|p2;和}304{\fSimSun|b0|i0|c134|p2;（两者差不多优选304更亮）；\P}3{\fSimSun|b0|i0|c134|p2;、表面处理：金属环底部焊接面需要镭雕};\P4{\fSimSun|b0|i0|c134|p2;、导电性：要求可良好导电},{\fSimSun|b0|i0|c134|p2;镭射区任意两点之间电阻＜}1{
  3
\fISOCPEUR|b0|i0|c134|p34;Ω\fSimSun|b0|i0|c134|p2;；\P}5{\fSimSun|b0|i0|c134|p2;、翘曲度}≤0.05({\fSimSun|b0|i0|c134|p2;测试工具}:{\fSimSun|b0|i0|c134|p2;塞规，测试位置}:{\fSimSun|b0|i0|c134|p2;底面}){\fSimSun|b0|i0|c134|p2;；\P}6{\fSimSun|b0|i0|c134|p2;、外形边要求圆滑、无批锋、无锯齿
  1
、不刮手；}
 73
     1
 44
1.0
  0
LINE
  5
E0CC
330
AB15
100
AcDbEntity
 67
     1
  8
中心线
100
AcDbLine
 10
270.2597232984211
 20
25.59727966498354
 30
0.0
 11
270.2597232984211
 21
30.59727966498354
 31
0.0
  0
ENDSEC
  0
SECTION
  2
OBJECTS
  0
DICTIONARY
  5
C
330
0
100
AcDbDictionary
281
     1
  3
ACAD_CIP_PREVIOUS_PRODUCT_INFO
350
1B6
  3
ACAD_COLOR
350
6B
  3
ACAD_DETAILVIEWSTYLE
350
1AD
  3
ACAD_GROUP
350
D
  3
ACAD_LAYOUT
350
1A
  3
ACAD_MATERIAL
350
6A
  3
ACAD_MLEADERSTYLE
350
1A9
  3
ACAD_MLINESTYLE
350
17
  3
ACAD_PLOTSETTINGS
350
19
  3
ACAD_PLOTSTYLENAME
350
E
  3
ACAD_RENDER_ACTIVE_RAPIDRT_SETTINGS
350
D093
  3
ACAD_RENDER_ACTIVE_SETTINGS
350
D138
  3
ACAD_SCALELIST
350
197
  3
ACAD_SECTIONVIEWSTYLE
350
1AB
  3
ACAD_TABLESTYLE
350
195
  3
ACAD_VISUALSTYLE
350
17C
  3
ACDB_RECOMPOSE_DATA
350
EB37
  3
AcDbVariableDictionary
350
5E
  3
AcDsDecomposeData
350
EB3D
  3
AEC_PROPERTY_SET_DEFS
350
813
  0
DICTIONARY
  5
3AC7
330
8
100
AcDbDictionary
280
     1
281
     1
  0
DICTIONARY
  5
8E
330
2
100
AcDbDictionary
280
     1
281
     1
  3
ACAD_LAYERSTATES
360
8F
  3
ACLYDICTIONARY
360
3EA
  0
DICTIONARY
  5
3AE
330
10
100
AcDbDictionary
280
     1
281
     1
  3
ADSK_XREC_LAYER_RECONCILED
360
3AF
  0
DICTIONARY
  5
1B9
330
1B8
100
AcDbDictionary
280
     1
281
     1
  3
ADSK_XREC_LAYER_RECONCILED
360
3B8
  0
DICTIONARY
  5
D5A
330
1F
100
AcDbDictionary
280
     1
281
     1
  3
ACAD_SORTENTS
360
D5B
  0
DICTIONARY
  5
AF94
330
AB15
100
AcDbDictionary
280
     1
281
     1
  3
ACAD_SORTENTS
360
AF95
  0
DICTIONARY
  5
E9F9
330
E9ED
100
AcDbDictionary
280
     1
281
     1
  3
ACAD_DIMASSOC
360
EA02
  0
DICTIONARY
  5
EA1F
330
EA13
100
AcDbDictionary
280
     1
281
     1
  3
ACAD_DIMASSOC
360
EA28
  0
DICTIONARY
  5
EA47
330
EA46
100
AcDbDictionary
280
     1
281
     1
  3
ACAD_DIMASSOC
360
EA48
  0
DICTIONARY
  5
EA4A
330
EA49
100
AcDbDictionary
280
     1
281
     1
  3
ACAD_DIMASSOC
360
EA4B
  0
DICTIONARY
  5
EB1F
330
EB0F
100
AcDbDictionary
280
     1
281
     1
  3
ACAD_DIMASSOC
360
EB2C
  0
DICTIONARY
  5
AB1D
330
AB1C
100
AcDbDictionary
280
     1
281
     1
  3
ASDK_XREC_ANNOTATION_SCALE_INFO
360
AB1E
  0
DICTIONARY
  5
C27F
330
C27E
100
AcDbDictionary
280
     1
281
     1
  3
ASDK_XREC_ANNOTATION_SCALE_INFO
360
C280
  0
DICTIONARY
  5
C99F
330
C99E
100
AcDbDictionary
280
     1
281
     1
  0
DICTIONARY
  5
C9A1
330
C9A0
100
AcDbDictionary
280
     1
281
     1
  0
DICTIONARY
  5
DBC8
330
DBBD
100
AcDbDictionary
280
     1
281
     1
  3
ACAD_MTEXT_2008_RT
360
EB36
  0
XRECORD
  5
1B6
102
{ACAD_REACTORS
330
C
102
}
330
C
100
AcDbXrecord
280
     1
300
ACD
300
2018
300
ACD_F_S
  0
DICTIONARY
  5
6B
102
{ACAD_REACTORS
330
C
102
}
330
C
100
AcDbDictionary
281
     1
  0
DICTIONARY
  5
1AD
102
{ACAD_REACTORS
330
C
102
}
330
C
100
AcDbDictionary
281
     1
  3
Metric50
350
1AE
  0
DICTIONARY
  5
D
102
{ACAD_REACTORS
330
C
102
}
330
C
100
AcDbDictionary
281
     1
  0
DICTIONARY
  5
1A
102
{ACAD_REACTORS
330
C
102
}
330
C
100
AcDbDictionary
281
     1
  3
Model
350
22
  3
圖框
350
AB16
  0
DICTIONARY
  5
6A
102
{ACAD_REACTORS
330
C
102
}
330
C
100
AcDbDictionary
281
     1
  3
ByBlock
350
174
  3
ByLayer
350
16C
  3
Global
350
A6
  0
DICTIONARY
  5
1A9
102
{ACAD_REACTORS
330
C
102
}
330
C
100
AcDbDictionary
281
     1
  3
Standard
350
1AA
  0
DICTIONARY
  5
17
102
{ACAD_REACTORS
330
C
102
}
330
C
100
AcDbDictionary
281
     1
  3
Standard
350
18
  0
DICTIONARY
  5
19
102
{ACAD_REACTORS
330
C
102
}
330
C
100
AcDbDictionary
281
     1
  0
ACDBDICTIONARYWDFLT
  5
E
102
{ACAD_REACTORS
330
C
102
}
330
C
100
AcDbDictionary
281
     1
  3
Normal
350
F
100
AcDbDictionaryWithDefault
340
F
  0
RAPIDRTRENDERSETTINGS
  5
D093
102
{ACAD_REACTORS
330
C
102
}
330
C
100
AcDbRenderSettings
 90
        2
  1
中
290
     1
290
     0
290
     1
290
     1
  1

  1
应用 5 个渲染级别
 90
        0
100
AcDbRapidRTRenderSettings
 90
        3
 70
     0
 90
        5
 90
        1
 70
     1
 70
     2
 40
3.0
 40
3.0
290
     1
  0
MENTALRAYRENDERSETTINGS
  5
D138
102
{ACAD_XDICTIONARY
360
D139
102
}
102
{ACAD_REACTORS
330
C
102
}
330
C
100
AcDbRenderSettings
 90
        2
  1
中
290
     1
290
     1
290
     1
290
     1
  1

  1

 90
        0
100
AcDbMentalRayRenderSettings
 90
        2
 90
        0
 90
        1
 70
     2
 40
3.0
 40
3.0
 40
0.0500000007450581
 40
0.0500000007450581
 40
0.0500000007450581
 40
0.0500000007450581
 70
     0
290
     0
290
     1
 90
        5
 90
        5
 90
        5
290
     0
 90
      500
290
     0
 40
1.0
 90
    10000
 90
        5
 90
        5
 90
        5
290
     0
 90
      200
290
     0
290
     0
290
     0
 40
1.0
 40
1.0
 40
1500.0
 70
     0
 70
     0
 40
10.0
 70
     0
 70
     0
290
     0
  1

 90
       32
 70
     0
 90
     1048
290
     0
 40
1.0
  0
DICTIONARY
  5
197
102
{ACAD_REACTORS
330
C
102
}
330
C
100
AcDbDictionary
281
     1
  3
A0
350
198
  3
A1
350
199
  3
A2
350
19A
  3
A3
350
19B
  3
A4
350
19C
  3
A5
350
19D
  3
A6
350
19E
  3
A7
350
19F
  3
A8
350
1A0
  3
A9
350
1A1
  3
B0
350
1A2
  3
B1
350
1A3
  3
B2
350
1A4
  3
B3
350
1A5
  3
B4
350
1A6
  3
B5
350
1A7
  3
B6
350
1A8
  0
DICTIONARY
  5
1AB
102
{ACAD_REACTORS
330
C
102
}
330
C
100
AcDbDictionary
281
     1
  3
Metric50
350
1AC
  0
DICTIONARY
  5
195
102
{ACAD_REACTORS
330
C
102
}
330
C
100
AcDbDictionary
281
     1
  3
Standard
350
196
  0
DICTIONARY
  5
17C
102
{ACAD_REACTORS
330
C
102
}
330
C
100
AcDbDictionary
281
     1
  3
2dWireframe
350
182
  3
3dWireframe
350
B432
  3
Basic
350
181
  3
Brighten
350
188
  3
ColorChange
350
18C
  3
Conceptual
350
185
  3
Dim
350
187
  3
EdgeColorOff
350
194
  3
Facepattern
350
18B
  3
Flat
350
17D
  3
FlatWithEdges
350
17E
  3
Gouraud
350
17F
  3
GouraudWithEdges
350
180
  3
Hidden
350
184
  3
JitterOff
350
192
  3
Linepattern
350
18A
  3
OverhangOff
350
193
  3
Realistic
350
186
  3
Shaded
350
191
  3
Shaded with edges
350
190
  3
Shades of Gray
350
18D
  3
Sketchy
350
18E
  3
Thicken
350
189
  3
Wireframe
350
183
  3
X-Ray
350
18F
  0
XRECORD
  5
EB37
102
{ACAD_REACTORS
330
C
102
}
330
C
100
AcDbXrecord
280
     1
 90
        1
330
196
330
DBBD
  0
DICTIONARY
  5
5E
102
{ACAD_REACTORS
330
C
102
}
330
C
100
AcDbDictionary
281
     1
  3
CANNOSCALE
350
3C3
  3
CMLEADERSTYLE
350
3BF
  3
CTABLESTYLE
350
3BE
  3
CVIEWDETAILSTYLE
350
3C0
  3
CVIEWSECTIONSTYLE
350
3C1
  3
DIMASSOC
350
5F
  3
HIDETEXT
350
63
  3
HPCOLOR
350
EAB4
  3
HPTRANSPARENCY
350
EAB3
  3
INDEXCTL
350
3B0B
  3
LAYEREVAL
350
3C5
  3
LAYERNOTIFY
350
3C6
  3
LIGHTINGUNITS
350
3C4
  3
MSLTSCALE
350
3C2
  3
SORTENTS
350
3B0A
  3
XCLIPFRAME
350
EB34
  0
DICTIONARY
  5
EB3D
102
{ACAD_REACTORS
330
C
102
}
330
C
100
AcDbDictionary
281
     1
  3
AcDsRecords
350
EB3F
  3
AcDsSchemas
350
EB3E
1001
ACAD
1070
     2
  0
DICTIONARY
  5
813
102
{ACAD_REACTORS
330
C
102
}
330
C
100
AcDbDictionary
281
     1
  0
DICTIONARY
  5
8F
102
{ACAD_REACTORS
330
8E
102
}
330
8E
100
AcDbDictionary
281
     1
  0
DICTIONARY
  5
3EA
102
{ACAD_REACTORS
330
8E
102
}
330
8E
100
AcDbDictionary
281
     1
1001
ACAD
1000
<All
  0
XRECORD
  5
3AF
102
{ACAD_REACTORS
330
3AE
102
}
330
3AE
100
AcDbXrecord
280
     1
290
     1
  0
XRECORD
  5
3B8
102
{ACAD_REACTORS
330
1B9
102
}
330
1B9
100
AcDbXrecord
280
     1
290
     1
  0
SORTENTSTABLE
  5
D5B
102
{ACAD_REACTORS
330
D5A
102
}
330
D5A
100
AcDbSortentsTable
330
1F
331
EA9A
  5
EA9E
331
EA2A
  5
EA2A
331
E9CC
  5
E9CC
331
EA99
  5
EA9D
331
EA43
  5
EA49
331
EA29
  5
EA29
331
E9ED
  5
E9ED
331
E9D3
  5
E9D3
331
EA98
  5
EA9C
331
EA42
  5
EA46
331
E9EC
  5
E9E9
331
E9D2
  5
E9D2
331
EA9F
  5
EAA3
331
EA41
  5
EA45
331
E9D1
  5
E9D1
331
EA9E
  5
EAA2
331
E9D0
  5
E9D0
331
EA9D
  5
EAA1
331
EA13
  5
EA13
331
EA83
  5
EA96
331
E9D7
  5
E9D7
331
EA9C
  5
EAA0
331
E9E1
  5
E9E1
331
EA91
  5
EA99
331
EA82
  5
EA87
331
EA46
  5
EA84
331
E9D6
  5
E9D6
331
E9E0
  5
E9E0
331
EAA3
  5
EABA
331
EA90
  5
EA97
331
EA45
  5
EA83
331
E9D5
  5
E9D5
331
EAA2
  5
EAB8
331
EA44
  5
EA82
331
EA97
  5
EA40
331
E9D4
  5
E9D4
331
EAA1
  5
EAA7
331
EA96
  5
EA41
331
E9DB
  5
E9DB
331
EAA0
  5
EAA5
331
E9DA
  5
E9DA
331
E9CB
  5
E9CB
331
EA49
  5
EA85
331
E9D9
  5
E9D9
331
EA94
  5
EA9A
331
E9CA
  5
E9CA
331
EA39
  5
EA3E
331
EAC7
  5
EA3A
331
E9EB
  5
E9EA
331
E9D8
  5
E9D8
331
E9EA
  5
E9EC
331
E9DF
  5
E9DF
331
EAB6
  5
EA9B
331
EA3F
  5
EA43
331
E9E9
  5
E9EB
331
E9DE
  5
E9DE
331
E9CF
  5
E9CF
331
E9E8
  5
E9E8
331
E9DD
  5
E9DD
331
E9CE
  5
E9CE
331
EA9B
  5
EA9F
331
EA2B
  5
EA2B
331
E9DC
  5
E9DC
331
E9CD
  5
E9CD
  0
SORTENTSTABLE
  5
AF95
102
{ACAD_REACTORS
330
AF94
102
}
330
AF94
100
AcDbSortentsTable
330
AB15
331
BF86
  5
BF86
331
D026
  5
D026
331
CFE7
  5
CFE7
331
D022
  5
D022
331
CE47
  5
CE47
331
D01E
  5
D01E
331
D01A
  5
D01A
331
DB53
  5
DB5C
331
C9B6
  5
C9B6
331
C9B2
  5
C9B2
331
C9AE
  5
C9AE
331
C9AA
  5
C9AA
331
C27E
  5
C27E
331
D016
  5
D016
331
D012
  5
D012
331
D33F
  5
DB50
331
C9D3
  5
C9D3
331
D00A
  5
D00A
331
D327
  5
D33F
331
C9A6
  5
C9A6
331
D323
  5
D323
331
C99E
  5
C99E
331
C006
  5
C006
331
D007
  5
D007
331
D003
  5
D003
331
CFFF
  5
CFFF
331
C993
  5
C993
331
C98F
  5
C98F
331
C9CE
  5
C9CE
331
C9CA
  5
C9CA
331
C98B
  5
C98B
331
BFB7
  5
BFB7
331
BF8B
  5
BF8B
331
CFF7
  5
CFF7
331
D032
  5
D032
331
CFF3
  5
CFF3
331
D02E
  5
D02E
331
DB67
  5
E0CC
331
CFEF
  5
CFEF
331
DB63
  5
DB65
331
D02A
  5
D02A
331
C9C6
  5
C9C6
331
C987
  5
C987
331
C9C2
  5
C9C2
331
C983
  5
C983
331
C97F
  5
C97F
331
C9BE
  5
C9BE
331
C9BA
  5
C9BA
331
C97B
  5
C97B
331
BF87
  5
BF87
331
D027
  5
D027
331
DB54
  5
DB62
331
D023
  5
D023
331
DB50
  5
DB52
331
D01F
  5
D01F
331
D01B
  5
D01B
331
C9B7
  5
C9B7
331
C9B3
  5
C9B3
331
C9AF
  5
C9AF
331
C9AB
  5
C9AB
331
C037
  5
C037
331
C9DC
  5
C9DC
331
D017
  5
D017
331
D013
  5
D013
331
C9D0
  5
C9D0
331
D00B
  5
D00B
331
D324
  5
D324
331
D320
  5
D320
331
D004
  5
D004
331
D000
  5
D000
331
CFF8
  5
CFF8
331
D31F
  5
D31F
331
C994
  5
C994
331
C98C
  5
C98C
331
C988
  5
C988
331
C9CF
  5
C9CF
331
C9CB
  5
C9CB
331
BF8C
  5
BF8C
331
BF88
  5
BF88
331
CFF4
  5
CFF4
331
CFF0
  5
CFF0
331
DB64
  5
DB66
331
D02F
  5
D02F
331
C984
  5
C984
331
DB5C
  5
DB63
331
D02B
  5
D02B
331
C9C7
  5
C9C7
331
C980
  5
C980
331
C97C
  5
C97C
331
C9BF
  5
C9BF
331
AB1C
  5
AB1C
331
D024
  5
D024
331
D020
  5
D020
331
D01C
  5
D01C
331
CE45
  5
CE45
331
DB51
  5
DB53
331
D018
  5
D018
331
C9B4
  5
C9B4
331
C9B0
  5
C9B0
331
C9AC
  5
C9AC
331
C9A8
  5
C9A8
331
D014
  5
D014
331
D008
  5
D008
331
D325
  5
D325
331
E0CC
  5
D327
331
D321
  5
D321
331
C9A0
  5
C9A0
331
BFB8
  5
BFB8
331
D005
  5
D005
331
D001
  5
D001
331
DBBD
  5
E0CD
331
CFFD
  5
CFFD
331
CFF9
  5
CFF9
331
C995
  5
C995
331
C991
  5
C991
331
C98D
  5
C98D
331
C9CC
  5
C9CC
331
C9C8
  5
C9C8
331
C989
  5
C989
331
BFB5
  5
BFB5
331
BF8D
  5
BF8D
331
BF89
  5
BF89
331
CFF5
  5
CFF5
331
D030
  5
D030
331
CFF1
  5
CFF1
331
D02C
  5
D02C
331
DB65
  5
DB67
331
CFED
  5
CFED
331
D028
  5
D028
331
C9C0
  5
C9C0
331
C981
  5
C981
331
C97D
  5
C97D
331
C9BC
  5
C9BC
331
C9B8
  5
C9B8
331
D025
  5
D025
331
CE46
  5
CE46
331
D01D
  5
D01D
331
DB52
  5
DB54
331
D019
  5
D019
331
C9B5
  5
C9B5
331
C9B1
  5
C9B1
331
C9AD
  5
C9AD
331
C9A9
  5
C9A9
331
D015
  5
D015
331
D011
  5
D011
331
D33E
  5
D952
331
C9D2
  5
C9D2
331
D009
  5
D009
331
C9A5
  5
C9A5
331
D322
  5
D322
331
D006
  5
D006
331
D002
  5
D002
331
CFFE
  5
CFFE
331
CFFA
  5
CFFA
331
C992
  5
C992
331
C98E
  5
C98E
331
C9CD
  5
C9CD
331
C9C9
  5
C9C9
331
C98A
  5
C98A
331
BFB6
  5
BFB6
331
BF8A
  5
BF8A
331
CFF6
  5
CFF6
331
D031
  5
D031
331
CFF2
  5
CFF2
331
D02D
  5
D02D
331
DB66
  5
DBBD
331
CFEE
  5
CFEE
331
DB62
  5
DB64
331
D029
  5
D029
331
C986
  5
C986
331
C9C1
  5
C9C1
331
C982
  5
C982
331
C97E
  5
C97E
331
C9BD
  5
C9BD
331
C9B9
  5
C9B9
  0
DIMASSOC
  5
EA02
102
{ACAD_REACTORS
330
E9F9
102
}
330
E9F9
100
AcDbDimAssoc
330
E9ED
 90
        2
 70
     0
 71
     0
  1
AcDbOsnapPointRef
 72
     3
331
E9CA
 73
     2
 91
        0
 40
0.0
 10
0.0
 20
0.0
 30
0.0
 75
     0
  0
DIMASSOC
  5
EA28
102
{ACAD_REACTORS
330
EA1F
102
}
330
EA1F
100
AcDbDimAssoc
330
EA13
 90
        2
 70
     0
 71
     0
  1
AcDbOsnapPointRef
 72
     3
331
E9CC
 73
     2
 91
        0
 40
0.0
 10
0.0
 20
0.0
 30
0.0
 75
     0
  0
DIMASSOC
  5
EA48
102
{ACAD_REACTORS
330
EA47
102
}
330
EA47
100
AcDbDimAssoc
330
EA46
 90
        2
 70
     0
 71
     0
  1
AcDbOsnapPointRef
 72
     3
331
EA29
 73
     2
 91
        0
 40
0.0
 10
0.0
 20
0.0
 30
0.0
 75
     0
  0
DIMASSOC
  5
EA4B
102
{ACAD_REACTORS
330
EA4A
102
}
330
EA4A
100
AcDbDimAssoc
330
EA49
 90
        2
 70
     0
 71
     0
  1
AcDbOsnapPointRef
 72
     3
331
EA2B
 73
     2
 91
        0
 40
0.0
 10
0.0
 20
0.0
 30
0.0
 75
     0
  0
DIMASSOC
  5
EB2C
102
{ACAD_REACTORS
330
EB1F
102
}
330
EB1F
100
AcDbDimAssoc
330
EB0F
 90
       15
 70
     0
 71
     0
  1
AcDbOsnapPointRef
 72
    13
331
EA9F
 73
     2
 91
        0
 40
0.0
 10
0.0
 20
0.0
 30
2.000000000000000E+50
 75
     0
  1
AcDbOsnapPointRef
 72
     1
331
EA9F
 73
     2
 91
        0
 40
1.0
 10
0.0
 20
0.0
 30
2.000000000000000E+50
 75
     0
  1
AcDbOsnapPointRef
 72
    13
331
EA94
 73
     2
 91
        0
 40
0.0
 10
0.0
 20
0.0
 30
2.000000000000000E+50
 75
     0
  1
AcDbOsnapPointRef
 72
     1
331
EA94
 73
     2
 91
        0
 40
1.0
 10
0.0
 20
0.0
 30
2.000000000000000E+50
 75
     0
  0
XRECORD
  5
AB1E
102
{ACAD_REACTORS
330
AB1D
102
}
330
AB1D
100
AcDbXrecord
280
     1
 90
        1
340
198
  0
XRECORD
  5
C280
102
{ACAD_REACTORS
330
C27F
102
}
330
C27F
100
AcDbXrecord
280
     1
 90
        1
340
198
  0
XRECORD
  5
EB36
102
{ACAD_REACTORS
330
DBC8
102
}
330
DBC8
100
AcDbXrecord
280
     1
 40
1903504327.0
  1
\pxql;{\fSimSun|b0|i0|c134|p2;备注：\P}1{\fSimSun|b0|i0|c134|p2;、颜色：本色；\P}2{\fSimSun|b0|i0|c134|p2;、材质：AL }5052{\fSimSun|b0|i0|c134|p2;适合冲压和AL }6063{\fSimSun|b0|i0|c134|p2;硬度高价格贵，不锈钢SUS不能做阳极氧化，SUS }303{\fSimSun|b0|i0|c134|p2;（可能过不了盐雾）} {\fSimSun|b0|i0|c
  1
134|p2;SUS 304 SUS }316{\fSimSun|b0|i0|c134|p2;斜面高亮就一定要做}316{\fSimSun|b0|i0|c134|p2;和}304{\fSimSun|b0|i0|c134|p2;（两者差不多优选304更亮）；\P}3{\fSimSun|b0|i0|c134|p2;、表面处理：金属环底部焊接面需要镭雕};\P\pq*;4{\fSimSun|b0|i0|c134|p2;、导电性：要求可良好导电},{\fSimSun|b0|i0|c134|p2;镭射区任
  1
意两点之间电阻＜}1{\fISOCPEUR|b0|i0|c134|p34;Ω\fSimSun|b0|i0|c134|p2;；\P\pql;}5{\fSimSun|b0|i0|c134|p2;、翘曲度}≤0.05({\fSimSun|b0|i0|c134|p2;测试工具}:{\fSimSun|b0|i0|c134|p2;塞规，测试位置}:{\fSimSun|b0|i0|c134|p2;底面}){\fSimSun|b0|i0|c134|p2;；\P}6{\fSimSun|b0|i0|c134|p2;
  1
、外形边要求圆滑、无批锋、无锯齿、不刮手；}
  0
ACDBDETAILVIEWSTYLE
  5
1AE
102
{ACAD_XDICTIONARY
360
EB74
102
}
102
{ACAD_REACTORS
330
1AD
102
}
330
1AD
100
AcDbModelDocViewStyle
 70
     0
  3
Metric50
290
     0
100
AcDbDetailViewStyle
 70
     0
 71
     0
 90
        3
 71
     1
340
11
 62
   256
 40
5.0
340
0
 62
   256
 40
5.0
300

 40
0.0
280
     1
 71
     2
340
16
 90
       25
 62
   256
 71
     3
340
11
 62
   256
 40
5.0
 90
        0
 40
15.0
 90
        1
300
%<\AcVar ViewDetailId>% (%<\AcVar ViewScale \f "%sn">%)
 71
     4
340
16
 90
       25
 62
   256
340
16
 90
       25
 62
   256
280
     0
  0
LAYOUT
  5
22
102
{ACAD_XDICTIONARY
360
3AC9
102
}
102
{ACAD_REACTORS
330
1A
102
}
330
1A
100
AcDbPlotSettings
  1

  2
Adobe PDF
  4
A4
  6

 40
3.174999952316281
 41
3.174999952316281
 42
3.175003051757812
 43
3.17498779296875
 44
209.9733276367186
 45
297.0318298339844
 46
1.811662316322225
 47
1.840921044349784
 48
565.6911467750696
 49
199.7873544277161
140
852.6911467750695
141
399.7873544277163
142
1.0
143
1.0
 70
 11940
 72
     1
 73
     1
 74
     4
  7

 75
     0
147
1.012828718079092
 76
     0
 77
     4
 78
   300
148
-565.6911467750696
149
-199.7873544277161
100
AcDbLayout
  1
Model
 70
     1
 71
     0
 10
0.0
 20
0.0
 11
12.0
 21
9.0
 12
0.0
 22
0.0
 32
0.0
 14
0.0
 24
0.0
 34
0.0
 15
0.0
 25
0.0
 35
0.0
146
0.0
 13
0.0
 23
0.0
 33
0.0
 16
1.0
 26
0.0
 36
0.0
 17
0.0
 27
1.0
 37
0.0
 76
     0
330
1F
331
160
1001
ACAD_PSEXT
1000
Adobe PDF
1000
Adobe PDF Converter
1000
Documents\*.pdf
1000

1070
     0
  0
LAYOUT
  5
AB16
102
{ACAD_REACTORS
330
1A
102
}
330
1A
100
AcDbPlotSettings
  1

  2
Microsoft Print to PDF
  4
A4
  6

 40
0.0
 41
0.0
 42
0.0
 43
0.0
 44
210.0156707763672
 45
297.0106506347656
 46
5.307835388183632
 47
5.505325317382697
 48
7.339999614298534
 49
7.11499707515087
140
293.3399996142987
141
206.5149970751508
142
1.0
143
1.0
 70
   564
 72
     1
 73
     1
 74
     4
  7

 75
    16
147
1.0
 76
     0
 77
     4
 78
   300
148
-7.339999614298534
149
-7.11499707515087
100
AcDbLayout
  1
圖框
 70
     1
 71
     1
 10
1.834674296915834
 20
1.807161686967235
 11
298.8453249316815
 21
211.8228324633344
 12
0.0
 22
0.0
 32
0.0
 14
7.33201873294513
 24
7.104340889898821
 34
-0.000000000000013
 15
293.3479818787159
 25
206.5256542383644
 35
0.0000000000000023
146
0.0
 13
0.0
 23
0.0
 33
0.0
 16
1.0
 26
0.0
 36
0.0
 17
0.0
 27
1.0
 37
0.0
 76
     0
330
AB15
331
AB1C
1001
ACAD_PSEXT
1000
Microsoft Print to PDF
1000
Microsoft Print To PDF
1000
PORTPROMPT:
1000

1070
     0
  0
MATERIAL
  5
174
102
{ACAD_XDICTIONARY
360
175
102
}
102
{ACAD_REACTORS
330
6A
102
}
330
6A
100
AcDbMaterial
  1
ByBlock
 72
     0
 43
0.0008202099737533
 43
0.0
 43
0.0
 43
0.0
 43
0.0
 43
0.0008202099737533
 43
0.0
 43
0.0
 43
0.0
 43
0.0
 43
1.0
 43
0.0
 43
0.0
 43
0.0
 43
0.0
 43
1.0
 77
     0
 47
0.0008202099737533
 47
0.0
 47
0.0
 47
0.0
 47
0.0
 47
0.0008202099737533
 47
0.0
 47
0.0
 47
0.0
 47
0.0
 47
1.0
 47
0.0
 47
0.0
 47
0.0
 47
0.0
 47
1.0
171
     0
 49
0.0008202099737533
 49
0.0
 49
0.0
 49
0.0
 49
0.0
 49
0.0008202099737533
 49
0.0
 49
0.0
 49
0.0
 49
0.0
 49
1.0
 49
0.0
 49
0.0
 49
0.0
 49
0.0
 49
1.0
175
     0
142
0.0008202099737533
142
0.0
142
0.0
142
0.0
142
0.0
142
0.0008202099737533
142
0.0
142
0.0
142
0.0
142
0.0
142
1.0
142
0.0
142
0.0
142
0.0
142
0.0
142
1.0
179
     0
144
0.0008202099737533
144
0.0
144
0.0
144
0.0
144
0.0
144
0.0008202099737533
144
0.0
144
0.0
144
0.0
144
0.0
144
1.0
144
0.0
144
0.0
144
0.0
144
0.0
144
1.0
147
0.0008202099737533
147
0.0
147
0.0
147
0.0
147
0.0
147
0.0008202099737533
147
0.0
147
0.0
147
0.0
147
0.0
147
1.0
147
0.0
147
0.0
147
0.0
147
0.0
147
1.0
  0
MATERIAL
  5
16C
102
{ACAD_XDICTIONARY
360
16D
102
}
102
{ACAD_REACTORS
330
6A
102
}
330
6A
100
AcDbMaterial
  1
ByLayer
 72
     0
 43
0.0008202099737533
 43
0.0
 43
0.0
 43
0.0
 43
0.0
 43
0.0008202099737533
 43
0.0
 43
0.0
 43
0.0
 43
0.0
 43
1.0
 43
0.0
 43
0.0
 43
0.0
 43
0.0
 43
1.0
 77
     0
 47
0.0008202099737533
 47
0.0
 47
0.0
 47
0.0
 47
0.0
 47
0.0008202099737533
 47
0.0
 47
0.0
 47
0.0
 47
0.0
 47
1.0
 47
0.0
 47
0.0
 47
0.0
 47
0.0
 47
1.0
171
     0
 49
0.0008202099737533
 49
0.0
 49
0.0
 49
0.0
 49
0.0
 49
0.0008202099737533
 49
0.0
 49
0.0
 49
0.0
 49
0.0
 49
1.0
 49
0.0
 49
0.0
 49
0.0
 49
0.0
 49
1.0
175
     0
142
0.0008202099737533
142
0.0
142
0.0
142
0.0
142
0.0
142
0.0008202099737533
142
0.0
142
0.0
142
0.0
142
0.0
142
1.0
142
0.0
142
0.0
142
0.0
142
0.0
142
1.0
179
     0
144
0.0008202099737533
144
0.0
144
0.0
144
0.0
144
0.0
144
0.0008202099737533
144
0.0
144
0.0
144
0.0
144
0.0
144
1.0
144
0.0
144
0.0
144
0.0
144
0.0
144
1.0
147
0.0008202099737533
147
0.0
147
0.0
147
0.0
147
0.0
147
0.0008202099737533
147
0.0
147
0.0
147
0.0
147
0.0
147
1.0
147
0.0
147
0.0
147
0.0
147
0.0
147
1.0
  0
MATERIAL
  5
A6
102
{ACAD_XDICTIONARY
360
B98B
102
}
102
{ACAD_REACTORS
330
6A
102
}
330
6A
100
AcDbMaterial
  1
Global
 73
     1
 78
     1
172
     1
176
     1
270
     1
274
     1
 94
       63
  0
MLEADERSTYLE
  5
1AA
102
{ACAD_XDICTIONARY
360
EB70
102
}
102
{ACAD_REACTORS
330
1A9
102
}
330
1A9
100
AcDbMLeaderStyle
170
     2
171
     1
172
     0
 90
        2
 40
0.0
 41
0.0
173
     1
 91
-1056964608
340
14
 92
       -2
290
     1
 42
2.0
291
     1
 43
0.36
  3
Standard
 44
4.0
300

342
11
174
     1
178
     6
175
     1
176
     0
 93
-1056964608
 45
4.0
292
     0
297
     0
 46
4.0
 94
-1056964608
 47
1.0
 49
1.0
140
1.0
293
     1
141
0.0
294
     1
177
     0
142
1.0
295
     0
296
     0
143
0.125
1001
ACAD_MLEADERVER
1070
     2
  0
MLINESTYLE
  5
18
102
{ACAD_REACTORS
330
17
102
}
330
17
100
AcDbMlineStyle
  2
STANDARD
 70
     0
  3

 62
   256
 51
90.0
 52
90.0
 71
     2
 49
0.5
 62
   256
  6
BYLAYER
 49
-0.5
 62
   256
  6
BYLAYER
  0
ACDBPLACEHOLDER
  5
F
102
{ACAD_REACTORS
330
E
102
}
330
E
  0
DICTIONARY
  5
D139
330
D138
100
AcDbDictionary
280
     1
281
     1
  3
ADSK_XREC_MENTALRAYSETTINGSINFO
360
D13A
  0
SCALE
  5
198
102
{ACAD_REACTORS
330
197
102
}
330
197
100
AcDbScale
 70
     0
300
1:1
140
1.0
141
1.0
290
     1
  0
SCALE
  5
199
102
{ACAD_REACTORS
330
197
102
}
330
197
100
AcDbScale
 70
     0
300
1:2
140
1.0
141
2.0
290
     0
  0
SCALE
  5
19A
102
{ACAD_REACTORS
330
197
102
}
330
197
100
AcDbScale
 70
     0
300
1:4
140
1.0
141
4.0
290
     0
  0
SCALE
  5
19B
102
{ACAD_REACTORS
330
197
102
}
330
197
100
AcDbScale
 70
     0
300
1:5
140
1.0
141
5.0
290
     0
  0
SCALE
  5
19C
102
{ACAD_REACTORS
330
197
102
}
330
197
100
AcDbScale
 70
     0
300
1:8
140
1.0
141
8.0
290
     0
  0
SCALE
  5
19D
102
{ACAD_REACTORS
330
197
102
}
330
197
100
AcDbScale
 70
     0
300
1:10
140
1.0
141
10.0
290
     0
  0
SCALE
  5
19E
102
{ACAD_REACTORS
330
197
102
}
330
197
100
AcDbScale
 70
     0
300
1:16
140
1.0
141
16.0
290
     0
  0
SCALE
  5
19F
102
{ACAD_REACTORS
330
197
102
}
330
197
100
AcDbScale
 70
     0
300
1:20
140
1.0
141
20.0
290
     0
  0
SCALE
  5
1A0
102
{ACAD_REACTORS
330
197
102
}
330
197
100
AcDbScale
 70
     0
300
1:30
140
1.0
141
30.0
290
     0
  0
SCALE
  5
1A1
102
{ACAD_REACTORS
330
197
102
}
330
197
100
AcDbScale
 70
     0
300
1:40
140
1.0
141
40.0
290
     0
  0
SCALE
  5
1A2
102
{ACAD_REACTORS
330
197
102
}
330
197
100
AcDbScale
 70
     0
300
1:50
140
1.0
141
50.0
290
     0
  0
SCALE
  5
1A3
102
{ACAD_REACTORS
330
197
102
}
330
197
100
AcDbScale
 70
     0
300
1:100
140
1.0
141
100.0
290
     0
  0
SCALE
  5
1A4
102
{ACAD_REACTORS
330
197
102
}
330
197
100
AcDbScale
 70
     0
300
2:1
140
2.0
141
1.0
290
     0
  0
SCALE
  5
1A5
102
{ACAD_REACTORS
330
197
102
}
330
197
100
AcDbScale
 70
     0
300
4:1
140
4.0
141
1.0
290
     0
  0
SCALE
  5
1A6
102
{ACAD_REACTORS
330
197
102
}
330
197
100
AcDbScale
 70
     0
300
8:1
140
8.0
141
1.0
290
     0
  0
SCALE
  5
1A7
102
{ACAD_REACTORS
330
197
102
}
330
197
100
AcDbScale
 70
     0
300
10:1
140
10.0
141
1.0
290
     0
  0
SCALE
  5
1A8
102
{ACAD_REACTORS
330
197
102
}
330
197
100
AcDbScale
 70
     0
300
100:1
140
100.0
141
1.0
290
     0
  0
ACDBSECTIONVIEWSTYLE
  5
1AC
102
{ACAD_XDICTIONARY
360
EB72
102
}
102
{ACAD_REACTORS
330
1AB
102
}
330
1AB
100
AcDbModelDocViewStyle
 70
     0
  3
Metric50
290
     0
100
AcDbSectionViewStyle
 70
     0
 71
     0
 90
      102
 71
     1
340
11
 62
   256
 40
5.0
340
0
340
0
 62
   256
 40
5.0
300
I, O, Q, S, X, Z
 40
10.0
 90
        0
 40
2.5
 90
        0
 71
     2
340
16
 90
       25
 62
   256
340
16
 90
       50
 62
   256
 40
5.0
 40
2.5
 40
5.0
 71
     3
340
11
 62
   256
 40
5.0
 90
        0
 40
15.0
 90
        1
300
%<\AcVar ViewSectionStartId>%-%<\AcVar ViewSectionEndId>% (%<\AcVar ViewScale \f "%sn">%)
 71
     4
 62
   256
 62
   257
300
ANSI31
 40
1.0
 90
        0
290
     0
290
     0
 90
        6
 40
0.0
 40
1.570796326794896
 40
0.2617993877991494
 40
1.308996938995747
 40
-0.2617993877991494
 40
1.832595714594044
  0
TABLESTYLE
  5
196
102
{ACAD_XDICTIONARY
360
3ABA
102
}
102
{ACAD_REACTORS
330
195
102
}
330
195
100
AcDbTableStyle
  3
Standard
 70
     0
 71
     0
 40
1.5
 41
1.5
280
     0
281
     0
  7
Standard
140
4.5
170
     2
 62
     0
 63
     7
283
     0
 90
      512
 91
        0
  1

274
    -2
284
     1
 64
     0
275
    -2
285
     1
 65
     0
276
    -2
286
     1
 66
     0
277
    -2
287
     1
 67
     0
278
    -2
288
     1
 68
     0
279
    -2
289
     1
 69
     0
  7
Standard
140
6.0
170
     5
 62
     0
 63
     7
283
     0
 90
      512
 91
        0
  1

274
    -2
284
     1
 64
     0
275
    -2
285
     1
 65
     0
276
    -2
286
     1
 66
     0
277
    -2
287
     1
 67
     0
278
    -2
288
     1
 68
     0
279
    -2
289
     1
 69
     0
  7
Standard
140
4.5
170
     5
 62
     0
 63
     7
283
     0
 90
      512
 91
        0
  1

274
    -2
284
     1
 64
     0
275
    -2
285
     1
 65
     0
276
    -2
286
     1
 66
     0
277
    -2
287
     1
 67
     0
278
    -2
288
     1
 68
     0
279
    -2
289
     1
 69
     0
  0
VISUALSTYLE
  5
182
102
{ACAD_XDICTIONARY
360
EB4A
102
}
102
{ACAD_REACTORS
330
17C
102
}
330
17C
100
AcDbVisualStyle
  2

 70
     4
 71
     0
 72
     2
 73
     0
 90
        0
 40
-0.6
 41
-30.0
 62
     5
 63
     7
 74
     1
 91
        4
 64
     7
 65
   257
 75
     1
175
     1
 42
1.0
 92
        0
 66
   257
 43
1.0
 76
     1
 77
     6
 78
     2
 67
     7
 79
     5
170
     0
171
     0
290
     0
174
     0
 93
        1
 44
0.0
173
     0
291
     0
 45
0.0
1001
ACAD
1000
AcDbSavedByObjectVersion
1070
     0
  0
VISUALSTYLE
  5
B432
102
{ACAD_XDICTIONARY
360
EB76
102
}
102
{ACAD_REACTORS
330
17C
102
}
330
17C
100
AcDbVisualStyle
  2

 70
     5
 71
     0
 72
     2
 73
     1
 90
        0
 40
-0.6
 41
-30.0
 62
     5
 63
     7
421
 16777215
 74
     1
 91
        4
 64
     7
 65
   257
 75
     1
175
     1
 42
1.0
 92
        0
 66
   257
 43
1.0
 76
     1
 77
     6
 78
     2
 67
     7
 79
     5
170
     0
171
     0
290
     0
174
     0
 93
        1
 44
0.0
173
     0
291
     0
 45
0.0
1001
ACAD
1000
AcDbSavedByObjectVersion
1070
     0
  0
VISUALSTYLE
  5
181
102
{ACAD_XDICTIONARY
360
EB48
102
}
102
{ACAD_REACTORS
330
17C
102
}
330
17C
100
AcDbVisualStyle
  2

 70
     7
 71
     1
 72
     0
 73
     1
 90
        0
 40
-0.6
 41
-30.0
 62
     5
 63
     7
 74
     0
 91
        4
 64
     7
 65
   257
 75
     1
175
     1
 42
1.0
 92
        8
 66
     7
 43
1.0
 76
     1
 77
     6
 78
     2
 67
     7
 79
     5
170
     0
171
     0
290
     0
174
     0
 93
        1
 44
0.0
173
     0
291
     1
 45
0.0
1001
ACAD
1000
AcDbSavedByObjectVersion
1070
     0
  0
VISUALSTYLE
  5
188
102
{ACAD_XDICTIONARY
360
EB56
102
}
102
{ACAD_REACTORS
330
17C
102
}
330
17C
100
AcDbVisualStyle
  2

 70
    12
 71
     2
 72
     2
 73
     0
 90
        0
 40
-0.6
 41
-30.0
 62
     5
 63
     7
 74
     1
 91
        4
 64
     7
 65
   257
 75
     1
175
     1
 42
1.0
 92
        8
 66
     7
 43
1.0
 76
     1
 77
     6
 78
     2
 67
     7
 79
     5
170
     0
171
     0
290
     0
174
     0
 93
        1
 44
50.0
173
     0
291
     1
 45
0.0
1001
ACAD
1000
AcDbSavedByObjectVersion
1070
     0
  0
VISUALSTYLE
  5
18C
102
{ACAD_XDICTIONARY
360
EB5E
102
}
102
{ACAD_REACTORS
330
17C
102
}
330
17C
100
AcDbVisualStyle
  2

 70
    16
 71
     2
 72
     2
 73
     3
 90
        0
 40
-0.6
 41
-30.0
 62
     5
 63
     8
 74
     1
 91
        4
 64
     7
 65
   257
 75
     1
175
     1
 42
1.0
 92
        8
 66
     8
 43
1.0
 76
     1
 77
     6
 78
     2
 67
     7
 79
     5
170
     0
171
     0
290
     0
174
     0
 93
        1
 44
0.0
173
     0
291
     1
 45
0.0
1001
ACAD
1000
AcDbSavedByObjectVersion
1070
     0
  0
VISUALSTYLE
  5
185
102
{ACAD_XDICTIONARY
360
EB50
102
}
102
{ACAD_REACTORS
330
17C
102
}
330
17C
100
AcDbVisualStyle
  2

 70
     9
 71
     3
 72
     2
 73
     0
 90
        0
 40
-0.6
 41
-30.0
 62
     5
 63
     7
 74
     2
 91
        2
 64
     7
 65
   257
 75
     1
175
     1
 42
179.0
 92
        8
 66
     7
 43
1.0
 76
     1
 77
     6
 78
     2
 67
     7
 79
     3
170
     0
171
     0
290
     0
174
     0
 93
        1
 44
0.0
173
     0
291
     0
 45
0.0
1001
ACAD
1000
AcDbSavedByObjectVersion
1070
     0
  0
VISUALSTYLE
  5
187
102
{ACAD_XDICTIONARY
360
EB54
102
}
102
{ACAD_REACTORS
330
17C
102
}
330
17C
100
AcDbVisualStyle
  2

 70
    11
 71
     2
 72
     2
 73
     0
 90
        0
 40
-0.6
 41
-30.0
 62
     5
 63
     7
 74
     1
 91
        4
 64
     7
 65
   257
 75
     1
175
     1
 42
1.0
 92
        8
 66
     7
 43
1.0
 76
     1
 77
     6
 78
     2
 67
     7
 79
     5
170
     0
171
     0
290
     0
174
     0
 93
        1
 44
-50.0
173
     0
291
     1
 45
0.0
1001
ACAD
1000
AcDbSavedByObjectVersion
1070
     0
  0
VISUALSTYLE
  5
194
102
{ACAD_XDICTIONARY
360
EB6E
102
}
102
{ACAD_REACTORS
330
17C
102
}
330
17C
100
AcDbVisualStyle
  2

 70
    22
 71
     2
 72
     2
 73
     0
 90
        0
 40
-0.6
 41
-30.0
 62
     5
 63
     7
 74
     1
 91
        4
 64
     7
 65
   257
 75
     1
175
     1
 42
1.0
 92
        8
 66
     7
 43
1.0
 76
     1
 77
     6
 78
     2
 67
     7
 79
     5
170
     0
171
     0
290
     0
174
     0
 93
        1
 44
0.0
173
     0
291
     1
 45
0.0
1001
ACAD
1000
AcDbSavedByObjectVersion
1070
     0
  0
VISUALSTYLE
  5
18B
102
{ACAD_XDICTIONARY
360
EB5C
102
}
102
{ACAD_REACTORS
330
17C
102
}
330
17C
100
AcDbVisualStyle
  2

 70
    15
 71
     2
 72
     2
 73
     0
 90
        0
 40
-0.6
 41
-30.0
 62
     5
 63
     7
 74
     1
 91
        4
 64
     7
 65
   257
 75
     1
175
     1
 42
1.0
 92
        8
 66
     7
 43
1.0
 76
     1
 77
     6
 78
     2
 67
     7
 79
     5
170
     0
171
     0
290
     0
174
     0
 93
        1
 44
0.0
173
     0
291
     1
 45
0.0
1001
ACAD
1000
AcDbSavedByObjectVersion
1070
     0
  0
VISUALSTYLE
  5
17D
102
{ACAD_XDICTIONARY
360
EB40
102
}
102
{ACAD_REACTORS
330
17C
102
}
330
17C
100
AcDbVisualStyle
  2

 70
     0
 71
     2
 72
     1
 73
     1
 90
        2
 40
-0.6
 41
30.0
 62
     5
 63
     7
 74
     0
 91
        0
 64
     7
 65
   257
 75
     1
175
     1
 42
1.0
 92
        8
 66
     7
 43
1.0
 76
     1
 77
     6
 78
     2
 67
     7
 79
     5
170
     0
171
     0
290
     0
174
     0
 93
       13
 44
0.0
173
     0
291
     1
 45
0.0
1001
ACAD
1000
AcDbSavedByObjectVersion
1070
     0
  0
VISUALSTYLE
  5
17E
102
{ACAD_XDICTIONARY
360
EB42
102
}
102
{ACAD_REACTORS
330
17C
102
}
330
17C
100
AcDbVisualStyle
  2

 70
     1
 71
     2
 72
     1
 73
     1
 90
        2
 40
-0.6
 41
30.0
 62
     5
 63
     7
 74
     1
 91
        0
 64
     7
 65
   257
 75
     1
175
     1
 42
1.0
 92
        0
 66
   257
 43
1.0
 76
     1
 77
     6
 78
     2
 67
     7
 79
     5
170
     0
171
     0
290
     0
174
     0
 93
       13
 44
0.0
173
     0
291
     1
 45
0.0
1001
ACAD
1000
AcDbSavedByObjectVersion
1070
     0
  0
VISUALSTYLE
  5
17F
102
{ACAD_XDICTIONARY
360
EB44
102
}
102
{ACAD_REACTORS
330
17C
102
}
330
17C
100
AcDbVisualStyle
  2

 70
     2
 71
     2
 72
     2
 73
     1
 90
        2
 40
-0.6
 41
30.0
 62
     5
 63
     7
 74
     0
 91
        0
 64
     7
 65
   257
 75
     1
175
     1
 42
1.0
 92
        0
 66
     7
 43
1.0
 76
     1
 77
     6
 78
     2
 67
     7
 79
     5
170
     0
171
     0
290
     0
174
     0
 93
       13
 44
0.0
173
     0
291
     1
 45
0.0
1001
ACAD
1000
AcDbSavedByObjectVersion
1070
     0
  0
VISUALSTYLE
  5
180
102
{ACAD_XDICTIONARY
360
EB46
102
}
102
{ACAD_REACTORS
330
17C
102
}
330
17C
100
AcDbVisualStyle
  2

 70
     3
 71
     2
 72
     2
 73
     1
 90
        2
 40
-0.6
 41
30.0
 62
     5
 63
     7
 74
     1
 91
        0
 64
     7
 65
   257
 75
     1
175
     1
 42
1.0
 92
        0
 66
   257
 43
1.0
 76
     1
 77
     6
 78
     2
 67
     7
 79
     5
170
     0
171
     0
290
     0
174
     0
 93
       13
 44
0.0
173
     0
291
     1
 45
0.0
1001
ACAD
1000
AcDbSavedByObjectVersion
1070
     0
  0
VISUALSTYLE
  5
184
102
{ACAD_XDICTIONARY
360
EB4E
102
}
102
{ACAD_REACTORS
330
17C
102
}
330
17C
100
AcDbVisualStyle
  2

 70
     6
 71
     1
 72
     2
 73
     2
 90
        0
 40
-0.6
 41
-30.0
 62
     5
 63
     7
 74
     2
 91
        2
 64
     7
 65
   257
 75
     2
175
     1
 42
40.0
 92
        0
 66
   257
 43
1.0
 76
     1
 77
     6
 78
     2
 67
     7
 79
     3
170
     0
171
     0
290
     0
174
     0
 93
        1
 44
0.0
173
     0
291
     0
 45
0.0
1001
ACAD
1000
AcDbSavedByObjectVersion
1070
     0
  0
VISUALSTYLE
  5
192
102
{ACAD_XDICTIONARY
360
EB6A
102
}
102
{ACAD_REACTORS
330
17C
102
}
330
17C
100
AcDbVisualStyle
  2

 70
    20
 71
     2
 72
     2
 73
     0
 90
        0
 40
-0.6
 41
-30.0
 62
     5
 63
     7
 74
     1
 91
        4
 64
     7
 65
   257
 75
     1
175
     1
 42
1.0
 92
       10
 66
     7
 43
1.0
 76
     1
 77
     6
 78
     2
 67
     7
 79
     5
170
     0
171
     0
290
     0
174
     0
 93
        1
 44
0.0
173
     0
291
     1
 45
0.0
1001
ACAD
1000
AcDbSavedByObjectVersion
1070
     0
  0
VISUALSTYLE
  5
18A
102
{ACAD_XDICTIONARY
360
EB5A
102
}
102
{ACAD_REACTORS
330
17C
102
}
330
17C
100
AcDbVisualStyle
  2

 70
    14
 71
     2
 72
     2
 73
     0
 90
        0
 40
-0.6
 41
-30.0
 62
     5
 63
     7
 74
     1
 91
        4
 64
     7
 65
   257
 75
     7
175
     7
 42
1.0
 92
        8
 66
     7
 43
1.0
 76
     1
 77
     6
 78
     2
 67
     7
 79
     5
170
     0
171
     0
290
     0
174
     0
 93
        1
 44
0.0
173
     0
291
     1
 45
0.0
1001
ACAD
1000
AcDbSavedByObjectVersion
1070
     0
  0
VISUALSTYLE
  5
193
102
{ACAD_XDICTIONARY
360
EB6C
102
}
102
{ACAD_REACTORS
330
17C
102
}
330
17C
100
AcDbVisualStyle
  2

 70
    21
 71
     2
 72
     2
 73
     0
 90
        0
 40
-0.6
 41
-30.0
 62
     5
 63
     7
 74
     1
 91
        4
 64
     7
 65
   257
 75
     1
175
     1
 42
1.0
 92
        9
 66
     7
 43
1.0
 76
     1
 77
     6
 78
     2
 67
     7
 79
     5
170
     0
171
     0
290
     0
174
     0
 93
        1
 44
0.0
173
     0
291
     1
 45
0.0
1001
ACAD
1000
AcDbSavedByObjectVersion
1070
     0
  0
VISUALSTYLE
  5
186
102
{ACAD_XDICTIONARY
360
EB52
102
}
102
{ACAD_REACTORS
330
17C
102
}
330
17C
100
AcDbVisualStyle
  2

 70
     8
 71
     2
 72
     2
 73
     0
 90
        2
 40
-0.6
 41
30.0
 62
     5
 63
     7
 74
     0
 91
        0
 64
     7
 65
   257
 75
     1
175
     1
 42
1.0
 92
        8
 66
   257
 43
1.0
 76
     1
 77
     6
 78
     2
 67
     7
 79
     3
170
     0
171
     0
290
     0
174
     0
 93
       13
 44
0.0
173
     0
291
     0
 45
0.0
1001
ACAD
1000
AcDbSavedByObjectVersion
1070
     0
  0
VISUALSTYLE
  5
191
102
{ACAD_XDICTIONARY
360
EB68
102
}
102
{ACAD_REACTORS
330
17C
102
}
330
17C
100
AcDbVisualStyle
  2

 70
    27
 71
     2
 72
     2
 73
     1
 90
        2
 40
-0.6
 41
30.0
 62
     5
 63
     7
 74
     0
 91
        4
 64
     7
 65
   257
 75
     1
175
     1
 42
1.0
 92
        8
 66
   257
 43
1.0
 76
     1
 77
     6
 78
     2
 67
     8
 79
     3
170
     0
171
     0
290
     0
174
     0
 93
        5
 44
0.0
173
     0
291
     0
 45
0.0
1001
ACAD
1000
AcDbSavedByObjectVersion
1070
     0
  0
VISUALSTYLE
  5
190
102
{ACAD_XDICTIONARY
360
EB66
102
}
102
{ACAD_REACTORS
330
17C
102
}
330
17C
100
AcDbVisualStyle
  2

 70
    26
 71
     2
 72
     2
 73
     1
 90
        2
 40
-0.6
 41
30.0
 62
     5
 63
     7
 74
     1
 91
        2
 64
     7
 65
   257
 75
     2
175
     1
 42
1.0
 92
        8
 66
   257
 43
1.0
 76
     1
 77
     6
 78
     2
 67
     7
 79
     3
170
     0
171
     0
290
     0
174
     0
 93
        5
 44
0.0
173
     0
291
     0
 45
0.0
1001
ACAD
1000
AcDbSavedByObjectVersion
1070
     0
  0
VISUALSTYLE
  5
18D
102
{ACAD_XDICTIONARY
360
EB60
102
}
102
{ACAD_REACTORS
330
17C
102
}
330
17C
100
AcDbVisualStyle
  2

 70
    23
 71
     2
 72
     2
 73
     3
 90
        0
 40
-0.6
 41
-30.0
 62
     5
 63
     7
 74
     2
 91
        2
 64
     7
 65
     7
 75
     1
175
     1
 42
40.0
 92
        8
 66
     7
 43
1.0
 76
     1
 77
     6
 78
     2
 67
     7
 79
     3
170
     0
171
     0
290
     0
174
     0
 93
        1
 44
0.0
173
     0
291
     0
 45
0.0
1001
ACAD
1000
AcDbSavedByObjectVersion
1070
     0
  0
VISUALSTYLE
  5
18E
102
{ACAD_XDICTIONARY
360
EB62
102
}
102
{ACAD_REACTORS
330
17C
102
}
330
17C
100
AcDbVisualStyle
  2

 70
    24
 71
     1
 72
     2
 73
     2
 90
        0
 40
-0.6
 41
-30.0
 62
     5
 63
     7
 74
     2
 91
        2
 64
     7
 65
     7
 75
     1
175
     1
 42
40.0
 92
       11
 66
     7
 43
1.0
 76
     1
 77
     6
 78
     2
 67
     7
 79
     6
170
     0
171
     0
290
     0
174
     0
 93
        1
 44
0.0
173
     0
291
     0
 45
0.0
1001
ACAD
1000
AcDbSavedByObjectVersion
1070
     0
  0
VISUALSTYLE
  5
189
102
{ACAD_XDICTIONARY
360
EB58
102
}
102
{ACAD_REACTORS
330
17C
102
}
330
17C
100
AcDbVisualStyle
  2

 70
    13
 71
     2
 72
     2
 73
     0
 90
        0
 40
-0.6
 41
-30.0
 62
     5
 63
     7
 74
     1
 91
        4
 64
     7
 65
   257
 75
     1
175
     1
 42
1.0
 92
       12
 66
     7
 43
1.0
 76
     1
 77
     6
 78
     2
 67
     7
 79
     5
170
     0
171
     0
290
     0
174
     0
 93
        1
 44
0.0
173
     0
291
     1
 45
0.0
1001
ACAD
1000
AcDbSavedByObjectVersion
1070
     0
  0
VISUALSTYLE
  5
183
102
{ACAD_XDICTIONARY
360
EB4C
102
}
102
{ACAD_REACTORS
330
17C
102
}
330
17C
100
AcDbVisualStyle
  2

 70
     5
 71
     0
 72
     2
 73
     0
 90
        0
 40
-0.6
 41
-30.0
 62
     5
 63
     7
 74
     1
 91
        4
 64
     7
 65
   257
 75
     1
175
     1
 42
1.0
 92
        0
 66
   257
 43
1.0
 76
     1
 77
     6
 78
     2
 67
     7
 79
     3
170
     0
171
     0
290
     0
174
     0
 93
        1
 44
0.0
173
     0
291
     0
 45
0.0
1001
ACAD
1000
AcDbSavedByObjectVersion
1070
     0
  0
VISUALSTYLE
  5
18F
102
{ACAD_XDICTIONARY
360
EB64
102
}
102
{ACAD_REACTORS
330
17C
102
}
330
17C
100
AcDbVisualStyle
  2

 70
    25
 71
     2
 72
     2
 73
     1
 90
        1
 40
0.5
 41
-30.0
 62
     5
 63
     7
 74
     1
 91
        0
 64
     7
 65
   257
 75
     1
175
     1
 42
1.0
 92
        8
 66
     7
 43
1.0
 76
     1
 77
     6
 78
     2
 67
     7
 79
     3
170
     0
171
     0
290
     0
174
     0
 93
       13
 44
0.0
173
     0
291
     0
 45
0.0
1001
ACAD
1000
AcDbSavedByObjectVersion
1070
     0
  0
DICTIONARYVAR
  5
3C3
102
{ACAD_REACTORS
330
5E
102
}
330
5E
100
DictionaryVariables
280
     0
  1
1:1
  0
DICTIONARYVAR
  5
3BF
102
{ACAD_REACTORS
330
5E
102
}
330
5E
100
DictionaryVariables
280
     0
  1
STANDARD
  0
DICTIONARYVAR
  5
3BE
102
{ACAD_REACTORS
330
5E
102
}
330
5E
100
DictionaryVariables
280
     0
  1
STANDARD
  0
DICTIONARYVAR
  5
3C0
102
{ACAD_REACTORS
330
5E
102
}
330
5E
100
DictionaryVariables
280
     0
  1
Metric50
  0
DICTIONARYVAR
  5
3C1
102
{ACAD_REACTORS
330
5E
102
}
330
5E
100
DictionaryVariables
280
     0
  1
Metric50
  0
DICTIONARYVAR
  5
5F
102
{ACAD_REACTORS
330
5E
102
}
330
5E
100
DictionaryVariables
280
     0
  1
2
  0
DICTIONARYVAR
  5
63
102
{ACAD_REACTORS
330
5E
102
}
330
5E
100
DictionaryVariables
280
     0
  1
1
  0
DICTIONARYVAR
  5
EAB4
102
{ACAD_REACTORS
330
5E
102
}
330
5E
100
DictionaryVariables
280
     0
  1
BYLAYER
  0
DICTIONARYVAR
  5
EAB3
102
{ACAD_REACTORS
330
5E
102
}
330
5E
100
DictionaryVariables
280
     0
  1
ByLayer
  0
DICTIONARYVAR
  5
3B0B
102
{ACAD_REACTORS
330
5E
102
}
330
5E
100
DictionaryVariables
280
     0
  1
0
  0
DICTIONARYVAR
  5
3C5
102
{ACAD_REACTORS
330
5E
102
}
330
5E
100
DictionaryVariables
280
     0
  1
1
  0
DICTIONARYVAR
  5
3C6
102
{ACAD_REACTORS
330
5E
102
}
330
5E
100
DictionaryVariables
280
     0
  1
15
  0
DICTIONARYVAR
  5
3C4
102
{ACAD_REACTORS
330
5E
102
}
330
5E
100
DictionaryVariables
280
     0
  1
0
  0
DICTIONARYVAR
  5
3C2
102
{ACAD_REACTORS
330
5E
102
}
330
5E
100
DictionaryVariables
280
     0
  1
0
  0
DICTIONARYVAR
  5
3B0A
102
{ACAD_REACTORS
330
5E
102
}
330
5E
100
DictionaryVariables
280
     0
  1
127
  0
DICTIONARYVAR
  5
EB34
102
{ACAD_REACTORS
330
5E
102
}
330
5E
100
DictionaryVariables
280
     0
  1
2
  0
DICTIONARY
  5
EB3F
102
{ACAD_REACTORS
330
EB3D
102
}
330
EB3D
100
AcDbDictionary
281
     1
  0
DICTIONARY
  5
EB3E
102
{ACAD_REACTORS
330
EB3D
102
}
330
EB3D
100
AcDbDictionary
281
     1
  3
1989638150400
350
EB38
  3
1989638150416
350
EB39
  3
1989638150432
350
EB3A
  3
1989638150448
350
EB3B
  3
1989638150464
350
EB3C
  0
DICTIONARY
  5
EB74
330
1AE
100
AcDbDictionary
280
     1
281
     1
  3
ACAD_XREC_ROUNDTRIP
360
EB75
  0
DICTIONARY
  5
3AC9
330
22
100
AcDbDictionary
280
     1
281
     1
  3
ADSK_XREC_LAYOUTTHUMBNAIL
360
4BDB
  0
DICTIONARY
  5
175
330
174
100
AcDbDictionary
280
     1
281
     1
  3
BUMPTILE
360
177
  3
DIFFUSETILE
360
176
  3
OPACITYTILE
360
17A
  3
REFLECTIONTILE
360
179
  3
REFRACTIONTILE
360
17B
  3
SPECULARTILE
360
178
  0
DICTIONARY
  5
16D
330
16C
100
AcDbDictionary
280
     1
281
     1
  3
BUMPTILE
360
16F
  3
DIFFUSETILE
360
16E
  3
OPACITYTILE
360
172
  3
REFLECTIONTILE
360
171
  3
REFRACTIONTILE
360
173
  3
SPECULARTILE
360
170
  0
DICTIONARY
  5
B98B
330
A6
100
AcDbDictionary
280
     1
281
     1
  3
FBXASSET
360
B98C
  0
DICTIONARY
  5
EB70
330
1AA
100
AcDbDictionary
280
     1
281
     1
  3
ACAD_XREC_ROUNDTRIP
360
EB71
  0
XRECORD
  5
D13A
102
{ACAD_REACTORS
330
D139
102
}
330
D139
100
AcDbXrecord
280
     1
 70
     2
 71
     3
 72
     0
  0
DICTIONARY
  5
EB72
330
1AC
100
AcDbDictionary
280
     1
281
     1
  3
ACAD_XREC_ROUNDTRIP
360
EB73
  0
DICTIONARY
  5
3ABA
330
196
100
AcDbDictionary
280
     1
281
     1
  3
ACAD_ROUNDTRIP_2008_TABLESTYLE_CELLSTYLEMAP
360
EB35
  0
DICTIONARY
  5
EB4A
330
182
100
AcDbDictionary
280
     1
281
     1
  3
ACAD_XREC_ROUNDTRIP
360
EB4B
  0
DICTIONARY
  5
EB76
330
B432
100
AcDbDictionary
280
     1
281
     1
  3
ACAD_XREC_ROUNDTRIP
360
EB77
  0
DICTIONARY
  5
EB48
330
181
100
AcDbDictionary
280
     1
281
     1
  3
ACAD_XREC_ROUNDTRIP
360
EB49
  0
DICTIONARY
  5
EB56
330
188
100
AcDbDictionary
280
     1
281
     1
  3
ACAD_XREC_ROUNDTRIP
360
EB57
  0
DICTIONARY
  5
EB5E
330
18C
100
AcDbDictionary
280
     1
281
     1
  3
ACAD_XREC_ROUNDTRIP
360
EB5F
  0
DICTIONARY
  5
EB50
330
185
100
AcDbDictionary
280
     1
281
     1
  3
ACAD_XREC_ROUNDTRIP
360
EB51
  0
DICTIONARY
  5
EB54
330
187
100
AcDbDictionary
280
     1
281
     1
  3
ACAD_XREC_ROUNDTRIP
360
EB55
  0
DICTIONARY
  5
EB6E
330
194
100
AcDbDictionary
280
     1
281
     1
  3
ACAD_XREC_ROUNDTRIP
360
EB6F
  0
DICTIONARY
  5
EB5C
330
18B
100
AcDbDictionary
280
     1
281
     1
  3
ACAD_XREC_ROUNDTRIP
360
EB5D
  0
DICTIONARY
  5
EB40
330
17D
100
AcDbDictionary
280
     1
281
     1
  3
ACAD_XREC_ROUNDTRIP
360
EB41
  0
DICTIONARY
  5
EB42
330
17E
100
AcDbDictionary
280
     1
281
     1
  3
ACAD_XREC_ROUNDTRIP
360
EB43
  0
DICTIONARY
  5
EB44
330
17F
100
AcDbDictionary
280
     1
281
     1
  3
ACAD_XREC_ROUNDTRIP
360
EB45
  0
DICTIONARY
  5
EB46
330
180
100
AcDbDictionary
280
     1
281
     1
  3
ACAD_XREC_ROUNDTRIP
360
EB47
  0
DICTIONARY
  5
EB4E
330
184
100
AcDbDictionary
280
     1
281
     1
  3
ACAD_XREC_ROUNDTRIP
360
EB4F
  0
DICTIONARY
  5
EB6A
330
192
100
AcDbDictionary
280
     1
281
     1
  3
ACAD_XREC_ROUNDTRIP
360
EB6B
  0
DICTIONARY
  5
EB5A
330
18A
100
AcDbDictionary
280
     1
281
     1
  3
ACAD_XREC_ROUNDTRIP
360
EB5B
  0
DICTIONARY
  5
EB6C
330
193
100
AcDbDictionary
280
     1
281
     1
  3
ACAD_XREC_ROUNDTRIP
360
EB6D
  0
DICTIONARY
  5
EB52
330
186
100
AcDbDictionary
280
     1
281
     1
  3
ACAD_XREC_ROUNDTRIP
360
EB53
  0
DICTIONARY
  5
EB68
330
191
100
AcDbDictionary
280
     1
281
     1
  3
ACAD_XREC_ROUNDTRIP
360
EB69
  0
DICTIONARY
  5
EB66
330
190
100
AcDbDictionary
280
     1
281
     1
  3
ACAD_XREC_ROUNDTRIP
360
EB67
  0
DICTIONARY
  5
EB60
330
18D
100
AcDbDictionary
280
     1
281
     1
  3
ACAD_XREC_ROUNDTRIP
360
EB61
  0
DICTIONARY
  5
EB62
330
18E
100
AcDbDictionary
280
     1
281
     1
  3
ACAD_XREC_ROUNDTRIP
360
EB63
  0
DICTIONARY
  5
EB58
330
189
100
AcDbDictionary
280
     1
281
     1
  3
ACAD_XREC_ROUNDTRIP
360
EB59
  0
DICTIONARY
  5
EB4C
330
183
100
AcDbDictionary
280
     1
281
     1
  3
ACAD_XREC_ROUNDTRIP
360
EB4D
  0
DICTIONARY
  5
EB64
330
18F
100
AcDbDictionary
280
     1
281
     1
  3
ACAD_XREC_ROUNDTRIP
360
EB65
  0
XRECORD
  5
EB38
102
{ACAD_REACTORS
330
EB3E
102
}
330
EB3E
100
AcDbXrecord
280
     1
  1
AcDb_Thumbnail_Schema
102
{ATTRRECORD
341
EB39
  2
AcDbDs::TreatedAsObjectData
280
     1
291
     1
102
ATTRRECORD}
102
{ATTRRECORD
341
EB3A
  2
AcDbDs::Legacy
280
     1
291
     1
102
ATTRRECORD}
  2
AcDbDs::ID
280
    10
 91
        8
102
{ATTRRECORD
341
EB3B
  2
AcDs:Indexable
280
     1
291
     1
102
ATTRRECORD}
102
{ATTRRECORD
341
EB3C
  2
AcDbDs::HandleAttribute
280
     7
282
     1
102
ATTRRECORD}
  2
Thumbnail_Data
280
    15
 91
        0
  0
XRECORD
  5
EB39
102
{ACAD_REACTORS
330
EB3E
102
}
330
EB3E
100
AcDbXrecord
280
     1
  1
AcDbDs::TreatedAsObjectDataSchema
  2
AcDbDs::TreatedAsObjectData
280
     1
 91
        0
  0
XRECORD
  5
EB3A
102
{ACAD_REACTORS
330
EB3E
102
}
330
EB3E
100
AcDbXrecord
280
     1
  1
AcDbDs::LegacySchema
  2
AcDbDs::Legacy
280
     1
 91
        0
  0
XRECORD
  5
EB3B
102
{ACAD_REACTORS
330
EB3E
102
}
330
EB3E
100
AcDbXrecord
280
     1
  1
AcDbDs::IndexedPropertySchema
  2
AcDs:Indexable
280
     1
 91
        0
  0
XRECORD
  5
EB3C
102
{ACAD_REACTORS
330
EB3E
102
}
330
EB3E
100
AcDbXrecord
280
     1
  1
AcDbDs::HandleAttributeSchema
  2
AcDbDs::HandleAttribute
280
     7
 91
        1
284
     1
  0
XRECORD
  5
EB75
102
{ACAD_REACTORS
330
EB74
102
}
330
EB74
100
AcDbXrecord
280
     1
102
DISPLAYNAME
  1
Metric50
102
FLAGS
 90
        0
  0
XRECORD
  5
4BDB
102
{ACAD_REACTORS
330
3AC9
102
}
330
3AC9
100
AcDbXrecord
280
     1
310
28000000000100005C0000000100080000000000005C000001000000010000000001000000000000302821FF000000FFC8C8C8FF000000FF000000FF000000FF000000FF000000FF000000FF000000FF000000FF330000FF660000FF990000FFCC0000FFFF0000FF003300FF333300FF663300FF993300FFCC3300FFFF3300
310
FF006600FF336600FF666600FF996600FFCC6600FFFF6600FF009900FF339900FF669900FF999900FFCC9900FFFF9900FF00CC00FF33CC00FF66CC00FF99CC00FFCCCC00FFFFCC00FF00FF00FF33FF00FF66FF00FF99FF00FFCCFF00FFFFFF00FF000033FF330033FF660033FF990033FFCC0033FFFF0033FF003333FF3333
310
33FF663333FF993333FFCC3333FFFF3333FF006633FF336633FF666633FF996633FFCC6633FFFF6633FF009933FF339933FF669933FF999933FFCC9933FFFF9933FF00CC33FF33CC33FF66CC33FF99CC33FFCCCC33FFFFCC33FF00FF33FF33FF33FF66FF33FF99FF33FFCCFF33FFFFFF33FF000066FF330066FF660066FF99
310
0066FFCC0066FFFF0066FF003366FF333366FF663366FF993366FFCC3366FFFF3366FF006666FF336666FF666666FF996666FFCC6666FFFF6666FF009966FF339966FF669966FF999966FFCC9966FFFF9966FF00CC66FF33CC66FF66CC66FF99CC66FFCCCC66FFFFCC66FF00FF66FF33FF66FF66FF66FF99FF66FFCCFF66FF
310
FFFF66FF000099FF330099FF660099FF990099FFCC0099FFFF0099FF003399FF333399FF663399FF993399FFCC3399FFFF3399FF006699FF336699FF666699FF996699FFCC6699FFFF6699FF009999FF339999FF669999FF999999FFCC9999FFFF9999FF00CC99FF33CC99FF66CC99FF99CC99FFCCCC99FFFFCC99FF00FF99
310
FF33FF99FF66FF99FF99FF99FFCCFF99FFFFFF99FF0000CCFF3300CCFF6600CCFF9900CCFFCC00CCFFFF00CCFF0033CCFF3333CCFF6633CCFF9933CCFFCC33CCFFFF33CCFF0066CCFF3366CCFF6666CCFF9966CCFFCC66CCFFFF66CCFF0099CCFF3399CCFF6699CCFF9999CCFFCC99CCFFFF99CCFF00CCCCFF33CCCCFF66CC
310
CCFF99CCCCFFCCCCCCFFFFCCCCFF00FFCCFF33FFCCFF66FFCCFF99FFCCFFCCFFCCFFFFFFCCFF0000FFFF3300FFFF6600FFFF9900FFFFCC00FFFFFF00FFFF0033FFFF3333FFFF6633FFFF9933FFFFCC33FFFFFF33FFFF0066FFFF3366FFFF6666FFFF9966FFFFCC66FFFFFF66FFFF0099FFFF3399FFFF6699FFFF9999FFFFCC
310
99FFFFFF99FFFF00CCFFFF33CCFFFF66CCFFFF99CCFFFFCCCCFFFFFFCCFFFF00FFFFFF33FFFFFF66FFFFFF99FFFFFFCCFFFFFFFFFFFFFF000000FF0D0D0DFF1A1A1AFF282828FF353535FF434343FF505050FF5D5D5DFF6B6B6BFF787878FF868686FF939393FFA1A1A1FFAEAEAEFFBBBBBBFFC9C9C9FFD6D6D6FFE4E4E4FF
310
F1F1F1FFFFFFFFFF000000FF000000FF000000FF000000FF000000FF000000FF000000FF000000FF000000FF0000000000000000000000000000000000000000000000000000000000000000000000000000000000000000000000000000000000000000000000000000000000000000000000000000000000000000000000
310
00000000000000000000000000000000000000000000000000000000000000000000000000000000000000000000000000000000000000000000000000000000000000000000000000000000000000000000000000000000000000000000000000000000000000000000000000000000000000000000000000000000000000
310
00000000000000000000000000000000000000000000000000000000000000000000000000000000000000000000000000000000000000000000000000000000000000000000000000000000000000000000000000000000000000000000000000000000000000000000000000000000000000000000000000000000000000
310
00000000000000000000000000000000000000000000000000000000000000000000000000000000000000000000000000000000000000000000000000000000000000000000000000000000000000000000000000000000000000000000000000000000000000000000000000000000000000000000000000000000000000
310
00000000000000000000000000000000000000000000000000000000000000000000000000000000000000000000000000000000000000000000000000000000000000000000000000000000000000000000000000000000000000000000000000000000000000000000000000000000000000000000000000000000000000
310
00000000000000000000000000000000000000000000000000000000000000000000000000000000000000000000000000000000000000000000000000000000000000000000000000000000000000000000000000000000000000000000000000000000000000000000000000000000000000000000000000000000000000
310
00000000000000000000000000000000000000000000000000000000000000000000000000000000000000000000000000000000000000000000000000000000000000000000000000000000000000000000000000000000000000000000000000000000000000000000000000000000000000000000000000000000000000
310
00000000000000000000000000000000000000000000000000000000000000000000000000000000000000000000000000000000000000000000000000000000000000000000000000000000000000000000000000000000000000000000000000000000000000000000000000000000000000000000000000000000000000
310
00000000000000000000000000000000000000000000000000000000000000000000000000000000000000000000000000000000000000000000000000000000000000000000000000000000000000000000000000000000000000000000000000000000000000000000000000000000000000000000000000000000000000
310
00000000000000000000000000000000000000000000000000000000000000000000000000000000000000000000000000000000000000000000000000000000000000000000000000000000000000000000000000000000000000000000000000000000000000000000000000000000000000000000000000000000000000
310
00000000000000000000000000000000000000000000000000000000000000000000000000000000000000000000000000000000000000000000000000000000000000000000000000000000000000000000000000000000000000000000000000000000000000000000000000000000000000000000000000000000000000
310
00000000000000000000000000000000000000000000000000000000000000000000000000000000000000000000000000000000000000000000000000000000000000000000000000000000000000000000000000000000000000000000000000000000000000000000000000000000000000000000000000000000000000
310
00000000000000000000000000000000000000000000000000000000000000000000000000000000000000000000000000000000000000000000000000000000000000000000000000000000000000000000000000000000000000000000000000000000000000000000000000000000000000000000000000000000000000
310
00000000000000000000000000000000000000000000000000000000000000000000000000000000000000000000000000000000000000000000000000000000000000000000000000000000000000000000000000000000000000000000000000000000000000000000000000000000000000000000000000000000000000
310
00000000000000000000000000000000000000000000000000000000000000000000000000000000000000000000000000000000000000000000000000000000000000000000000000000000000000000000000000000000000000000000000000000000000000000000000000000000000000000000000000000000000000
310
00000000000000000000000000000000000000000000000000000000000000000000000000000000000000000000000000000000000000000000000000000000000000000000000000000000000000000000000000000000000000000000000000000000000000000000000000000000000000000000000000000000000000
310
00000000000000000000000000000000000000000000000000000000000000000000000000000000000000000000000000000000000000000000000000000000000000000000000000000000000000000000000000000000000000000000000000000000000000000000000000000000000000000000000000000000000000
310
00000000000000000000000000000000000000000000000000000000000000000000000000000000000000000000000000000000000000000000000000000000000000000000000000000000000000000000000000000000000000000000000000000000000000000000000000000000000000000000000000000000000000
310
00000000000000000000000000000000000000000000000000000000000000000000000000000000000000000000000000000000000000000000000000000000000000000000000000000000000000000000000000000000000000000000000000000000000000000000000000000000000000000000000000000000000000
310
00000000000000000000000000000000000000000000000000000000000000000000000000000000000000000000000000000000000000000000000000000000000000000000000000000000000000000000000000000000000000000000000000000000000000000000000000000000000000000000000000000000000000
310
00000000000000000000000000000000000000000000000000000000000000000000000000000000000000000000000000000000000000000000000000000000000000000000000000000000000000000000000000000000000000000000000000000000000000000000000000000000000000000000000000000000000000
310
00000000000000000000000000000000000000000000000000000000000000000000000000000000000000000000000000000000000000000000000000000000000000000000000000000000000000000000000000000000000000000000000000000000000000000000000000000000000000000000000000000000000000
310
00000000000000000000000000000000000000000000000000000000000000000000000000000000000000000000000000000000000000000000000000000000000000000000000000000000000000000000000000000000000000000000000000000000000000000000000000000000000000000000000000000000000000
310
00000000000000000000000000000000000000000000000000000000000000000000000000000000000000000000000000000000000000000000000000000000000000000000000000000000000000000000000000000000000000000000000000000000000000000000000000000000000000000000000000000000000000
310
00000000000000000000000000000000000000000000000000000000000000000000000000000000000000000000000000000000000000000000000000000000000000000000000000000000000000000000000000000000000000000000000000000000000000000000000000000000000000000000000000000000000000
310
00000000000000000000000000000000000000000000000000000000000000000000000000000000000000000000000000000000000000000000000000000000000000000000000000000000000000000000000000000000000000000000000000000000000000000000000000000000000000000000000000000000000000
310
00000000000000000000000000000000000000000000000000000000000000000000000000000000000000000000000000000000000000000000000000000000000000000000000000000000000000000000000000000000000000000000000000000000000000000000000000000000000000000000000000000000000000
310
00000000000000000000000000000000000000000000000000000000000000000000000000000000000000000000000000000000000000000000000000000000000000000000000000000000000000000000000000000000000000000000000000000000000000000000000000000000000000000000000000000000000000
310
00000000000000000000000000000000000000000000000000000000000000000000000000000000000000000000000000000000000000000000000000000000000000000000000000000000000000000000000000000000000000000000000000000000000000000000000000000000000000000000000000000000000000
310
00000000000000000000000000000000000000000000000000000000000000000000000000000000000000000000000000000000000000000000000000000000000000000000000000000000000000000000000000000000000000000000000000000000000000000000000000000000000000000000000000000000000000
310
00000000000000000000000000000000000000000000000000000000000000000000000000000000000000000000000000000000000000000000000000000000000000000000000000000000000000000000000000000000000000000000000000000000000000000000000000000000000000000000000000000000000000
310
00000000000000000000000000000000000000000000000000000000000000000000000000000000000000000000000000000000000000000000000000000000000000000000000000000000000000000000000000000000000000000000000000000000000000000000000000000000000000000000000000000000000000
310
00000000000000000000000000000000000000000000000000000000000000000000000000000000000000000000000000000000000000000000000000000000000000000000000000000000000000000000000000000000000000000000000000000000000000000000000000000000000000000000000000000000000000
310
00000000000000000000000000000000000000000000000000000000000000000000000000000000000000000000000000000000000000000000000000000000000000000000000000000000000000000000000000000000000000000000000000000000000000000000000000000000000000000000000000000000000000
310
00000000000000000000000000000000000000000000000000000000000000000000000000000000000000000000000000000000000000000000000000000000000000000000000000000000000000000000000000000000000000000000000000000000000000000000000000000000000000000000000000000000000000
310
00000000000000000000000000000000000000000000000000000000000000000000000000000000000000000000000000000000000000000000000000000000000000000000000000000000000000000000000000000000000000000000000000000000000000000000000000000000000000000000000000000000000000
310
00000000000000000000000000000000000000000000000000000000000000000000000000000000000000000000000000000000000000000000000000000000000000000000000000000000000000000000000000000000000000000000000000000000000000000000000000000000000000000000000000000000000000
310
00000000000000000000000000000000000000000000000000000000000000000000000000000000000000000000000000000000000000000000000000000000000000000000000000000000000000000000000000000000000000000000000000000000000000000000000000000000000000000000000000000000000000
310
00000000000000000000000000000000000000000000000000000000000000000000000000000000000000000000000000000000000000000000000000000000000000000000000000000000000000000000000000000000000000000000000000000000000000000000000000000000000000000000000000000000000000
310
00000000000000000000000000000000000000000000000000000000000000000000000000000000000000000000000000000000000000000000000000000000000000000000000000000000000000000000000000000000000000000000000000000000000000000000000000000000000000000000000000000000000000
310
00000000000000000000000000000000000000000000000000000000000000000000000000000000000000000000000000000000000000000000000000000000000000000000000000000000000000000000000000000000000000000000000000000000000000000000000000000000000000000000000000000000000000
310
00000000000000000000000000000000000000000000000000000000000000000000000000000000000000000000000000000000000000000000000000000000000000000000000000000000000000000000000000000000000000000000000000000000000000000000000000000000000000000000000000000000000000
310
00000000000000000000000000000000000000000000000000000000000000000000000000000000000000000000000000000000000000000000000000000000000000000000000000000000000000000000000000000000000000000000000000000000000000000000000000000000000000000000000000000000000000
310
00000000000000000000000000000000000000000000000000000000000000000000000000000000000000000000000000000000000000000000000000000000000000000000000000000000000000000000000000000000000000000000000000000000000000000000000000000000000000000000000000000000000000
310
00000000000000000000000000000000000000000000000000000000000000000000000000000000000000000000000000000000000000000000000000000000000000000000000000000000000000000000000000000000000000000000000000000000000000000000000000000000000000000000000000000000000000
310
00000000000000000000000000000000000000000000000000000000000000000000000000000000000000000000000000000000000000000000000000000000000000000000000000000000000000000000000000000000000000000000000000000000000000000000000000000000000000000000000000000000000000
310
00000000000000000000000000000000000000000000000000000000000000000000000000000000000000000000000000000000000000000000000000000000000000000000000000000000000000000000000000000000000000000000000000000000000000000000000000000000000000000000000000000000000000
310
00000000000000000000000000000000000000000000000000000000000000000000000000000000000000000000000000000000000000000000000000000000000000000000000000000000000000000000000000000000000000000000000000000000000000000000000000000000000000000000000000000000000000
310
00000000000000000000000000000000000000000000000000000000000000000000000000000000000000000000000000000000000000000000000000000000000000000000000000000000000000000000000000000000000000000000000000000000000000000000000000000000000000000000000000000000000000
310
00000000000000000000000000000000000000000000000000000000000000000000000000000000000000000000000000000000000000000000000000000000000000000000000000000000000000000000000000000000000000000000000000000000000000000000000000000000000000000000000000000000000000
310
00000000000000000000000000000000000000000000000000000000000000000000000000000000000000000000000000000000000000000000000000000000000000000000000000000000000000000000000000000000000000000000000000000000000000000000000000000000000000000000000000000000000000
310
00000000000000000000000000000000000000000000000000000000000000000000000000000000000000000000000000000000000000000000000000000000000000000000000000000000000000000000000000000000000000000000000000000000000000000000000000000000000000000000000000000000000000
310
00000000000000000000000000000000000000000000000000000000000000000000000000000000000000000000000000000000000000000000000000000000000000000000000000000000000000000000000000000000000000000000000000000000000000000000000000000000000000000000000000000000000000
310
00000000000000000000000000000000000000000000000000000000000000000000000000000000000000000000000000000000000000000000000000000000000000000000000000000000000000000000000000000000000000000000000000000000000000000000000000000000000000000000000000000000000000
310
00000000000000000000000000000000000000000000000000000000000000000000000000000000000000000000000000000000000000000000000000000000000000000000000000000000000000000000000000000000000000000000000000000000000000000000000000000000000000000000000000000000000000
310
00000000000000000000000000000000000000000000000000000000000000000000000000000000000000000000000000000000000000000000000000000000000000000000000000000000000000000000000000000000000000000000000000000000000000000000000000000000000000000000000000000000000000
310
00000000000000000000000000000000000000000000000000000000000000000000000000000000000000000000000000000000000000000000000000000000000000000000000000000000000000000000000000000000000000000000000000000000000000000000000000000000000000000000000000000000000000
310
00000000000000000000000000000000000000000000000000000000000000000000000000000000000000000000000000000000000000000000000000000000000000000000000000000000000000000000000000000000000000000000000000000000000000000000000000000000000000000000000000000000000000
310
00000000000000000000000000000000000000000000000000000000000000000000000000000000000000000000000000000000000000000000000000000000000000000000000000000000000000000000000000000000000000000000000000000000000000000000000000000000000000000000000000000000000000
310
00000000000000000000000000000000000000000000000000000000000000000000000000000000000000000000000000000000000000000000000000000000000000000000000000000000000000000000000000000000000000000000000000000000000000000000000000000000000000000000000000000000000000
310
00000000000000000000000000000000000000000000000000000000000000000000000000000000000000000000000000000000000000000000000000000000000000000000000000000000000000000000000000000000000000000000000000000000000000000000000000000000000000000000000000000000000000
310
00000000000000000000000000000000000000000000000000000000000000000000000000000000000000000000000000000000000000000000000000000000000000000000000000000000000000000000000000000000000000000000000000000000000000000000000000000000000000000000000000000000000000
310
00000000000000000000000000000000000000000000000000000000000000000000000000000000000000000000000000000000000000000000000000000000000000000000000000000000000000000000000000000000000000000000000000000000000000000000000000000000000000000000000000000000000000
310
00000000000000000000000000000000000000000000000000000000000000000000000000000000000000000000000000000000000000000000000000000000000000000000000000000000000000000000000000000000000000000000000000000000000000000000000000000000000000000000000000000000000000
310
00000000000000000000000000000000000000000000000000000000000000000000000000000000000000000000000000000000000000000000000000000000000000000000000000000000000000000000000000000000000000000000000000000000000000000000000000000000000000000000000000000000000000
310
00000000000000000000000000000000000000000000000000000000000000000000000000000000000000000000000000000000000000000000000000000000000000000000000000000000000000000000000000000000000000000000000000000000000000000000000000000000000000000000000000000000000000
310
00000000000000000000000000000000000000000000000000000000000000000000000000000000000000000000000000000000000000000000000000000000000000000000000000000000000000000000000000000000000000000000000000000000000000000000000000000000000000000000000000000000000000
310
00000000000000000000000000000000000000000000000000000000000000000000000000000000000000000000000000000000000000000000000000000000000000000000000000000000000000000000000000000000000000000000000000000000000000000000000000000000000000000000000000000000000000
310
00000000000000000000000000000000000000000000000000000000000000000000000000000000000000000000000000000000000000000000000000000000000000000000000000000000000000000000000000000000000000000000000000000000000000000000000000000000000000000000000000000000000000
310
00000000000000000000000000000000000000000000000000000000000000000000000000000000000000000000000000000000000000000000000000000000000000000000000000000000000000000000000000000000000000000000000000000000000000000000000000000000000000000000000000000000000000
310
00000000000000000000000000000000000000000000000000000000000000000000000000000000000000000000000000000000000000000000000000000000000000000000000000000000000000000000000000000000000000000000000000000000000000000000000000000000000000000000000000000000000000
310
00000000000000000000000000000000000000000000000000000000000000000000000000000000000000000000000000000000000000000000000000000000000000000000000000000000000000000000000000000000000000000000000000000000000000000000000000000000000000000000000000000000000000
310
00000000000000000000000000000000000000000000000000000000000000000000000000000000000000000000000000000000000000000000000000000000000000000000000000000000000000000000000000000000000000000000000000000000000000000000000000000000000000000000000000000000000000
310
00000000000000000000000000000000000000000000000000000000000000000000000000000000000000000000000000000000000000000000000000000000000000000000000000000000000000000000000000000000000000000000000000000000000000000000000000000000000000000000000000000000000000
310
00000000000000000000000000000000000000000000000000000000000000000000000000000000000000000000000000000000000000000000000000000000000000000000000000000000000000000000000000000000000000000000000000000000000000000000000000000000000000000000000000000000000000
310
00000000000000000000000000000000000000000000000000000000000000000000000000000000000000000000000000000000000000000000000000000000000000000000000000000000000000000000000000000000000000000000000000000000000000000000000000000000000000000000000000000000000000
310
00000000000000000000000000000000000000000000000000000000000000000000000000000000000000000000000000000000000000000000000000000000000000000000000000000000000000000000000000000000000000000000000000000000000000000000000000000000000000000000000000000000000000
310
00000000000000000000000000000000000000000000000000000000000000000000000000000000000000000000000000000000000000000000000000000000000000000000000000000000000000000000000000000000000000000000000000000000000000000000000000000000000000000000000000000000000000
310
00000000000000000000000000000000000000000000000000000000000000000000000000000000000000000000000000000000000000000000000000000000000000000000000000000000000000000000000000000000000000000000000000000000000000000000000000000000000000000000000000000000000000
310
00000000000000000000000000000000000000000000000000000000000000000000000000000000000000000000000000000000000000000000000000000000000000000000000000000000000000000000000000000000000000000000000000000000000000000000000000000000000000000000000000000000000000
310
00000000000000000000000000000000000000000000000000000000000000000000000000000000000000000000000000000000000000000000000000000000000000000000000000000000000000000000000000000000000000000000000000000000000000000000000000000000000000000000000000000000000000
310
00000000000000000000000000000000000000000000000000000000000000000000000000000000000000000000000000000000000000000000000000000000000000000000000000000000000000000000000000000000000000000000000000000000000000000000000000000000000000000000000000000000000000
310
00000000000000000000000000000000000000000000000000000000000000000000000000000000000000000000000000000000000000000000000000000000000000000000000000000000000000000000000000000000000000000000000000000000000000000000000000000000000000000000000000000000000000
310
00000000000000000000000000000000000000000000000000000000000000000000000000000000000000000000000000000000000000000000000000000000000000000000000000000000000000000000000000000000000000000000000000000000000000000000000000000000000000000000000000000000000000
310
00000000000000000000000000000000000000000000000000000000000000000000000000000000000000000000000000000000000000000000000000000000000000000000000000000000000000000000000000000000000000000000000000000000000000000000000000000000000000000000000000000000000000
310
00000000000000000000000000000000000000000000000000000000000000000000000000000000000000000000000000000000000000000000000000000000000000000000000000000000000000000000000000000000000000000000000000000000000000000000000000000000000000000000000000000000000000
310
00000000000000000000000000000000000000000000000000000000000000000000000000000000000000000000000000000000000000000000000000000000000000000000000000000000000000000000000000000000000000000000000000000000000000000000000000000000000000000000000000000000000000
310
00000000000000000000000000000000000000000000000000000000000000000000000000000000000000000000000000000000000000000000000000000000000000000000000000000000000000000000000000000000000000000000000000000000000000000000000000000000000000000000000000000000000000
310
00000000000000000000000000000000000000000000000000000000000000000000000000000000000000000000000000000000000000000000000000000000000000000000000000000000000000000000000000000000000000000000000000000000000000000000000000000000000000000000000000000000000000
310
00000000000000000000000000000000000000000000000000000000000000000000000000000000000000000000000000000000000000000000000000000000000000000000000000000000000000000000000000000000000000000000000000000000000000000000000000000000000000000000000000000000000000
310
00000000000000000000000000000000000000000000000000000000000000000000000000000000000000000000000000000000000000000000000000000000000000000000000000000000000000000000000000000000000000000000000000000000000000000000000000000000000000000000000000000000000000
310
00000000000000000000000000000000000000000000000000000000000000000000000000000000000000000000000000000000000000000000000000000000000000000000000000000000000000000000000000000000000000000000000000000000000000000000000000000000000000000000000000000000000000
310
00000000000000000000000000000000000000000000000000000000000000000000000000000000000000000000000000000000000000000000000000000000000000000000000000000000000000000000000000000000000000000000000000000000000000000000000000000000000000000000000000000000000000
310
00000000000000000000000000000000000000000000000000000000000000000000000000000000000000000000000000000000000000000000000000000000000000000000000000000000000000000000000000000000000000000000000000000000000000000000000000000000000000000000000000000000000000
310
00000000000000000000000000000000000000000000000000000000000000000000000000000000000000000000000000000000000000000000000000000000000000000000000000000000000000000000000000000000000000000000000000000000000000000000000000000000000000000000000000000000000000
310
00000000000000000000000000000000000000000000000000000000000000000000000000000000000000000000000000000000000000000000000000000000000000000000000000000000000000000000000000000000000000000000000000000000000000000000000000000000000000000000000000000000000000
310
00000000000000000000000000000000000000000000000000000000000000000000000000000000000000000000000000000000000000000000000000000000000000000000000000000000000000000000000000000000000000000000000000000000000000000000000000000000000000000000000000000000000000
310
00000000000000000000000000000000000000000000000000000000000000000000000000000000000000000000000000000000000000000000000000000000000000000000000000000000000000000000000000000000000000000000000000000000000000000000000000000000000000000000000000000000000000
310
00000000000000000000000000000000000000000000000000000000000000000000000000000000000000000000000000000000000000000000000000000000000000000000000000000000000000000000000000000000000000000000000000000000000000000000000000000000000000000000000000000000000000
310
00000000000000000000000000000000000000000000000000000000000000000000000000000000000000000000000000000000000000000000000000000000000000000000000000000000000000000000000000000000000000000000000000000000000000000000000000000000000000000000000000000000000000
310
00000000000000000000000000000000000000000000000000000000000000000000000000000000000000000000000000000000000000000000000000000000000000000000000000000000000000000000000000000000000000000000000000000000000000000000000000000000000000000000000000000000000000
310
00000000000000000000000000000000000000000000000000000000000000000000000000000000000000000000000000000000000000000000000000000000000000000000000000000000000000000000000000000000000000000000000000000000000000000000000000000000000000000000000000000000000000
310
00000000000000000000000000000000000000000000000000000000000000000000000000000000000000000000000000000000000000000000000000000000000000000000000000000000000000000000000000000000000000000000000000000000000000000000000000000000000000000000000000000000000000
310
00000000000000000000000000000000000000000000000000000000000000000000000000000000000000000000000000000000000000000000000000000000000000000000000000000000000000000000000000000000000000000000000000000000000000000000000000000000000000000000000000000000000000
310
00000000000000000000000000000000000000000000000000000000000000000000000000000000000000000000000000000000000000000000000000000000000000000000000000000000000000000000000000000000000000000000000000000000000000000000000000000000000000000000000000000000000000
310
00000000000000000000000000000000000000000000000000000000000000000000000000000000000000000000000000000000000000000000000000000000000000000000000000000000000000000000000000000000000000000000000000000000000000000000000000000000000000000000000000000000000000
310
00000000000000000000000000000000000000000000000000000000000000000000000000000000000000000000000000000000000000000000000000000000000000000000000000000000000000000000000000000000000000000000000000000000000000000000000000000000000000000000000000000000000000
310
00000000000000000000000000000000000000000000000000000000000000000000000000000000000000000000000000000000000000000000000000000000000000000000000000000000000000000000000000000000000000000000000000000000000000000000000000000000000000000000000000000000000000
310
00000000000000000000000000000000000000000000000000000000000000000000000000000000000000000000000000000000000000000000000000000000000000000000000000000000000000000000000000000000000000000000000000000000000000000000000000000000000000000000000000000000000000
310
00000000000000000000000000000000000000000000000000000000000000000000000000000000000000000000000000000000000000000000000000000000000000000000000000000000000000000000000000000000000000000000000000000000000000000000000000000000000000000000000000000000000000
310
00000000000000000000000000000000000000000000000000000000000000000000000000000000000000000000000000000000000000000000000000000000000000000000000000000000000000000000000000000000000000000000000000000000000000000000000000000000000000000000000000000000000000
310
00000000000000000000000000000000000000000000000000000000000000000000000000000000000000000000000000000000000000000000000000000000000000000000000000000000000000000000000000000000000000000000000000000000000000000000000000000000000000000000000000000000000000
310
00000000000000000000000000000000000000000000000000000000000000000000000000000000000000000000000000000000000000000000000000000000000000000000000000000000000000000000000000000000000000000000000000000000000000000000000000000000000000000000000000000000000000
310
00000000000000000000000000000000000000000000000000000000000000000000000000000000000000000000000000000000000000000000000000000000000000000000000000000000000000000000000000000000000000000000000000000000000000000000000000000000000000000000000000000000000000
310
00000000000000000000000000000000000000000000000000000000000000000000000000000000000000000000000000000000000000000000000000000000000000000000000000000000000000000000000000000000000000000000000000000000000000000000000000000000000000000000000000000000000000
310
00000000000000000000000000000000000000000000000000000000000000000000000000000000000000000000000000000000000000000000000000000000000000000000000000000000000000000000000000000000000000000000000000000000000000000000000000000000000000000000000000000000000000
310
00000000000000000000000000000000000000000000000000000000000000000000000000000000000000000000000000000000000000000000000000000000000000000000000000000000000000000000000000000000000000000000000000000000000000000000000000000000000000000000000000000000000000
310
00000000000000000000000000000000000000000000000000000000000000000000000000000000000000000000000000000000000000000000000000000000000000000000000000000000000000000000000000000000000000000000000000000000000000000000000000000000000000000000000000000000000000
310
00000000000000000000000000000000000000000000000000000000000000000000000000000000000000000000000000000000000000000000000000000000000000000000000000000000000000000000000000000000000000000000000000000000000000000000000000000000000000000000000000000000000000
310
00000000000000000000000000000000000000000000000000000000000000000000000000000000000000000000000000000000000000000000000000000000000000000000000000000000000000000000000000000000000000000000000000000000000000000000000000000000000000000000000000000000000000
310
00000000000000000000000000000000000000000000000000000000000000000000000000000000000000000000000000000000000000000000000000000000000000000000000000000000000000000000000000000000000000000000000000000000000000000000000000000000000000000000000000000000000000
310
00000000000000000000000000000000000000000000000000000000000000000000000000000000000000000000000000000000000000000000000000000000000000000000000000000000000000000000000000000000000000000000000000000000000000000000000000000000000000000000000000000000000000
310
00000000000000000000000000000000000000000000000000000000000000000000000000000000000000000000000000000000000000000000000000000000000000000000000000000000000000000000000000000000000000000000000000000000000000000000000000000000000000000000000000000000000000
310
00000000000000000000000000000000000000000000000000000000000000000000000000000000000000000000000000000000000000000000000000000000000000000000000000000000000000000000000000000000000000000000000000000000000000000000000000000000000000000000000000000000000000
310
00000000000000000000000000000000000000000000000000000000000000000000000000000000000000000000000000000000000000000000000000000000000000000000000000000000000000000000000000000000000000000000000000000000000000000000000000000000000000000000000000000000000000
310
00000000000000000000000000000000000000000000000000000000000000000000000000000000000000000000000000000000000000000000000000000000000000000000000000000000000000000000000000000000000000000000000000000000000000000000000000000000000000000000000000000000000000
310
00000000000000000000000000000000000000000000000000000000000000000000000000000000000000000000000000000000000000000000000000000000000000000000000000000000000000000000000000000000000000000000000000000000000000000000000000000000000000000000000000000000000000
310
00000000000000000000000000000000000000000000000000000000000000000000000000000000000000000000000000000000000000000000000000000000000000000000000000000000000000000000000000000000000000000000000000000000000000000000000000000000000000000000000000000000000000
310
00000000000000000000000000000000000000000000000000000000000000000000000000000000000000000000000000000000000000000000000000000000000000000000000000000000000000000000000000000000000000000000000000000000000000000000000000000000000000000000000000000000000000
310
00000000000000000000000000000000000000000000000000000000000000000000000000000000000000000000000000000000000000000000000000000000000000000000000000000000000000000000000000000000000000000000000000000000000000000000000000000000000000000000000000000000000000
310
00000000000000000000000000000000000000000000000000000000000000000000000000000000000000000000000000000000000000000000000000000000000000000000000000000000000000000000000000000000000000000000000000000000000000000000000000000000000000000000000000000000000000
310
00000000000000000000000000000000000000000000000000000000000000000000000000000000000000000000000000000000000000000000000000000000000000000000000000000000000000000000000000000000000000000000000000000000000000000000000000000000000000000000000000000000000000
310
00000000000000000000000000000000000000000000000000000000000000000000000000000000000000000000000000000000000000000000000000000000000000000000000000000000000000000000000000000000000000000000000000000000000000000000000000000000000000000000000000000000000000
310
00000000000000000000000000000000000000000000000000000000000000000000000000000000000000000000000000000000000000000000000000000000000000000000000000000000000000000000000000000000000000000000000000000000000000000000000000000000000000000000000000000000000000
310
00000000000000000000000000000000000000000000000000000000000000000000000000000000000000000000000000000000000000000000000000000000000000000000000000000000000000000000000000000000000000000000000000000000000000000000000000000000000000000000000000000000000000
310
00000000000000000000000000000000000000000000000000000000000000000000000000000000000000000000000000000000000000000000000000000000000000000000000000000000000000000000000000000000000000000000000000000000000000000000000000000000000000000000000000000000000000
310
00000000000000000000000000000000000000000000000000000000000000000000000000000000000000000000000000000000000000000000000000000000000000000000000000000000000000000000000000000000000000000000000000000000000000000000000000000000000000000000000000000000000000
310
00000000000000000000000000000000000000000000000000000000000000000000000000000000000000000000000000000000000000000000000000000000000000000000000000000000000000000000000000000000000000000000000000000000000000000000000000000000000000000000000000000000000000
310
00000000000000000000000000000000000000000000000000000000000000000000000000000000000000000000000000000000000000000000000000000000000000000000000000000000000000000000000000000000000000000000000000000000000000000000000000000000000000000000000000000000000000
310
00000000000000000000000000000000000000000000000000000000000000000000000000000000000000000000000000000000000000000000000000000000000000000000000000000000000000000000000000000000000000000000000000000000000000000000000000000000000000000000000000000000000000
310
00000000000000000000000000000000000000000000000000000000000000000000000000000000000000000000000000000000000000000000000000000000000000000000000000000000000000000000000000000000000000000000000000000000000000000000000000000000000000000000000000000000000000
310
00000000000000000000000000000000000000000000000000000000000000000000000000000000000000000000000000000000000000000000000000000000000000000000000000000000000000000000000000000000000000000000000000000000000000000000000000000000000000000000000000000000000000
310
00000000000000000000000000000000000000000000000000000000000000000000000000000000000000000000000000000000000000000000000000000000000000000000000000000000000000000000000000000000000000000000000000000000000000000000000000000000000000000000000000000000000000
310
00000000000000000000000000000000000000000000000000000000000000000000000000000000000000000000000000000000000000000000000000000000000000000000000000000000000000000000000000000000000000000000000000000000000000000000000000000000000000000000000000000000000000
310
00000000000000000000000000000000000000000000000000000000000000000000000000000000000000000000000000000000000000000000000000000000000000000000000000000000000000000000000000000000000000000000000000000000000000000000000000000000000000000000000000000000000000
310
00000000000000000000000000000000000000000000000000000000000000000000000000000000000000000000000000000000000000000000000000000000000000000000000000000000000000000000000000000000000000000000000000000000000000000000000000000000000000000000000000000000000000
310
00000000000000000000000000000000000000000000000000000000000000000000000000000000000000000000000000000000000000000000000000000000000000000000000000000000000000000000000000000000000000000000000000000000000000000000000000000000000000000000000000000000000000
310
00000000000000000000000000000000000000000000000000000000000000000000000000000000000000000000000000000000000000000000000000000000000000000000000000000000000000000000000000000000000000000000000000000000000000000000000000000000000000000000000000000000000000
310
00000000000000000000000000000000000000000000000000000000000000000000000000000000000000000000000000000000000000000000000000000000000000000000000000000000000000000000000000000000000000000000000000000000000000000000000000000000000000000000000000000000000000
310
00000000000000000000000000000000000000000000000000000000000000000000000000000000000000000000000000000000000000000000000000000000000000000000000000000000000000000000000000000000000000000000000000000000000000000000000000000000000000000000000000000000000000
310
00000000000000000000000000000000000000000000000000000000000000000000000000000000000000000000000000000000000000000000000000000000000000000000000000000000000000000000000000000000000000000000000000000000000000000000000000000000000000000000000000000000000000
310
00000000000000000000000000000000000000000000000000000000000000000000000000000000000000000000000000000000000000000000000000000000000000000000000000000000000000000000000000000000000000000000000000000000000000000000000000000000000000000000000000000000000000
310
00000000000000000000000000000000000000000000000000000000000000000000000000000000000000000000000000000000000000000000000000000000000000000000000000000000000000000000000000000000000000000000000000000000000000000000000000000000000000000000000000000000000000
310
00000000000000000000000000000000000000000000000000000000000000000000000000000000000000000000000000000000000000000000000000000000000000000000000000000000000000000000000000000000000000000000000000000000000000000000000000000000000000000000000000000000000000
310
00000000000000000000000000000000000000000000000000000000000000000000000000000000000000000000000000000000000000000000000000000000000000000000000000000000000000000000000000000000000000000000000000000000000000000000000000000000000000000000000000000000000000
310
00000000000000000000000000000000000000000000000000000000000000000000000000000000000000000000000000000000000000000000000000000000000000000000000000000000000000000000000000000000000000000000000000000000000000000000000000000000000000000000000000000000000000
310
00000000000000000000000000000000000000000000000000000000000000000000000000000000000000000000000000000000000000000000000000000000000000000000000000000000000000000000000000000000000000000000000000000000000000000000000000000000000000000000000000000000000000
310
00000000000000000000000000000000000000000000000000000000000000000000000000000000000000000000000000000000000000000000000000000000000000000000000000000000000000000000000000000000000000000000000000000000000000000000000000000000000000000000000000000000000000
310
00000000000000000000000000000000000000000000000000000000000000000000000000000000000000000000000000000000000000000000000000000000000000000000000000000000000000000000000000000000000000000000000000000000000000000000000000000000000000000000000000000000000000
310
00000000000000000000000000000000000000000000000000000000000000000000000000000000000000000000000000000000000000000000000000000000000000000000000000000000000000000000000000000000000000000000000000000000000000000000000000000000000000000000000000000000000000
310
00000000000000000000000000000000000000000000000000000000000000000000000000000000000000000000000000000000000000000000000000000000000000000000000000000000000000000000000000000000000000000000000000000000000000000000000000000000000000000000000000000000000000
310
00000000000000000000000000000000000000000000000000000000000000000000000000000000000000000000000000000000000000000000000000000000000000000000000000000000000000000000000000000000000000000000000000000000000000000000000000000000000000000000000000000000000000
310
00000000000000000000000000000000000000000000000000000000000000000000000000000000000000000000000000000000000000000000000000000000000000000000000000000000000000000000000000000000000000000000000000000000000000000000000000000000000000000000000000000000000000
310
00000000000000000000000000000000000000000000000000000000000000000000000000000000000000000000000000000000000000000000000000000000000000000000000000000000000000000000000000000000000000000000000000000000000000000000000000000000000000000000000000000000000000
310
00000000000000000000000000000000000000000000000000000000000000000000000000000000000000000000000000000000000000000000000000000000000000000000000000000000000000000000000000000000000000000000000000000000000000000000000000000000000000000000000000000000000000
310
00000000000000000000000000000000000000000000000000000000000000000000000000000000000000000000000000000000000000000000000000000000000000000000000000000000000000000000000000000000000000000000000000000000000000000000000000000000000000000000000000000000000000
310
00000000000000000000000000000000000000000000000000000000000000000000000000000000000000000000000000000000000000000000000000000000000000000000000000000000000000000000000000000000000000000000000000000000000000000000000000000000000000000000000000000000000000
310
00000000000000000000000000000000000000000000000000000000000000000000000000000000000000000000000000000000000000000000000000000000000000000000000000000000000000000000000000000000000000000000000000000000000000000000000000000000000000000000000000000000000000
310
00000000000000000000000000000000000000000000000000000000000000000000000000000000000000000000000000000000000000000000000000000000000000000000000000000000000000000000000000000000000000000000000000000000000000000000000000000000000000000000000000000000000000
310
00000000000000000000000000000000000000000000000000000000000000000000000000000000000000000000000000000000000000000000000000000000000000000000000000000000000000000000000000000000000000000000000000000000000000000000000000000000000000000000000000000000000000
310
00000000000000000000000000000000000000000000000000000000000000000000000000000000000000000000000000000000000000000000000000000000000000000000000000000000000000000000000000000000000000000000000000000000000000000000000000000000000000000000000000000000000000
310
00000000000000000000000000000000000000000000000000000000000000000000000000000000000000000000000000000000000000000000000000000000000000000000000000000000000000000000000000000000000000000000000000000000000000000000000000000000000000000000000000000000000000
310
00000000000000000000000000000000000000000000000000000000000000000000000000000000000000000000000000000000000000000000000000000000000000000000000000000000000000000000000000000000000000000000000000000000000000000000000000000000000000000000000000000000000000
310
00000000000000000000000000000000000000000000000000000000000000000000000000000000000000000000000000000000000000000000000000000000000000000000000000000000000000000000000000000000000000000000000000000000000000000000000000000000000000000000000000000000000000
310
00000000000000000000000000000000000000000000000000000000000000000000000000000000000000000000000000000000000000000000000000000000000000000000000000000000000000000000000000000000000000000000000000000000000000000000000000000000000000000000000000000000000000
310
00000000000000000000000000000000000000000000000000000000000000000000000000000000000000000000000000000000000000000000000000000000000000000000000000000000000000000000000000000000000000000000000000000000000000000000000000000000000000000000000000000000000000
310
00000000000000000000000000000000000000000000000000000000000000000000000000000000000000000000000000000000000000000000000000000000000000000000000000000000000000000000000000000000000000000000000000000000000000000000000000000000000000000000000000000000000000
310
00000000000000000000000000000000000000000000000000000000000000000000000000000000000000000000000000000000000000000000000000000000000000000000000000000000000000000000000000000000000000000000000000000000000000000000000000000000000000000000000000000000000000
310
00000000000000000000000000000000000000000000000000000000000000000000000000000000000000000000000000000000000000000000000000000000000000000000000000000000000000000000000000000000000000000000000000000000000000000000000000000000000000000000000000000000000000
310
00000000000000000000000000000000000000000000000000000000000000000000000000000000000000000000000000000000000000000000000000000000000000000000000000000000000000000000000000000000000000000000000000000000000000000000000000000000000000000000000000000000000000
310
00000000000000000000000000000000000000000000000000000000000000000000000000000000000000000000000000000000000000000000000000000000000000000000000000000000000000000000000000000000000000000000000000000000000000000000000000000000000000000000000000000000000000
310
00000000000000000000000000000000000000000000000000000000000000000000000000000000000000000000000000000000000000000000000000000000000000000000000000000000000000000000000000000000000000000000000000000000000000000000000000000000000000000000000000000000000000
310
00000000000000000000000000000000000000000000000000000000000000000000000000000000000000000000000000000000000000000000000000000000000000000000000000000000000000000000000000000000000000000000000000000000000000000000000000000000000000000000000000000000000000
310
00000000000000000000000000000000000000000000000000000000000000000000000000000000000000000000000000000000000000000000000000000000000000000000000000000000000000000000000000000000000000000000000000000000000000000000000000000000000000000000000000000000000000
310
00000000000000000000000000000000000000000000000000000000000000000000000000000000000000000000000000000000000000000000000000000000000000000000000000000000000000000000000000000000000000000000000000000000000000000000000000000000000000000000000000000000000000
310
000000000000000000000000000000000000000000000000000000000000000000000000000000000000000000000000000000000000000000000000000000000000000000000000000000000000000000000000000000000000000000000000000000000000000000
  0
XRECORD
  5
177
102
{ACAD_REACTORS
330
175
102
}
330
175
100
AcDbXrecord
280
     1
270
     1
271
     1
  0
XRECORD
  5
176
102
{ACAD_REACTORS
330
175
102
}
330
175
100
AcDbXrecord
280
     1
270
     1
271
     1
  0
XRECORD
  5
17A
102
{ACAD_REACTORS
330
175
102
}
330
175
100
AcDbXrecord
280
     1
270
     1
271
     1
  0
XRECORD
  5
179
102
{ACAD_REACTORS
330
175
102
}
330
175
100
AcDbXrecord
280
     1
270
     1
271
     1
  0
XRECORD
  5
17B
102
{ACAD_REACTORS
330
175
102
}
330
175
100
AcDbXrecord
280
     1
270
     1
271
     1
  0
XRECORD
  5
178
102
{ACAD_REACTORS
330
175
102
}
330
175
100
AcDbXrecord
280
     1
270
     1
271
     1
  0
XRECORD
  5
16F
102
{ACAD_REACTORS
330
16D
102
}
330
16D
100
AcDbXrecord
280
     1
270
     1
271
     1
  0
XRECORD
  5
16E
102
{ACAD_REACTORS
330
16D
102
}
330
16D
100
AcDbXrecord
280
     1
270
     1
271
     1
  0
XRECORD
  5
172
102
{ACAD_REACTORS
330
16D
102
}
330
16D
100
AcDbXrecord
280
     1
270
     1
271
     1
  0
XRECORD
  5
171
102
{ACAD_REACTORS
330
16D
102
}
330
16D
100
AcDbXrecord
280
     1
270
     1
271
     1
  0
XRECORD
  5
173
102
{ACAD_REACTORS
330
16D
102
}
330
16D
100
AcDbXrecord
280
     1
270
     1
271
     1
  0
XRECORD
  5
170
102
{ACAD_REACTORS
330
16D
102
}
330
16D
100
AcDbXrecord
280
     1
270
     1
271
     1
  0
XRECORD
  5
B98C
102
{ACAD_REACTORS
330
B98B
102
}
330
B98B
100
AcDbXrecord
280
     1
 70
     1
 90
-868575455
 71
     1
  1
45BDF4EB-9D2D-432E-872C-DAE932D5FC41
311
504B0304140006080800EE888E4B217703132F010000A80100004F00000041333445344333362D464236452D344645422D413745422D3137383831373242384530392F4173736574446174612F446566696E6974696F6E4974657261746F7250726F706572746965732E62696E5D50BD4EC33010363FA2EAC00062460C8C98
311
3489DDD84808C5B5D309A92A33426E306D2437ADEA4488A9150B3C086FC2C673F01E7026E982A5EFEE7CBFDFDD3B42E8A77D60A21DC006E421E8A129CDAAC8EFF299996B74E03D7631D1F61CAC5850A95241B1E09C60421386591A6638545451D9532CE47C17F23A00699E746D2BDFF2B670B9B156976651BB2370B433CEE6
311
BA8259DA5EFAA22E425E6D00681B70BED3B461E4493E03F4E3F2EA463B67AAEB208D892283B88F33D15798644AE0340111268C85492498EAF1606CDCA25EE5C605840A9911887319494CE248619644032C53C5E348D26C40C2A09AD5FE34279EC6A4D4850D7A414BE161594EC1FD772FAFD78037C0A8FB79FC01FC46178D6E
311
4FBBFE3A1DBE8C71B392CFDFBE7B303A50FC0D977AF54BA3CD9E97FBFFFEBF504B0304140006080800EE888E4B963262F309010000300200004500000041333445344333362D464236452D344645422D413745422D3137383831373242384530392F4173736574446174612F496E7374616E636550726F706572746965732E
311
62696EEB606060F80F0540260323103700495E20ED9E9A975A94991C9C9C919A9BA802143031757271337175D2B5743172D135313672D5B5303772D6757174B53436723175733631644768046931363471713532B5D435353131D635313332D475727372D13534373670367376B6046A052A03DBCBA019D37FE8ABC6157B20
311
CD04146B0062181F4C03F940F0C11EA29A8141C08141002C0426541C106CAC2CA046088033B02A030AC2157C6006F21A8018AAF50194E6010A610250382264E08660284CD9E98021862280A91564B406929A0FF62C401E28B6F88038B83CB1243943D7A928312F253505240304DA0D57FFAF0A85B02164E82A90315801B242
311
B0328800D08CAB0DDA20DD504100504B0304140006080800EE888E4B88E57597CD3F0000904100006B00000041333445344333362D464236452D344645422D413745422D3137383831373242384530392F5265736F75726365732F34354244463445422D394432442D343332452D383732432D444145393332443546433431
311
2F7468756D626E61696C2F302F67656E657269635F706E67355B773CD4FF1FBF73E71C0E67EF7576C9DEF3EC995D46C6A1EC5046649CBDF79E192942562825CE965D8A868C2842C8DE9FDFD1F7E7F138F7078FCF6B3F5FCFD7EBFDFEC41B196891913091804020321D6D7513FC77D8C5070EC3FFEE51B21F068154CC75D455
311
CC028A3EA68992803810109FDDE5D5CEC5521B28A1B422BF80741695D5B529DA1C2D058AD2388BDA9F476F7C2CADC939304173DBF48A452BF8A700C0C70C3D121C1AA15A5270C22E2B9E28763651F7DA0D12CE11077B2ECD0D560B5E3DE2368B1E65C5E1C87384A4CC5F2D9FB8BE39E9B77C753783A37998F5CEF1B4FEE553
311
463245C9712270880DF339E0B882A6BA713D865F6F384C842D440934EF264F4A304F8DE4EEFA1E2BF5E2D91F5ADD9613D6E31DDB33ED31DB1D7916CAF091286EA3D31B9CFECB78BB0060245B943C4C040119FF780A74DD308BA9D028678674EB5504ECF284EE814DAED07440BAF649BE4B55DA2890F4D73E2D489A59EE54FD
311
B0A85B59F2F52C4858A02705C4815A792B0C4A996A2023ECB195073E115E3E3647F64243A8338F2000BCB58DA5692C7E7C3D413F963FEDF3CF00FBB0F831A9D51360FECA43819F527B89FA260EB63C5DA676830AA3626A3693B23F1A17A0DFFCE3EE164E31B5365EDF0C89EF64D8E38AB0BA9A1117D7C3A0EC44F44F402309
311
5E80BA610DE336D0F99593A88BFC5306E72DF98F7FD132ED95878DF2964EA7E43071359FD83B2BDF9C6B5BDF768F0F3C0FC351199526F53D9460A34511F75D1B63E488178569472C91A94497807A3FD4A390C6558F26D416365C3656DE6E769DA9D8FC73774E1709812842DD8EF96AED1960F79D21B395CDDFE6F92CB4EB96
311
2A4668C76990E2EF29798C8941D67DA50F4A5F947872460F1F6FDB794E8A29FD7AC0C0D6E0714339CE258FB17AE8535221E3464A10F29A0BE5EEECEFC5675926A89F49EB14E5711894F6586DB5754EB4D5DA9C6437EBA57DB97A24F8B8A8DB295FFD73266CF57E82694DF5166DDF93573AFE9C9C5EB05F8FEF8E89E0A8917B
311
0B3724DB7BEBB53252581EFC3E38166BA131A3A5B42FE2AD00A769BBFA4458D2DE7822F8C4F63D0B8E21B285AE13325F3410A435C648C9D91FDEB109E73CEDA7BC796961AF79175E1A3CE4C5E8B0D009B0C9E29EFD98BC8E97554E3D8D838424E270F7685226E5AC268E021EDE3522D583E8F20C0BDE2959EF5BBFEEDAB32F
311
E9A3ED0E39F211A86AA9DEBFC68182EDED132AB8BB794442D2D7EA9F4D8BFF52BC4D55BB165124EE90A42D101E67BBBB292FFB4F66DE5BF2300E44546757DA7CEF8932BFC9F92A0707953491A55C5A5ACEDABD9FA1AEA01BAC3DC5A24E22E7C47213493996EFBC369D086ED9397C9BA6C7F9855C7BD5E15BFC8C53DB3D2A4C
311
5901A57ACD2FBDF4D1676E95338B2C2BCE65FDA4C64F5FEFDC7D9CA5AA1FCF11E193F2FDABF0F4916BF13FB916A224380E6462A9815F2300DC49CC4DF8D055CEF76462F4B7A7ACA7365C2707891370BC1D0AA6203C44CCAB47084FEC057F27FFCD57F89B8B9852459798A675C66BD7CE572CAF71FF7E6D7ECF7BF62CAB7B3F
311
1107DCD04DC55A3F9961700286141C94A4F771FEB2BCDA2DDEE0CB0BAE402FF1DB0100F8E475DFFFC074DDB4498AB7D186A7654DDB1CB680D703D47CEB4E72F8CB13D86A4AA68116E26387B93FD6738779B34FEDB8E517EDF2BAF28D9BE93A1D3A164320E07D42E514725C29515FF361754213EDE06B079A2E99EB1CA82A02
311
019EADEEB87B9AF005BD04BBCECB14AACD6B24EFBE482194A97DD32400685FF1FEF1544D1B14EFB1E7F08E6D2CD2AF52DE757F35F5E62332EE88EA26417AD5C3E0E319D68F25414E6D672BD4522B278C57D18F0113921C71D96527E091F00CEB15AE23D24667369BD3CEFA10C7549D930890BA4366F4EBC55F01F746109F98
311
ABCDD5A3EE06619C6AD78AB33E48E4C9BD21BF7478B385EC05C4F8987E2C1BFA0A60EBEDAA0AE0B015C2720ECE180FB6F2DEFBEB822D96338C9B63822183BBF52FB664A7AE57003AABCE512BF77E7E31BDA2E739AC4C131657DDFE5225E900FB56CC01CDE808FA4A9C9DA16AC679656BB64796283D89812B8F91136AE18EE5
311
EBBAF47A73BE3C153EB5D4CD491B4BFB4FE690A4CF9ABA08C0D8AA64220C438C96EA6CA80B58FE5761E697B3A292EB9FBDA502FA863E49FE694ADDFFF9D62C520BDD1A22014147A0903A05B9B729F54272EF83931FEEC057BFF8C8055C279EAC5C0011804828734024F6CFA319C9CC6867C727184465CD9BB7ED386AFFD96B
311
294A85E3802FAE47244602D8273615952B98C4F23F7EAE4463D9D638EEE374A20959E0FE519C4CFB0FBFE5DD80C2AA3F9DB961D1BDE57E67C9BB47B77FDD74EE3094F5DBBE3EBC1FBDB7393F5116263009E2EFE1AF9A221B2AE234C902BF70E9F280ED23E73908361565964333A3F01D0B006AF32FB21AA1316744B489D5A1
311
98E85299241735BE559675130955C902A8ED761FC0DBE337A9F91919AF5CE32AF902ADF9AB2615E00E8A94586BA1A90839B61832FF1BFB76D2EFADE6DB1BA04CCAD3DA649E7E2A0219F592E22F2AD54847EEA8E42271011E9074F8F3DD9FBA6CDF88FFC9FC7E811AD1CA8F4557CE4AFC7BBEDCF0114A48689F20A584520C74
311
DA8127124B767E2FB91A6B186246727BE63C9445BAE02088D58B8EFDC0F1072407CD9B89A13F6303B4A928F593AD489B58E6869325790ADC406036C591729FE14021F94B7796BB11848D463536A092A26F077F94639F7CEEE2A724C66EC885F4A24F8B8A0AC321F8FD149BA529460FAA34E4663C02D41FDF80BCA222D42F0A
311
BFF8490F4FA74C673807C2051D8E467B47B616072860069A9A303ABA9B319D58404461401B0A0F9BE5E1E151C14BC33B32ABE03DDE91708DFAEB15E7C0D593C86BB7D7EC17BE56E57975F077BFD5525F3A1A361D584A75E08CF29FC7B44B2B3085014F3A5A14517377C3F6B8F37E59514C3B12F8AACDEDDA4DFC49BE571010
311
1534CD6FB6DE15B50F11A09472AABA727F0C49D9CB906B158030065F48EB3625E010CEC1D511D0053474B11E6A4F01C0D6EF1BED3A944FDEC70E0DDCDC756C86545910E0DAE3BE3AA9A404574C2995CD5CAF9549226BC94B4F4F0F5F9086F418F6B32346464610D8BC7391D3C3A3CCF04CFC1FB2A3A3170E369511868F14EE
311
A4E5E438CC73DB1F3248AA94B6B2FF33B222FF3D1E7BF146CAD229770158063BCE4F5391964DF62F7E52A7BE0EEA829C9E13C4C147D6F93FE59E111DAB5E4594D6F3CD1AD375EE039930EFE5AF2BB2D41C83C7DABD8C659BAFBE8FAB392CA634F3D15C1D945DB4588D2B0824A4EC928AAC565557CA2F0DAA588CA5BE30B3A8
311
004F7BF005E96CBF891D7F18112A3619FDF530DC8AA64954258E1811789B5189B49B4EB53F5F89F7D37523894F3EB57B373763C91E502F52CC99EB7BDDF933FC324C4FFC2561DFFA7339FAFDD0A4BFBE6D3A8FF9ED1FC49898139864602458968913181918F719CCF5A68B2EE9C1FF050E34E63107003B8120FA982C21B30A
311
874E4F5E4B38D5A8290C4B8D9BE48A0BE31EA995BDC37AC6DE90BA17D259DEF53605D55922FEB1855D915B659FBEB350EE0DFB2F9F766E1C84CC8964B75D08667445EAB966015F63A18A9E0A325C1B3DC628C0D3CB60F767FA93CC65F25458BD23C3B312716E5F40E5858AC06EBA9AB14F95DB99147B832069201541D09A0D
311
856E12C629CF32683760EE855537D1901988D5EBC156676C7DD51D7207CF3267AF1D76C2AD867315E44618015313A98B19941C696FED3461CAA9B5415F918556D7802EDACEFD6B2E45853A9735DFC9DBF7E440F9319F8B6805A973BCCDC76C069A9144E51F187EDCC12FC31B5DEAAF0A76137199B106EC84ADA6B6EE697D4E
311
6A96E007417F4E880E8B1E89B4BCE9D81EF611E2ED8F0C1A6C25F620FAFAAB656A7C42D464880E8AFAB0E0FC8EA38CA9A8AEEAEE3E4648BA4680270A89743CDD3E6C6CBF34B7B640EFA285ABC7EA0A1E28F3CC963D114A80123EE66D0AF7D5380EB41909B605AB4765B709B808590458157E69BA1378FEC4B48CAF6A730E3B
311
E3C5EF2DD1A5EAF94B1DDE50CEB55DDFD7EE9A16747FA4B223359FB1FCC69E1194892BABB93A1D5C4E807AC0EA2E30180811E77A2291F6E7F7FAA5E0F60215BC6024E48DE436C511F0628B8CA189982D4D83CCA17D305A7E923C37941CFDFDCD93ACAF735EF5F0E61BBD3E6C41A59B242790D3A3BAC7064DCD89AA2E37214E
311
C839820949D5CAA31E240D2948E48F690298974A96BA9A8432BC90F5071D6537C9666EA4564796B7AFFFA548077BEEA75F63083435074BA182F3699557397F71548383FDA8CA34D99B981E72835ECDA5DDDC151315173D05A21F651AAF8524E88209E2E7A737ED1045800CE3390050BCFB8BE588DF111617874C62575039CA
311
588EEFDEFEFE319B739DE2EDC147092A262611E159650E787917885EF08F1F51B8F2D8A71D60B58B190FEF9541A1BE94BC19FEA50784DA1419FE4B0FB51B8D36B5FF8E1286FD8AF42B91E59A5F1CC4D60174E764045FD8C57B18209B217F89A62252BD20BE0E63E12B8E8F029FE19E0E8D0870F58721A557082250D5424F79
311
09369376E41666C0EE77CD87CB283F661D5FB6D0DA023CB67320A20DC7BE661E9E1BFE5463085C557DA1FF9BE835733766C3D139F2CF9E2208873AD0EB4814DE9E6BF2CAF81614D4D43906ED1C05A3265CABBFE192770FC2F64F940CB6B17B5F166F133C9AEEAD2641807C3E69515171DD74C4A85311513D6EC9530B3B601B
311
6BA3EBFF3B5C3D2F7D69765141E345F75433953D013ADDF8F6AA7DC3F4A7563FE5C7D367937E2900D7EAD0F9FC9A4A1A9B5BDF1FEF08532660C01C5D6DE22199AA774383E306DAB87E301ABB7D213887F9869D4942D0D71E94B27EDF216A318BD488D45DF84529EF575AF3C3938C0AAA0215B01994153E2054A0B894DA5C78
311
4980633AAD48576957CF4AEAEAFADC7C587368551C73DBE1E57C58AC713303A8BFC258BD04B51724459FF9E24C03A81E0E0679CEB9B348C0DC998FEB9C6D6EFA77D247CC8F92D3848599ED89A23218D0636465AD1CEEB7DC140D7426F83491C4E8E8281C2FB35240918FFECE880CA2A42D70E8B20B34DF5221C7DB0CF90ECC
311
B9C745B37A47E9B716FF7A97B7A252C1F3814DC7B1E1A7F72B8751D524EF7CAE45B0C73B3BE7D08ED39781B380DDFC9AA4A4749C9493DB5BAD07A6EA6C092FBD0E85DB004DF06B8C9D3089C5320187E4CE1846158C7EA7DDAE8AD9AFFF21AA3A1026BB06A259845E8232DEE62811A4DA9CEAB3A4887320B76E2AE5615EAB7B
311
DF738CBDD01F1E64064BC13D9EC53576751CA8CACD58B3CEB0E6CA585BD089B2A59B9FC101403387AADBDBE70586B93D64BF3AD4453EF9C3B6A93817E8346991798601344F79A83C51F3D50F7BF2683A3605F51A72449489E0EE6169C749C60B1035651103AEE24D24E51A759C840DD3FC6504DA6FE107510E447B43461C79
311
D22970B75DE5E1BD3007D1AFC619A4A4A69B5626AF5E9B8374E20677F77E2F8E73DF868E8BEC7EBA7B6A75EEF7205E1AB9486CB642741D6E03FF13FCCEDB1C4AC129886268B01CDF4B124AF797CF784F3C6DEC97A17D4B558070A0F1C04DA4FF9BDBF34159AEFE958479824B3F58EBD1E19088A2AFDE501B6F2052368A3FD0
311
E650A179EFAB1561E1D27527077136E652676C3670F42DCB3352F48F6BC86D2C3B0051727E41A0A4DC6CE2BE9D47F5CAA2935A3C0539AF080665997194ABECD723B08129CC5B6B21D2E7D54CD4D12610E7E9FB8306771A89576C7A982002775ED44F3F744CF21EEBB27A631671D921938AAEE3EB0D19CD1E083727F607823E
311
817BF599DCED5394E37EEBC2E88782E638920CA641EF74D4CDFCDEF06F4278ECB18E31E7E9876F2D783C8BF429C75395F57E98C2B495A3DA077EB3AC3C158608B6B57FE3EA48484D9A480096FCEE0DE880950E7E5A5714131C5C41AAA29FD19AE81AC145FA1B9E85C7169A5AB837B213493DF7E9AA4B5FBF9CDEB36EBD21EF
311
1181B7CF7366AB2A951D01E37AF4EB835D1BE8C117CFBE7625D2EBCDB0B20C5A4B45CED0BCDE3EE8DA9DA78C2E21DEAAFFD1197E463C33CC6A80FB785669B856EFF7A8CCCA2841B5A5369173320B1170C368B2748D81062EA0296E5E2D95D7667A4A46D98A6FF475C76AAB0A8C8D45E226FAFC9FE0133EA9F60111F99CA81A
311
CE03A1D14C89E8B0D69079C91464FA1D99E651D0EAF606F345C42A8A1AA9BA391031582B96D5B4176A77AADB01F12FD298A75DEEBB2C82F0B8650E880722F8DDD90C56A7A058E5FDEF1AC93545BA27367C76F5D8F9690CB6F8DAE141EDD7971F0FB548A2AE435F224D6E5954CA155512F7332029D5A1230854B79F258EC5FF
311
DB09F5F6343A8EB193229B7F7E79B3E48F8E183860B38C8269D1B53738FF1E0BACF6AADA6D4869E9DE708E79B5DADCC09B1BC76F649731CFAF59A83FD8BAE4C749D66FA87A3810D4D62FFE826FA400C0F325D2BC0F3CA35F5847B82A2ACC7961745C823E4D863D54460AF792CE6F79B5C7A33B25C3AEA6CDE15A919B6367D7
311
81E9D44F61BF828672594A3E1D9EDD6DF179A81F27EAC05B936575D73E05C209DDD2115CFB705DF9BBF3C911589B3640735E9E618FC9C36A7326C82B2205E244C55D56FDB9D5DC93CE958D4BF8174D2B3DA54CB3C09F2C2A6DFF73D23B2197355761AD421EC581284A7EF8DE2CE3497C0C804D49B41DFD6A7360844E5BEFFB
311
495CFCDB97A4595911CDBA623274CE852B5E278AF0BEB1770E9D37CD977B2766A7DED0E94B840E1E95E8C77DE5CB6354AF7871427C28ADBEEF7BA0A28E19DE9ACD75F379FE373EAE6DDDAE3834692F9C2B03B4FCA8FCA9ABE8EEEBEBB725B88A7C90941E850682CA04061A7DF0CE82ED49BFAFFD42C309818FAE14755CAAE7
311
8B0F73243ECCCAD7DF58FCB9CDFAE7A4D3E6671A613639130D056C8383C8F4FCF4808C331E544DD26E4755D09EA05253B3049A1E32587CC25D72E073E2CD96D04A71BBCB0038FEC3F53D254199C3CDC67CD66640269431860225392B2CB3ECD0B4498AAE78BA1994246AE1EE78F2EDFB79F6C6CB6B5E279C4D373FBC21CB26
311
98C9ACBBEB6A4BB6B39E16AB0E421CCBFC7654D81ED86022F9BB522146F9F4772E2D0E4FA70120C95A85A417BF5078B232F4754363EB1750B2AC2148EB46B1EA72AD9B4D23ADCBC589D70106C3EC2ABEEED84DFE28E718C6C83502C28E9FDD3B09DA0A6F6F7B72B706A31C9E2A331EE70DA56A083D2177BFD63C55B11D8D94
311
9FAFCF90B23A1E24B9B5018B9A17E99F2890EC302F330FE7936E2C23F0D237EC8916F5166AB84B62A21BB0B950146962D754F92CC2C8877BED8FC7B7B25726DD19545392570B3A2C66B58F027BEF412E552D12A588C4A3CC5C3193FCB3485EFFF700D0B9EEC077754A33DC1FB9E25AF814628F91DDFECB667D3F7690803F38
311
D13F8AE39353523BB08FC6760144AFA2CE28236F65EDBB3D5F59A57D612B99E3D7E5F8A851666BF9B5A6658EFC96EEB37A378ABB0EB3FDDF1303AF32C41BD1C8560745D7BD81066B0D6313359CF488563D3BA3F8E2185D1FAA3EBA1397C9D0E3DD232180A4DCADB6AF25DB3AC3CC26589C8239E66E81547BC7E2F328F98847
311
64CA37EB5DBE390DFC03A5246B456A7C3684C4377D0EEF9A350680FA9A077E8B2957B489E09AB1AD41316944C2254B5984830F691C93CAA767EECF976FA5647538830B5E63236A6F0365C1E0F3E327F24FE35EDDBD7360B0F7374837409F7A6311BECC12B7026D4FA1AE204FA3F5FE904B1F420C7A9044AE58E403E7C4848E
311
7DA25DC9EDAC79DD756FAA26B9EA83ACE8A214A2612A22AFA19DAE7DBAC5F8CDE1292A485F98DAC731A29FE01A3966E96BCB9FB5A4C8830E1B9AF0C54B87FBE221A097036E5D28D1F869F810C06A9BB0AC0612F69AEBAF893C6E7AD59460208BAB3A6B09CA4F6BDDAB8CF0D1F84B72487498395A70DCD754796E271099A567
311
A55CF242BBED64696378BB6CF25EF0FCDB589F3A82F1116D010A9AB9FA4358809EE0C973A2B4229BAA876A70B03AB49CBA7FBE71DB1832FFD32F9BF2C8E98075CACAFB36921235D0F552B6A67E94E094097A5D7DF681B40623DA535ADA7A9AD8E9A62407D7C9A5AE51D62A17A83A23728DE86BB56115804D3F2675F2C6B875
311
41A0FC497BF0CA86420F558C9859EBE9FAD62747E323E3AADC03FDCDDFE7407B09DA90B44E3185723C5381EAEF589765E2F7A099BA46695BAD60CEF3491B8A171F5F56444F7CE9455312C3498C74173AEA0214EC029833B34B650CBB5A5508D5091665309642791708ECF27CF11DB3D797D6CFE474453BD4BFADB768094B21
311
47814D81C7CBAF8228DCAF5564B5891F5EF6A860EB2E323CB82AB868D8EA048880D63B0DE5341F1B3D53297B928A11E15F25E5148990F710747C3509ED14909C552EBE3973246FCE55D00564D8310BC3EBC5085D08D806799B77D6C57FDF5E55837F9E934F09C03C729271B64F12D0A9F9E938107CAF7BF1EC8CF1BB9B4236
311
3D33070F4CACB425E605DDB0A34A12BB936DE286B9887A4E2E558F0886498BFF49C311D96C277CF6A9FC0D75AD0ECC5226D7E0E3572012E56D7FDE4410CEC7A6D0F997F225A2055B8B92E3956E875AE4993CB3D4C9063AF98FD45E1BAB165640A43439A2C9181A7C355B297C0A0CCFFAE19B6FA3C2BA238A885FBC98B8F6DA
311
F4B94B97304878DF4D8BFF6A4AEDF79E90ED4E68F00CD7299F4E0D83E35601AF0CBEF18C1E870E74758FA91F5131075004DB3CFCF09AE1DABC11957FD9808C92E8A678CE9DBE40DDA0E0D1D505AAFBCBA208232BFB6FB3704E8985E61ADE53DE74152F5C7DE74B1DEDCD37DC3E8FB30D7EBA8B9EFFC3606BF90B8D438279CB
311
7709FC7C00D327F41817EEA71CD9E49FE9C8C9A81C70915D9F0F15958EC5AA4C3BBFAF46986B90F188BDB24B89DE3C6F29EC3E6F66D84856EE96A35E657CA41B41EFD8DBFA16AD6E91439EA92B40B21C053249F51AE50EB0B24C770FFAF40DF12C8436366819C48E36547D4E7B72FE2BBF10828583057814A668BDF183F6B2
311
E58DFB151103E56303E63D00F39C27C4661605DB644D19175D02E3F0241E8FC3458D17AAAADB117CE9EEA690D0DB01E634878C04C2C9310B69FCAB831151E3AD293BEF6E46B0ABCECB50F5939B39C613D41E81FAE8D34CAE3C4566B761D37185FE864AC32FCB71AEF39DAA5BAB88609BB980CD2F07A8F941653B529567726E
311
2B2A58D079DD57E1E5E31426CF184A04D7B03B985F276D47406AF276FE32E3328BA866EB1FD39BEF57863A317634AA5FE467409B3873F5069EF0D71AF00AD189D17BA1974ECDB2D623E9E14086386A6AAB5807825C37B015BFE892AFD154920EC437EB945D958E18622E1E0FE2FA06557CE4BB9BBD05A2D40E774DA2B65473
311
791E314B7D6C886820B2FCFE4AA272B3B8B15E7344A145E8AF919B5454D89D36D413E87211186BF6F645E5EC94DCCE8E1C799022E4EC9BC86D7A0F2AFB1FC4B2CE48F84B3F49ECE65BAD24CADCC07EFF39AB06BE9E6B27A059938EA7208838455383DDBCFCD967DDE4650EF92A14FF933C975DB20BD7FEEBC4487576485963
311
D757D16340D9599FEB362F775F38CA4185A86F74B629C81B133644A3B18FD056E997E0734F9BE26D11C0AAFC669E2AC9FC41D281F8B2E1C35AE27BCE05F3DA295488096688719D974DF1B5D182DB7792288697F8763CFB43562C1CDEE11C4AABD5C22B6E33F6F389CFC3477C5919DC0D533F8A7A1846B7ADB60ABDC26C43D0
311
CFC8910B7C15EE22675BD02702ED39DB77A87A192CA7A543E6205B979B9F5A6B512A3CA799E198B2D5797C0AF8D1D872CA455D4D431A7879D4DD76110B5FF7F4176B54477A9EB5E4A5D11214FDA585F0382751D8E2582BA5D2075053298FEB8F1537304E32CB22C2E2B693DC0A760B1DFCA751BDC445AFDCBB12820ED85F6D
311
5298933C7EF1211E9E057684056CDA3FEF3BB6052355E162DF27C59E965A8DDB7F9437EB72CDDA3A090DE65A5B2F50326247B7EC67B73ACC7047FC9B353D6EE990F772207C6EC52B39DC2F3C0754821DAB559F7C1809C7D0DD5B0499D0442E0A6E391B3D5DB46D11E731E6794EC77523FBDAA242ED67F9FA1FB684255671F6
311
3C9BCFE6E7E896D51001A6113EF2298BA494E0B0980D1FA5B9D60796554C02256B1E0345FB7C6186B6A19D2DCA270416262845FA4F42DB5D9B0A0B6F07FCA2E56C242522E001E0CEB734AF310FC8BFB57E38E03AACE93B3326A2197891E68452B26A6307FDABFEE0223D3C03C3C73D2D5BC054C8311F12004CAE488E5C2928
311
7F8156A2CAA4AD0D7BE6B97264E4139F437CE73ADF52E5134C52B819777C18B323A5924E4F67AFD13B1CDC3A61793A79FAF5C0CEB718E441071E797C6DCCB9EFCF7E4A1E9F3DF3C2F9C9E8294E9586868788C972857FB0556D7A26941A7EEB9B580AD78EC40B85DC906B4120A563CA3B87797ED612D3B035962BB75F6515A3
311
93F4CB057F564CDF54F2E5A024514E6A1F901DB80C7E70B1FC05E356A7E72FABF4775B3E3FB8F70A2A8E7B6A94542BB304157978CCC999E707A29CC795E67A59CC546A5D47B368954CA7B6E75EC9E1F6FC73CE3B4F71F8CB1A6B15923D61EAAEB14626AAA9D04A26EB9C66CD1BE86CA31A5D8703DE04CD1EBCE4F5CCB62F93
311
909AD11E55799A781A956ED27D3E738F4538CB04ADABC7DAEF20BC35BA6A90BCC1DC61BA05F20D8832FFB9BC9B15E2DB838A0AFBB7E0C82A562127E0446894F427794C3037186F622BF24DE1B00AA10A23BFA47B2A180D6DA5AD6F7326FEB8C100C2D7142EB2A0B2A9D1008A09BA343D70E054AB69E2A7EDB783CBD92537FA
311
F4A44D1296AC2792729104B3276C276C951D0CF3CF3F1E6B017720A7B8505A5FF9589365979678C36F1BAF759EAF57C60F1FF5FE9DCF5F8E764FF25A2D06CF25117A8FED51884C13B2B750DB0E4F5E3D64124FCF11F0AD8F1CC3B3DA4B38ED22BF1CB2585EE6BFEBBA63FBFD44F9537B9B37BDD6B358720F98A8125AED4349
311
CCFEB0E135F19E208A04CA7E2B10711185D72E381F448036EF57C9F874E54A971CA37A639E986AC0226DC5AA00D5B14FEA9192234B3DE617814FC221C92F33F1D392F297731B567FD98FD91D989379AF567A65B8ADF177591DB90FBEA99BF4ED11B16E50A0AB1DBF1156D034BBE04D69D08F939D8E92BF525A1DDAFF80ECBC
311
95D8F45D3FDD289FD23F7D8B452F8EBB34EC082DEEE68E18EDDF072060FAD2AB1504DD4879BF67099FC58F6E9DEFBF645D16334A3E9A127C6F1AF6132CF287E433B43A0EE93812B4AA0B194E03EE3FF91EF9C6ED0074A2F6EB18A96A7C9890B1FCDA1F2095E944DB911ED54C60DF16FB74C8CE9BDC7C54C4F14078CF73C2FF
311
F1F1BBCCD7CF64F71407EA1683DBC410D226627F66E509060D5C0AFD611DE681D509DB8DD12FB1265B03C6F5C55FF4C30BD94187FF692B4F152982502F193098A789526A038AB529A52BC0DC4FB6285CBAC10A8B8DB75DCD9BDABBB221E27D1F8DA9F5EE5926A1C8AA9BA9BC09239C6A7F12914EA3B59EFF7AAEC3FFCCE56F
311
1C5C2980AD072793527565E774F4631DB178CEEC691B1F367BEA0CF2907E1D6B854D527065979DDEF002D8B2ACEA7CE21AE297737EDE1D45B31233B73FEA35BCFDD0B09721FDBAF6432681F2FD10C3E9EFB246FD6E854B344ACC9D8A0EEF876A7314B49B6A499FC650B099D650DBFEC7638ADFD245E2B7839DA5AC5F7D5623
311
FC0ECEEC8653FC9B2BDD1AD4D00A566FBA7186DD3C9CD26512551637498CADB950FEC71ADB9A5524285DE328B8EC7EC75D2345AEC6A27C42AF6D9B92155315C80DBFCABBB7DA0FAE425C4FB896B15C9BFAC4FE67DF5A23D30C93DA4D8F36FB15D100050DA6062E22AEC5F4DAC4F6FEEF97AE05DE63C6D38F9E068A20BC5E3B
311
6BCD75320C5090924E7F93640A7735B1A43451C2D91EE62C6238B797349E59890AF3A520DF4A87095F3ABEC2E61F0593416CE46CDCBE0E00E2523FCCD04408588B5B6C9DB6459C786CE378770B54F51DA3A5E1DF2A3349BEAAC234A6CF8993B598B3B25B4B113E353A4D750FA7534749430F3EBF2512E7EA3FD43C6AB9A1F7
311
65A58463B306721A15D224FAFE8C6F5E3432D57EE697DA0DD5A9D4866A8BCCAAA9DFF1F06047851408FEC060471D0E3EB86BFAF46E4B5E60311DC3E3CEA147C75CF971BE74689507154FF2D2E92F15CDB2B9182B11459FD8ACAC5A85F174BC94A7F4EE4C4F5CAFA7C02E37BF0BC77B7DCD0C047BC316F562A01A441AFA7931
311
CC84A28CB9F4AA367EB515778F29BFE61195FA671F4352E5E46E3A64773F1F76EE5EB36D7BCE9BCEAD837A4D77F8DB8C92AEEF6711920D7C7D0F76B0FD0EB7AB83724CD35BCA7D36DDDF5FBB7FF6F04A91F3E2BB3B8F1A43CD659639507FF6331C5F697BCC782AE57D757A27D97F1AB9E0AEDB43F92F1B2AACDF5FEC8ADBAF
311
9F814E2027003BA2F9E144B1938A7A04050AE5D953B82C45619165C813A10E76DD6906B3C16438064D14CDA713AEC420034613E1AC7241904A49FBF87409AFB1FCB9B72FE7933A87D8FBEDACECE4EDCF6A4FE9FB94D5DEB74FAB7CFEAE17EE965DF980DCCA2D04134994F9A2E94D2265DA4FE6AA7B7AC15FACAC2B5ABBCD7D
311
FF542C5314FDAB2E1B9D8B65220B8E2B638BE008E8DCA22678C820C5053664D15E89F2D735B51A84955E81A443545E9FF787BE0FA700A76D136C27DA179A7C6E8939E01BE756E19CB292798063D8B97F44E8A27BCF3A614FEB8BE974A718E86F7EC99B53CA35FA24F61F2B07266684623A3D4CF073E511F3A10A8FDAFAF007
311
8C577F4DF9D339FE7862E5FA47CF4344209E5BF76D783B1B48E152AD281B15FCB934DCDA49CEC5706B1EE8B460F435324A5CAD154725E21AB8044B75A557A79F6C807B9340AA3D92503E866F4274412926C8C504E4D5EF8C0E68DD0B028781A6B4054F11CF18941F101C57CCC796773ABC8DED9CD91FE5788806C05E548895
311
354AEAC96546D55B0E94A59F148D061F42AA398D822CDECA4CDE79E13469BDCC44FDC990F366BA5978C15F97ED80CBFD73B0CD9B8B83A4F6845BDFBFAF034019473FB9A63BD55D3A4A7284757071574029A4D016DCCBE95DD679EF3C4880BF169422F8C89B68A988D2B13793CAED4F74DE7486C72DC94DF46B8E93D8E02EFC
311
B1FF9B3BA10C8AE7F653DF94F4AF466CDDCEF5776687F7C4C14B63E4EED1719DC2EC482D7DBCC7AE518CDE3D5FF86D39000EC3673C0044E1D308BF05F74D1B5F033A7D1BE7F74BC55BBE3E4A20F920946CA0271EB17BD2B80E5660ACB8A29A79F5E4BBA49D4D945B6EEF4A7EFEAA65E5555BBB57A7E15D2F83C69F30BBB978
311
D2B39F1F26FC097424D39BB33CA3D87ABF64E307938B685BAD44F71556A30B7E712CA4FE600613C3E554B69ADE949A7CFE214DF1FFF05CB82151EC6FC31950239F94CF7AD39DC473F6EA356E5EC2C4EFA04383CEFE985A127484366FBEE3C0EC4FEA363E4F6632AE781392FD45D67B63FB8DF70E82734F431FD3443172A0E3
311
0A83D60982D55FA6A2CF86DBA8382502ACC6CDEF3B907982EED1160E14863FA242F9757347E1544275CCDCF71ECD5F8621CBEA326B8BA884AD7F825781923E66971F04010D574C541D8427A438A37EEF8AF88240EED7362C953F5A81DE2D56109CDE2524EA0F5D2F87308C0C47BD97AD605878AB8589E17CA83930CB5E0DCC
311
D75853D68B1AB136594926DE426C367428E9334AFAFF90ECE221BB5DC9E5BB53D2CDEF954EAA9CD814F0E5725F1965DD458E5F8487683AD86B9D0076BE3EE91EB1CECC5331A67A3F79D8B27587C12EC2A6A70474749F27B4C0BBAFB94B34189E88DC18964BE4121B9137FD516C7755356E50D6714E31ACD222621EBBCD1CFF
311
81D87479056A9DA0E0B8EA19D24CF937DA89F78E8650CCBDC110AAB6C4E46DCBFD0446BA9E2060E81F314AC2031E88135E5476AC0160EF5C0DD2EEF1B8B5CB2D198BE9A554A9093B5F7D7E4B5407DDFCA1D9C152FD97F55BFFFDFE802954DFEC8995B983E28AC92F1971E28F531DC407A1280EB125F64A72E617EFB27DFBCE
311
DCDA2D6F2BDADA36873EE46B9BE1782998C63DA7182BC383FB6FD15DA472B175D7E8B4FC88F38D6E07FEAA3FA3CBB8F6B449ECF14D2175E5C5CCA3A42ABF24CA6C9395AF74535F4DDB38CB84F56614B0FD32D7E19CA5CF988DB4449C40E23DF2B16772594554579094450F56F253CD25EA7F77366FB1CFE79696C428BB64D5
311
A41E986189427E5E4D7E2DAE3D5BB4972B3DC44EAABDDDD63A2264ECFA5C786EB0EE1FDC5BE34FA0F08376869FD1E61EA06CAE15191135445EE8F0394161C3266A596AA035572BB0C8876180D8B9C77D307DF9DCDF7365ABDA6F3A2366436457A4DFC1F259666569A9E4A79C817BDD5610E5200FCE894A358EC72858D50EF6
311
7545DA81C6FACE3D457BAF70367E1E6BDD9A952FB4F56247F58F523B97E640246051A72F79BE42FFA0B3187F63097F91C48B868586F714B0EBD5A00A8412C1236E1298F60C72BE6C96B82B404CADAA304AE9F303176B14BA53FBC2D5E86377E35542019E24D97B96A49B2C0E5006E7795954DEAF5DA58958839043C6C70BD3
311
B1B33B6DC5C31316D8A6923F142E26F6711A2258AF977DDF1F970ECC4F1F2B434B96D81BEB6E89BF3BBB3C7C8CC80505070723D6D7D7D3C8CA27CA164A26024FED94B12A86031867241DA53D929636DA600F050BC40CE48B8BA03D69224720DEE2ED2127390BDF5E6EA64527BBD4C4C63FA76BB801FEEC0E61218EC98A8A86
311
CD8313781617877E66692839B9468CF4DB8E50A73986E558E309C0D6F676F921BE02F1185454DC75B111572FF9D27D85EA14C05AD7271225B391C4275659CA4A43759D0BA44639BE4C30A84DB7F67A41399FB95CBF923B1B1672ABC807C1590557FB18D811983FA97F5E609516D62281D38B1281F68FC75528C35E4CD7DF0F
311
7DBB5E5DD69C414EBEA2F4A5B241B996BA77AE6C772E367408C633EA3E438B68563EA8BE7667F3A4C4FDEEA52ABD78A2820F443B7914A15F180018D231E64519C56A12F6CA7C8DAE18F06F6B769DBF92329EF6A5D18FBCE600F36BD8E8198DE5CDAA96181F3A756EBA5501CEE58F497EA4F418A2B82565B9BCC611713C0B70
311
8CCA1F398B78C5F7D03B3437CC18F13061F55C7BEDADD5ACB1DB0E36D3CE47FF6EA1A563A57E9649EA5D14D1A50EAA457463381C073777EF1600607BAF6428A7DDC079D47A204EF1E1F1F0589FB054D45E02CE623B3823C317C601E589E22B1E88B448524B86A82828E32345EC18AE17214B42F8C41C6D428016D9BA31DDCB
311
47572561E5A402E5BA4FCE55F78AF7268524AA04130F3A20BA5D1E9F9948EA48FC8F5314FDB35E21898198060034ACE5E3E2BBCA34092518F275190AF65F45867FF0900AA4B81F25427414C372BF51DC29AA855C5428EE1EEDD6B849AD60F6E73475C2D2523F8A2772C840A478DED18A8C5C91B085F255DC4F54EA7AA89473
311
54FD17ECF8FB3B4A0DE7B483CAF3A1165EE05BBA413E5C1FEF3DE1D6B8F2F3F3251C17D9FCAB48A9AAF63AC773A0E413BBC46A9ADF84A566FC920E4D8C52C9769EE3301CADEEEDD92B312E02E2A7E35B7F1E7D203FE5A7D75578B06E99D0E46FFADB8FDA17ED8880390DA29094202D6F645F76F6F96409CDA05495A96E84B0
311
4A00D1A6C6C81D7F3DE9376E828CCF144EE50E364ACCE7237EA0BFB5607ED1AC3CFE73794E5B61739D14DF1743441B1AC98F00ECEDE9E7301FA29755FBEFA68C91EF2B314CF510537EF1ABFC9A762496280B546F5EDAAF8A5B387D469FC9A878A92828C88608453ACEC6094DCA54111E7AD5B2663DFE2DD151B7F123B9F4FE
311
F8EE36AB125FD7AD52A59B1B765B3E3F73E3F73DEA93875004D2AFFE3CDE9493B87A9904DD052028949041A91DC0E1BA47BA714343FD5B25E0A6A09503AFC17C790058A836A324FE31D7893512E28230332F153181C1E018E1124EBE1BA262AA428A518237D1EA7275E48C5C561BD19ED6912EDD8367DA0F31E40EEAE9683D
311
A9257525AEA7B632B97119E17145A90231768A4F3B9120FF32E8319B015E3CBE26F1A754177D8185345817C096B0CE443A955D13AC15E1FB5DEEA0239EC32A3C92241A237B0B02FFCB4F93CF2B02570C8D192E2F2A68CEEB42F12E6F8CEEFF46C251E22B4341C56FB08CCE550E7A9D6F4D6564B9EA52A83D5BF2C6E03FA19D
311
2775E15A8A7ACF30A13C259EE7F5EF2AC3BA354F1500E1A07FC63FB4686E2F12EC69719F9ECF5FE3F35598DF2CE944008CE78F0911BA5BE5D0A34E0098FF038669C26030BA9B300303039852A8F6F496341737CA7E0D2E3AAA36DE0A70AA7D9CA0D54D9AD84B18A44C9E625475E1C97B93BEBB38DCE7D227E67A2D00F53143
311
6136355F243D1FC0D712C5765754FA22FCFFAE97919161F46D6E61ACB37D83777B385889770B50765B127768443A5C4D3A4E35A3151111F146B7CA116F918A049F1C272F2CD7976C69A0068773451659A97E0F4A08FE604C3FF6CE7385DB19F4D3ABC8A0D80DA8A42096AC377DB49382B36E270B6FA7570188B4B7D1DDDDA8
311
2ACA487CCA5D38BD3BD039ADBAFA4ACFF27809239B722081E2EB9F145320553D183F28471C388BC8814E5045676767AB58A8E72D1CED2CA731379515D2E533E4CF0B39DFC625F97AC4836831A4DE330E87A8126FA17EBE583D614E71E22A8DBF2825599743E0640037303E8E1B1E8EA4E1ABFA4F62907B5E4E0E5DCFDAB417
311
C36C6848A2B8D15F1E505434C0707E16B1CFC2A1C36A42BBF55734F8F4301DDC2A5110CEE8C0747F69519265012A2174BF4E955ECD4FDE095A3ABC70536B7AD0B9D7892F81287D667C108703C9B66A221E9A0929D030008F77FF6F5D2108EF5706FC87A3069B976F7C9FC3239D13D283CDEA83597461079FEEE049B0F39288
311
9898B7D87D31F8D60ED7B56B91823A8E4EDDB36C6172ECEE42BD42B12CD67994FA0F0DFAE9389356F4CD4425A4B8AA55CBF7ECD585C6A2C2316791E43D5C06841ADBB226A87FD61515FFBB0167B74E56BD7F3E90A57A97FEDCBDF483A0D6699A8C0849CAEB4947FAA90D8E332D9DEBD9F4738C37DA0CAF9CF3DAA68BCB67C4
311
20459C7A64498D6E848E5CADE92BB6901F607AA331104A67F7CD650EE169B1DAE94D2C31C2F993632259B6957E246EFE4C5481107B07118607700040E5812A2A2A38DA0076875258C753F60E0F2662C748EDD5F3F3686B8FC3BD6FE631ECCAA1E8B1C1E565AD117E54893E79F4672E32F9E46B2A183DFDCF3EECB4D4D077DB
311
EA0DA254D256045109670050129E9B9B1A9E4A11344D61497A992778095151510C4BB7EF2009B63AA4360635312E4CF668B7E0D3D85A8688E2BD83B569439892ADB63461930D428E0DE42E4AC57CE48DA5CC1449530D8BD3D6A0F08DF20C8E8F570F2CFFFCEA286E30969B4654D498A58D9DA782E19FE3F002181838925592
311
C4A1EF0B332D88B61A92C644547BED490D3A42CFFAB70E36D961F694F6307F72FF15A1C79D5B1B5CEFD353D9E2B52566DEC8F8F09CB3E8359C0F68EBBB7898243E34E12A015B2685AB303C04D3A9E00671FF3DFF0A184E4A2ABEB2B666AF5B3A209C73D8EF29DCDB069C9F391EEE9DD0F74C7BCDE16F8F02E3B8816122BBEB
311
50665775B600549D8BB33A54A6BF940C028118BC6878C79958D6784F9DEAA6E26748386FFAF8D0D0101E2847B6563F5D8DC1D78F787BE00E2C941AE12148D4A81599FE8F68D4DA5CDED75530ADE138240300EE13B0FC13A1687FED6774662C05A2B7DFB186732F0D7A93545D8B0A6390AE5054D9CB582DA846D7A061B3358B
311
45E2B52DDE63E114397EDB7E09233A579155D795BE76102CF277F4DF8B188C4F2879BEAE3C08347124BF9ED23B128259FE107D31E34A652F090B30B39E0D9AF917B76A2806135621A8A60681F16AF216514BBD02711585B5B1AE823F4B2D0369EA5B6BCB863072727FFC871CA6C9AB79A814D989057E9470A3D238BC87CBB4
311
A0EA49AFE2B86F22E499793CAA9047080450166BDC357524561E258C77CB697F1ABB32562CF87C3B7AA12F911EF19FB3E5C02222E887D08202A60A17151F5E053A86B437771088B4FEE14D652C43E8D939995D34545E12E2FF93D4E366EAD25F10CB7DED141563C3D0C447AF06078A91135FD4B9611583CB4BF3BD167F2399
311
CEAB0E0100F8FFC305F00F1711717173138B4B48C83022295DE657EFEDD97F238ECA80F528AFB4F8D67AD4E2594B9A3AA86D7487EFC313BA95745C186F0CDD84CC12DC9CB0424B42203D351FD9C0A3AF10CC7F388E0329279087386421F194F4A29464C1DEF7EF8BE515E4A199DCD5B909342598D8FE6A231F71336248D5CE
311
C5454455C7BE383B3BC7B260FED27F703FDC39A170F3827239102F59D4DEE7FEF82EAA1A5E4BA94DCC4CC44E7E2EDE20F24244E4454369D2E87C3F823F193FD4FD27E1C23984B01898D15ABC20711A8A558054951A6AE280096BA36CBA439603B7B0B4C45F248C14B2383B4B5CD8ECECE4FF859AD4A6CA2326D020EF090F40
311
41D28DB66E5256B56232CC52829DE8060BAE6BBF37D4B7469B822454FE93210A3E8D15E69FFCF01123222611C51C4FD0A041A0CFA2471CF6BE38D2B20FA4C3525B5B8B586759475CF80ADFE67A284AC24651E52B8E683D24C2622642F27E7C3C22783BCF63648BC398BD6CD0D9C97E7E7E3EACB6126DB7A6C1FD9F1031302E
311
E67ED96F22B77C7CA0239BB324207559B105E4693EB26EC46182A92C9C0DBD24F29B31C5C5AC1F84300E0E17CEEAC15F5736FA4A98971E2F1423BFCD68D4BBD5F86E74B40A369F39507C88FCDB35D2DD8DEBEA4AF999E23CF2816D204200DF6E611781B9884C1AC8888B4DE397320472959434323A5A36B22A8E1F721A270D
311
F3BD65E4A31C11FF048AFB0D8B7B6881423793963A23CFCE935FC189ED36FAE35C46DA3574C979E4394BE52084F3081837BE033396D2EBD80F1F691B273F660D2B32FA27A33B1DE4ADA5F0FA4651511102DFA410DDA86E065272CA314D5249DF91B06BB92807B28EFD54F08F7B525252782CD276DD02E6B0319B13DF87B1F6
311
361AD6B28FC0D711CF445429B9E5A433CD493051C49A9E03DDB1B147D880253514A5DED88009018620EE229101C041950E2D8AA8E1F5F5438E0C0C0C60EEDEE9E3E0C051948C69F84BB7B2A48A1F3C8EB9E6864687F4F4F6F6E2FA87608ADAF9C5E117B7C1A737E710769DA1D15ECE6A84502AA855398712D5FB51BE92E4EF
311
824969CE18278798AC303C2C7980DD2500ADF8FB1E6D6C2FAAFF9987178923334A244758BAA01A9A1B70FA5097D01E1CC2A58DAD0EC94CE6430AA9B0C10D75E3C6BAC670EFBADEE1607739CE0FC18A2587E3EC3058562014C64219C69BC269082D5C2F4A659278D585755912176D78A1B641719C2A394CED495A1AC5D583FD
311
2F5EDD93308EA7EAE8A6DD396598BDBD3D4CFED62D18A5BDFDE0DD5C80D1A89BA62697B131AE7CE9A6594138582F1B37D68F1749AC7CB67A70695D48A4A056AC1FBD4E82358CEAE38F54B95A9016F9000F9879C0D9D131768635CA798895F27D6F1614F11F2838A83611AA51C9A3DDB539D42979C29F10465655C17BEC3E27
311
60B80DCBF609198C7B171A531905F3EC218D696025975E986C6B4C666666787271F202805577DD5A3EF0CAFAF91B62DC4B2DB4217A7606282F31D8DDBC290593BAA93EA6353AFA9939B877978481E15CFC9F2755CDC00C538F63A4BA3E80AE009B73CA0185687D339A507D165B74290D6EE46D5C58148F020C3668ABE9EF2F
311
7549170DC80DB41FFC1D678FF19AEB10C7133832B104B80F691B3138F97A92D26E551F1F110400D45AC71A9B9AC41A1A1B1DAEED0B0810638EFFB511D46B121C6FEA0F38CD00E03CFFEB9713FE1F9C263E4DDEC160D0497FA9A132BA608584057FB15380825DE6C7FC3C667EE947D488A09898D8E939C4953BF4EC9836344D
311
2CC6B2971B2A21A572B06096F4982D2CC7232D46E8EA69DC83722E267754D777F97F96D5DA74E1E75178084D0E70F12AD33E5F71EF2AFA599B2BEBF60A5BE475F444F240CBFE8143C334E7ED9150FEEFEF7EB020C4DBED388DD1D6A167A76F3CBF119B578AE8CFA7736ACAFA4440A1C47185638A0D2F3EB5BDDEFDA958FB13
311
CE4AA4923D5BF840392D45544329525749734866684BF7F8D9D54D892E19BCA9F829A0F8BFCBEEA6CFDFC61D74EA1A645ED7A1FF241739F15694BD835B66FEC5677E40FE69BD3F91AE402F036537218A401CB0828604AD189E575015C6F3F6BBC8AC79CF6C70653847254B31551EFCBEB5978B9DB85D58D0FA41A9DFE9C624
311
834AA04949D24B5AE6D299E072D152D12097920F14AA92C31C3B97E28B6C2E6E9C23D63043ECBBC0A60FDF5BD0C33C127EA8A3308B8B6AFFEB28B4455BF6E7AF4FC6222728357EB8E46E85053E6A8843AB23295BF838ABDA94658FEF3F832F147046B4ACD6F7D48E8FCC9618582961C898D1C7A253C91BFECBDA6BA18A1FCF
311
70755DCCEE2222F41B76D23CA98D0CB3D95F0CF66D57FFF65E2A90F5DF40FC3187621E981BD0BC1D992787212688976B94A8F0C6EF646624B570B78E068826F87CE27041A95C9A4871FF65CC17FCB1639629AD6A9517000D63AC231F3D741CB8430777E7ECF80CE7A3F73C0F162F7E56AA71F4DA80A33CD6ACEE78E2C11FAC
311
03DAFCE929B106F8F6B3ED2DC71FF994BD9CEF4E9A94896EF1B6E2B7B4978168BCF0847A3D2A4F1B0500B926E634B174548E9FBAD27153FB5FC36799B1E6C7C38A94E1F9E996796D7B485E635D5287A2AE76FBD11A341DB3F8F810385BB7296391973DC6C37C452A9305AEBBE0CDB6C566DB59FE60C8E94B1FD090354BF514
311
39FFD1B48D725228FFA88C84F686F547107A7A235665A4593B7C34D748C1AC8D56DD5DA861EEFBADDECBBD65117E65851F90351AEB65F0EFCFF4BCFEF24CB7A5879699FAC437A7AF9099186CF006BB923A59E37D7A36A29FD8D2CBB914A5E9D0A8FD212FBF796AE9A67958FF1D5D8B85F78F96219D4714EB919929241B6C01
311
8AAE0C02069F8D919961EC5DDFBFB7573E3AC8E08BFB7C8534BE6DE045B3CD63DBD71F7638BA2309CAE398EA3A7D8F98BBBC7AEB367EFA5CFA27A9F8F2F52FE878058E6209C026453F8E7E8A237DFC389E9590F6059B397CFD65183BBF936E86896612A5B5FEE49DAC8455D026218AFEBEC12B3523A45B57B82C9C97E02ACF
311
A1184DB18E48CF615DBF39C3CC6F0B4AE6BBEEA2E39D944E290302FA3DE33FA7E40296E2EF7BF1CD855BBECFAD0FD622BEE9746FC4FDFDE545AE6E3BC234CADF83A0FB76DFB145BF3828AE3436368AC24989454F8FF70A177672C711CAA1A76107218CF948CA01F873520E7A2B118EBB161ABAD432932029628B6761590C98
311
AB590C8C8C79798CE9F715BA696E839E9131A4BB68BE923F1747FBFF165331FFDD4D05997ACD168F12CA75348DAC04C7F509FE83898A8B421181AF492861CE81E4A2DD0A30850CFA95E05F097FF70F9E777310D584A75BA7018922E271DAB1D785671157685B7D383D3E074DDB4F1E44EF04B07BAAC75A062077C54B9752C7
311
38C9D804D402E02851F3F89605AF189738C18C021D2139EAF72513824E10DDD3047BACC8521ED7E98B257D1166903B1B08FA6F918FD7E162913FEC7D0EF4787E29C35FBA8C6E2C9C20E9AB30AE42CA2A01A090E7D010C1B5BF9CEE2A304BF3A987FB40D836979B79E18D70F257DA61E808472DD85B82761825779D6B90CAEB
311
0F23360C6F80A7D7D77545E95B3DFF0CF96A827F9B5BCECD2C9698718417EF80FEEDEE938AFF55859D0D540B7FE09435583A6F04874A0C7E8CF234DF4879722000167F5872CEC6BF3EF7E5A8CC8121E6A359227C8A29C95212F9F735BC72A887D56B8F309FC525BFB4FD767AAEC4AEFF249CFBBD2DE1AB9969A6155C7D8DAB
311
C307E47324C1F916C7BCFF40ABA5644E9FFB9238D19ADADA49D9610F01ABBA57E4DFCBDCCBB2B93C8953206C91DE01B0E2651A6D6C31721915B31F7B7CBCE55466F6D70402788FA91D73BE4ADCBA99A35F17D6B83383704917D6833F0FA3CD45C926ADB8BC17999A4A0AFBCE2541F7B8CF4C2F5FBA611B3E626D64407CB32C
311
122DFF4EF8674D6EDBB86C8F7C6A16D50FA685E2CCA34F8F7D1D8265BB0042E9D7F1F666F7BE5FAA5184DF58E12122A42EF02F461B3F369AC746F96528AD208512AB56844CF75B97F352DF7995024FB02855385854F3798670D01CAC771AC3E1889EC25F61A20C1F8CAB46898817F9C47E2CDA1F286BF2F358298709FE567C
311
91133E2638C8B53975E753EA8BFD3578B5F7186B7BF084EBA3F77BAC3132A5779902EC22AF2D2E79F42D324E083386DAEE9810D1B44A5DAA54513C7A71E52A4AB9257D975B621308FE4D2141CC3DCFE946C154A3C1DFCCA7629EC69ACFA831634ADDA93C0388D2A9A2DDAFCF957C6995BCE7FBB6DC4EBAE79E63EB08E9A25F
311
52F67076F7093CA545CA3053B5BF576DEAD4E0017143C5F759F32B2D6F145B52B67B48909B7C7FCA6586EE385A2189C16932CB6DDFD9152AE317C430492A578ED27B72D85D40C7C93C097939E1B50F4D67F05334FE9DC362C30B7FF561B95259138ECFD9274C8D695C31B14D4EAA9F3D7FA8DDF652F8C5DEFA23284C799B7D
311
94416DEE81E05A866302DC70192A5368EA65E1CED8BF107A1E2D3119A71E85DC1A7B0C1E93274CE04DD0F2ABC8AC7C987FDB002B6F81757B43502EF7A0D92E416494FAEEA4C9C090CD9557AA4D532F4996A272B94355C5A0E4974EEA9627476F30809B94D8D8D860062E02204643BEC7D0438AF800FC7E2B26955D595421E8
311
3C69E1A07E0E3122285835F014AD538188CF9737CE76D464A353FA55A001AB2526B84E985083693BC76FE211CA1D000679C889E3C009832C87E1AC2EDD05C302557422DF0800E316FCAC86978A371F025A6C7DAA9F333E7BD160403A1A06EA75AA9888FF01504B0304140006080800EE888E4B28BB58AF800100009E050000
311
3D00000041333445344333362D464236452D344645422D413745422D3137383831373242384530392F536368656D61732F436F6D6D6F6E536368656D612E786D6CBD544D4FC23018BEFB2B96DE15493C78601010A34B880709DEDFB52FD0D8B54BD70DF6EFED3AC0B12E6442E2716BFB3CEFF3D18E26FB440405EA8C2B1992
311
E1C323095052C5B8DC842437EBFB673219DF8DA659866649B798C078B48AE6410122242F2A4994AC7F93815DF85C049C8564CA0A901499DD886B2EB9B1E02448F358701A9235880C49A0119892A20C89D1B9FD768815CAD268CB5E0355B40B1E47F3E37A2020464BED06AA57CE8FCC20C3C3446D46761A2632A8C1283D0703
311
1EFF2AE7CCB1BFEEE916E406DFAC8E36FFD99A9D60A6944090EEDC3B670C7DC13DE86B6B2C5C240D6E503BB85ACD579D513F1B9F9A69DC9CC22AFA80C426D40AF0B21EA168559156B6276F0F726A6BFF04DCD513A87A62CAD41FB24FCB2858B3952E3D852084DA25B9303C15687973CC8E8AAE11DF2836C38C6A9E765E8C1B
311
A1BFB1DC29CDFE518C8B5A7655A4ED7E77291ABEB80DBD82EC866ADE1B8D05AF9E35CF09D7A061F38A986D9EC412B8F0F65E5D81534D9B231D1E5A8FE577A241F3A5FD01504B0304140006080800EE888E4BE336299B9F040000341300003E00000041333445344333362D464236452D344645422D413745422D3137383831
311
373242384530392F536368656D61732F47656E65726963536368656D612E786D6CD5585B6FE238147EDF5F61E5BD1498E9A895A02398AA5D1E2A5665BAAF96710C78D6B9C87168D95FBFE7F81242134A968E469A4855437C72AEDFB965F4F53551642B7421B3741C0D7AFD88889467B14CD7E3A834AB8BEBE8EBED1FA34951
311
08B3E01B91B0DBD1F3EC8E6C991A470F22155A72F73CBABC1D4D5921DCD1934863A11F990102A6F61466977B8AC49FB13C174CB3940BE4504A22E3713489B7F82406516225536940BD88E4E552493E8E564C1522225AB0384BD56E1C195DC26FAB13882C2EBD62E1FF9E5B0FCC453132C99548446A1872B62267078F1EF14C
311
3DB1DD1952DDBBB384AD456779F387C51992E0ADCE12FED2622BC5CB1952FC9BDF3295E9206E961AB116DA7ACE45F76F07A26EFC3FD762FD7362FC3C0BAA4DB34C09E682CA5167BADCD16CF94370E331E2F1A3D852008AAD5D64BA2373478338AEB1583B905396D158182655E1B938D07926CF007CC7E85E6709999B0D3827
311
C0BF406BEF55C68CF5579DA32C8C85BE03EFE788787E8FEC95DC85C3E31A615658D81F9A34499612004CE69CAB12531B15A887ACA642C110F8C1A8C1974A85853F407794695C905C688E69B116550ACA946B9B4785FC179E0E229240B62665328E86D5BD2C800CF5D80289F35AC25E3DD51508F4BF9A74A0F5A557BB3D284B
311
C6FF59312E282F956A75C5D453906F48D11A876599E49425602400842995BDF02C4D012E226658F78A710416AC552831FDDEF0E6F0BABEBEA9DC36718CCEF4DAC5A0DF871AECBDD8F448F015F8DA113A473609D1751672B723874B2CAB21ECD6E284E51DCC7D1A47A00F60EC21DC4CC3CDC406DC03760A4E6C772F2F4D561A
311
9AE58C4B03F5B4838701472139EDCB36819A66C472B52AB1139C648956F43E0DAEC067B56B0818F5961D3D446B8F1E1E78C0EAD7EE02AF2895D813E88AC5014A7B436DBB20F778D40A1D9737EFE45B47D49CC8360F9966B15AABAC802C1005548A93EE469F5D55317CD8BF0AA86CABADB2A009D4D6F60CFE53AE370AFE8C45
311
415B15D362A5A038E766E34B00F8C2E3E7098E2093B1C96349FDAEA158903B4BDAEA665F473FECE72186E3BDDCACCADA31839CD6D4FA7D47DF5469006ED340EBE71DF960DDEE88A3E17557039B58C278A1795BA8079419DA8FC5BA1BAA1A66238BF69C7B2BE4E6274839122B7D00BE8B7D52CF61B2D63216046008C8B330FC
311
10F8907787DEF061F47965BBA02FD8F53BA12F9827614979F53563D0BB1AD67A03DC0E00E2FB2CF3EFB457E70E65A3D7C78E7D700DBB45132AE9BBA5E468CD861408961AD8B00A55C2FCC677F4456039FD9F1907A5B3E2D0EE845FDBA2DAFA88C64195671AD6D282DA2E45B1F50A0D632B0D0B6718757DCC7C84A70A3656F2
311
22CDA6DBF07E204AB358961D1BE31E53A82C2C0D56DBF61A5608B5A252A932A1DC6E32462430853353EA30417C8199A662E946A4EF352268B8CDB9A9C6762515ACE8E09BBC031C608A02C4BA89C9DDC074E46E0E26A17BCBD4ED43270D03E3645ADB81F6D62CC07A3243EB81C07E01681DDF2DB4730631E6DDA6CBBD048BE9
311
F06AEB3CF06B31DD6C9575E37E9FF17161342C4C76D95519672A6509E0F5C4E71B4B1916440059F57D0921F496237E473A83E3E4E06353BD9D27593594D7B6707C08D22FEBDFBFFE03504B0304140006080800EE888E4B8DFFFC99640100009B0300004500000041333445344333362D464236452D344645422D413745422D
311
3137383831373242384530392F536368656D61732F52656E6465724D6174657269616C536368656D612E786D6CA5535D6BC230147DDFAF08799F5FDB600FADA20EA430D968A7AF12D36B1B481349529DFF7EF9A85A718860DFDA73EFB987734EA3D16FC5D10E946652C4B8DFE9610482CA9C8922C6B5D93CBFE3D1F0291A6B
311
0D26A3255464182D920FB4233CC629881CD49C18508CF000E3EE309A100D61622AAB4A8A33B2483F11CB639C545B0E1508438C3D3C0361192846DB7ACD198DF186700D182920B914FC1063A36AFBEE8FBA03FFD3CC1D1F4FC9E151A2AF59F628C5B7821D83FDFD3489305080F2EE04BF962195FB285E9D2DD352320A9E827A
311
E357594914E42B1F5FE35F83688F60C4C91A6C946ED0668E8F244BC2EB0BA6E3BCCFC0B6A4B507F9F9F8D51EB315D9BA9E08D308E89F96931666E577837E2B4172199C68C4FE306156D47DF51C698C7B9D97FE5BEFE2190C3C38BB054E6E8163FB039CB4B993C80BF18D969203116D6BBD26238B821F9BB909AD6D9C71B85B
311
CD8C33D66FEA3D31B4BC0AD45BEA46BBEDDFEC0F504B0304140006080800EE888E4BD48060D151000000570000004700000041333445344333362D464236452D344645422D413745422D3137383831373242384530392F4173736574446174612F41737365745461626C654F66436F6E74656E74732E62696E536160603031
311
757271337175D2B5743172D135313672D5B5303772D6757174B534367231757336311402AACB4D2C492DCA4CCC492C28484D2C4ACC4B4E050A82012F90744FCD03CA26072767A4E6260200504B0304140006080800EE888E4BC55C663656000000680000004500000041333445344333362D464236452D344645422D413745
311
422D3137383831373242384530392F4173736574446174612F53747265616D56657273696F6E5461626C652E696E665D8CBD0A80300C06F73E4B29FE6CDD8A2E82A083B8B7F209014925C9FBA3AEAEC7DD2555D896CB85E51C2A1BD834F6A1F56EC4494C4695278364ABB24ABD2146F88CCEBB89D5321FF8F3F43D672A3B44
311
DF3CB6A1710F504B0304140006080800EE888E4BCDFF7FC537010000A20400003600000041333445344333362D464236452D344645422D413745422D3137383831373242384530392F4173736574446174612F636E782E786D6CCD94316BC3301085FF8A1174B4649B424290154ABB646AA1A143B78B7C4E4464C948E7D2FE
311
FB4A898796944E19B21EDFDD3D3DF44EAE3F075B7C6088C6BB96D5BC62053AED3BE3F62D9BA82F97AC582B19BCA71F182B1C0CD8B25C664AEE839FC6B9D4610F93CD556BDC712E3EC488B4859DC5E7FED13B42479115DA428C2D8BFA80037098C877188FBC03025EF380D14F41639A4466C079920E08841D534D552FCABA29
311
EBFB6DBD58558B55B37C9722934AEEBCB7336FD2B2E0C7BBA6D2E7BD4C55526440C9299899CAAF61EA2F957C679C148954325248AECC1DF435A60E18476B3450324F784D486582100629CEB09222BBF0CB8B27EC8D33B96593A401F9F0920462208337E8C97F6AAFEFCDC64502A7F1961DB9D4787D1F5E4FBFE8ED1CCB536E
311
6E2F2D971AB971FD15B2224EE72445275F17F50D504B0304140006080800EE888E4B08F90D9BE7000000600100006700000041333445344333362D464236452D344645422D413745422D3137383831373242384530392F5265736F75726365732F34354244463445422D394432442D343332452D383732432D444145393332
311
4435464334312F7468756D626E61696C2F302F636E782E786D6C4D90C16EC4200C447F25B2D46342882AED6A45D89FD8532F1525DE142DC1084CD5FE7DA1E5B0A7B1C64F9667D4F5FBF0C317A6EC28AC20A719060C963617F6150ADFC7330C57AD12113F61300473E00ACD06ADF64425766BC3BB29BEB9DE854737770C989C
311
7D8F6187C17A93F30AD97EE26126539836CC8F69336C263925CC5492C57A80DD81FD804D681837D0CB2C4FA35C46F97A93A7CB7CBA2CE737251AA9D50791EFBC0B8C89E2CB325BAA63A8FFCC4A3440AB925CA75A08D04FCF2951975A654E357F87F82756C8C4E89D355C6B12641979AC109A43897F582BD1F256F92BA36AEB
311
46FF02504B0304140006080800EE888E4BA233C2345D000000800000006500000041333445344333362D464236452D344645422D413745422D3137383831373242384530392F5265736F75726365732F34354244463445422D394432442D343332452D383732432D4441453933324435464334312F7468756D626E61696C2F
311
636E782E786D6C4D8B490E80201004BF42E6EE76F3C0F216234B883063108CCF170C074F95AE5473F5C4C06E932E4F28601967600677D21E9D8092EDB002539227A2FCCB80E1168D80A6417297A89C5D6963B7129A0D1E8F2EE73AA7B62BBEB8B27DE50B504B0304140006080800EE888E4BBE89762363000000880000005B
311
00000041333445344333362D464236452D344645422D413745422D3137383831373242384530392F5265736F75726365732F34354244463445422D394432442D343332452D383732432D4441453933324435464334312F636E782E786D6C4DCC3B0E80201004D0AB90EDFD75167CCE820A4A845D83603CBE602CAC26799919
311
AEEEE0D965E2E908050C6D0FCCE04C8BC355404EB6198129C92351FAD580A10E464065907C8D948F8F166375F655BDC3FDC3B4E530A176BE7057BDC43B2A593FE403504B0304140006080800EE888E4BA6CDF3E17E000000A30000003600000041333445344333362D464236452D344645422D413745422D31373838313732
311
42384530392F5265736F75726365732F636E782E786D6C4D8CD10A832018465F45FE7BB765C60AD4A8B4F7886521331D96638F3F1D5DECEA83C3770E6B3F9B456F1D76E31D87E27203A4DDC3CFC6AD1CE2B1E01A502B58F0FEF8BB0172D3A639640C82ADC1C7D78966BD4CD1666A8D7B9E9056BD1CA9EA712389C4B4240AD7
311
773260D9A9A624B21A075A24E39A9534BF5EDA9C175F504B0304140006080800EE888E4BFD41167D0B010000550300003400000041333445344333362D464236452D344645422D413745422D3137383831373242384530392F536368656D61732F636E782E786D6CCD93BD6E032110845FE58494F28EE314C996C5E12245AA
311
3449AA7404D63632B0277EA2E4ED03170A5B4A9714EE60F4693533B07CFFE96CF701211AF43361C3483AF00AB5F1C799E474E8B7A4DB0B1E10D305463A2F1DCCA4CA44F063C0BC3449C341665B556BFCB9890FE81CFA1775022749A7AC8C712671BD0E3227D410CF8396490E6C08103107056542320EDA04154026D0444C23
311
DBF46CEAD9FD2BDBECC6CD6EDABE715A49C1DF116DE38D4F1070B99B4685E5E88BA191D30A089E8369544D41C4A5BBA1F4C16921048F2994161A99BE9642CA65B146C954CAA22BF8C3084E6BD8ABC88FE0211875AB99AFECFD5BE867F01AC25379A960A4BDD5ECBFB9FC5B0574DD80F20DEA42886F504B0304140006080800
311
EE888E4BE3603EBE7A000000C20000002C00000041333445344333362D464236452D344645422D413745422D3137383831373242384530392F636E782E786D6C6DCD410EC2201085E1AB90D9DBEACE05D09878023D01A1D34A8419C380F1F82DA68B9AB8FDFEC93C3D7C52546FCC12980C9CBA232824CF63A0D9402DD3E10C
311
6AB03A3397DD192872090D3406ABE7CCF5B5D18893ABB1690CF4DCF02282E5EA8A5BB96FFE536F285CB347F95BEFFE81C9ED5AFF9D5B1FB575BB00504B0304140006080800EE888E4BA93B3DE27E000000A300000007000000636E782E786D6C4D8CD10AC22018855F45FE7B6B369906EA98E1DE63343724A761337AFC3476
311
D1CDF9E0E39C23FACFE6D1DBA6978B41023935806CB8C7D9855542DE17CC01F54AA418F7BF1AA0306D5642D5A0C49A627E1E6AB6CB947DB5DE85C72187961A7A6B3B3CEACE603A1A8D07568230CE09BB686E9A6B599CEBA4E0F75758EFD517504B0304140006080800EE888E4BCA1DF9C9A900000073010000130000005B43
311
6F6E74656E745F54797065735D2E786D6CA590410EC2300C04BF12E5DEBA70400835E500FC800F84E0B411AD13252E2ABF27A55740421CEDDDD9B55CEFA7A117778CC979527255565220197F75D42A39B22DB652EC9BFAFC089844F65252B2630E3B80643A1C742A7D40CA8AF571D09CC7D842D0E6A65B8475556DC0786224
311
2E78CE904D7D44ABC79EC569CAEBA537E3521C16DF5CA5A40EA17746733E0B6615DE7217475F386F18B9481C510F1F021CD9FF027EA0E1F5C4E609504B0304140006080800EE888E4B3DEE336E64000000790000001B0000006175746F6465736B2D64657369676E2D7061636B6167652E786D6C35CBC10E83200C00D05F21
311
DCA56CA76D41FC96062B120735B69A7DBE268BB7777961F8D5AF396893C2ADB70FE7ADA196782C2DF776D7A97B5933C430F15651E5469C55D70F80A4992A3ADC954792C525AE70A1E4D6AD9816CC044FEFDF01FE3FDE907802504B0304140006080800EE888E4B250A02E4F700000096010000370000004133344534433336
311
2D464236452D344645422D413745422D3137383831373242384530392F4173736574446174612F636F72652E786D6C8550CB6E833010FC15B477032646A0C838029A3FE8A937CB76889560233FAA7E7EED40A5F6D4D3AE66676677875EBED667F1A99CD7D60C80CB1A0A658495DA2C03C470433D1417469DB5E1170D0AC357
311
35408681D1C5D9B81D90B02628935163A53A40EEBD0A5088676A06F0E2AE565EF21812C33FCA8D8B075F5489CB9DC7688C5A1E522D939BBE69E580B513394D045FD1349209113CF768C433466DDBD4EDB523F33477B4CA6246835E7FB60BA77850125853E30EE10661F28EBB73DD9D9BFE835699C9A80F2EFD7C2CCDDF011B
311
F3D56F3C705AEDD33FAE7193FFBB466DC2A9395C77850786D391AF01A3554E29955784A9E644D937504B0304140006080800EE888E4B49E0327BF20000008E0100006800000041333445344333362D464236452D344645422D413745422D3137383831373242384530392F5265736F75726365732F34354244463445422D39
311
4432442D343332452D383732432D4441453933324435464334312F7468756D626E61696C2F302F636F72652E786D6C8550CB6EC32010FC156BEFD88660D98A30516CE50F7AEA0D01715162B07854FDFC42EC4AEDA9A75DCDCECCEE0EBB7CADCFEA53FB609C1D01D72D54DA4AA78C5D4648F18E06A82E9C79E7E22F1A5456AC
311
7A840203678B77693B20E96CD4B6A0D6297D8022041DA192CFDC8C10E4875E452D52CC8CF0A837211F62D135AE771E67291975488DCA6EE66EB407DE4DF434517C43D3954E88E27940573C63D475A4ED6E3D9DA7B9674D117316CDFAB35D7A2DA256C0498B7B8409C2F40DF7E7B63F93E19D3585C959883EFF7C2C2DDF016F
311
59B3A37FDCD2A6FE774BC6C61339DC7645008EF371AF01674D4927975774B99624F937504B0304140006080800EE888E4B45C433E6F8000000960100006600000041333445344333362D464236452D344645422D413745422D3137383831373242384530392F5265736F75726365732F34354244463445422D394432442D34
311
3332452D383732432D4441453933324435464334312F7468756D626E61696C2F636F72652E786D6C8550CB6E833010FC15B477032646A0C8380A287FD0536FAEED102B60233FAA7E7EED40A5F6D4D3AE66676677875EBED6A5F854CE6B6B06C0650D8532C24A6DE60162B8A31E8A0BA3CEDAF08B0685E1AB1A20C3C0E8EC6C
311
DC0E48581394C9A8B1521D20F75E0528C4929A01BC78A895973C86C4F0CF72E3E2C96755E272E7311AA3968754CBE4A6EF5A3960ED484E23C137345EC988089E7A74C513466DDBD4EDAD23D33875B4CA6246835E7FB60BA77850125853E30EE10661F286BB73DD9D9BFE9D5699C9A80F2EFD7C2CCDDF010B8FB87E18AE175A
311
EDD33FAE7193FFBB466DC2A9395C77850786D391AF01A3554E29955784A9E644D937504B0304140006080800EE888E4B3C4C29BD0C010000B10100005C00000041333445344333362D464236452D344645422D413745422D3137383831373242384530392F5265736F75726365732F34354244463445422D394432442D3433
311
32452D383732432D4441453933324435464334312F636F72652E786D6C8590516F83201485FF8AB9EFA82046DB204D51FB0BF6B437A2B425ADD0082CFBF983E992ED694F971CCEB95FEE61A7CFE5997DA8D5696B3AC079099932939DB5B97510FC15B5909D385BADF5BF6C9019B9A80E920C9CDD561B5EBB3459E39549AAB1
311
B3DA45E99CF2904DCFF8E8C04D77B5C85C061F1DEE91BFE4F4903795E37CF37116829EF7A89EE3367DD56A055E0B5A098A4724CE54208AFB169D718F515D93B21E1BDA8BBE61450A73E6F5F2439F5625BD9A81931237081384E91B6E8E657324ED3B2B929333E7D778F30E4DD701A7B5182E7414E8309001D18A8CA86D488F
311
86F378A8C8505F7A8A59B105FF00C36BFE1F18B4F115D9815BC2018F0BB70FCE8A54601CDFEDC699CAE65F504B0304140006080800EE888E4BB15665B9F8000000960100003700000041333445344333362D464236452D344645422D413745422D3137383831373242384530392F5265736F75726365732F636F72652E786D
311
6C8550CB6E833010FC15B477032646A0C8380A283F50F5D49B6536899560233FAA7E7EED40A5F6D4D3AE66676677879FBE9667F189CE6B6B06A0650D051A65676D6E03C470253D1427C19DB5E1170D0A23171C20C320F8CDD9B8EE90B226A0C9A8B133EEA0F41E0314EA999A01BCBAE3224B194362F847B94AF590372C69B9
311
F1048F51CFBB54CFC94D5F353A10EDC80E23A317329ED948189D7A72A613256DDBD4EDA563D33875BCCA62C1835E7EB62B8732E00CA2A969476843287BA7DDB1EE8E4DFFC1ABCC14DC07977EDE97E6EF40BCA1B7D129F4BCDAA67F5CE33AFFEF1AB509876677DD141E044D47BE06825739A5545E11A69A1315DF504B030414
311
0006080800EE888E4B81163B9DF6000000940100003500000041333445344333362D464236452D344645422D413745422D3137383831373242384530392F536368656D61732F636F72652E786D6C8550CB6E833010FC15B477032646A0C8380A285FD09E7AB36C87580936F2A3EAE7D7062AB5A79E76353B33BB3BF4F2B5BC
311
8A4FE5BCB666005CD6502823ACD4661E20863BEAA1B830EAAC0DBF685018BEA801320C8CCECEC6F580843541998C1A2BD50172EF558042BC523380170FB5F092C79018FE59AE5C3CF9AC4A5CEE3C4663D4F2906A99DCF45D2B07AC1DC96924F886C62B1911C1538FAE78C2A86D9BBABD75641AA78E5659CC68D0CBCF76E114
311
0F4A026B6ADC21DC204CDE7177AEBB73D37FD02A3319F5C1A59F8FA5F93B606FDB9D9E56FBEC8F675CE5FF9E519B706A0ECF5DE181E174E23660B4CA19A5B205986ACE937D03504B0304140006080800EE888E4BF655A18402010000D80100002D00000041333445344333362D464236452D344645422D413745422D313738
311
3831373242384530392F636F72652E786D6C9591CB6EC32010457F05CDDE0F6C3776234C9454CE1774D51D8589831283C5A3EAE717D7AEDAEEDA0DA0CBB90377861DDEA73B7943E7B5353DD0BC0482465AA5CDD8430C97AC0372E0CC591B7E60408C98B0874506CE4667E3BC49D29A8066518D55B889C27B0C40E43D1D7AF0
311
F28A93C8450C89F0B77C16F22646CC69BE729C053D7D59A543115001AF4ADA66B4CA68F34CDB7DD9EEABEE85150BC959D426D4D5F6184EAFA8889D438A04FCA166C57A9DB0A8D50669953EA92F1A1DF063DD0CCD53BDCBCEA7DD9035E7E1941DDBB4D0B6EB685B9DBAA17C4C459299331F5C6ACD566469C25FEDABF157B438
311
AB7F465B1D1E38FD0E552C7DE6ACF81C42DA9799F00F504B0304140006080800EE888E4B5A9B245306010000B201000008000000636F72652E786D6C8D50416EC32010FC0ADA3BB671B06C459828B6F2839E7AA3862428365880A3F6F785984AEDADA74533B33BC3B0D3E732A3A7725E5BD303292A40CA4C566A73EB610B57
311
DC013A71E6AC0DBF64808C58540F0906CE6ECE6E6B86266B8232093556AA0C0AEF550034CDF1D1839FEE6A1185D84254F847B18AE9216EAA20C5AEE32CE8E56775724A042581D7156931A931A16FA43D56EDB1EEDE5999949C6D9B96D94ACBE8AEAF5A39E0CD400F0325173C9CE98029193B7C2623C14D5357CDA5A5E330B6
311
AC4CCB9CF9E0E29FF3919833202F9EC997953BC5D987B57316C4501259337F01AF5899883FA1B755FE23B436E150E783FB86074E62A017118D538371BCEA8D33B5CDBF01504B01021400140006080800EE888E4B217703132F010000A80100004F000000000000000000000000000000000041333445344333362D46423645
311
2D344645422D413745422D3137383831373242384530392F4173736574446174612F446566696E6974696F6E4974657261746F7250726F706572746965732E62696E504B01021400140006080800EE888E4B963262F3090100003002000045000000000000000000000000009C01000041333445344333362D464236452D34
311
4645422D413745422D3137383831373242384530392F4173736574446174612F496E7374616E636550726F706572746965732E62696E504B01021400140006080800EE888E4B88E57597CD3F0000904100006B000000000000000000000000000803000041333445344333362D464236452D344645422D413745422D313738
311
3831373242384530392F5265736F75726365732F34354244463445422D394432442D343332452D383732432D4441453933324435464334312F7468756D626E61696C2F302F67656E657269635F706E67504B01021400140006080800EE888E4B28BB58AF800100009E0500003D000000000000000000000000005E43000041
311
333445344333362D464236452D344645422D413745422D3137383831373242384530392F536368656D61732F436F6D6D6F6E536368656D612E786D6C504B01021400140006080800EE888E4BE336299B9F040000341300003E000000000000000000000000003945000041333445344333362D464236452D344645422D4137
311
45422D3137383831373242384530392F536368656D61732F47656E65726963536368656D612E786D6C504B01021400140006080800EE888E4B8DFFFC99640100009B0300004500000000000000000000000000344A000041333445344333362D464236452D344645422D413745422D3137383831373242384530392F536368
311
656D61732F52656E6465724D6174657269616C536368656D612E786D6C504B01021400140006080800EE888E4BD48060D151000000570000004700000000000000000000000000FB4B000041333445344333362D464236452D344645422D413745422D3137383831373242384530392F4173736574446174612F4173736574
311
5461626C654F66436F6E74656E74732E62696E504B01021400140006080800EE888E4BC55C663656000000680000004500000000000000000000000000B14C000041333445344333362D464236452D344645422D413745422D3137383831373242384530392F4173736574446174612F53747265616D56657273696F6E5461
311
626C652E696E66504B01021400140006080800EE888E4BCDFF7FC537010000A204000036000000000000000000000000006A4D000041333445344333362D464236452D344645422D413745422D3137383831373242384530392F4173736574446174612F636E782E786D6C504B01021400140006080800EE888E4B08F90D9B
311
E7000000600100006700000000000000000000000000F54E000041333445344333362D464236452D344645422D413745422D3137383831373242384530392F5265736F75726365732F34354244463445422D394432442D343332452D383732432D4441453933324435464334312F7468756D626E61696C2F302F636E782E78
311
6D6C504B01021400140006080800EE888E4BA233C2345D0000008000000065000000000000000000000000006150000041333445344333362D464236452D344645422D413745422D3137383831373242384530392F5265736F75726365732F34354244463445422D394432442D343332452D383732432D4441453933324435
311
464334312F7468756D626E61696C2F636E782E786D6C504B01021400140006080800EE888E4BBE89762363000000880000005B000000000000000000000000004151000041333445344333362D464236452D344645422D413745422D3137383831373242384530392F5265736F75726365732F34354244463445422D394432
311
442D343332452D383732432D4441453933324435464334312F636E782E786D6C504B01021400140006080800EE888E4BA6CDF3E17E000000A300000036000000000000000000000000001D52000041333445344333362D464236452D344645422D413745422D3137383831373242384530392F5265736F75726365732F636E
311
782E786D6C504B01021400140006080800EE888E4BFD41167D0B010000550300003400000000000000000000000000EF52000041333445344333362D464236452D344645422D413745422D3137383831373242384530392F536368656D61732F636E782E786D6C504B01021400140006080800EE888E4BE3603EBE7A000000
311
C20000002C000000000000000000000000004C54000041333445344333362D464236452D344645422D413745422D3137383831373242384530392F636E782E786D6C504B01021400140006080800EE888E4BA93B3DE27E000000A3000000070000000000000000000000000010550000636E782E786D6C504B010214001400
311
06080800EE888E4BCA1DF9C9A9000000730100001300000000000000000000000000B35500005B436F6E74656E745F54797065735D2E786D6C504B01021400140006080800EE888E4B3DEE336E64000000790000001B000000000000000000000000008D5600006175746F6465736B2D64657369676E2D7061636B6167652E
311
786D6C504B01021400140006080800EE888E4B250A02E4F70000009601000037000000000000000000000000002A57000041333445344333362D464236452D344645422D413745422D3137383831373242384530392F4173736574446174612F636F72652E786D6C504B01021400140006080800EE888E4B49E0327BF20000
311
008E01000068000000000000000000000000007658000041333445344333362D464236452D344645422D413745422D3137383831373242384530392F5265736F75726365732F34354244463445422D394432442D343332452D383732432D4441453933324435464334312F7468756D626E61696C2F302F636F72652E786D6C
311
504B01021400140006080800EE888E4B45C433E6F8000000960100006600000000000000000000000000EE59000041333445344333362D464236452D344645422D413745422D3137383831373242384530392F5265736F75726365732F34354244463445422D394432442D343332452D383732432D44414539333244354643
311
34312F7468756D626E61696C2F636F72652E786D6C504B01021400140006080800EE888E4B3C4C29BD0C010000B10100005C000000000000000000000000006A5B000041333445344333362D464236452D344645422D413745422D3137383831373242384530392F5265736F75726365732F34354244463445422D39443244
311
2D343332452D383732432D4441453933324435464334312F636F72652E786D6C504B01021400140006080800EE888E4BB15665B9F8000000960100003700000000000000000000000000F05C000041333445344333362D464236452D344645422D413745422D3137383831373242384530392F5265736F75726365732F636F
311
72652E786D6C504B01021400140006080800EE888E4B81163B9DF60000009401000035000000000000000000000000003D5E000041333445344333362D464236452D344645422D413745422D3137383831373242384530392F536368656D61732F636F72652E786D6C504B01021400140006080800EE888E4BF655A1840201
311
0000D80100002D00000000000000000000000000865F000041333445344333362D464236452D344645422D413745422D3137383831373242384530392F636F72652E786D6C504B01021400140006080800EE888E4B5A9B245306010000B20100000800000000000000000000000000D3600000636F72652E786D6C504B0506
311
000000001A001A00210B0000FF6100000000
310
504B0304140006080800EE888E4B000000000000000000000000370000006662782F44384335464530372D333338392D343230302D414534382D3242383133444231313043442F617474726962757465732E62696E504B0304140006080800EE888E4B000000000000000000000000350000006662782F4438433546453037
310
2D333338392D343230302D414534382D3242383133444231313043442F76657274696365732E62696E504B0304140006080800EE888E4BF270F1330600000004000000360000006662782F44384335464530372D333338392D343230302D414534382D3242383133444231313043442F747269616E676C65732E62696E6366
310
60600000504B0304140006080800EE888E4B88E57597CD3F000090410000420000006662782F44384335464530372D333338392D343230302D414534382D3242383133444231313043442F7265736F75726365732F322F305F67656E657269632E706E67355B773CD4FF1FBF73E71C0E67EF7576C9DEF3EC995D46C6A1EC50
310
46649CBDF79E192942562825CE965D8A868C2842C8DE9FDFD1F7E7F138F7078FCF6B3F5FCFD7EBFDFEC41B196891913091804020321D6D7513FC77D8C5070EC3FFEE51B21F068154CC75D455CC028A3EA68992803810109FDDE5D5CEC5521B28A1B422BF80741695D5B529DA1C2D058AD2388BDA9F476F7C2CADC939304173
310
DBF48A452BF8A700C0C70C3D121C1AA15A5270C22E2B9E28763651F7DA0D12CE11077B2ECD0D560B5E3DE2368B1E65C5E1C87384A4CC5F2D9FB8BE39E9B77C753783A37998F5CEF1B4FEE553463245C9712270880DF339E0B882A6BA713D865F6F384C842D440934EF264F4A304F8DE4EEFA1E2BF5E2D91F5ADD9613D6E31D
310
DB33ED31DB1D7916CAF091286EA3D31B9CFECB78BB0060245B943C4C040119FF780A74DD308BA9D028678674EB5504ECF284EE814DAED07440BAF649BE4B55DA2890F4D73E2D489A59EE54FDB0A85B59F2F52C4858A02705C4815A792B0C4A996A2023ECB195073E115E3E3647F64243A8338F2000BCB58DA5692C7E7C3D41
310
3F963FEDF3CF00FBB0F831A9D51360FECA43819F527B89FA260EB63C5DA676830AA3626A3693B23F1A17A0DFFCE3EE164E31B5365EDF0C89EF64D8E38AB0BA9A1117D7C3A0EC44F44F4023095E80BA610DE336D0F99593A88BFC5306E72DF98F7FD132ED95878DF2964EA7E43071359FD83B2BDF9C6B5BDF768F0F3C0FC351
310
199526F53D9460A34511F75D1B63E488178569472C91A94497807A3FD4A390C6558F26D416365C3656DE6E769DA9D8FC73774E1709812842DD8EF96AED1960F79D21B395CDDFE6F92CB4EB962A4668C76990E2EF29798C8941D67DA50F4A5F947872460F1F6FDB794E8A29FD7AC0C0D6E0714339CE258FB17AE8535221E346
310
4A10F29A0BE5EEECEFC5675926A89F49EB14E5711894F6586DB5754EB4D5DA9C6437EBA57DB97A24F8B8A8DB295FFD73266CF57E82694DF5166DDF93573AFE9C9C5EB05F8FEF8E89E0A8917B0B3724DB7BEBB53252581EFC3E38166BA131A3A5B42FE2AD00A769BBFA4458D2DE7822F8C4F63D0B8E21B285AE13325F3410A4
310
35C648C9D91FDEB109E73CEDA7BC796961AF79175E1A3CE4C5E8B0D009B0C9E29EFD98BC8E97554E3D8D838424E270F7685226E5AC268E021EDE3522D583E8F20C0BDE2959EF5BBFEEDAB32FE9A3ED0E39F211A86AA9DEBFC68182EDED132AB8BB794442D2D7EA9F4D8BFF52BC4D55BB165124EE90A42D101E67BBBB292FFB
310
4F66DE5BF2300E44546757DA7CEF8932BFC9F92A0707953491A55C5A5ACEDABD9FA1AEA01BAC3DC5A24E22E7C47213493996EFBC369D086ED9397C9BA6C7F9855C7BD5E15BFC8C53DB3D2A4C5901A57ACD2FBDF4D1676E95338B2C2BCE65FDA4C64F5FEFDC7D9CA5AA1FCF11E193F2FDABF0F4916BF13FB916A224380E6462
310
A9815F2300DC49CC4DF8D055CEF76462F4B7A7ACA7365C2707891370BC1D0AA6203C44CCAB47084FEC057F27FFCD57F89B8B9852459798A675C66BD7CE572CAF71FF7E6D7ECF7BF62CAB7B3F1107DCD04DC55A3F9961700286141C94A4F771FEB2BCDA2DDEE0CB0BAE402FF1DB0100F8E475DFFFC074DDB4498AB7D186A765
310
4DDB1CB680D703D47CEB4E72F8CB13D86A4AA68116E26387B93FD6738779B34FEDB8E517EDF2BAF28D9BE93A1D3A164320E07D42E514725C29515FF361754213EDE06B079A2E99EB1CA82A02019EADEEB87B9AF005BD04BBCECB14AACD6B24EFBE482194A97DD32400685FF1FEF1544D1B14EFB1E7F08E6D2CD2AF52DE757F
310
35F5E62332EE88EA26417AD5C3E0E319D68F25414E6D672BD4522B278C57D18F0113921C71D96527E091F00CEB15AE23D24667369BD3CEFA10C7549D930890BA4366F4EBC55F01F746109F98ABCDD5A3EE06619C6AD78AB33E48E4C9BD21BF7478B385EC05C4F8987E2C1BFA0A60EBEDAA0AE0B015C2720ECE180FB6F2DEFB
310
EB822D96338C9B63822183BBF52FB664A7AE57003AABCE512BF77E7E31BDA2E739AC4C131657DDFE5225E900FB56CC01CDE808FA4A9C9DA16AC679656BB64796283D89812B8F91136AE18EE5EBBAF47A73BE3C153EB5D4CD491B4BFB4FE690A4CF9ABA08C0D8AA64220C438C96EA6CA80B58FE5761E697B3A292EB9FBDA502
310
FA863E49FE694ADDFFF9D62C520BDD1A22014147A0903A05B9B729F54272EF83931FEEC057BFF8C8055C279EAC5C0011804828734024F6CFA319C9CC6867C727184465CD9BB7ED386AFFD96B294A85E3802FAE47244602D8273615952B98C4F23F7EAE4463D9D638EEE374A20959E0FE519C4CFB0FBFE5DD80C2AA3F9DB961
310
D1BDE57E67C9BB47B77FDD74EE3094F5DBBE3EBC1FBDB7393F5116263009E2EFE1AF9A221B2AE234C902BF70E9F280ED23E73908361565964333A3F01D0B006AF32FB21AA1316744B489D5A198E85299241735BE559675130955C902A8ED761FC0DBE337A9F91919AF5CE32AF902ADF9AB2615E00E8A94586BA1A90839B618
310
32FF1BFB76D2EFADE6DB1BA04CCAD3DA649E7E2A0219F592E22F2AD54847EEA8E42271011E9074F8F3DD9FBA6CDF88FFC9FC7E811AD1CA8F4557CE4AFC7BBEDCF0114A48689F20A584520C74DA8127124B767E2FB91A6B186246727BE63C9445BAE02088D58B8EFDC0F1072407CD9B89A13F6303B4A928F593AD489B58E686
310
9325790ADC406036C591729FE14021F94B7796BB11848D463536A092A26F077F94639F7CEEE2A724C66EC885F4A24F8B8A0AC321F8FD149BA529460FAA34E4663C02D41FDF80BCA222D42F0ABFF8490F4FA74C673807C2051D8E467B47B616072860069A9A303ABA9B319D58404461401B0A0F9BE5E1E151C14BC33B32ABE0
310
3DDE91708DFAEB15E7C0D593C86BB7D7EC17BE56E57975F077BFD5525F3A1A361D584A75E08CF29FC7B44B2B3085014F3A5A14517377C3F6B8F37E59514C3B12F8AACDEDDA4DFC49BE5710101534CD6FB6DE15B50F11A09472AABA727F0C49D9CB906B158030065F48EB3625E010CEC1D511D0053474B11E6A4F01C0D6EF1B
310
ED3A944FDEC70E0DDCDC756C86545910E0DAE3BE3AA9A404574C2995CD5CAF9549226BC94B4F4F0F5F9086F418F6B32346464610D8BC7391D3C3A3CCF04CFC1FB2A3A3170E369511868F14EEA4E5E438CC73DB1F3248AA94B6B2FF33B222FF3D1E7BF146CAD229770158063BCE4F5391964DF62F7E52A7BE0EEA829C9E13C4
310
C147D6F93FE59E111DAB5E4594D6F3CD1AD375EE039930EFE5AF2BB2D41C83C7DABD8C659BAFBE8FAB392CA634F3D15C1D945DB4588D2B0824A4EC928AAC565557CA2F0DAA588CA5BE30B3A8004F7BF005E96CBF891D7F18112A3619FDF530DC8AA64954258E1811789B5189B49B4EB53F5F89F7D37523894F3EB57B373763
310
C91E502F52CC99EB7BDDF933FC324C4FFC2561DFFA7339FAFDD0A4BFBE6D3A8FF9ED1FC49898139864602458968913181918F719CCF5A68B2EE9C1FF050E34E63107003B8120FA982C21B30A874E4F5E4B38D5A8290C4B8D9BE48A0BE31EA995BDC37AC6DE90BA17D259DEF53605D55922FEB1855D915B659FBEB350EE0DFB
310
2F9F766E1C84CC8964B75D08667445EAB966015F63A18A9E0A325C1B3DC628C0D3CB60F767FA93CC65F25458BD23C3B312716E5F40E5858AC06EBA9AB14F95DB99147B832069201541D09A0D856E12C629CF32683760EE855537D1901988D5EBC156676C7DD51D7207CF3267AF1D76C2AD867315E44618015313A98B19941C
310
696FED3461CAA9B5415F918556D7802EDACEFD6B2E45853A9735DFC9DBF7E440F9319F8B6805A973BCCDC76C069A9144E51F187EDCC12FC31B5DEAAF0A76137199B106EC84ADA6B6EE697D4E6A96E007417F4E880E8B1E89B4BCE9D81EF611E2ED8F0C1A6C25F620FAFAAB656A7C42D464880E8AFAB0E0FC8EA38CA9A8AEEA
310
EE3E4648BA4680270A89743CDD3E6C6CBF34B7B640EFA285ABC7EA0A1E28F3CC963D114A80123EE66D0AF7D5380EB41909B605AB4765B709B808590458157E69BA1378FEC4B48CAF6A730E3BE3C5EF2DD1A5EAF94B1DDE50CEB55DDFD7EE9A16747FA4B223359FB1FCC69E1194892BABB93A1D5C4E807AC0EA2E30180811E7
310
7A2291F6E7F7FAA5E0F60215BC6024E48DE436C511F0628B8CA189982D4D83CCA17D305A7E923C37941CFDFDCD93ACAF735EF5F0E61BBD3E6C41A59B242790D3A3BAC7064DCD89AA2E37214EC839820949D5CAA31E240D2948E48F690298974A96BA9A8432BC90F5071D6537C9666EA4564796B7AFFFA548077BEEA75F6308
310
3435074BA182F3699557397F71548383FDA8CA34D99B981E72835ECDA5DDDC151315173D05A21F651AAF8524E88209E2E7A737ED1045800CE3390050BCFB8BE588DF111617874C62575039CA588EEFDEFEFE319B739DE2EDC147092A262611E159650E787917885EF08F1F51B8F2D8A71D60B58B190FEF9541A1BE94BC19FE
310
A50784DA1419FE4B0FB51B8D36B5FF8E1286FD8AF42B91E59A5F1CC4D60174E764045FD8C57B18209B217F89A62252BD20BE0E63E12B8E8F029FE19E0E8D0870F58721A557082250D5424F7909369376E41666C0EE77CD87CB283F661D5FB6D0DA023CB67320A20DC7BE661E9E1BFE5463085C557DA1FF9BE835733766C3D1
310
39F2CF9E2208873AD0EB4814DE9E6BF2CAF81614D4D43906ED1C05A3265CABBFE192770FC2F64F940CB6B17B5F166F133C9AEEAD2641807C3E69515171DD74C4A85311513D6EC9530B3B601B6BA3EBFF3B5C3D2F7D69765141E345F75433953D013ADDF8F6AA7DC3F4A7563FE5C7D367937E2900D7EAD0F9FC9A4A1A9B5BDF
310
1FEF08532660C01C5D6DE22199AA774383E306DAB87E301ABB7D213887F9869D4942D0D71E94B27EDF216A318BD488D45DF84529EF575AF3C3938C0AAA0215B01994153E2054A0B894DA5C784980633AAD48576957CF4AEAEAFADC7C587368551C73DBE1E57C58AC713303A8BFC258BD04B51724459FF9E24C03A81E0E0679
310
CEB9B348C0DC998FEB9C6D6EFA77D247CC8F92D3848599ED89A23218D0636465AD1CEEB7DC140D7426F83491C4E8E8281C2FB35240918FFECE880CA2A42D70E8B20B34DF5221C7DB0CF90ECCB9C745B37A47E9B716FF7A97B7A252C1F3814DC7B1E1A7F72B8751D524EF7CAE45B0C73B3BE7D08ED39781B380DDFC9AA4A474
310
9C9493DB5BAD07A6EA6C092FBD0E85DB004DF06B8C9D3089C5320187E4CE1846158C7EA7DDAE8AD9AFFF21AA3A1026BB06A259845E8232DEE62811A4DA9CEAB3A4887320B76E2AE5615EAB7BDF738CBDD01F1E64064BC13D9EC53576751CA8CACD58B3CEB0E6CA585BD089B2A59B9FC101403387AADBDBE70586B93D64BF3A
310
D4453EF9C3B6A93817E8346991798601344F79A83C51F3D50F7BF2683A3605F51A72449489E0EE6169C749C60B1035651103AEE24D24E51A759C840DD3FC6504DA6FE107510E447B43461C79D22970B75DE5E1BD3007D1AFC619A4A4A69B5626AF5E9B8374E20677F77E2F8E73DF868E8BEC7EBA7B6A75EEF7205E1AB9486C
310
B642741D6E03FF13FCCEDB1C4AC129886268B01CDF4B124AF797CF784F3C6DEC97A17D4B558070A0F1C04DA4FF9BDBF34159AEFE958479824B3F58EBD1E19088A2AFDE501B6F2052368A3FD0E650A179EFAB1561E1D27527077136E652676C3670F42DCB3352F48F6BC86D2C3B0051727E41A0A4DC6CE2BE9D47F5CAA2935A
310
3C0539AF080665997194ABECD723B08129CC5B6B21D2E7D54CD4D12610E7E9FB8306771A89576C7A982002775ED44F3F744CF21EEBB27A631671D921938AAEE3EB0D19CD1E083727F607823E817BF599DCED5394E37EEBC2E88782E638920CA641EF74D4CDFCDEF06F4278ECB18E31E7E9876F2D783C8BF429C75395F57E98
310
C2B495A3DA077EB3AC3C158608B6B57FE3EA48484D9A480096FCEE0DE880950E7E5A5714131C5C41AAA29FD19AE81AC145FA1B9E85C7169A5AB837B213493DF7E9AA4B5FBF9CDEB36EBD21EF1181B7CF7366AB2A951D01E37AF4EB835D1BE8C117CFBE7625D2EBCDB0B20C5A4B45CED0BCDE3EE8DA9DA78C2E21DEAAFFD119
310
7E463C33CC6A80FB785669B856EFF7A8CCCA2841B5A5369173320B1170C368B2748D81062EA0296E5E2D95D7667A4A46D98A6FF475C76AAB0A8C8D45E226FAFC9FE0133EA9F60111F99CA81ACE03A1D14C89E8B0D69079C91464FA1D99E651D0EAF606F345C42A8A1AA9BA391031582B96D5B4176A77AADB01F12FD298A75D
310
EEBB2C82F0B8650E880722F8DDD90C56A7A058E5FDEF1AC93545BA27367C76F5D8F9690CB6F8DAE141EDD7971F0FB548A2AE435F224D6E5954CA155512F7332029D5A1230854B79F258EC5FFDB09F5F6343A8EB193229B7F7E79B3E48F8E183860B38C8269D1B53738FF1E0BACF6AADA6D4869E9DE708E79B5DADCC09B1BC7
310
6F649731CFAF59A83FD8BAE4C749D66FA87A3810D4D62FFE826FA400C0F325D2BC0F3CA35F5847B82A2ACC7961745C823E4D863D54460AF792CE6F79B5C7A33B25C3AEA6CDE15A919B6367D781E9D44F61BF828672594A3E1D9EDD6DF179A81F27EAC05B936575D73E05C209DDD2115CFB705DF9BBF3C911589B3640735E9E
310
618FC9C36A7326C82B2205E244C55D56FDB9D5DC93CE958D4BF8174D2B3DA54CB3C09F2C2A6DFF73D23B2197355761AD421EC581284A7EF8DE2CE3497C0C804D49B41DFD6A7360844E5BEFFB495CFCDB97A4595911CDBA623274CE852B5E278AF0BEB1770E9D37CD977B2766A7DED0E94B840E1E95E8C77DE5CB6354AF7871
310
427C28ADBEEF7BA0A28E19DE9ACD75F379FE373EAE6DDDAE3834692F9C2B03B4FCA8FCA9ABE8EEEBEBB725B88A7C90941E850682CA04061A7DF0CE82ED49BFAFFD42C309818FAE14755CAAE78B0F73243ECCCAD7DF58FCB9CDFAE7A4D3E6671A613639130D056C8383C8F4FCF4808C331E544DD26E4755D09EA05253B3049A
310
1E32587CC25D72E073E2CD96D04A71BBCB0038FEC3F53D254199C3CDC67CD66640269431860225392B2CB3ECD0B4498AAE78BA1994246AE1EE78F2EDFB79F6C6CB6B5E279C4D373FBC21CB2698C9ACBBEB6A4BB6B39E16AB0E421CCBFC7654D81ED86022F9BB522146F9F4772E2D0E4FA70120C95A85A417BF5078B232F475
310
4363EB1750B2AC2148EB46B1EA72AD9B4D23ADCBC589D70106C3EC2ABEEED84DFE28E718C6C83502C28E9FDD3B09DA0A6F6F7B72B706A31C9E2A331EE70DA56A083D2177BFD63C55B11D8D949FAFCF90B23A1E24B9B5018B9A17E99F2890EC302F330FE7936E2C23F0D237EC8916F5166AB84B62A21BB0B950146962D754F9
310
2CC2C8877BED8FC7B7B25726DD19545392570B3A2C66B58F027BEF412E552D12A588C4A3CC5C3193FCB3485EFFF700D0B9EEC077754A33DC1FB9E25AF814628F91DDFECB667D3F7690803F38D13F8AE39353523BB08FC6760144AFA2CE28236F65EDBB3D5F59A57D612B99E3D7E5F8A851666BF9B5A6658EFC96EEB37A378A
310
BB0EB3FDDF1303AF32C41BD1C8560745D7BD81066B0D6313359CF488563D3BA3F8E2185D1FAA3EBA1397C9D0E3DD232180A4DCADB6AF25DB3AC3CC26589C8239E66E81547BC7E2F328F9884764CA37EB5DBE390DFC03A5246B456A7C3684C4377D0EEF9A350680FA9A077E8B2957B489E09AB1AD41316944C2254B5984830F
310
691C93CAA767EECF976FA5647538830B5E63236A6F0365C1E0F3E327F24FE35EDDBD7360B0F7374837409F7A6311BECC12B7026D4FA1AE204FA3F5FE904B1F420C7A9044AE58E403E7C4848E7DA25DC9EDAC79DD756FAA26B9EA83ACE8A214A2612A22AFA19DAE7DBAC5F8CDE1292A485F98DAC731A29FE01A3966E96BCB9F
310
B5A4C8830E1B9AF0C54B87FBE221A097036E5D28D1F869F810C06A9BB0AC0612F69AEBAF893C6E7AD59460208BAB3A6B09CA4F6BDDAB8CF0D1F84B72487498395A70DCD754796E271099A567A55CF242BBED64696378BB6CF25EF0FCDB589F3A82F1116D010A9AB9FA4358809EE0C973A2B4229BAA876A70B03AB49CBA7FBE
310
71DB1832FFD32F9BF2C8E98075CACAFB36921235D0F552B6A67E94E094097A5D7DF681B40623DA535ADA7A9AD8E9A62407D7C9A5AE51D62A17A83A23728DE86BB56115804D3F2675F2C6B87541A0FC497BF0CA86420F558C9859EBE9FAD62747E323E3AADC03FDCDDFE7407B09DA90B44E3185723C5381EAEF589765E2F7A0
310
99BA46695BAD60CEF3491B8A171F5F56444F7CE9455312C3498C74173AEA0214EC029833B34B650CBB5A5508D5091665309642791708ECF27CF11DB3D797D6CFE474453BD4BFADB768094B2147814D81C7CBAF8228DCAF5564B5891F5EF6A860EB2E323CB82AB868D8EA048880D63B0DE5341F1B3D53297B928A11E15F25E5
310
148990F710747C3509ED14909C552EBE3973246FCE55D00564D8310BC3EBC5085D08D806799B77D6C57FDF5E55837F9E934F09C03C729271B64F12D0A9F9E938107CAF7BF1EC8CF1BB9B42363D33070F4CACB425E605DDB0A34A12BB936DE286B9887A4E2E558F0886498BFF49C311D96C277CF6A9FC0D75AD0ECC5226D7E0
310
E3572012E56D7FDE4410CEC7A6D0F997F225A2055B8B92E3956E875AE4993CB3D4C9063AF98FD45E1BAB165640A43439A2C9181A7C355B297C0A0CCFFAE19B6FA3C2BA238A885FBC98B8F6DAF4B94B97304878DF4D8BFF6A4AEDF79E90ED4E68F00CD7299F4E0D83E35601AF0CBEF18C1E870E74758FA91F5131075004DB3C
310
FCF09AE1DABC11957FD9808C92E8A678CE9DBE40DDA0E0D1D505AAFBCBA208232BFB6FB3704E8985E61ADE53DE74152F5C7DE74B1DEDCD37DC3E8FB30D7EBA8B9EFFC3606BF90B8D438279CB7709FC7C00D327F41817EEA71CD9E49FE9C8C9A81C70915D9F0F15958EC5AA4C3BBFAF46986B90F188BDB24B89DE3C6F29EC3E
310
6F66D84856EE96A35E657CA41B41EFD8DBFA16AD6E91439EA92B40B21C053249F51AE50EB0B24C770FFAF40DF12C8436366819C48E36547D4E7B72FE2BBF10828583057814A668BDF183F6B2E58DFB151103E56303E63D00F39C27C4661605DB644D19175D02E3F0241E8FC3458D17AAAADB117CE9EEA690D0DB01E634878C
310
04C2C9310B69FCAB831151E3AD293BEF6E46B0ABCECB50F5939B39C613D41E81FAE8D34CAE3C4566B761D37185FE864AC32FCB71AEF39DAA5BAB88609BB980CD2F07A8F941653B529567726E2B2A58D079DD57E1E5E31426CF184A04D7B03B985F276D47406AF276FE32E3328BA866EB1FD39BEF57863A317634AA5FE46740
310
9B3873F5069EF0D71AF00AD189D17BA1974ECDB2D623E9E14086386A6AAB5807825C37B015BFE892AFD154920EC437EB945D958E18622E1E0FE2FA06557CE4BB9BBD05A2D40E774DA2B65473791E314B7D6C886820B2FCFE4AA272B3B8B15E7344A145E8AF919B5454D89D36D413E87211186BF6F645E5EC94DCCE8E1C7990
310
22E4EC9BC86D7A0F2AFB1FC4B2CE48F84B3F49ECE65BAD24CADCC07EFF39AB06BE9E6B27A059938EA7208838455383DDBCFCD967DDE4650EF92A14FF933C975DB20BD7FEEBC4487576485963D757D16340D9599FEB362F775F38CA4185A86F74B629C81B133644A3B18FD056E997E0734F9BE26D11C0AAFC669E2AC9FC41D2
310
81F8B2E1C35AE27BCE05F3DA295488096688719D974DF1B5D182DB7792288697F8763CFB43562C1CDEE11C4AABD5C22B6E33F6F389CFC3477C5919DC0D533F8A7A1846B7ADB60ABDC26C43D0CFC8910B7C15EE22675BD02702ED39DB77A87A192CA7A543E6205B979B9F5A6B512A3CA799E198B2D5797C0AF8D1D872CA455D
310
4D431A7879D4DD76110B5FF7F4176B54477A9EB5E4A5D11214FDA585F0382751D8E2582BA5D2075053298FEB8F1537304E32CB22C2E2B693DC0A760B1DFCA751BDC445AFDCBB12820ED85F6D5298933C7EF1211E9E057684056CDA3FEF3BB6052355E162DF27C59E965A8DDB7F9437EB72CDDA3A090DE65A5B2F50326247B7
310
EC67B73ACC7047FC9B353D6EE990F772207C6EC52B39DC2F3C0754821DAB559F7C1809C7D0DD5B0499D0442E0A6E391B3D5DB46D11E731E6794EC77523FBDAA242ED67F9FA1FB684255671F63C9BCFE6E7E896D51001A6113EF2298BA494E0B0980D1FA5B9D60796554C02256B1E0345FB7C6186B6A19D2DCA270416262845
310
FA4F42DB5D9B0A0B6F07FCA2E56C242522E001E0CEB734AF310FC8BFB57E38E03AACE93B3326A2197891E68452B26A6307FDABFEE0223D3C03C3C73D2D5BC054C8311F12004CAE488E5C29287F8156A2CAA4AD0D7BE6B97264E4139F437CE73ADF52E5134C52B819777C18B323A5924E4F67AFD13B1CDC3A61793A79FAF5C0
310
CEB718E441071E797C6DCCB9EFCF7E4A1E9F3DF3C2F9C9E8294E9586868788C972857FB0556D7A26941A7EEB9B580AD78EC40B85DC906B4120A563CA3B87797ED612D3B035962BB75F6515A393F4CB057F564CDF54F2E5A024514E6A1F901DB80C7E70B1FC05E356A7E72FABF4775B3E3FB8F70A2A8E7B6A94542BB3041579
310
78CCC999E707A29CC795E67A59CC546A5D47B368954CA7B6E75EC9E1F6FC73CE3B4F71F8CB1A6B15923D61EAAEB14626AAA9D04A26EB9C66CD1BE86CA31A5D8703DE04CD1EBCE4F5CCB62F93909AD11E55799A781A956ED27D3E738F4538CB04ADABC7DAEF20BC35BA6A90BCC1DC61BA05F20D8832FFB9BC9B15E2DB838A0A
310
FBB7E0C82A562127E0446894F427794C3037186F622BF24DE1B00AA10A23BFA47B2A180D6DA5AD6F7326FEB8C100C2D7142EB2A0B2A9D1008A09BA343D70E054AB69E2A7EDB783CBD92537FAF4A44D1296AC2792729104B3276C276C951D0CF3CF3F1E6B017720A7B8505A5FF9589365979678C36F1BAF759EAF57C60F1FF5
310
FE9DCF5F8E764FF25A2D06CF25117A8FED51884C13B2B750DB0E4F5E3D64124FCF11F0AD8F1CC3B3DA4B38ED22BF1CB2585EE6BFEBBA63FBFD44F9537B9B37BDD6B358720F98A8125AED4349CCFEB0E135F19E208A04CA7E2B10711185D72E381F448036EF57C9F874E54A971CA37A639E986AC0226DC5AA00D5B14FEA9192
310
234B3DE617814FC221C92F33F1D392F297731B567FD98FD91D989379AF567A65B8ADF177591DB90FBEA99BF4ED11B16E50A0AB1DBF1156D034BBE04D69D08F939D8E92BF525A1DDAFF80ECBC95D8F45D3FDD289FD23F7D8B452F8EBB34EC082DEEE68E18EDDF072060FAD2AB1504DD4879BF67099FC58F6E9DEFBF645D1633
310
4A3E9A127C6F1AF6132CF287E433B43A0EE93812B4AA0B194E03EE3FF91EF9C6ED0074A2F6EB18A96A7C9890B1FCDA1F2095E944DB911ED54C60DF16FB74C8CE9BDC7C54C4F14078CF73C2FFF1F1BBCCD7CF64F71407EA1683DBC410D226627F66E509060D5C0AFD611DE681D509DB8DD12FB1265B03C6F5C55FF4C30BD941
310
87FF692B4F152982502F193098A789526A038AB529A52BC0DC4FB6285CBAC10A8B8DB75DCD9BDABBB221E27D1F8DA9F5EE5926A1C8AA9BA9BC09239C6A7F12914EA3B59EFF7AAEC3FFCCE56F1C5C2980AD072793527565E774F4631DB178CEEC691B1F367BEA0CF2907E1D6B854D527065979DDEF002D8B2ACEA7CE21AE297
310
737EDE1D45B31233B73FEA35BCFDD0B09721FDBAF6432681F2FD10C3E9EFB246FD6E854B344ACC9D8A0EEF876A7314B49B6A499FC650B099D650DBFEC7638ADFD245E2B7839DA5AC5F7D5623FC0ECEEC8653FC9B2BDD1AD4D00A566FBA7186DD3C9CD26512551637498CADB950FEC71ADB9A5524285DE328B8EC7EC75D2345
310
AEC6A27C42AF6D9B92155315C80DBFCABBB7DA0FAE425C4FB896B15C9BFAC4FE67DF5A23D30C93DA4D8F36FB15D100050DA6062E22AEC5F4DAC4F6FEEF97AE05DE63C6D38F9E068A20BC5E3B6BCD75320C5090924E7F93640A7735B1A43451C2D91EE62C6238B797349E59890AF3A520DF4A87095F3ABEC2E61F0593416CE4
310
6CDCBE0E00E2523FCCD04408588B5B6C9DB6459C786CE378770B54F51DA3A5E1DF2A3349BEAAC234A6CF8993B598B3B25B4B113E353A4D750FA7534749430F3EBF2512E7EA3FD43C6AB9A1F765A58463B306721A15D224FAFE8C6F5E3432D57EE697DA0DD5A9D4866A8BCCAAA9DFF1F06047851408FEC060471D0E3EB86BFA
310
F46E4B5E60311DC3E3CEA147C75CF971BE74689507154FF2D2E92F15CDB2B9182B11459FD8ACAC5A85F174BC94A7F4EE4C4F5CAFA7C02E37BF0BC77B7DCD0C047BC316F562A01A441AFA7931CC84A28CB9F4AA367EB515778F29BFE61195FA671F4352E5E46E3A64773F1F76EE5EB36D7BCE9BCEAD837A4D77F8DB8C92AEEF
310
6711920D7C7D0F76B0FD0EB7AB83724CD35BCA7D36DDDF5FBB7FF6F04A91F3E2BB3B8F1A43CD659639507FF6331C5F697BCC782AE57D757A27D97F1AB9E0AEDB43F92F1B2AACDF5FEC8ADBAF9F814E2027003BA2F9E144B1938A7A04050AE5D953B82C45619165C813A10E76DD6906B3C16438064D14CDA713AEC420034613
310
E1AC7241904A49FBF87409AFB1FCB9B72FE7933A87D8FBEDACECE4EDCF6A4FE9FB94D5DEB74FAB7CFEAE17EE965DF980DCCA2D04134994F9A2E94D2265DA4FE6AA7B7AC15FACAC2B5ABBCD7DFF542C5314FDAB2E1B9D8B65220B8E2B638BE008E8DCA22678C820C5053664D15E89F2D735B51A84955E81A443545E9FF787BE
310
0FA700A76D136C27DA179A7C6E8939E01BE756E19CB292798063D8B97F44E8A27BCF3A614FEB8BE974A718E86F7EC99B53CA35FA24F61F2B07266684623A3D4CF073E511F3A10A8FDAFAF0078C577F4DF9D339FE7862E5FA47CF4344209E5BF76D783B1B48E152AD281B15FCB934DCDA49CEC5706B1EE8B460F435324A5CAD
310
154725E21AB8044B75A557A79F6C807B9340AA3D92503E866F4274412926C8C504E4D5EF8C0E68DD0B028781A6B4054F11CF18941F101C57CCC796773ABC8DED9CD91FE5788806C05E548895354AEAC96546D55B0E94A59F148D061F42AA398D822CDECA4CDE79E13469BDCC44FDC990F366BA5978C15F97ED80CBFD73B0CD
310
9B8B83A4F6845BDFBFAF034019473FB9A63BD55D3A4A7284757071574029A4D016DCCBE95DD679EF3C4880BF169422F8C89B68A988D2B13793CAED4F74DE7486C72DC94DF46B8E93D8E02EFCB1FF9B3BA10C8AE7F653DF94F4AF466CDDCEF5776687F7C4C14B63E4EED1719DC2EC482D7DBCC7AE518CDE3D5FF86D39000EC3
310
673C0044E1D308BF05F74D1B5F033A7D1BE7F74BC55BBE3E4A20F920946CA0271EB17BD2B80E5660ACB8A29A79F5E4BBA49D4D945B6EEF4A7EFEAA65E5555BBB57A7E15D2F83C69F30BBB978D2B39F1F26FC097424D39BB33CA3D87ABF64E307938B685BAD44F71556A30B7E712CA4FE600613C3E554B69ADE949A7CFE214D
310
F1FFF05CB82151EC6FC31950239F94CF7AD39DC473F6EA356E5EC2C4EFA04383CEFE985A127484366FBEE3C0EC4FEA363E4F6632AE781392FD45D67B63FB8DF70E82734F431FD3443172A0E30A83D60982D55FA6A2CF86DBA8382502ACC6CDEF3B907982EED1160E14863FA242F9757347E1544275CCDCF71ECD5F8621CBEA
310
326B8BA884AD7F825781923E66971F04010D574C541D8427A438A37EEF8AF88240EED7362C953F5A81DE2D56109CDE2524EA0F5D2F87308C0C47BD97AD605878AB8589E17CA83930CB5E0DCCD75853D68B1AB136594926DE426C367428E9334AFAFF90ECE221BB5DC9E5BB53D2CDEF954EAA9CD814F0E5725F1965DD458E5F
310
8487683AD86B9D0076BE3EE91EB1CECC5331A67A3F79D8B27587C12EC2A6A70474749F27B4C0BBAFB94B34189E88DC18964BE4121B9137FD516C7755356E50D6714E31ACD222621EBBCD1CFF81D87479056A9DA0E0B8EA19D24CF937DA89F78E8650CCBDC110AAB6C4E46DCBFD0446BA9E2060E81F314AC2031E88135E5476
310
AC0160EF5C0DD2EEF1B8B5CB2D198BE9A554A9093B5F7D7E4B5407DDFCA1D9C152FD97F55BFFFDFE802954DFEC8995B983E28AC92F1971E28F531DC407A1280EB125F64A72E617EFB27DFBCEDCDA2D6F2BDADA36873EE46B9BE1782998C63DA7182BC383FB6FD15DA472B175D7E8B4FC88F38D6E07FEAA3FA3CBB8F6B449EC
310
F14D2175E5C5CCA3A42ABF24CA6C9395AF74535F4DDB38CB84F56614B0FD32D7E19CA5CF988DB4449C40E23DF2B16772594554579094450F56F253CD25EA7F77366FB1CFE79696C428BB64D5A41E986189427E5E4D7E2DAE3D5BB4972B3DC44EAABDDDD63A2264ECFA5C786EB0EE1FDC5BE34FA0F08376869FD1E61EA06CAE
310
15191135445EE8F0394161C3266A596AA035572BB0C8876180D8B9C77D307DF9DCDF7365ABDA6F3A2366436457A4DFC1F259666569A9E4A79C817BDD5610E5200FCE894A358EC72858D50EF67545DA81C6FACE3D457BAF70367E1E6BDD9A952FB4F56247F58F523B97E640246051A72F79BE42FFA0B3187F63097F91C48B86
310
8586F714B0EBD5A00A8412C1236E1298F60C72BE6C96B82B404CADAA304AE9F303176B14BA53FBC2D5E86377E35542019E24D97B96A49B2C0E5006E7795954DEAF5DA58958839043C6C70BD3B1B33B6DC5C31316D8A6923F142E26F6711A2258AF977DDF1F970ECC4F1F2B434B96D81BEB6E89BF3BBB3C7C8CC80505070723
310
D6D7D7D3C8CA27CA164A26024FED94B12A86031867241DA53D929636DA600F050BC40CE48B8BA03D69224720DEE2ED2127390BDF5E6EA64527BBD4C4C63FA76BB801FEEC0E61218EC98A8A86CD8313781617877E66692839B9468CF4DB8E50A73986E558E309C0D6F676F921BE02F1185454DC75B111572FF9D27D85EA14C0
310
5AD7271225B391C4275659CA4A43759D0BA44639BE4C30A84DB7F67A41399FB95CBF923B1B1672ABC807C1590557FB18D811983FA97F5E609516D62281D38B1281F68FC75528C35E4CD7DF0F7DBB5E5DD69C414EBEA2F4A5B241B996BA77AE6C772E367408C633EA3E438B68563EA8BE7667F3A4C4FDEEA52ABD78A2820F44
310
3B7914A15F180018D231E64519C56A12F6CA7C8DAE18F06F6B769DBF92329EF6A5D18FBCE600F36BD8E8198DE5CDAA96181F3A756EBA5501CEE58F497EA4F418A2B82565B9BCC611713C0B708CCA1F398B78C5F7D03B3437CC18F13061F55C7BEDADD5ACB1DB0E36D3CE47FF6EA1A563A57E9649EA5D14D1A50EAA45746338
310
1C073777EF1600607BAF6428A7DDC079D47A204EF1E1F1F0589FB054D45E02CE623B3823C317C601E589E22B1E88B448524B86A82828E32345EC18AE17214B42F8C41C6D428016D9BA31DDCB47572561E5A402E5BA4FCE55F78AF7268524AA04130F3A20BA5D1E9F9948EA48FC8F5314FDB35E21898198060034ACE5E3E2BB
310
CA34092518F275190AF65F45867FF0900AA4B81F25427414C372BF51DC29AA855C5428EE1EEDD6B849AD60F6E73475C2D2523F8A2772C840A478DED18A8C5C91B085F255DC4F54EA7AA8947354FD17ECF8FB3B4A0DE7B483CAF3A1165EE05BBA413E5C1FEF3DE1D6B8F2F3F3251C17D9FCAB48A9AAF63AC773A0E413BBC46A
310
9ADF84A566FC920E4D8C52C9769EE3301CADEEEDD92B312E02E2A7E35B7F1E7D203FE5A7D75578B06E99D0E46FFADB8FDA17ED8880390DA29094202D6F645F76F6F96409CDA05495A96E84B04A00D1A6C6C81D7F3DE9376E828CCF144EE50E364ACCE7237EA0BFB5607ED1AC3CFE73794E5B61739D14DF1743441B1AC98F00
310
ECEDE9E7301FA29755FBEFA68C91EF2B314CF510537EF1ABFC9A762496280B546F5EDAAF8A5B387D469FC9A878A92828C88608453ACEC6094DCA54111E7AD5B2663DFE2DD151B7F123B9F4FEF8EE36AB125FD7AD52A59B1B765B3E3F73E3F73DEA93875004D2AFFE3CDE9493B87A9904DD052028949041A91DC0E1BA47BA71
310
4343FD5B25E0A6A09503AFC17C790058A836A324FE31D7893512E28230332F153181C1E018E1124EBE1BA262AA428A518237D1EA7275E48C5C561BD19ED6912EDD8367DA0F31E40EEAE9683DA9257525AEA7B632B97119E17145A90231768A4F3B9120FF32E8319B015E3CBE26F1A754177D8185345817C096B0CE443A955D
310
13AC15E1FB5DEEA0239EC32A3C92241A237B0B02FFCB4F93CF2B02570C8D192E2F2A68CEEB42F12E6F8CEEFF46C251E22B4341C56FB08CCE550E7A9D6F4D6564B9EA52A83D5BF2C6E03FA19D2775E15A8A7ACF30A13C259EE7F5EF2AC3BA354F1500E1A07FC63FB4686E2F12EC69719F9ECF5FE3F35598DF2CE944008CE78F
310
0911BA5BE5D0A34E0098FF038669C26030BA9B300303039852A8F6F496341737CA7E0D2E3AAA36DE0A70AA7D9CA0D54D9AD84B18A44C9E625475E1C97B93BEBB38DCE7D227E67A2D00F531436136355F243D1FC0D712C5765754FA22FCFFAE97919161F46D6E61ACB37D83777B385889770B50765B127768443A5C4D3A4E35
310
A3151111F146B7CA116F918A049F1C272F2CD7976C69A0068773451659A97E0F4A08FE604C3FF6CE7385DB19F4D3ABC8A0D80DA8A42096AC377DB49382B36E270B6FA7570188B4B7D1DDDDA82ACA487CCA5D38BD3BD039ADBAFA4ACFF27809239B722081E2EB9F145320553D183F28471C388BC8814E5045676767AB58A8E7
310
2D1CED2CA731379515D2E533E4CF0B39DFC625F97AC4836831A4DE330E87A8126FA17EBE583D614E71E22A8DBF2825599743E0640037303E8E1B1E8EA4E1ABFA4F62907B5E4E0E5DCFDAB417C36C6848A2B8D15F1E505434C0707E16B1CFC2A1C36A42BBF55734F8F4301DDC2A5110CEE8C0747F69519265012A2174BF4E95
310
5ECD4FDE095A3ABC70536B7AD0B9D7892F81287D667C108703C9B66A221E9A0929D030008F77FF6F5D2108EF5706FC87A3069B976F7C9FC3239D13D283CDEA83597461079FEEE049B0F392889898B7D87D31F8D60ED7B56B91823A8E4EDDB36C6172ECEE42BD42B12CD67994FA0F0DFAE9389356F4CD4425A4B8AA55CBF7EC
310
D585C6A2C2316791E43D5C06841ADBB226A87FD61515FFBB0167B74E56BD7F3E90A57A97FEDCBDF483A0D6699A8C0849CAEB4947FAA90D8E332D9DEBD9F4738C37DA0CAF9CF3DAA68BCB67C420459C7A64498D6E848E5CADE92BB6901F607AA331104A67F7CD650EE169B1DAE94D2C31C2F993632259B6957E246EFE4C5481
310
107B07118607700040E5812A2A2A38DA0076875258C753F60E0F2662C748EDD5F3F3686B8FC3BD6FE631ECCAA1E8B1C1E565AD117E54893E79F4672E32F9E46B2A183DFDCF3EECB4D4D077DBEA0DA254D256045109670050129E9B9B1A9E4A11344D61497A992778095151510C4BB7EF2009B63AA4360635312E4CF668B7E0
310
D3D85A8688E2BD83B569439892ADB63461930D428E0DE42E4AC57CE48DA5CC1449530D8BD3D6A0F08DF20C8E8F570F2CFFFCEA286E30969B4654D498A58D9DA782E19FE3F002181838925592C4A1EF0B332D88B61A92C644547BED490D3A42CFFAB70E36D961F694F6307F72FF15A1C79D5B1B5CEFD353D9E2B52566DEC8F8
310
F09CB3E8359C0F68EBBB7898243E34E12A015B2685AB303C04D3A9E00671FF3DFF0A184E4A2ABEB2B666AF5B3A209C73D8EF29DCDB069C9F391EEE9DD0F74C7BCDE16F8F02E3B8816122BBEB50665775B600549D8BB33A54A6BF940C028118BC6878C79958D6784F9DEAA6E26748386FFAF8D0D0101E2847B6563F5D8DC1D7
310
8F787BE00E2C941AE12148D4A81599FE8F68D4DA5CDED75530ADE138240300EE13B0FC13A1687FED6774662C05A2B7DFB186732F0D7A93545D8B0A6390AE5054D9CB582DA846D7A061B3358B45E2B52DDE63E114397EDB7E09233A579155D795BE76102CF277F4DF8B188C4F2879BEAE3C08347124BF9ED23B128259FE107D
310
31E34A652F090B30B39E0D9AF917B76A2806135621A8A60681F16AF216514BBD02711585B5B1AE823F4B2D0369EA5B6BCB863072727FFC871CA6C9AB79A814D989057E9470A3D238BC87CBB4A0EA49AFE2B86F22E499793CAA9047080450166BDC357524561E258C77CB697F1ABB32562CF87C3B7AA12F911EF19FB3E5C022
310
22E887D08202A60A17151F5E053A86B437771088B4FEE14D652C43E8D939995D34545E12E2FF93D4E366EAD25F10CB7DED141563C3D0C447AF06078A91135FD4B9611583CB4BF3BD167F2399CEAB0E0100F8FFC305F00F1711717173138B4B48C83022295DE657EFEDD97F238ECA80F528AFB4F8D67AD4E2594B9A3AA86D74
310
87EFC313BA95745C186F0CDD84CC12DC9CB0424B42203D351FD9C0A3AF10CC7F388E0329279087386421F194F4A29464C1DEF7EF8BE515E4A199DCD5B909342598D8FE6A231F71336248D5CEC5454455C7BE383B3BC7B260FED27F703FDC39A170F3827239102F59D4DEE7FEF82EAA1A5E4BA94DCC4CC44E7E2EDE20F24244
310
E4454369D2E87C3F823F193FD4FD27E1C23984B01898D15ABC20711A8A558054951A6AE280096BA36CBA439603B7B0B4C45F248C14B2383B4B5CD8ECECE4FF859AD4A6CA2326D020EF090F4041D28DB66E5256B56232CC52829DE8060BAE6BBF37D4B7469B822454FE93210A3E8D15E69FFCF01123222611C51C4FD0A041A0
310
CFA2471CF6BE38D2B20FA4C3525B5B8B586759475CF80ADFE67A284AC24651E52B8E683D24C2622642F27E7C3C22783BCF63648BC398BD6CD0D9C97E7E7E3EACB6126DB7A6C1FD9F1031302EE67ED96F22B77C7CA0239BB324207559B105E4693EB26EC46182A92C9C0DBD24F29B31C5C5AC1F84300E0E17CEEAC15F5736FA
310
4A98971E2F1423BFCD68D4BBD5F86E74B40A369F39507C88FCDB35D2DD8DEBEA4AF999E23CF2816D204200DF6E611781B9884C1AC8888B4DE397320472959434323A5A36B22A8E1F721A270DF3BD65E4A31C11FF048AFB0D8B7B6881423793963A23CFCE935FC189ED36FAE35C46DA3574C979E4394BE52084F3081837BE03
310
3396D2EBD80F1F691B273F660D2B32FA27A33B1DE4ADA5F0FA4651511102DFA410DDA86E065272CA314D5249DF91B06BB92807B28EFD54F08F7B525252782CD276DD02E6B0319B13DF87B1F6361AD6B28FC0D711CF445429B9E5A433CD493051C49A9E03DDB1B147D880253514A5DED88009018620EE229101C041950E2D8A
310
A8E1F5F5438E0C0C0C60EEDEE9E3E0C051948C69F84BB7B2A48A1F3C8EB9E6864687F4F4F6F6E2FA87608ADAF9C5E117B7C1A737E710769DA1D15ECE6A84502AA855398712D5FB51BE92E4EF824969CE18278798AC303C2C7980DD2500ADF8FB1E6D6C2FAAFF9987178923334A244758BAA01A9A1B70FA5097D01E1CC2A58D
310
AD0EC94CE6430AA9B0C10D75E3C6BAC670EFBADEE1607739CE0FC18A2587E3EC3058562014C64219C69BC269082D5C2F4A659278D585755912176D78A1B641719C2A394CED495A1AC5D583FD2F5EDD93308EA7EAE8A6DD396598BDBD3D4CFED62D18A5BDFDE0DD5C80D1A89BA62697B131AE7CE9A6594138582F1B37D68F17
310
49AC7CB67A70695D48A4A056AC1FBD4E82358CEAE38F54B95A9016F9000F9879C0D9D131768635CA798895F27D6F1614F11F2838A83611AA51C9A3DDB539D42979C29F10465655C17BEC3E2760B80DCBF609198C7B171A531905F3EC218D696025975E986C6B4C666666787271F202805577DD5A3EF0CAFAF91B62DC4B2DB4
310
217A7606282F31D8DDBC290593BAA93EA6353AFA9939B877978481E15CFC9F2755CDC00C538F63A4BA3E80AE009B73CA0185687D339A507D165B74290D6EE46D5C58148F020C3668ABE9EF2F7549170DC80DB41FFC1D678FF19AEB10C7133832B104B80F691B3138F97A92D26E551F1F110400D45AC71A9B9AC41A1A1B1DAE
310
ED0B0810638EFFB511D46B121C6FEA0F38CD00E03CFFEB9713FE1F9C263E4DDEC160D0497FA9A132BA608584057FB15380825DE6C7FC3C667EE947D488A09898D8E939C4953BF4EC9836344D2CC6B2971B2A21A572B06096F4982D2CC7232D46E8EA69DC83722E267754D777F97F96D5DA74E1E75178084D0E70F12AD33E5F
310
71EF2AFA599B2BEBF60A5BE475F444F240CBFE8143C334E7ED9150FEEFEF7EB020C4DBED388DD1D6A167A76F3CBF119B578AE8CFA7736ACAFA4440A1C47185638A0D2F3EB5BDDEFDA958FB13CE4AA4923D5BF840392D45544329525749734866684BF7F8D9D54D892E19BCA9F829A0F8BFCBEEA6CFDFC61D74EA1A645ED7A1
310
FF241739F15694BD835B66FEC5677E40FE69BD3F91AE402F036537218A401CB0828604AD189E575015C6F3F6BBC8AC79CF6C70653847254B31551EFCBEB5978B9DB85D58D0FA41A9DFE9C624834AA04949D24B5AE6D299E072D152D12097920F14AA92C31C3B97E28B6C2E6E9C23D63043ECBBC0A60FDF5BD0C33C127EA8A3
310
308B8B6AFFEB28B4455BF6E7AF4FC6222728357EB8E46E85053E6A8843AB23295BF838ABDA94658FEF3F832F147046B4ACD6F7D48E8FCC9618582961C898D1C7A253C91BFECBDA6BA18A1FCF70755DCCEE2222F41B76D23CA98D0CB3D95F0CF66D57FFF65E2A90F5DF40FC3187621E981BD0BC1D992787212688976B94A8F0
310
C6EF646624B570B78E068826F87CE27041A95C9A4871FF65CC17FCB1639629AD6A9517000D63AC231F3D741CB8430777E7ECF80CE7A3F73C0F162F7E56AA71F4DA80A33CD6ACEE78E2C11FAC03DAFCE929B106F8F6B3ED2DC71FF994BD9CEF4E9A94896EF1B6E2B7B4978168BCF0847A3D2A4F1B0500B926E634B174548E9F
310
BAD27153FB5FC36799B1E6C7C38A94E1F9E996796D7B485E635D5287A2AE76FBD11A341DB3F8F810385BB7296391973DC6C37C452A9305AEBBE0CDB6C566DB59FE60C8E94B1FD090354BF51439FFD1B48D725228FFA88C84F686F547107A7A235665A4593B7C34D748C1AC8D56DD5DA861EEFBADDECBBD65117E65851F9035
310
1AEB65F0EFCFF4BCFEF24CB7A5879699FAC437A7AF9099186CF006BB923A59E37D7A36A29FD8D2CBB914A5E9D0A8FD212FBF796AE9A67958FF1D5D8B85F78F96219D4714EB919929241B6C018AAE0C02069F8D919961EC5DDFBFB7573E3AC8E08BFB7C8534BE6DE045B3CD63DBD71F7638BA2309CAE398EA3A7D8F98BBBC7A
310
EB367EFA5CFA27A9F8F2F52FE878058E6209C026453F8E7E8A237DFC389E9590F6059B397CFD65183BBF936E86896612A5B5FEE49DAC8455D026218AFEBEC12B3523A45B57B82C9C97E02ACFA1184DB18E48CF615DBF39C3CC6F0B4AE6BBEEA2E39D944E290302FA3DE33FA7E40296E2EF7BF1CD855BBECFAD0FD622BEE974
310
6FC4FDFDE545AE6E3BC234CADF83A0FB76DFB145BF3828AE3436368AC24989454F8FF70A177672C711CAA1A76107218CF948CA01F873520E7A2B118EBB161ABAD432932029628B6761590C98AB590C8C8C79798CE9F715BA696E839E9131A4BB68BE923F1747FBFF165331FFDD4D05997ACD168F12CA75348DAC04C7F509FE
310
83898A8B421181AF492861CE81E4A2DD0A30850CFA95E05F097FF70F9E777310D584A75BA7018922E271DAB1D785671157685B7D383D3E074DDB4F1E44EF04B07BAAC75A062077C54B9752C738C9D804D402E02851F3F89605AF189738C18C021D2139EAF72513824E10DDD3047BACC8521ED7E98B257D1166903B1B08FA6F
310
918FD7E162913FEC7D0EF4787E29C35FBA8C6E2C9C20E9AB30AE42CA2A01A090E7D010C1B5BF9CEE2A304BF3A987FB40D836979B79E18D70F257DA61E808472DD85B82761825779D6B90CAEB0F23360C6F80A7D7D77545E95B3DFF0CF96A827F9B5BCECD2C9698718417EF80FEEDEE938AFF55859D0D540B7FE09435583A6F
310
04874A0C7E8CF234DF4879722000167F5872CEC6BF3EF7E5A8CC8121E6A359227C8A29C95212F9F735BC72A887D56B8F309FC525BFB4FD767AAEC4AEFF249CFBBD2DE1AB9969A6155C7D8DABC307E47324C1F916C7BCFF40ABA5644E9FFB9238D19ADADA49D9610F01ABBA57E4DFCBDCCBB2B93C8953206C91DE01B0E2651A
310
6D6C31721915B31F7B7CBCE55466F6D70402788FA91D73BE4ADCBA99A35F17D6B83383704917D6833F0FA3CD45C926ADB8BC17999A4A0AFBCE2541F7B8CF4C2F5FBA611B3E626D64407CB32C122DFF4EF8674D6EDBB86C8F7C6A16D50FA685E2CCA34F8F7D1D8265BB0042E9D7F1F666F7BE5FAA5184DF58E12122A42EF02F
310
461B3F369AC746F96528AD208512AB56844CF75B97F352DF7995024FB02855385854F3798670D01CAC771AC3E1889EC25F61A20C1F8CAB46898817F9C47E2CDA1F286BF2F358298709FE567C91133E2638C8B53975E753EA8BFD3578B5F7186B7BF084EBA3F77BAC3132A5779902EC22AF2D2E79F42D324E083386DAEE9810
310
D1B44A5DAA54513C7A71E52A4AB9257D975B621308FE4D2141CC3DCFE946C154A3C1DFCCA7629EC69ACFA831634ADDA93C0388D2A9A2DDAFCF957C6995BCE7FBB6DC4EBAE79E63EB08E9A25F52F67076F7093CA545CA3053B5BF576DEAD4E0017143C5F759F32B2D6F145B52B67B48909B7C7FCA6586EE385A2189C16932CB
310
6DDFD9152AE317C430492A578ED27B72D85D40C7C93C097939E1B50F4D67F05334FE9DC362C30B7FF561B95259138ECFD9274C8D695C31B14D4EAA9F3D7FA8DDF652F8C5DEFA23284C799B7D94416DEE81E05A866302DC70192A5368EA65E1CED8BF107A1E2D3119A71E85DC1A7B0C1E93274CE04DD0F2ABC8AC7C987FDB00
310
2B6F81757B43502EF7A0D92E416494FAEEA4C9C090CD9557AA4D532F4996A272B94355C5A0E4974EEA9627476F30809B94D8D8D860062E02204643BEC7D0438AF800FC7E2B26955D595421E83C69E1A07E0E3122285835F014AD538188CF9737CE76D464A353FA55A001AB2526B84E985083693BC76FE211CA1D000679C889
310
E3C009832C87E1AC2EDD05C302557422DF0800E316FCAC86978A371F025A6C7DAA9F333E7BD160403A1A06EA75AA9888FF01504B0304140006080800EE888E4B51464CB48900000043010000360000006662782F44384335464530372D333338392D343230302D414534382D3242383133444231313043442F646972656374
310
6F72792E786D6C9D8F310EC2300C45AF127987122606C71DD918B841D4B851A43646695A717C52A85029031293A5A76FBF6FACEF7DA7264E43906840EF0FA03836E242F406C6DCEE4EA06AC22492573150D1F66C60C640E8938CB705396EEDD86DE9B5042FE27813D640EA63BB001C722AF6E55CB61E4863F58284D5D3F53D
310
D715CE1C3985E63FD7F1B7EBDD617E9F1E504B0304140006080800EE888E4B7E65AF7A3E070000541C0000340000006662782F44384335464530372D333338392D343230302D414534382D3242383133444231313043442F6F626A656374732E786D6CDD596D6FDB3610FE2B84F665FBA0773BB10BC7456C278551A40D6A74
310
D837819629858BDE404989B35FBF2345CA9222DB4AD602C552A07168EA78F7DCDD73C7D3ECE33E8ED01361394D932BCD362C0D91C44F773409AFB4B208F489863ECED18CA569D1D8A7A104C7E44AE3CBDA7C16B2B4CCE4D28E04B88CBAABB78BBF50EE938468C88F709E5F69B9FF40626CE0B24877247F3476B8C04618EC0D
310
DBA836B6C5860C670F9DA332CC485280AAB09E8014A981DDFE134C32E733936F686D73866D734F6C3385E16D4569921738F15F69D591E30CD3CAB547AB1B673CD5C7A391AB8F2E1C5B5FDC2E56BA7DE95ACB8BE5727A7D33D5D07CB64DD3A8764046921D78F1459BDB33937F539B2F51E8D3DB4F9384F812CDBE0D3B22E552
310
92773169016B0BD31A0EA96C6D2CB8038D3FB26D10282D955A682BE3D4EF66F4A6DBBF01847C4894B29CF028CF0B06BE96D857F960CDCC6AB5E5179AA3181784511CA1886E1966E020D85A39A82586670B17853866C28B4A5E535708ECF3B9D4A765504611CF5F6D2E32CD837C24452E34A3FF1076D0BE791AE804D6963429
310
26D2D8E2250311D3992916ABEF5C477E590189820887102D6026DFE43A1DBC969C0BD62B6DFEF976BBDF707EE83F3C63694658C1234F24B3CC3BE5C1466841F00D00A5C2B5EDBB032ADF00FA2F807CAD0B9A81E718DD8FF623653BC3491EA42C06EF200BE916FC6721FEF1D5A799593F3C47A8C595C73085B4FD4198B6CC68
310
9DDD80743E7B82A04F992B8DDBF8388298BEA309CF73081414A5B0047C1F6CF7DA7C0D640A8BF0148EC07AF83733F94704BF2A39C0371D0FF5D1EF0047A984E9E6D9C1579F206618F56B57B56C3C86EFF887E07BBDDA7CDE942CC03EB99389BD22014D6801C5B45FA116E8AD94FFBEFE2232F2953DAD5D3E9C13A69C387AFC
310
B2917E41C231A00AAFC3956BC4CA1D85748F229C90B4CCE57A1F51F96994326FFBE25539DC7BD69F2A08AAC320BF7904F4921954779FD18C83A2CDA57935131A079C380FCA000C2BA77A5BEC3F72783D1F18EB3D7A40D462D6155AC69987E3B44C387DBF0EEFAE69866B891FDB9E3AD6D4994CC76319F0A0BB3840E58F2287
310
5A7D7E528CB323C72C5BFE92BCA180AC3269047CD967830F5D53597869867D5AF44743C78C812AEF68109439D07A2F301D8D0DD71E57D8A8FF1D07596F58AD953A6DAD54CAA3310E8917605E137BF56B015A0B574EEA45328CD23CA709C9454FF38AEB3A285A06504715E94A6A4FD8D2DC8B4981DF13B1A2487602969120F2
310
A0FB2A78FF7B3E5E9582B2DE1E93C87BBD34F184FD2F5E8EE32CAAFABA7318D84EE7845E5CB9D2FC8827884F0F179EB523A24D3F27BD661285EF20E9D3778B3F020FC33F1D1E750485661DAAEA79CFDAC6D89EF29F09D0D0C5D8762F2E6B579C434B1D56F0BE252AA1D3F25FBC6742C3876124A85C7EF29C9C448147A3A88C
310
BDAA86142486B60D17251B94B117C026DD8324337452A27152402368AA07D3ACE85754C702878986E518CD368E01A36802F7BA4186BCB2A23788852FC41D965FD5CEFBFFED52FF336336EF368FE4E53965BB5E4DDBAD87EADA5493C10953D6C4DABD42F27CD64CBF585C76CEE330524224C355370B19218C3C513ECC10B7A6
310
DE3B47FE8C0B1FA874237EEB0BC8881DD91DFA909638391AD1E670A892A67ADBE6ED08E88E179056B3B6E6941AC3840273A6BDE31FA26F185C0DDD626ECA4EC8ACD6D7BCB419308C39E87142D6D74F9B8E145819FCF43DC7883C7724C8D5256FFE4E88FABE3EF4B81D09D2A2EFEB138F170F65BC4D30E5B5918705DE651F3E
310
8AFBE79509970B7335598E6F6FAC4BDD7527537DE458967E7D339AE8CE6262BBAB856D5BCB95C9489E96CC27B9E99896A7BAAD2C09556054D00DB985C024E2FC7551C573D7C1FFE35B48946EF1B158FC552F2175C3C75BB24E2E0EBD84F412F5F66D3706FB1551F717B137F5DAD57C4105F8E9B20564A4EAFDF0E642895615
310
BE5FE746457C63E13D7ABFF9E935A645E8BDF5A1B5A38FF2DB5C0CF3AA9E2AA56EC482D746E3C5EA7674B3D0A72B67A58F5CE7469F5C3A4B7D05F35AD7598D6F97A33A5CBB6C75AEAEFC121CAA8A6063F40613E43C8D280CF2C90E8524853B104C2A06F02B8B492EEE36D000C832AEDE220C78FAA99AC316781BA9A7FD070C
310
C3EC4856E4D287412ADC3BAE34B98E7E83D1299F5E8A8196F108854746BB864A46AF34088182427D31B6300213034721BD33E284C0C549C86F4DD553F5DF87C7383A102B07BBEA3D43709196B5A213C6099978B700E1A31A92F79BAED441B8808FDBB2A88D392C1CAC9120A89708957130297C94F0EE81784EDB651B624F0B
310
9241D3FC93715049D50BCC4231926FE07DBDBA37F9347DFD1565511972779EAAF72D493AEF33A2B21A5CCD2030A49919E637F1E507F39EA5F05A2A46B7148200FDBE9F5CFC612ED3384E936AC9BC962FB7D0E6015E55ED4C352684C6C5B227A6E87BE4AB009875E5C4C0BBFC1116C0B58CF2796A05712B006A7A6A0480F208
310
F7053CD6DABF5E2159041A2D6C9362383CE23D008244E2EF7F78DA3437348696900BA095F8F2F0412DCC4C0683F3F9BF504B0304140006080800EE888E4BAD96718BE1000000550100003C0000006662782F44384335464530372D333338392D343230302D414534382D3242383133444231313043442F7265736F75726365
310
732F322F636E782E786D6C4D90CD6AC33010845F452CF46859320587202B2F91532F419537AA88AD35FA29EDDB574A55E86997998F6576D4E56BDFD827C6E4292C20B90086C1D2EA835BA0E4FB700276D12A12E57F18B060765CA0C9A0958B548E2EAD7837656BEAE6C3A38BE2E63060F4F6760407CC6E26A50592FDC0DD70
310
5332AD981E7C35D970C923262AD1623D91FD8EFD848D6832AEA02721E7414E837CBDCAF92CE6F3747A536323B57A27DA3AEF43C648C7CB242CD535D444428D0DD0AA44DFA9F64635FEE2F11A4F8DD5D62AE5583BE858FE3E2AE677E3707C22BFAE56637BB28E670375B642F40F504B0304140006080800EE888E4BFF15A4A4
310
5D000000800000003A0000006662782F44384335464530372D333338392D343230302D414534382D3242383133444231313043442F7265736F75726365732F636E782E786D6C4D8B3B0E80201005AF42B6F75B59F0390B113044D83508C6E30BC6C26AF226F3B8BA6360974DA7271430F523308B2B198F9B80925DB7005392
310
27A2FCCB80A18E5640D320F996A81C9F32D6E9129A0D1EF74FCE750E6D57BC7165FBCA07504B0304140006080800EE888E4BBFAE1E384201000056050000300000006662782F44384335464530372D333338392D343230302D414534382D3242383133444231313043442F636E782E786D6CCD94C16A032110865F65117A5C
310
DD5D0A09C135D0439FA087D29BEB4EB636BBBAE8589AB7AFA6266929A13D04929B8C9FF0FF33BFC3D71FD358BC83F3DA9A96D4B4220518657B6D869604DC944B52AC0577D6E2378C14464ED0925426820FCE8639977AD8C830A6EAA8CD361725A2D35D40F0A450A3F4BE255EBDC224A90C687BF05BDA4B94B4A60EBC0D4E41
310
7C8F7A82FC5E3990083D114D552FCABA29EBFBA77AB1AA16AB66F9C2592205EFAC1D33AF0D82B3F35D53291B8F26CAA9384B80E0C1E94C250F449CB4D14E1BCEE2BDE03EEA3543E67037276E9E47AD24C64631AB10B08C10C889B32F5870961CFFF0FDF8F07CD2104FBD76A0D0BADDD5DA509F6BC3511A8D89F85F17F6E05F
310
E66DF7162D5F6FEE670D676117B37B48AE8FD1FD9D8498276986F1163FC051DAE5F31F170B6A758BA60FCA2EE499ED57601C7CDA88E213504B0304140006080800EE888E4B29D52D967E000000A30000000B0000006662782F636E782E786D6C4D8CD10E822018465F85FDF718882DDA009762EFE1121D0BA191B81E3F685E
310
74F56D67DF39A2FDAC0EED26BE6DF01268450019FF0893F58B84B4CD98036A9588216C7F37407E5C8D848241892586F43AD064E631B9429DF5CF036ADE9FEF03B960C6F815373521F836341CD71DA74C7794925E67E354943CBF5EDE92575F504B0304140006080800EE888E4BA6D797065F0000008200000007000000636E
310
782E786D6C4DCB3B0E80201045D1AD90E9FD7516806B51190811670C8A61F982B1B0BAC9C97B72CA7B1037C6D3332918DA1E04D2CAC69353902EDB8C20262D23F3F59B81A079470595414B17391D1F19B4730A5583A7ED43BBE4025D9592775E5ADFFA01504B0304140006080800EE888E4BECFD112DA80000002601000013
310
0000005B436F6E74656E745F54797065735D2E786D6C7D4F4B0EC22010BD0A61DF525D18634ABB506FE00510A79458060253536F2FD89D5197F3FED3F68B9BD80362B21E25DFD40D6780DADF2C1AC9671AAA3D677DD75E9E0112CB5A4C928F44E12044D22338956A1F003333F8E814E5331A1194BE2B0362DB343BA13D1220
310
55543278D79E6050F344ECBC6478EDCD76CE8EABAE5449AE4298AC56946789C28AAFBEABC53F3EAF09A84A1441B91F0101CD4780756578C173A578FFDDBD00504B0304140006080800EE888E4B3DEE336E64000000790000001B0000006175746F6465736B2D64657369676E2D7061636B6167652E786D6C35CBC10E83200C
310
00D05F21DCA56CA76D41FC96062B120735B69A7DBE268BB7777961F8D5AF396893C2ADB70FE7ADA196782C2DF776D7A97B5933C430F15651E5469C55D70F80A4992A3ADC954792C525AE70A1E4D6AD9816CC044FEFDF01FE3FDE907802504B0304140006080800EE888E4B9F0B5D78F40000008E0100003D0000006662782F
310
44384335464530372D333338392D343230302D414534382D3242383133444231313043442F7265736F75726365732F322F636F72652E786D6C8550CB6E833010FC15B47703C60448641CA5B4FD829E7AB36C875A0936F2A3EAE7D70E546A4F3DED6A76667677E8F96BB9179FCA796DCD08B8ACA1504658A9CD3C420C573440
310
7166D4591B7ED1A0307C51236418189D9D8DEB0E096B8232193556AA1DE4DEAB0085B8A766042F3ED4C24B1E4362F85BB97271E3B32A71B9F1188D51CB5DAA6572D357AD1CB0A7D7E7AE3D1E0E084FB8432D212D1ABA7E42A426D3E5F2726C27D2D32A8B190D7AF9D92E9CE24149604D8D7B841B84DB37DC9FEAFED40CEFB4
310
CA4C467D70E9E77D69FE2ED169B5A17FDCE22AFF778BDA04D2EC6E9BC203C3E9B8C780D12AA793CA23BA547392EC1B504B0304140006080800EE888E4B591E69EDF9000000960100003B0000006662782F44384335464530372D333338392D343230302D414534382D3242383133444231313043442F7265736F7572636573
310
2F636F72652E786D6C8550CB6E833010FC15B47703060224328E52DA7E414FBD596643AD041BF951F5F36B072AB5A79E76353B33BB3BECFCB5DCB34FB44E193D00CD4BC8504B33293D0F10FC95F4909D39B3C6F85F34C8B4587080040367B33561DD2169B4479D506D26DC41E11C7AC8E43D360338F9818BC845F091E16EF9
310
2AE44DCC98D37CE37116829A76A99AA29BBA2AB4C09F5E9FDBE67838103AD2963475DD90BEED465297F578B9BC1C9BB1EE5891C49C79B5FC6C971685C7097855D28ED08AD0E68D76A7B23B55FD3B2B129333E76DFC795F9ABE036ED19960253A566CD33FAE619DFE770D4AFBBADA5D3785034EE3918F0167454A29964784B1
310
A644F937504B0304140006080800EE888E4B2E32B6A6F2000000B1010000310000006662782F44384335464530372D333338392D343230302D414534382D3242383133444231313043442F636F72652E786D6C8D50CB6EC32010FC156BEFD8805D994698A889D32FE8A9378489831283C5A3EAE71712576A6F392D9A9D6166
310
87EFBF975BF5A57D30CE0E406A0C95B6CA4DC6CE03A478460CAABDE0DEB9F8870695958B1EA0C020F8EC5D5A3748391BB52DA87593DE4019828E50A95B7E0C10D4452FB296296646B8D6AB545739EB9AD40F9EE0D12CBF52E5B58C7A024131E911A188741FA4DFE17E47D9276F0A53F094CCB4599929BB9BB3D11EC4C88E2F
310
EF27DCA3B665AFA8A318A3B753C7103D30D28E0742F071E44D110B1EA2CF376F9F94EB9E953F84FF32A7757A22B3B1B1A59BE1431140909CE7BE10BC2905E6716F37CF52B6F801504B0304140006080800EE888E4B83BA3C7F54010000DD0200000C0000006662782F636F72652E786D6C8D525D6F832014FD2B867754D4D6
310
B6419ACE6DBF604F7BA3481DA9824130FDF9033FE27C58B7982039F7DE73EE39019F1F6D130C5CF742C902A0300601974C5542D605B0E6060F203813AC95323FDA402069CB0BE0614070AD95ED66882969B8F4A854159F41DAF7DC808035EE52809E7DF19686D41AD7D1DFC38EB23BAD7988C2A98F606B45358F8ACAB1899B
310
E01A9097F7D77D76DCED202AD11E66699AC1C33E2F611AA7E5E5F276CCCA34C7911F26D8887651679A53C32B409218E5102510651F283FC5F929397CE2C87712DC1BED3CCFA2DE1D20B7EB034713BEE1B35DF5379F15D2A4C9CC374DF48020B7DE582038F2F9B8DF18DE364327ECF233F4DA2C16EE0E1A38334A67AE5229BB
310
9606DA58EEA8E360FC7034551DF348F01B4FF284E739870B8ACADAAD468DBB5EADF1EADB9D3AAEE1601E8154BAA5CDBADCB4E27AAE421B4BCB38538DD2FF995EAC2E6146FE61926F504B0304140006080800EE888E4B38DD1F3808010000B201000008000000636F72652E786D6C8D50C172832014FC15E6DD5111A34906C9
310
A4B6FD829E7AA3420C13054720D3FE7D21DA99F6D6D36376F7BD5D969D3EA711DDD5E2B4352D90AC00A44C6FA536430BC15FF01ED089B3C55AFF4B06C88849B59060E06C586C9837A8B7C62B935063A5DA40E19CF280FA313E5A70FD554D2213C14785BB65B3E86F625019C9561D675E4F3FABFDA284571278599006931293
310
EA8D34C7A23996FB77962725672168B9596919DDF545AB05F8D3EB735D1D763B4C3A52E38AD20AEFEBA6C3B4A0DDF9FC72A83ADAB03C2D73E6FC12FFBC1D89393D72E29E7C59BE529C7D583B6E82184A226BC62FE005CB13F1277498E53F426BE369B91D5C371C7012033D88689C1A8CE3516F9CA96DFE0D504B0102140014
310
0006080800EE888E4B0000000000000000000000003700000000000000000000000000000000006662782F44384335464530372D333338392D343230302D414534382D3242383133444231313043442F617474726962757465732E62696E504B01021400140006080800EE888E4B0000000000000000000000003500000000
310
000000000000000000550000006662782F44384335464530372D333338392D343230302D414534382D3242383133444231313043442F76657274696365732E62696E504B01021400140006080800EE888E4BF270F13306000000040000003600000000000000000000000000A80000006662782F44384335464530372D3333
310
38392D343230302D414534382D3242383133444231313043442F747269616E676C65732E62696E504B01021400140006080800EE888E4B88E57597CD3F0000904100004200000000000000000000000000020100006662782F44384335464530372D333338392D343230302D414534382D3242383133444231313043442F72
310
65736F75726365732F322F305F67656E657269632E706E67504B01021400140006080800EE888E4B51464CB4890000004301000036000000000000000000000000002F4100006662782F44384335464530372D333338392D343230302D414534382D3242383133444231313043442F6469726563746F72792E786D6C504B01
310
021400140006080800EE888E4B7E65AF7A3E070000541C000034000000000000000000000000000C4200006662782F44384335464530372D333338392D343230302D414534382D3242383133444231313043442F6F626A656374732E786D6C504B01021400140006080800EE888E4BAD96718BE1000000550100003C000000
310
000000000000000000009C4900006662782F44384335464530372D333338392D343230302D414534382D3242383133444231313043442F7265736F75726365732F322F636E782E786D6C504B01021400140006080800EE888E4BFF15A4A45D000000800000003A00000000000000000000000000D74A00006662782F443843
310
35464530372D333338392D343230302D414534382D3242383133444231313043442F7265736F75726365732F636E782E786D6C504B01021400140006080800EE888E4BBFAE1E38420100005605000030000000000000000000000000008C4B00006662782F44384335464530372D333338392D343230302D414534382D3242
310
383133444231313043442F636E782E786D6C504B01021400140006080800EE888E4B29D52D967E000000A30000000B000000000000000000000000001C4D00006662782F636E782E786D6C504B01021400140006080800EE888E4BA6D797065F000000820000000700000000000000000000000000C34D0000636E782E786D
310
6C504B01021400140006080800EE888E4BECFD112DA8000000260100001300000000000000000000000000474E00005B436F6E74656E745F54797065735D2E786D6C504B01021400140006080800EE888E4B3DEE336E64000000790000001B00000000000000000000000000204F00006175746F6465736B2D64657369676E
310
2D7061636B6167652E786D6C504B01021400140006080800EE888E4B9F0B5D78F40000008E0100003D00000000000000000000000000BD4F00006662782F44384335464530372D333338392D343230302D414534382D3242383133444231313043442F7265736F75726365732F322F636F72652E786D6C504B010214001400
310
06080800EE888E4B591E69EDF9000000960100003B000000000000000000000000000C5100006662782F44384335464530372D333338392D343230302D414534382D3242383133444231313043442F7265736F75726365732F636F72652E786D6C504B01021400140006080800EE888E4B2E32B6A6F2000000B10100003100
310
0000000000000000000000005E5200006662782F44384335464530372D333338392D343230302D414534382D3242383133444231313043442F636F72652E786D6C504B01021400140006080800EE888E4B83BA3C7F54010000DD0200000C000000000000000000000000009F5300006662782F636F72652E786D6C504B0102
310
1400140006080800EE888E4B38DD1F3808010000B201000008000000000000000000000000001D550000636F72652E786D6C504B050600000000120012002D0600004B5600000000
  0
XRECORD
  5
EB71
102
{ACAD_REACTORS
330
EB70
102
}
330
EB70
100
AcDbXrecord
280
     1
102
ACAD_ROUNDTRIP_2012_MLEADER_STYLE
298
     1
  0
XRECORD
  5
EB73
102
{ACAD_REACTORS
330
EB72
102
}
330
EB72
100
AcDbXrecord
280
     1
102
DISPLAYNAME
  1
Metric50
102
FLAGS
 90
        0
  0
CELLSTYLEMAP
  5
EB35
102
{ACAD_REACTORS
330
3ABA
102
}
330
3ABA
100
AcDbCellStyleMap
 90
        3
300
CELLSTYLE
  1
TABLEFORMAT_BEGIN
 90
        5
170
     1
 91
        0
 92
    32768
 62
   257
 93
        1
300
CONTENTFORMAT
  1
CONTENTFORMAT_BEGIN
 90
        0
 91
        0
 92
      512
 93
        0
300

 40
0.0
140
1.0
 94
        5
 62
     0
340
11
144
6.0
309
CONTENTFORMAT_END
171
     1
301
MARGIN
  1
CELLMARGIN_BEGIN
 40
1.5
 40
1.5
 40
1.5
 40
1.5
 40
0.18
 40
0.18
309
CELLMARGIN_END
 94
        6
 95
        1
302
GRIDFORMAT
  1
GRIDFORMAT_BEGIN
 90
        0
 91
        1
 62
     0
 92
       -2
340
0
 93
        0
 40
1.125
309
GRIDFORMAT_END
 95
        2
302
GRIDFORMAT
  1
GRIDFORMAT_BEGIN
 90
        0
 91
        1
 62
     0
 92
       -2
340
0
 93
        0
 40
1.125
309
GRIDFORMAT_END
 95
        4
302
GRIDFORMAT
  1
GRIDFORMAT_BEGIN
 90
        0
 91
        1
 62
     0
 92
       -2
340
0
 93
        0
 40
1.125
309
GRIDFORMAT_END
 95
        8
302
GRIDFORMAT
  1
GRIDFORMAT_BEGIN
 90
        0
 91
        1
 62
     0
 92
       -2
340
0
 93
        0
 40
1.125
309
GRIDFORMAT_END
 95
       16
302
GRIDFORMAT
  1
GRIDFORMAT_BEGIN
 90
        0
 91
        1
 62
     0
 92
       -2
340
0
 93
        0
 40
1.125
309
GRIDFORMAT_END
 95
       32
302
GRIDFORMAT
  1
GRIDFORMAT_BEGIN
 90
        0
 91
        1
 62
     0
 92
       -2
340
0
 93
        0
 40
1.125
309
GRIDFORMAT_END
309
TABLEFORMAT_END
  1
CELLSTYLE_BEGIN
 90
        1
 91
        1
300
_TITLE
309
CELLSTYLE_END
300
CELLSTYLE
  1
TABLEFORMAT_BEGIN
 90
        5
170
     1
 91
        0
 92
        0
 62
   257
 93
        1
300
CONTENTFORMAT
  1
CONTENTFORMAT_BEGIN
 90
        0
 91
        0
 92
      512
 93
        0
300

 40
0.0
140
1.0
 94
        5
 62
     0
340
11
144
4.5
309
CONTENTFORMAT_END
171
     1
301
MARGIN
  1
CELLMARGIN_BEGIN
 40
1.5
 40
1.5
 40
1.5
 40
1.5
 40
0.18
 40
0.18
309
CELLMARGIN_END
 94
        6
 95
        1
302
GRIDFORMAT
  1
GRIDFORMAT_BEGIN
 90
        0
 91
        1
 62
     0
 92
       -2
340
0
 93
        0
 40
1.125
309
GRIDFORMAT_END
 95
        2
302
GRIDFORMAT
  1
GRIDFORMAT_BEGIN
 90
        0
 91
        1
 62
     0
 92
       -2
340
0
 93
        0
 40
1.125
309
GRIDFORMAT_END
 95
        4
302
GRIDFORMAT
  1
GRIDFORMAT_BEGIN
 90
        0
 91
        1
 62
     0
 92
       -2
340
0
 93
        0
 40
1.125
309
GRIDFORMAT_END
 95
        8
302
GRIDFORMAT
  1
GRIDFORMAT_BEGIN
 90
        0
 91
        1
 62
     0
 92
       -2
340
0
 93
        0
 40
1.125
309
GRIDFORMAT_END
 95
       16
302
GRIDFORMAT
  1
GRIDFORMAT_BEGIN
 90
        0
 91
        1
 62
     0
 92
       -2
340
0
 93
        0
 40
1.125
309
GRIDFORMAT_END
 95
       32
302
GRIDFORMAT
  1
GRIDFORMAT_BEGIN
 90
        0
 91
        1
 62
     0
 92
       -2
340
0
 93
        0
 40
1.125
309
GRIDFORMAT_END
309
TABLEFORMAT_END
  1
CELLSTYLE_BEGIN
 90
        2
 91
        1
300
_HEADER
309
CELLSTYLE_END
300
CELLSTYLE
  1
TABLEFORMAT_BEGIN
 90
        5
170
     1
 91
        0
 92
        0
 62
   257
 93
        1
300
CONTENTFORMAT
  1
CONTENTFORMAT_BEGIN
 90
        0
 91
        0
 92
      512
 93
        0
300

 40
0.0
140
1.0
 94
        2
 62
     0
340
11
144
4.5
309
CONTENTFORMAT_END
171
     1
301
MARGIN
  1
CELLMARGIN_BEGIN
 40
1.5
 40
1.5
 40
1.5
 40
1.5
 40
0.18
 40
0.18
309
CELLMARGIN_END
 94
        6
 95
        1
302
GRIDFORMAT
  1
GRIDFORMAT_BEGIN
 90
        0
 91
        1
 62
     0
 92
       -2
340
0
 93
        0
 40
1.125
309
GRIDFORMAT_END
 95
        2
302
GRIDFORMAT
  1
GRIDFORMAT_BEGIN
 90
        0
 91
        1
 62
     0
 92
       -2
340
0
 93
        0
 40
1.125
309
GRIDFORMAT_END
 95
        4
302
GRIDFORMAT
  1
GRIDFORMAT_BEGIN
 90
        0
 91
        1
 62
     0
 92
       -2
340
0
 93
        0
 40
1.125
309
GRIDFORMAT_END
 95
        8
302
GRIDFORMAT
  1
GRIDFORMAT_BEGIN
 90
        0
 91
        1
 62
     0
 92
       -2
340
0
 93
        0
 40
1.125
309
GRIDFORMAT_END
 95
       16
302
GRIDFORMAT
  1
GRIDFORMAT_BEGIN
 90
        0
 91
        1
 62
     0
 92
       -2
340
0
 93
        0
 40
1.125
309
GRIDFORMAT_END
 95
       32
302
GRIDFORMAT
  1
GRIDFORMAT_BEGIN
 90
        0
 91
        1
 62
     0
 92
       -2
340
0
 93
        0
 40
1.125
309
GRIDFORMAT_END
309
TABLEFORMAT_END
  1
CELLSTYLE_BEGIN
 90
        3
 91
        2
300
_DATA
309
CELLSTYLE_END
  0
XRECORD
  5
EB4B
102
{ACAD_REACTORS
330
EB4A
102
}
330
EB4A
100
AcDbXrecord
280
     1
102
RTVSPost2010Prop28
280
     1
102
RTVSPost2010PropOp28
 70
     1
102
RTVSPost2010Prop29
280
     1
102
RTVSPost2010PropOp29
 70
     1
102
RTVSPost2010Prop30
280
     0
102
RTVSPost2010PropOp30
 70
     1
102
RTVSPost2010Prop31
280
     0
102
RTVSPost2010PropOp31
 70
     1
102
RTVSPost2010Prop32
280
     0
102
RTVSPost2010PropOp32
 70
     1
102
RTVSPost2010Prop33
280
     0
102
RTVSPost2010PropOp33
 70
     1
102
RTVSPost2010Prop34
280
     0
102
RTVSPost2010PropOp34
 70
     1
102
RTVSPost2010Prop35
280
     0
102
RTVSPost2010PropOp35
 70
     1
102
RTVSPost2010Prop36
280
     0
102
RTVSPost2010PropOp36
 70
     1
102
RTVSPost2010Prop37
 90
       50
102
RTVSPost2010PropOp37
 70
     1
102
RTVSPost2010Prop38
140
0.0
102
RTVSPost2010PropOp38
 70
     1
102
RTVSPost2010Prop39
140
1.0
102
RTVSPost2010PropOp39
 70
     1
102
RTVSPost2010Prop40
 90
        0
102
RTVSPost2010PropOp40
 70
     1
102
RTVSPost2010Prop41ColorIndex
 90
       18
102
RTVSPost2010Prop41ColorRGB
 90
        0
102
RTVSPost2010PropOp41
 70
     1
102
RTVSPost2010Prop42
 90
       50
102
RTVSPost2010PropOp42
 70
     1
102
RTVSPost2010Prop43
 90
        3
102
RTVSPost2010PropOp43
 70
     1
102
RTVSPost2010Prop44ColorIndex
 90
        5
102
RTVSPost2010Prop44ColorRGB
 90
      255
102
RTVSPost2010PropOp44
 70
     1
102
RTVSPost2010Prop45
280
     0
102
RTVSPost2010PropOp45
 70
     1
102
RTVSPost2010Prop46
 90
       50
102
RTVSPost2010PropOp46
 70
     1
102
RTVSPost2010Prop47
 90
       50
102
RTVSPost2010PropOp47
 70
     1
102
RTVSPost2010Prop48
 90
       50
102
RTVSPost2010PropOp48
 70
     1
102
RTVSPost2010Prop49
280
     0
102
RTVSPost2010PropOp49
 70
     1
102
RTVSPost2010Prop50
 90
       50
102
RTVSPost2010PropOp50
 70
     1
102
RTVSPost2010Prop51ColorIndex
 90
      256
102
RTVSPost2010Prop51ColorRGB
 90
-16777216
102
RTVSPost2010PropOp51
 70
     0
102
RTVSPost2010Prop52
140
1.0
102
RTVSPost2010PropOp52
 70
     0
102
RTVSPost2010Prop53
 90
        2
102
RTVSPost2010PropOp53
 70
     1
102
RTVSPost2010Prop54
  1
strokes_ogs.tif
102
RTVSPost2010PropOp54
 70
     1
102
RTVSPost2010Prop55
280
     0
102
RTVSPost2010PropOp55
 70
     1
102
RTVSPost2010Prop56
140
1.0
102
RTVSPost2010PropOp56
 70
     1
102
RTVSPost2010Prop57
140
1.0
102
RTVSPost2010PropOp57
 70
     1
102
RTVSPropertyOp0
 70
     1
102
RTVSPropertyOp1
 70
     1
102
RTVSPropertyOp2
 70
     1
102
RTVSPropertyOp3
 70
     1
102
RTVSPropertyOp4
 70
     1
102
RTVSPropertyOp5
 70
     1
102
RTVSPropertyOp6
 70
     1
102
RTVSPropertyOp7
 70
     1
102
RTVSPropertyOp8
 70
     1
102
RTVSPropertyOp9
 70
     1
102
RTVSPropertyOp10
 70
     1
102
RTVSPropertyOp11
 70
     1
102
RTVSPropertyOp12
 70
     1
102
RTVSPropertyOp13
 70
     1
102
RTVSPropertyOp14
 70
     1
102
RTVSPropertyOp15
 70
     1
102
RTVSPropertyOp16
 70
     1
102
RTVSPropertyOp17
 70
     1
102
RTVSPropertyOp18
 70
     1
102
RTVSPropertyOp19
 70
     1
102
RTVSPropertyOp20
 70
     1
102
RTVSPropertyOp21
 70
     1
102
RTVSPropertyOp22
 70
     1
102
RTVSPropertyOp23
 70
     1
102
RTVSPropertyOp24
 70
     1
102
RTVSPropertyOp25
 70
     1
102
RTVSPropertyOp26
 70
     1
102
RTVSPropertyOp27
 70
     1
102
RTVSPropertyOp28
 70
     1
102
RTVSPropertyOp29
 70
     1
102
RTVSPropertyOp30
 70
     1
102
RTVSPropertyOp31
 70
     1
102
RTVSPropertyOp32
 70
     1
102
RTVSPropertyOp33
 70
     1
102
RTVSPropertyOp34
 70
     1
102
RTVSPropertyOp35
 70
     1
102
RTVSPropertyOp36
 70
     1
102
RTVSPropertyOp37
 70
     1
102
RTVSPropertyOp38
 70
     1
102
RTVSPropertyOp39
 70
     1
102
RTVSPropertyOp40
 70
     1
102
RTVSPropertyOp41
 70
     1
102
RTVSPropertyOp42
 70
     1
102
RTVSPropertyOp43
 70
     1
102
RTVSPropertyOp44
 70
     1
102
RTVSPropertyOp45
 70
     1
102
RTVSPropertyOp46
 70
     1
102
RTVSPropertyOp47
 70
     1
102
RTVSPropertyOp48
 70
     1
102
RTVSPropertyOp49
 70
     1
102
RTVSPropertyOp50
 70
     1
102
RTVSPropertyOp51
 70
     0
102
RTVSPropertyOp52
 70
     0
102
RTVSPropertyOp53
 70
     1
102
RTVSPropertyOp54
 70
     1
102
RTVSPropertyOp55
 70
     1
102
RTVSPropertyOp56
 70
     1
102
RTVSPropertyOp57
 70
     1
102
RTVSPropertyOp58
 70
     1
102
RTVSPropertyOp59
 70
     1
102
RTVSPropertyOp60
 70
     1
102
RTVSPropertyOp61
 70
     1
102
RTVSPropertyOp62
 70
     1
  0
XRECORD
  5
EB77
102
{ACAD_REACTORS
330
EB76
102
}
330
EB76
100
AcDbXrecord
280
     1
102
RTVSPost2010Prop28
280
     0
102
RTVSPost2010PropOp28
 70
     1
102
RTVSPost2010Prop29
280
     1
102
RTVSPost2010PropOp29
 70
     1
102
RTVSPost2010Prop30
280
     1
102
RTVSPost2010PropOp30
 70
     1
102
RTVSPost2010Prop31
280
     0
102
RTVSPost2010PropOp31
 70
     1
102
RTVSPost2010Prop32
280
     0
102
RTVSPost2010PropOp32
 70
     1
102
RTVSPost2010Prop33
280
     0
102
RTVSPost2010PropOp33
 70
     1
102
RTVSPost2010Prop34
280
     0
102
RTVSPost2010PropOp34
 70
     1
102
RTVSPost2010Prop35
280
     0
102
RTVSPost2010PropOp35
 70
     1
102
RTVSPost2010Prop36
280
     0
102
RTVSPost2010PropOp36
 70
     1
102
RTVSPost2010Prop37
 90
       50
102
RTVSPost2010PropOp37
 70
     1
102
RTVSPost2010Prop38
140
0.0
102
RTVSPost2010PropOp38
 70
     1
102
RTVSPost2010Prop39
140
1.0
102
RTVSPost2010PropOp39
 70
     1
102
RTVSPost2010Prop40
 90
        0
102
RTVSPost2010PropOp40
 70
     1
102
RTVSPost2010Prop41ColorIndex
 90
       18
102
RTVSPost2010Prop41ColorRGB
 90
        0
102
RTVSPost2010PropOp41
 70
     1
102
RTVSPost2010Prop42
 90
       50
102
RTVSPost2010PropOp42
 70
     1
102
RTVSPost2010Prop43
 90
        3
102
RTVSPost2010PropOp43
 70
     1
102
RTVSPost2010Prop44ColorIndex
 90
        5
102
RTVSPost2010Prop44ColorRGB
 90
      255
102
RTVSPost2010PropOp44
 70
     1
102
RTVSPost2010Prop45
280
     0
102
RTVSPost2010PropOp45
 70
     1
102
RTVSPost2010Prop46
 90
       50
102
RTVSPost2010PropOp46
 70
     1
102
RTVSPost2010Prop47
 90
       50
102
RTVSPost2010PropOp47
 70
     1
102
RTVSPost2010Prop48
 90
       50
102
RTVSPost2010PropOp48
 70
     1
102
RTVSPost2010Prop49
280
     0
102
RTVSPost2010PropOp49
 70
     1
102
RTVSPost2010Prop50
 90
       50
102
RTVSPost2010PropOp50
 70
     1
102
RTVSPost2010Prop51ColorIndex
 90
      256
102
RTVSPost2010Prop51ColorRGB
 90
-16777216
102
RTVSPost2010PropOp51
 70
     0
102
RTVSPost2010Prop52
140
1.0
102
RTVSPost2010PropOp52
 70
     0
102
RTVSPost2010Prop53
 90
        2
102
RTVSPost2010PropOp53
 70
     1
102
RTVSPost2010Prop54
  1
strokes_ogs.tif
102
RTVSPost2010PropOp54
 70
     1
102
RTVSPost2010Prop55
280
     0
102
RTVSPost2010PropOp55
 70
     1
102
RTVSPost2010Prop56
140
1.0
102
RTVSPost2010PropOp56
 70
     1
102
RTVSPost2010Prop57
140
1.0
102
RTVSPost2010PropOp57
 70
     1
102
RTVSPropertyOp0
 70
     1
102
RTVSPropertyOp1
 70
     1
102
RTVSPropertyOp2
 70
     1
102
RTVSPropertyOp3
 70
     1
102
RTVSPropertyOp4
 70
     1
102
RTVSPropertyOp5
 70
     1
102
RTVSPropertyOp6
 70
     1
102
RTVSPropertyOp7
 70
     1
102
RTVSPropertyOp8
 70
     1
102
RTVSPropertyOp9
 70
     1
102
RTVSPropertyOp10
 70
     1
102
RTVSPropertyOp11
 70
     1
102
RTVSPropertyOp12
 70
     1
102
RTVSPropertyOp13
 70
     1
102
RTVSPropertyOp14
 70
     1
102
RTVSPropertyOp15
 70
     1
102
RTVSPropertyOp16
 70
     1
102
RTVSPropertyOp17
 70
     1
102
RTVSPropertyOp18
 70
     1
102
RTVSPropertyOp19
 70
     1
102
RTVSPropertyOp20
 70
     1
102
RTVSPropertyOp21
 70
     1
102
RTVSPropertyOp22
 70
     1
102
RTVSPropertyOp23
 70
     1
102
RTVSPropertyOp24
 70
     1
102
RTVSPropertyOp25
 70
     1
102
RTVSPropertyOp26
 70
     1
102
RTVSPropertyOp27
 70
     1
102
RTVSPropertyOp28
 70
     1
102
RTVSPropertyOp29
 70
     1
102
RTVSPropertyOp30
 70
     1
102
RTVSPropertyOp31
 70
     1
102
RTVSPropertyOp32
 70
     1
102
RTVSPropertyOp33
 70
     1
102
RTVSPropertyOp34
 70
     1
102
RTVSPropertyOp35
 70
     1
102
RTVSPropertyOp36
 70
     1
102
RTVSPropertyOp37
 70
     1
102
RTVSPropertyOp38
 70
     1
102
RTVSPropertyOp39
 70
     1
102
RTVSPropertyOp40
 70
     1
102
RTVSPropertyOp41
 70
     1
102
RTVSPropertyOp42
 70
     1
102
RTVSPropertyOp43
 70
     1
102
RTVSPropertyOp44
 70
     1
102
RTVSPropertyOp45
 70
     1
102
RTVSPropertyOp46
 70
     1
102
RTVSPropertyOp47
 70
     1
102
RTVSPropertyOp48
 70
     1
102
RTVSPropertyOp49
 70
     1
102
RTVSPropertyOp50
 70
     1
102
RTVSPropertyOp51
 70
     0
102
RTVSPropertyOp52
 70
     0
102
RTVSPropertyOp53
 70
     1
102
RTVSPropertyOp54
 70
     1
102
RTVSPropertyOp55
 70
     1
102
RTVSPropertyOp56
 70
     1
102
RTVSPropertyOp57
 70
     1
102
RTVSPropertyOp58
 70
     1
102
RTVSPropertyOp59
 70
     1
102
RTVSPropertyOp60
 70
     1
102
RTVSPropertyOp61
 70
     1
102
RTVSPropertyOp62
 70
     1
  0
XRECORD
  5
EB49
102
{ACAD_REACTORS
330
EB48
102
}
330
EB48
100
AcDbXrecord
280
     1
102
RTVSPost2010Prop28
280
     0
102
RTVSPost2010PropOp28
 70
     1
102
RTVSPost2010Prop29
280
     1
102
RTVSPost2010PropOp29
 70
     1
102
RTVSPost2010Prop30
280
     1
102
RTVSPost2010PropOp30
 70
     1
102
RTVSPost2010Prop31
280
     0
102
RTVSPost2010PropOp31
 70
     1
102
RTVSPost2010Prop32
280
     0
102
RTVSPost2010PropOp32
 70
     1
102
RTVSPost2010Prop33
280
     0
102
RTVSPost2010PropOp33
 70
     1
102
RTVSPost2010Prop34
280
     0
102
RTVSPost2010PropOp34
 70
     1
102
RTVSPost2010Prop35
280
     0
102
RTVSPost2010PropOp35
 70
     1
102
RTVSPost2010Prop36
280
     0
102
RTVSPost2010PropOp36
 70
     1
102
RTVSPost2010Prop37
 90
       50
102
RTVSPost2010PropOp37
 70
     1
102
RTVSPost2010Prop38
140
0.0
102
RTVSPost2010PropOp38
 70
     1
102
RTVSPost2010Prop39
140
1.0
102
RTVSPost2010PropOp39
 70
     1
102
RTVSPost2010Prop40
 90
        0
102
RTVSPost2010PropOp40
 70
     1
102
RTVSPost2010Prop41ColorIndex
 90
       18
102
RTVSPost2010Prop41ColorRGB
 90
        0
102
RTVSPost2010PropOp41
 70
     1
102
RTVSPost2010Prop42
 90
       50
102
RTVSPost2010PropOp42
 70
     1
102
RTVSPost2010Prop43
 90
        3
102
RTVSPost2010PropOp43
 70
     1
102
RTVSPost2010Prop44ColorIndex
 90
        5
102
RTVSPost2010Prop44ColorRGB
 90
      255
102
RTVSPost2010PropOp44
 70
     1
102
RTVSPost2010Prop45
280
     0
102
RTVSPost2010PropOp45
 70
     1
102
RTVSPost2010Prop46
 90
       50
102
RTVSPost2010PropOp46
 70
     1
102
RTVSPost2010Prop47
 90
       50
102
RTVSPost2010PropOp47
 70
     1
102
RTVSPost2010Prop48
 90
       50
102
RTVSPost2010PropOp48
 70
     1
102
RTVSPost2010Prop49
280
     0
102
RTVSPost2010PropOp49
 70
     1
102
RTVSPost2010Prop50
 90
       50
102
RTVSPost2010PropOp50
 70
     1
102
RTVSPost2010Prop51ColorIndex
 90
      256
102
RTVSPost2010Prop51ColorRGB
 90
-16777216
102
RTVSPost2010PropOp51
 70
     0
102
RTVSPost2010Prop52
140
1.0
102
RTVSPost2010PropOp52
 70
     0
102
RTVSPost2010Prop53
 90
        2
102
RTVSPost2010PropOp53
 70
     1
102
RTVSPost2010Prop54
  1
strokes_ogs.tif
102
RTVSPost2010PropOp54
 70
     1
102
RTVSPost2010Prop55
280
     0
102
RTVSPost2010PropOp55
 70
     1
102
RTVSPost2010Prop56
140
1.0
102
RTVSPost2010PropOp56
 70
     1
102
RTVSPost2010Prop57
140
1.0
102
RTVSPost2010PropOp57
 70
     1
102
RTVSPropertyOp0
 70
     1
102
RTVSPropertyOp1
 70
     1
102
RTVSPropertyOp2
 70
     1
102
RTVSPropertyOp3
 70
     1
102
RTVSPropertyOp4
 70
     1
102
RTVSPropertyOp5
 70
     1
102
RTVSPropertyOp6
 70
     1
102
RTVSPropertyOp7
 70
     1
102
RTVSPropertyOp8
 70
     1
102
RTVSPropertyOp9
 70
     1
102
RTVSPropertyOp10
 70
     1
102
RTVSPropertyOp11
 70
     1
102
RTVSPropertyOp12
 70
     1
102
RTVSPropertyOp13
 70
     1
102
RTVSPropertyOp14
 70
     1
102
RTVSPropertyOp15
 70
     1
102
RTVSPropertyOp16
 70
     1
102
RTVSPropertyOp17
 70
     1
102
RTVSPropertyOp18
 70
     1
102
RTVSPropertyOp19
 70
     1
102
RTVSPropertyOp20
 70
     1
102
RTVSPropertyOp21
 70
     1
102
RTVSPropertyOp22
 70
     1
102
RTVSPropertyOp23
 70
     1
102
RTVSPropertyOp24
 70
     1
102
RTVSPropertyOp25
 70
     1
102
RTVSPropertyOp26
 70
     1
102
RTVSPropertyOp27
 70
     1
102
RTVSPropertyOp28
 70
     1
102
RTVSPropertyOp29
 70
     1
102
RTVSPropertyOp30
 70
     1
102
RTVSPropertyOp31
 70
     1
102
RTVSPropertyOp32
 70
     1
102
RTVSPropertyOp33
 70
     1
102
RTVSPropertyOp34
 70
     1
102
RTVSPropertyOp35
 70
     1
102
RTVSPropertyOp36
 70
     1
102
RTVSPropertyOp37
 70
     1
102
RTVSPropertyOp38
 70
     1
102
RTVSPropertyOp39
 70
     1
102
RTVSPropertyOp40
 70
     1
102
RTVSPropertyOp41
 70
     1
102
RTVSPropertyOp42
 70
     1
102
RTVSPropertyOp43
 70
     1
102
RTVSPropertyOp44
 70
     1
102
RTVSPropertyOp45
 70
     1
102
RTVSPropertyOp46
 70
     1
102
RTVSPropertyOp47
 70
     1
102
RTVSPropertyOp48
 70
     1
102
RTVSPropertyOp49
 70
     1
102
RTVSPropertyOp50
 70
     1
102
RTVSPropertyOp51
 70
     0
102
RTVSPropertyOp52
 70
     0
102
RTVSPropertyOp53
 70
     1
102
RTVSPropertyOp54
 70
     1
102
RTVSPropertyOp55
 70
     1
102
RTVSPropertyOp56
 70
     1
102
RTVSPropertyOp57
 70
     1
102
RTVSPropertyOp58
 70
     1
102
RTVSPropertyOp59
 70
     1
102
RTVSPropertyOp60
 70
     1
102
RTVSPropertyOp61
 70
     1
102
RTVSPropertyOp62
 70
     1
  0
XRECORD
  5
EB57
102
{ACAD_REACTORS
330
EB56
102
}
330
EB56
100
AcDbXrecord
280
     1
102
RTVSPost2010Prop28
280
     0
102
RTVSPost2010PropOp28
 70
     1
102
RTVSPost2010Prop29
280
     1
102
RTVSPost2010PropOp29
 70
     1
102
RTVSPost2010Prop30
280
     1
102
RTVSPost2010PropOp30
 70
     1
102
RTVSPost2010Prop31
280
     0
102
RTVSPost2010PropOp31
 70
     1
102
RTVSPost2010Prop32
280
     0
102
RTVSPost2010PropOp32
 70
     1
102
RTVSPost2010Prop33
280
     0
102
RTVSPost2010PropOp33
 70
     1
102
RTVSPost2010Prop34
280
     0
102
RTVSPost2010PropOp34
 70
     1
102
RTVSPost2010Prop35
280
     0
102
RTVSPost2010PropOp35
 70
     1
102
RTVSPost2010Prop36
280
     0
102
RTVSPost2010PropOp36
 70
     1
102
RTVSPost2010Prop37
 90
       50
102
RTVSPost2010PropOp37
 70
     1
102
RTVSPost2010Prop38
140
0.0
102
RTVSPost2010PropOp38
 70
     1
102
RTVSPost2010Prop39
140
1.0
102
RTVSPost2010PropOp39
 70
     1
102
RTVSPost2010Prop40
 90
        0
102
RTVSPost2010PropOp40
 70
     1
102
RTVSPost2010Prop41ColorIndex
 90
       18
102
RTVSPost2010Prop41ColorRGB
 90
        0
102
RTVSPost2010PropOp41
 70
     1
102
RTVSPost2010Prop42
 90
       50
102
RTVSPost2010PropOp42
 70
     1
102
RTVSPost2010Prop43
 90
        3
102
RTVSPost2010PropOp43
 70
     1
102
RTVSPost2010Prop44ColorIndex
 90
        5
102
RTVSPost2010Prop44ColorRGB
 90
      255
102
RTVSPost2010PropOp44
 70
     1
102
RTVSPost2010Prop45
280
     0
102
RTVSPost2010PropOp45
 70
     1
102
RTVSPost2010Prop46
 90
       50
102
RTVSPost2010PropOp46
 70
     1
102
RTVSPost2010Prop47
 90
       50
102
RTVSPost2010PropOp47
 70
     1
102
RTVSPost2010Prop48
 90
       50
102
RTVSPost2010PropOp48
 70
     1
102
RTVSPost2010Prop49
280
     0
102
RTVSPost2010PropOp49
 70
     1
102
RTVSPost2010Prop50
 90
       50
102
RTVSPost2010PropOp50
 70
     1
102
RTVSPost2010Prop51ColorIndex
 90
      256
102
RTVSPost2010Prop51ColorRGB
 90
-16777216
102
RTVSPost2010PropOp51
 70
     0
102
RTVSPost2010Prop52
140
1.0
102
RTVSPost2010PropOp52
 70
     0
102
RTVSPost2010Prop53
 90
        2
102
RTVSPost2010PropOp53
 70
     1
102
RTVSPost2010Prop54
  1
strokes_ogs.tif
102
RTVSPost2010PropOp54
 70
     1
102
RTVSPost2010Prop55
280
     0
102
RTVSPost2010PropOp55
 70
     1
102
RTVSPost2010Prop56
140
1.0
102
RTVSPost2010PropOp56
 70
     1
102
RTVSPost2010Prop57
140
1.0
102
RTVSPost2010PropOp57
 70
     1
102
RTVSPropertyOp0
 70
     1
102
RTVSPropertyOp1
 70
     1
102
RTVSPropertyOp2
 70
     1
102
RTVSPropertyOp3
 70
     1
102
RTVSPropertyOp4
 70
     1
102
RTVSPropertyOp5
 70
     1
102
RTVSPropertyOp6
 70
     1
102
RTVSPropertyOp7
 70
     1
102
RTVSPropertyOp8
 70
     1
102
RTVSPropertyOp9
 70
     1
102
RTVSPropertyOp10
 70
     1
102
RTVSPropertyOp11
 70
     1
102
RTVSPropertyOp12
 70
     1
102
RTVSPropertyOp13
 70
     1
102
RTVSPropertyOp14
 70
     1
102
RTVSPropertyOp15
 70
     1
102
RTVSPropertyOp16
 70
     1
102
RTVSPropertyOp17
 70
     1
102
RTVSPropertyOp18
 70
     1
102
RTVSPropertyOp19
 70
     1
102
RTVSPropertyOp20
 70
     1
102
RTVSPropertyOp21
 70
     1
102
RTVSPropertyOp22
 70
     1
102
RTVSPropertyOp23
 70
     1
102
RTVSPropertyOp24
 70
     1
102
RTVSPropertyOp25
 70
     1
102
RTVSPropertyOp26
 70
     1
102
RTVSPropertyOp27
 70
     1
102
RTVSPropertyOp28
 70
     1
102
RTVSPropertyOp29
 70
     1
102
RTVSPropertyOp30
 70
     1
102
RTVSPropertyOp31
 70
     1
102
RTVSPropertyOp32
 70
     1
102
RTVSPropertyOp33
 70
     1
102
RTVSPropertyOp34
 70
     1
102
RTVSPropertyOp35
 70
     1
102
RTVSPropertyOp36
 70
     1
102
RTVSPropertyOp37
 70
     1
102
RTVSPropertyOp38
 70
     1
102
RTVSPropertyOp39
 70
     1
102
RTVSPropertyOp40
 70
     1
102
RTVSPropertyOp41
 70
     1
102
RTVSPropertyOp42
 70
     1
102
RTVSPropertyOp43
 70
     1
102
RTVSPropertyOp44
 70
     1
102
RTVSPropertyOp45
 70
     1
102
RTVSPropertyOp46
 70
     1
102
RTVSPropertyOp47
 70
     1
102
RTVSPropertyOp48
 70
     1
102
RTVSPropertyOp49
 70
     1
102
RTVSPropertyOp50
 70
     1
102
RTVSPropertyOp51
 70
     0
102
RTVSPropertyOp52
 70
     0
102
RTVSPropertyOp53
 70
     1
102
RTVSPropertyOp54
 70
     1
102
RTVSPropertyOp55
 70
     1
102
RTVSPropertyOp56
 70
     1
102
RTVSPropertyOp57
 70
     1
102
RTVSPropertyOp58
 70
     1
102
RTVSPropertyOp59
 70
     1
102
RTVSPropertyOp60
 70
     1
102
RTVSPropertyOp61
 70
     1
102
RTVSPropertyOp62
 70
     1
  0
XRECORD
  5
EB5F
102
{ACAD_REACTORS
330
EB5E
102
}
330
EB5E
100
AcDbXrecord
280
     1
102
RTVSPost2010Prop28
280
     0
102
RTVSPost2010PropOp28
 70
     1
102
RTVSPost2010Prop29
280
     1
102
RTVSPost2010PropOp29
 70
     1
102
RTVSPost2010Prop30
280
     1
102
RTVSPost2010PropOp30
 70
     1
102
RTVSPost2010Prop31
280
     0
102
RTVSPost2010PropOp31
 70
     1
102
RTVSPost2010Prop32
280
     0
102
RTVSPost2010PropOp32
 70
     1
102
RTVSPost2010Prop33
280
     0
102
RTVSPost2010PropOp33
 70
     1
102
RTVSPost2010Prop34
280
     0
102
RTVSPost2010PropOp34
 70
     1
102
RTVSPost2010Prop35
280
     0
102
RTVSPost2010PropOp35
 70
     1
102
RTVSPost2010Prop36
280
     0
102
RTVSPost2010PropOp36
 70
     1
102
RTVSPost2010Prop37
 90
       50
102
RTVSPost2010PropOp37
 70
     1
102
RTVSPost2010Prop38
140
0.0
102
RTVSPost2010PropOp38
 70
     1
102
RTVSPost2010Prop39
140
1.0
102
RTVSPost2010PropOp39
 70
     1
102
RTVSPost2010Prop40
 90
        0
102
RTVSPost2010PropOp40
 70
     1
102
RTVSPost2010Prop41ColorIndex
 90
       18
102
RTVSPost2010Prop41ColorRGB
 90
        0
102
RTVSPost2010PropOp41
 70
     1
102
RTVSPost2010Prop42
 90
       50
102
RTVSPost2010PropOp42
 70
     1
102
RTVSPost2010Prop43
 90
        3
102
RTVSPost2010PropOp43
 70
     1
102
RTVSPost2010Prop44ColorIndex
 90
        5
102
RTVSPost2010Prop44ColorRGB
 90
      255
102
RTVSPost2010PropOp44
 70
     1
102
RTVSPost2010Prop45
280
     0
102
RTVSPost2010PropOp45
 70
     1
102
RTVSPost2010Prop46
 90
       50
102
RTVSPost2010PropOp46
 70
     1
102
RTVSPost2010Prop47
 90
       50
102
RTVSPost2010PropOp47
 70
     1
102
RTVSPost2010Prop48
 90
       50
102
RTVSPost2010PropOp48
 70
     1
102
RTVSPost2010Prop49
280
     0
102
RTVSPost2010PropOp49
 70
     1
102
RTVSPost2010Prop50
 90
       50
102
RTVSPost2010PropOp50
 70
     1
102
RTVSPost2010Prop51ColorIndex
 90
      256
102
RTVSPost2010Prop51ColorRGB
 90
-16777216
102
RTVSPost2010PropOp51
 70
     0
102
RTVSPost2010Prop52
140
1.0
102
RTVSPost2010PropOp52
 70
     0
102
RTVSPost2010Prop53
 90
        2
102
RTVSPost2010PropOp53
 70
     1
102
RTVSPost2010Prop54
  1
strokes_ogs.tif
102
RTVSPost2010PropOp54
 70
     1
102
RTVSPost2010Prop55
280
     0
102
RTVSPost2010PropOp55
 70
     1
102
RTVSPost2010Prop56
140
1.0
102
RTVSPost2010PropOp56
 70
     1
102
RTVSPost2010Prop57
140
1.0
102
RTVSPost2010PropOp57
 70
     1
102
RTVSPropertyOp0
 70
     1
102
RTVSPropertyOp1
 70
     1
102
RTVSPropertyOp2
 70
     1
102
RTVSPropertyOp3
 70
     1
102
RTVSPropertyOp4
 70
     1
102
RTVSPropertyOp5
 70
     1
102
RTVSPropertyOp6
 70
     1
102
RTVSPropertyOp7
 70
     1
102
RTVSPropertyOp8
 70
     1
102
RTVSPropertyOp9
 70
     1
102
RTVSPropertyOp10
 70
     1
102
RTVSPropertyOp11
 70
     1
102
RTVSPropertyOp12
 70
     1
102
RTVSPropertyOp13
 70
     1
102
RTVSPropertyOp14
 70
     1
102
RTVSPropertyOp15
 70
     1
102
RTVSPropertyOp16
 70
     1
102
RTVSPropertyOp17
 70
     1
102
RTVSPropertyOp18
 70
     1
102
RTVSPropertyOp19
 70
     1
102
RTVSPropertyOp20
 70
     1
102
RTVSPropertyOp21
 70
     1
102
RTVSPropertyOp22
 70
     1
102
RTVSPropertyOp23
 70
     1
102
RTVSPropertyOp24
 70
     1
102
RTVSPropertyOp25
 70
     1
102
RTVSPropertyOp26
 70
     1
102
RTVSPropertyOp27
 70
     1
102
RTVSPropertyOp28
 70
     1
102
RTVSPropertyOp29
 70
     1
102
RTVSPropertyOp30
 70
     1
102
RTVSPropertyOp31
 70
     1
102
RTVSPropertyOp32
 70
     1
102
RTVSPropertyOp33
 70
     1
102
RTVSPropertyOp34
 70
     1
102
RTVSPropertyOp35
 70
     1
102
RTVSPropertyOp36
 70
     1
102
RTVSPropertyOp37
 70
     1
102
RTVSPropertyOp38
 70
     1
102
RTVSPropertyOp39
 70
     1
102
RTVSPropertyOp40
 70
     1
102
RTVSPropertyOp41
 70
     1
102
RTVSPropertyOp42
 70
     1
102
RTVSPropertyOp43
 70
     1
102
RTVSPropertyOp44
 70
     1
102
RTVSPropertyOp45
 70
     1
102
RTVSPropertyOp46
 70
     1
102
RTVSPropertyOp47
 70
     1
102
RTVSPropertyOp48
 70
     1
102
RTVSPropertyOp49
 70
     1
102
RTVSPropertyOp50
 70
     1
102
RTVSPropertyOp51
 70
     0
102
RTVSPropertyOp52
 70
     0
102
RTVSPropertyOp53
 70
     1
102
RTVSPropertyOp54
 70
     1
102
RTVSPropertyOp55
 70
     1
102
RTVSPropertyOp56
 70
     1
102
RTVSPropertyOp57
 70
     1
102
RTVSPropertyOp58
 70
     1
102
RTVSPropertyOp59
 70
     1
102
RTVSPropertyOp60
 70
     1
102
RTVSPropertyOp61
 70
     1
102
RTVSPropertyOp62
 70
     1
  0
XRECORD
  5
EB51
102
{ACAD_REACTORS
330
EB50
102
}
330
EB50
100
AcDbXrecord
280
     1
102
RTVSPost2010Prop28
280
     0
102
RTVSPost2010PropOp28
 70
     1
102
RTVSPost2010Prop29
280
     1
102
RTVSPost2010PropOp29
 70
     1
102
RTVSPost2010Prop30
280
     1
102
RTVSPost2010PropOp30
 70
     1
102
RTVSPost2010Prop31
280
     0
102
RTVSPost2010PropOp31
 70
     1
102
RTVSPost2010Prop32
280
     0
102
RTVSPost2010PropOp32
 70
     1
102
RTVSPost2010Prop33
280
     0
102
RTVSPost2010PropOp33
 70
     1
102
RTVSPost2010Prop34
280
     0
102
RTVSPost2010PropOp34
 70
     1
102
RTVSPost2010Prop35
280
     0
102
RTVSPost2010PropOp35
 70
     1
102
RTVSPost2010Prop36
280
     0
102
RTVSPost2010PropOp36
 70
     1
102
RTVSPost2010Prop37
 90
       50
102
RTVSPost2010PropOp37
 70
     1
102
RTVSPost2010Prop38
140
0.0
102
RTVSPost2010PropOp38
 70
     1
102
RTVSPost2010Prop39
140
1.0
102
RTVSPost2010PropOp39
 70
     1
102
RTVSPost2010Prop40
 90
        0
102
RTVSPost2010PropOp40
 70
     1
102
RTVSPost2010Prop41ColorIndex
 90
       18
102
RTVSPost2010Prop41ColorRGB
 90
        0
102
RTVSPost2010PropOp41
 70
     1
102
RTVSPost2010Prop42
 90
       50
102
RTVSPost2010PropOp42
 70
     1
102
RTVSPost2010Prop43
 90
        3
102
RTVSPost2010PropOp43
 70
     1
102
RTVSPost2010Prop44ColorIndex
 90
        5
102
RTVSPost2010Prop44ColorRGB
 90
      255
102
RTVSPost2010PropOp44
 70
     1
102
RTVSPost2010Prop45
280
     0
102
RTVSPost2010PropOp45
 70
     1
102
RTVSPost2010Prop46
 90
       50
102
RTVSPost2010PropOp46
 70
     1
102
RTVSPost2010Prop47
 90
       50
102
RTVSPost2010PropOp47
 70
     1
102
RTVSPost2010Prop48
 90
       50
102
RTVSPost2010PropOp48
 70
     1
102
RTVSPost2010Prop49
280
     0
102
RTVSPost2010PropOp49
 70
     1
102
RTVSPost2010Prop50
 90
       50
102
RTVSPost2010PropOp50
 70
     1
102
RTVSPost2010Prop51ColorIndex
 90
      256
102
RTVSPost2010Prop51ColorRGB
 90
-16777216
102
RTVSPost2010PropOp51
 70
     0
102
RTVSPost2010Prop52
140
1.0
102
RTVSPost2010PropOp52
 70
     0
102
RTVSPost2010Prop53
 90
        2
102
RTVSPost2010PropOp53
 70
     1
102
RTVSPost2010Prop54
  1
strokes_ogs.tif
102
RTVSPost2010PropOp54
 70
     1
102
RTVSPost2010Prop55
280
     0
102
RTVSPost2010PropOp55
 70
     1
102
RTVSPost2010Prop56
140
1.0
102
RTVSPost2010PropOp56
 70
     1
102
RTVSPost2010Prop57
140
1.0
102
RTVSPost2010PropOp57
 70
     1
102
RTVSPropertyOp0
 70
     1
102
RTVSPropertyOp1
 70
     1
102
RTVSPropertyOp2
 70
     1
102
RTVSPropertyOp3
 70
     1
102
RTVSPropertyOp4
 70
     1
102
RTVSPropertyOp5
 70
     1
102
RTVSPropertyOp6
 70
     1
102
RTVSPropertyOp7
 70
     1
102
RTVSPropertyOp8
 70
     1
102
RTVSPropertyOp9
 70
     1
102
RTVSPropertyOp10
 70
     1
102
RTVSPropertyOp11
 70
     1
102
RTVSPropertyOp12
 70
     1
102
RTVSPropertyOp13
 70
     1
102
RTVSPropertyOp14
 70
     1
102
RTVSPropertyOp15
 70
     1
102
RTVSPropertyOp16
 70
     1
102
RTVSPropertyOp17
 70
     1
102
RTVSPropertyOp18
 70
     1
102
RTVSPropertyOp19
 70
     1
102
RTVSPropertyOp20
 70
     1
102
RTVSPropertyOp21
 70
     1
102
RTVSPropertyOp22
 70
     1
102
RTVSPropertyOp23
 70
     1
102
RTVSPropertyOp24
 70
     1
102
RTVSPropertyOp25
 70
     1
102
RTVSPropertyOp26
 70
     1
102
RTVSPropertyOp27
 70
     1
102
RTVSPropertyOp28
 70
     1
102
RTVSPropertyOp29
 70
     1
102
RTVSPropertyOp30
 70
     1
102
RTVSPropertyOp31
 70
     1
102
RTVSPropertyOp32
 70
     1
102
RTVSPropertyOp33
 70
     1
102
RTVSPropertyOp34
 70
     1
102
RTVSPropertyOp35
 70
     1
102
RTVSPropertyOp36
 70
     1
102
RTVSPropertyOp37
 70
     1
102
RTVSPropertyOp38
 70
     1
102
RTVSPropertyOp39
 70
     1
102
RTVSPropertyOp40
 70
     1
102
RTVSPropertyOp41
 70
     1
102
RTVSPropertyOp42
 70
     1
102
RTVSPropertyOp43
 70
     1
102
RTVSPropertyOp44
 70
     1
102
RTVSPropertyOp45
 70
     1
102
RTVSPropertyOp46
 70
     1
102
RTVSPropertyOp47
 70
     1
102
RTVSPropertyOp48
 70
     1
102
RTVSPropertyOp49
 70
     1
102
RTVSPropertyOp50
 70
     1
102
RTVSPropertyOp51
 70
     0
102
RTVSPropertyOp52
 70
     0
102
RTVSPropertyOp53
 70
     1
102
RTVSPropertyOp54
 70
     1
102
RTVSPropertyOp55
 70
     1
102
RTVSPropertyOp56
 70
     1
102
RTVSPropertyOp57
 70
     1
102
RTVSPropertyOp58
 70
     1
102
RTVSPropertyOp59
 70
     1
102
RTVSPropertyOp60
 70
     1
102
RTVSPropertyOp61
 70
     1
102
RTVSPropertyOp62
 70
     1
  0
XRECORD
  5
EB55
102
{ACAD_REACTORS
330
EB54
102
}
330
EB54
100
AcDbXrecord
280
     1
102
RTVSPost2010Prop28
280
     0
102
RTVSPost2010PropOp28
 70
     1
102
RTVSPost2010Prop29
280
     1
102
RTVSPost2010PropOp29
 70
     1
102
RTVSPost2010Prop30
280
     1
102
RTVSPost2010PropOp30
 70
     1
102
RTVSPost2010Prop31
280
     0
102
RTVSPost2010PropOp31
 70
     1
102
RTVSPost2010Prop32
280
     0
102
RTVSPost2010PropOp32
 70
     1
102
RTVSPost2010Prop33
280
     0
102
RTVSPost2010PropOp33
 70
     1
102
RTVSPost2010Prop34
280
     0
102
RTVSPost2010PropOp34
 70
     1
102
RTVSPost2010Prop35
280
     0
102
RTVSPost2010PropOp35
 70
     1
102
RTVSPost2010Prop36
280
     0
102
RTVSPost2010PropOp36
 70
     1
102
RTVSPost2010Prop37
 90
       50
102
RTVSPost2010PropOp37
 70
     1
102
RTVSPost2010Prop38
140
0.0
102
RTVSPost2010PropOp38
 70
     1
102
RTVSPost2010Prop39
140
1.0
102
RTVSPost2010PropOp39
 70
     1
102
RTVSPost2010Prop40
 90
        0
102
RTVSPost2010PropOp40
 70
     1
102
RTVSPost2010Prop41ColorIndex
 90
       18
102
RTVSPost2010Prop41ColorRGB
 90
        0
102
RTVSPost2010PropOp41
 70
     1
102
RTVSPost2010Prop42
 90
       50
102
RTVSPost2010PropOp42
 70
     1
102
RTVSPost2010Prop43
 90
        3
102
RTVSPost2010PropOp43
 70
     1
102
RTVSPost2010Prop44ColorIndex
 90
        5
102
RTVSPost2010Prop44ColorRGB
 90
      255
102
RTVSPost2010PropOp44
 70
     1
102
RTVSPost2010Prop45
280
     0
102
RTVSPost2010PropOp45
 70
     1
102
RTVSPost2010Prop46
 90
       50
102
RTVSPost2010PropOp46
 70
     1
102
RTVSPost2010Prop47
 90
       50
102
RTVSPost2010PropOp47
 70
     1
102
RTVSPost2010Prop48
 90
       50
102
RTVSPost2010PropOp48
 70
     1
102
RTVSPost2010Prop49
280
     0
102
RTVSPost2010PropOp49
 70
     1
102
RTVSPost2010Prop50
 90
       50
102
RTVSPost2010PropOp50
 70
     1
102
RTVSPost2010Prop51ColorIndex
 90
      256
102
RTVSPost2010Prop51ColorRGB
 90
-16777216
102
RTVSPost2010PropOp51
 70
     0
102
RTVSPost2010Prop52
140
1.0
102
RTVSPost2010PropOp52
 70
     0
102
RTVSPost2010Prop53
 90
        2
102
RTVSPost2010PropOp53
 70
     1
102
RTVSPost2010Prop54
  1
strokes_ogs.tif
102
RTVSPost2010PropOp54
 70
     1
102
RTVSPost2010Prop55
280
     0
102
RTVSPost2010PropOp55
 70
     1
102
RTVSPost2010Prop56
140
1.0
102
RTVSPost2010PropOp56
 70
     1
102
RTVSPost2010Prop57
140
1.0
102
RTVSPost2010PropOp57
 70
     1
102
RTVSPropertyOp0
 70
     1
102
RTVSPropertyOp1
 70
     1
102
RTVSPropertyOp2
 70
     1
102
RTVSPropertyOp3
 70
     1
102
RTVSPropertyOp4
 70
     1
102
RTVSPropertyOp5
 70
     1
102
RTVSPropertyOp6
 70
     1
102
RTVSPropertyOp7
 70
     1
102
RTVSPropertyOp8
 70
     1
102
RTVSPropertyOp9
 70
     1
102
RTVSPropertyOp10
 70
     1
102
RTVSPropertyOp11
 70
     1
102
RTVSPropertyOp12
 70
     1
102
RTVSPropertyOp13
 70
     1
102
RTVSPropertyOp14
 70
     1
102
RTVSPropertyOp15
 70
     1
102
RTVSPropertyOp16
 70
     1
102
RTVSPropertyOp17
 70
     1
102
RTVSPropertyOp18
 70
     1
102
RTVSPropertyOp19
 70
     1
102
RTVSPropertyOp20
 70
     1
102
RTVSPropertyOp21
 70
     1
102
RTVSPropertyOp22
 70
     1
102
RTVSPropertyOp23
 70
     1
102
RTVSPropertyOp24
 70
     1
102
RTVSPropertyOp25
 70
     1
102
RTVSPropertyOp26
 70
     1
102
RTVSPropertyOp27
 70
     1
102
RTVSPropertyOp28
 70
     1
102
RTVSPropertyOp29
 70
     1
102
RTVSPropertyOp30
 70
     1
102
RTVSPropertyOp31
 70
     1
102
RTVSPropertyOp32
 70
     1
102
RTVSPropertyOp33
 70
     1
102
RTVSPropertyOp34
 70
     1
102
RTVSPropertyOp35
 70
     1
102
RTVSPropertyOp36
 70
     1
102
RTVSPropertyOp37
 70
     1
102
RTVSPropertyOp38
 70
     1
102
RTVSPropertyOp39
 70
     1
102
RTVSPropertyOp40
 70
     1
102
RTVSPropertyOp41
 70
     1
102
RTVSPropertyOp42
 70
     1
102
RTVSPropertyOp43
 70
     1
102
RTVSPropertyOp44
 70
     1
102
RTVSPropertyOp45
 70
     1
102
RTVSPropertyOp46
 70
     1
102
RTVSPropertyOp47
 70
     1
102
RTVSPropertyOp48
 70
     1
102
RTVSPropertyOp49
 70
     1
102
RTVSPropertyOp50
 70
     1
102
RTVSPropertyOp51
 70
     0
102
RTVSPropertyOp52
 70
     0
102
RTVSPropertyOp53
 70
     1
102
RTVSPropertyOp54
 70
     1
102
RTVSPropertyOp55
 70
     1
102
RTVSPropertyOp56
 70
     1
102
RTVSPropertyOp57
 70
     1
102
RTVSPropertyOp58
 70
     1
102
RTVSPropertyOp59
 70
     1
102
RTVSPropertyOp60
 70
     1
102
RTVSPropertyOp61
 70
     1
102
RTVSPropertyOp62
 70
     1
  0
XRECORD
  5
EB6F
102
{ACAD_REACTORS
330
EB6E
102
}
330
EB6E
100
AcDbXrecord
280
     1
102
RTVSPost2010Prop28
280
     0
102
RTVSPost2010PropOp28
 70
     0
102
RTVSPost2010Prop29
280
     1
102
RTVSPost2010PropOp29
 70
     0
102
RTVSPost2010Prop30
280
     1
102
RTVSPost2010PropOp30
 70
     0
102
RTVSPost2010Prop31
280
     0
102
RTVSPost2010PropOp31
 70
     0
102
RTVSPost2010Prop32
280
     0
102
RTVSPost2010PropOp32
 70
     0
102
RTVSPost2010Prop33
280
     0
102
RTVSPost2010PropOp33
 70
     0
102
RTVSPost2010Prop34
280
     0
102
RTVSPost2010PropOp34
 70
     0
102
RTVSPost2010Prop35
280
     0
102
RTVSPost2010PropOp35
 70
     0
102
RTVSPost2010Prop36
280
     0
102
RTVSPost2010PropOp36
 70
     0
102
RTVSPost2010Prop37
 90
       50
102
RTVSPost2010PropOp37
 70
     0
102
RTVSPost2010Prop38
140
0.0
102
RTVSPost2010PropOp38
 70
     0
102
RTVSPost2010Prop39
140
1.0
102
RTVSPost2010PropOp39
 70
     0
102
RTVSPost2010Prop40
 90
        0
102
RTVSPost2010PropOp40
 70
     0
102
RTVSPost2010Prop41ColorIndex
 90
       18
102
RTVSPost2010Prop41ColorRGB
 90
        0
102
RTVSPost2010PropOp41
 70
     0
102
RTVSPost2010Prop42
 90
       50
102
RTVSPost2010PropOp42
 70
     0
102
RTVSPost2010Prop43
 90
        3
102
RTVSPost2010PropOp43
 70
     0
102
RTVSPost2010Prop44ColorIndex
 90
        5
102
RTVSPost2010Prop44ColorRGB
 90
      255
102
RTVSPost2010PropOp44
 70
     0
102
RTVSPost2010Prop45
280
     0
102
RTVSPost2010PropOp45
 70
     0
102
RTVSPost2010Prop46
 90
       50
102
RTVSPost2010PropOp46
 70
     0
102
RTVSPost2010Prop47
 90
       50
102
RTVSPost2010PropOp47
 70
     0
102
RTVSPost2010Prop48
 90
       50
102
RTVSPost2010PropOp48
 70
     0
102
RTVSPost2010Prop49
280
     0
102
RTVSPost2010PropOp49
 70
     0
102
RTVSPost2010Prop50
 90
       50
102
RTVSPost2010PropOp50
 70
     0
102
RTVSPost2010Prop51ColorIndex
 90
      256
102
RTVSPost2010Prop51ColorRGB
 90
-16777216
102
RTVSPost2010PropOp51
 70
     0
102
RTVSPost2010Prop52
140
1.0
102
RTVSPost2010PropOp52
 70
     0
102
RTVSPost2010Prop53
 90
        2
102
RTVSPost2010PropOp53
 70
     0
102
RTVSPost2010Prop54
  1
strokes_ogs.tif
102
RTVSPost2010PropOp54
 70
     0
102
RTVSPost2010Prop55
280
     0
102
RTVSPost2010PropOp55
 70
     0
102
RTVSPost2010Prop56
140
1.0
102
RTVSPost2010PropOp56
 70
     0
102
RTVSPost2010Prop57
140
1.0
102
RTVSPost2010PropOp57
 70
     0
102
RTVSPropertyOp0
 70
     0
102
RTVSPropertyOp1
 70
     0
102
RTVSPropertyOp2
 70
     0
102
RTVSPropertyOp3
 70
     0
102
RTVSPropertyOp4
 70
     0
102
RTVSPropertyOp5
 70
     0
102
RTVSPropertyOp6
 70
     0
102
RTVSPropertyOp7
 70
     0
102
RTVSPropertyOp8
 70
     0
102
RTVSPropertyOp9
 70
     0
102
RTVSPropertyOp10
 70
     0
102
RTVSPropertyOp11
 70
     0
102
RTVSPropertyOp12
 70
     0
102
RTVSPropertyOp13
 70
     0
102
RTVSPropertyOp14
 70
     2
102
RTVSPropertyOp15
 70
     0
102
RTVSPropertyOp16
 70
     0
102
RTVSPropertyOp17
 70
     0
102
RTVSPropertyOp18
 70
     0
102
RTVSPropertyOp19
 70
     0
102
RTVSPropertyOp20
 70
     0
102
RTVSPropertyOp21
 70
     0
102
RTVSPropertyOp22
 70
     0
102
RTVSPropertyOp23
 70
     0
102
RTVSPropertyOp24
 70
     0
102
RTVSPropertyOp25
 70
     0
102
RTVSPropertyOp26
 70
     0
102
RTVSPropertyOp27
 70
     0
102
RTVSPropertyOp28
 70
     0
102
RTVSPropertyOp29
 70
     0
102
RTVSPropertyOp30
 70
     0
102
RTVSPropertyOp31
 70
     0
102
RTVSPropertyOp32
 70
     0
102
RTVSPropertyOp33
 70
     0
102
RTVSPropertyOp34
 70
     0
102
RTVSPropertyOp35
 70
     0
102
RTVSPropertyOp36
 70
     0
102
RTVSPropertyOp37
 70
     0
102
RTVSPropertyOp38
 70
     0
102
RTVSPropertyOp39
 70
     0
102
RTVSPropertyOp40
 70
     0
102
RTVSPropertyOp41
 70
     0
102
RTVSPropertyOp42
 70
     0
102
RTVSPropertyOp43
 70
     0
102
RTVSPropertyOp44
 70
     0
102
RTVSPropertyOp45
 70
     0
102
RTVSPropertyOp46
 70
     0
102
RTVSPropertyOp47
 70
     0
102
RTVSPropertyOp48
 70
     0
102
RTVSPropertyOp49
 70
     0
102
RTVSPropertyOp50
 70
     0
102
RTVSPropertyOp51
 70
     0
102
RTVSPropertyOp52
 70
     0
102
RTVSPropertyOp53
 70
     0
102
RTVSPropertyOp54
 70
     0
102
RTVSPropertyOp55
 70
     0
102
RTVSPropertyOp56
 70
     0
102
RTVSPropertyOp57
 70
     0
102
RTVSPropertyOp58
 70
     1
102
RTVSPropertyOp59
 70
     1
102
RTVSPropertyOp60
 70
     1
102
RTVSPropertyOp61
 70
     1
102
RTVSPropertyOp62
 70
     1
  0
XRECORD
  5
EB5D
102
{ACAD_REACTORS
330
EB5C
102
}
330
EB5C
100
AcDbXrecord
280
     1
102
RTVSPost2010Prop28
280
     0
102
RTVSPost2010PropOp28
 70
     1
102
RTVSPost2010Prop29
280
     1
102
RTVSPost2010PropOp29
 70
     1
102
RTVSPost2010Prop30
280
     1
102
RTVSPost2010PropOp30
 70
     1
102
RTVSPost2010Prop31
280
     0
102
RTVSPost2010PropOp31
 70
     1
102
RTVSPost2010Prop32
280
     0
102
RTVSPost2010PropOp32
 70
     1
102
RTVSPost2010Prop33
280
     0
102
RTVSPost2010PropOp33
 70
     1
102
RTVSPost2010Prop34
280
     0
102
RTVSPost2010PropOp34
 70
     1
102
RTVSPost2010Prop35
280
     0
102
RTVSPost2010PropOp35
 70
     1
102
RTVSPost2010Prop36
280
     0
102
RTVSPost2010PropOp36
 70
     1
102
RTVSPost2010Prop37
 90
       50
102
RTVSPost2010PropOp37
 70
     1
102
RTVSPost2010Prop38
140
0.0
102
RTVSPost2010PropOp38
 70
     1
102
RTVSPost2010Prop39
140
1.0
102
RTVSPost2010PropOp39
 70
     1
102
RTVSPost2010Prop40
 90
        0
102
RTVSPost2010PropOp40
 70
     1
102
RTVSPost2010Prop41ColorIndex
 90
       18
102
RTVSPost2010Prop41ColorRGB
 90
        0
102
RTVSPost2010PropOp41
 70
     1
102
RTVSPost2010Prop42
 90
       50
102
RTVSPost2010PropOp42
 70
     1
102
RTVSPost2010Prop43
 90
        3
102
RTVSPost2010PropOp43
 70
     1
102
RTVSPost2010Prop44ColorIndex
 90
        5
102
RTVSPost2010Prop44ColorRGB
 90
      255
102
RTVSPost2010PropOp44
 70
     1
102
RTVSPost2010Prop45
280
     0
102
RTVSPost2010PropOp45
 70
     1
102
RTVSPost2010Prop46
 90
       50
102
RTVSPost2010PropOp46
 70
     1
102
RTVSPost2010Prop47
 90
       50
102
RTVSPost2010PropOp47
 70
     1
102
RTVSPost2010Prop48
 90
       50
102
RTVSPost2010PropOp48
 70
     1
102
RTVSPost2010Prop49
280
     0
102
RTVSPost2010PropOp49
 70
     1
102
RTVSPost2010Prop50
 90
       50
102
RTVSPost2010PropOp50
 70
     1
102
RTVSPost2010Prop51ColorIndex
 90
      256
102
RTVSPost2010Prop51ColorRGB
 90
-16777216
102
RTVSPost2010PropOp51
 70
     0
102
RTVSPost2010Prop52
140
1.0
102
RTVSPost2010PropOp52
 70
     0
102
RTVSPost2010Prop53
 90
        2
102
RTVSPost2010PropOp53
 70
     1
102
RTVSPost2010Prop54
  1
strokes_ogs.tif
102
RTVSPost2010PropOp54
 70
     1
102
RTVSPost2010Prop55
280
     0
102
RTVSPost2010PropOp55
 70
     1
102
RTVSPost2010Prop56
140
1.0
102
RTVSPost2010PropOp56
 70
     1
102
RTVSPost2010Prop57
140
1.0
102
RTVSPost2010PropOp57
 70
     1
102
RTVSPropertyOp0
 70
     1
102
RTVSPropertyOp1
 70
     1
102
RTVSPropertyOp2
 70
     1
102
RTVSPropertyOp3
 70
     1
102
RTVSPropertyOp4
 70
     1
102
RTVSPropertyOp5
 70
     1
102
RTVSPropertyOp6
 70
     1
102
RTVSPropertyOp7
 70
     1
102
RTVSPropertyOp8
 70
     1
102
RTVSPropertyOp9
 70
     1
102
RTVSPropertyOp10
 70
     1
102
RTVSPropertyOp11
 70
     1
102
RTVSPropertyOp12
 70
     1
102
RTVSPropertyOp13
 70
     1
102
RTVSPropertyOp14
 70
     1
102
RTVSPropertyOp15
 70
     1
102
RTVSPropertyOp16
 70
     1
102
RTVSPropertyOp17
 70
     1
102
RTVSPropertyOp18
 70
     1
102
RTVSPropertyOp19
 70
     1
102
RTVSPropertyOp20
 70
     1
102
RTVSPropertyOp21
 70
     1
102
RTVSPropertyOp22
 70
     1
102
RTVSPropertyOp23
 70
     1
102
RTVSPropertyOp24
 70
     1
102
RTVSPropertyOp25
 70
     1
102
RTVSPropertyOp26
 70
     1
102
RTVSPropertyOp27
 70
     1
102
RTVSPropertyOp28
 70
     1
102
RTVSPropertyOp29
 70
     1
102
RTVSPropertyOp30
 70
     1
102
RTVSPropertyOp31
 70
     1
102
RTVSPropertyOp32
 70
     1
102
RTVSPropertyOp33
 70
     1
102
RTVSPropertyOp34
 70
     1
102
RTVSPropertyOp35
 70
     1
102
RTVSPropertyOp36
 70
     1
102
RTVSPropertyOp37
 70
     1
102
RTVSPropertyOp38
 70
     1
102
RTVSPropertyOp39
 70
     1
102
RTVSPropertyOp40
 70
     1
102
RTVSPropertyOp41
 70
     1
102
RTVSPropertyOp42
 70
     1
102
RTVSPropertyOp43
 70
     1
102
RTVSPropertyOp44
 70
     1
102
RTVSPropertyOp45
 70
     1
102
RTVSPropertyOp46
 70
     1
102
RTVSPropertyOp47
 70
     1
102
RTVSPropertyOp48
 70
     1
102
RTVSPropertyOp49
 70
     1
102
RTVSPropertyOp50
 70
     1
102
RTVSPropertyOp51
 70
     0
102
RTVSPropertyOp52
 70
     0
102
RTVSPropertyOp53
 70
     1
102
RTVSPropertyOp54
 70
     1
102
RTVSPropertyOp55
 70
     1
102
RTVSPropertyOp56
 70
     1
102
RTVSPropertyOp57
 70
     1
102
RTVSPropertyOp58
 70
     1
102
RTVSPropertyOp59
 70
     1
102
RTVSPropertyOp60
 70
     1
102
RTVSPropertyOp61
 70
     1
102
RTVSPropertyOp62
 70
     1
  0
XRECORD
  5
EB41
102
{ACAD_REACTORS
330
EB40
102
}
330
EB40
100
AcDbXrecord
280
     1
102
RTVSPost2010Prop28
280
     0
102
RTVSPost2010PropOp28
 70
     1
102
RTVSPost2010Prop29
280
     1
102
RTVSPost2010PropOp29
 70
     1
102
RTVSPost2010Prop30
280
     1
102
RTVSPost2010PropOp30
 70
     1
102
RTVSPost2010Prop31
280
     0
102
RTVSPost2010PropOp31
 70
     1
102
RTVSPost2010Prop32
280
     0
102
RTVSPost2010PropOp32
 70
     1
102
RTVSPost2010Prop33
280
     0
102
RTVSPost2010PropOp33
 70
     1
102
RTVSPost2010Prop34
280
     0
102
RTVSPost2010PropOp34
 70
     1
102
RTVSPost2010Prop35
280
     0
102
RTVSPost2010PropOp35
 70
     1
102
RTVSPost2010Prop36
280
     0
102
RTVSPost2010PropOp36
 70
     1
102
RTVSPost2010Prop37
 90
       50
102
RTVSPost2010PropOp37
 70
     1
102
RTVSPost2010Prop38
140
0.0
102
RTVSPost2010PropOp38
 70
     1
102
RTVSPost2010Prop39
140
1.0
102
RTVSPost2010PropOp39
 70
     1
102
RTVSPost2010Prop40
 90
        0
102
RTVSPost2010PropOp40
 70
     1
102
RTVSPost2010Prop41ColorIndex
 90
       18
102
RTVSPost2010Prop41ColorRGB
 90
        0
102
RTVSPost2010PropOp41
 70
     1
102
RTVSPost2010Prop42
 90
       50
102
RTVSPost2010PropOp42
 70
     1
102
RTVSPost2010Prop43
 90
        3
102
RTVSPost2010PropOp43
 70
     1
102
RTVSPost2010Prop44ColorIndex
 90
        5
102
RTVSPost2010Prop44ColorRGB
 90
      255
102
RTVSPost2010PropOp44
 70
     1
102
RTVSPost2010Prop45
280
     0
102
RTVSPost2010PropOp45
 70
     1
102
RTVSPost2010Prop46
 90
       50
102
RTVSPost2010PropOp46
 70
     1
102
RTVSPost2010Prop47
 90
       50
102
RTVSPost2010PropOp47
 70
     1
102
RTVSPost2010Prop48
 90
       50
102
RTVSPost2010PropOp48
 70
     1
102
RTVSPost2010Prop49
280
     0
102
RTVSPost2010PropOp49
 70
     1
102
RTVSPost2010Prop50
 90
       50
102
RTVSPost2010PropOp50
 70
     1
102
RTVSPost2010Prop51ColorIndex
 90
      256
102
RTVSPost2010Prop51ColorRGB
 90
-16777216
102
RTVSPost2010PropOp51
 70
     0
102
RTVSPost2010Prop52
140
1.0
102
RTVSPost2010PropOp52
 70
     0
102
RTVSPost2010Prop53
 90
        2
102
RTVSPost2010PropOp53
 70
     1
102
RTVSPost2010Prop54
  1
strokes_ogs.tif
102
RTVSPost2010PropOp54
 70
     1
102
RTVSPost2010Prop55
280
     0
102
RTVSPost2010PropOp55
 70
     1
102
RTVSPost2010Prop56
140
1.0
102
RTVSPost2010PropOp56
 70
     1
102
RTVSPost2010Prop57
140
1.0
102
RTVSPost2010PropOp57
 70
     1
102
RTVSPropertyOp0
 70
     1
102
RTVSPropertyOp1
 70
     1
102
RTVSPropertyOp2
 70
     1
102
RTVSPropertyOp3
 70
     1
102
RTVSPropertyOp4
 70
     1
102
RTVSPropertyOp5
 70
     1
102
RTVSPropertyOp6
 70
     1
102
RTVSPropertyOp7
 70
     1
102
RTVSPropertyOp8
 70
     1
102
RTVSPropertyOp9
 70
     1
102
RTVSPropertyOp10
 70
     1
102
RTVSPropertyOp11
 70
     1
102
RTVSPropertyOp12
 70
     1
102
RTVSPropertyOp13
 70
     1
102
RTVSPropertyOp14
 70
     1
102
RTVSPropertyOp15
 70
     1
102
RTVSPropertyOp16
 70
     1
102
RTVSPropertyOp17
 70
     1
102
RTVSPropertyOp18
 70
     1
102
RTVSPropertyOp19
 70
     1
102
RTVSPropertyOp20
 70
     1
102
RTVSPropertyOp21
 70
     1
102
RTVSPropertyOp22
 70
     1
102
RTVSPropertyOp23
 70
     1
102
RTVSPropertyOp24
 70
     1
102
RTVSPropertyOp25
 70
     1
102
RTVSPropertyOp26
 70
     1
102
RTVSPropertyOp27
 70
     1
102
RTVSPropertyOp28
 70
     1
102
RTVSPropertyOp29
 70
     1
102
RTVSPropertyOp30
 70
     1
102
RTVSPropertyOp31
 70
     1
102
RTVSPropertyOp32
 70
     1
102
RTVSPropertyOp33
 70
     1
102
RTVSPropertyOp34
 70
     1
102
RTVSPropertyOp35
 70
     1
102
RTVSPropertyOp36
 70
     1
102
RTVSPropertyOp37
 70
     1
102
RTVSPropertyOp38
 70
     1
102
RTVSPropertyOp39
 70
     1
102
RTVSPropertyOp40
 70
     1
102
RTVSPropertyOp41
 70
     1
102
RTVSPropertyOp42
 70
     1
102
RTVSPropertyOp43
 70
     1
102
RTVSPropertyOp44
 70
     1
102
RTVSPropertyOp45
 70
     1
102
RTVSPropertyOp46
 70
     1
102
RTVSPropertyOp47
 70
     1
102
RTVSPropertyOp48
 70
     1
102
RTVSPropertyOp49
 70
     1
102
RTVSPropertyOp50
 70
     1
102
RTVSPropertyOp51
 70
     0
102
RTVSPropertyOp52
 70
     0
102
RTVSPropertyOp53
 70
     1
102
RTVSPropertyOp54
 70
     1
102
RTVSPropertyOp55
 70
     1
102
RTVSPropertyOp56
 70
     1
102
RTVSPropertyOp57
 70
     1
102
RTVSPropertyOp58
 70
     1
102
RTVSPropertyOp59
 70
     1
102
RTVSPropertyOp60
 70
     1
102
RTVSPropertyOp61
 70
     1
102
RTVSPropertyOp62
 70
     1
  0
XRECORD
  5
EB43
102
{ACAD_REACTORS
330
EB42
102
}
330
EB42
100
AcDbXrecord
280
     1
102
RTVSPost2010Prop28
280
     0
102
RTVSPost2010PropOp28
 70
     1
102
RTVSPost2010Prop29
280
     1
102
RTVSPost2010PropOp29
 70
     1
102
RTVSPost2010Prop30
280
     1
102
RTVSPost2010PropOp30
 70
     1
102
RTVSPost2010Prop31
280
     0
102
RTVSPost2010PropOp31
 70
     1
102
RTVSPost2010Prop32
280
     0
102
RTVSPost2010PropOp32
 70
     1
102
RTVSPost2010Prop33
280
     0
102
RTVSPost2010PropOp33
 70
     1
102
RTVSPost2010Prop34
280
     0
102
RTVSPost2010PropOp34
 70
     1
102
RTVSPost2010Prop35
280
     0
102
RTVSPost2010PropOp35
 70
     1
102
RTVSPost2010Prop36
280
     0
102
RTVSPost2010PropOp36
 70
     1
102
RTVSPost2010Prop37
 90
       50
102
RTVSPost2010PropOp37
 70
     1
102
RTVSPost2010Prop38
140
0.0
102
RTVSPost2010PropOp38
 70
     1
102
RTVSPost2010Prop39
140
1.0
102
RTVSPost2010PropOp39
 70
     1
102
RTVSPost2010Prop40
 90
        0
102
RTVSPost2010PropOp40
 70
     1
102
RTVSPost2010Prop41ColorIndex
 90
       18
102
RTVSPost2010Prop41ColorRGB
 90
        0
102
RTVSPost2010PropOp41
 70
     1
102
RTVSPost2010Prop42
 90
       50
102
RTVSPost2010PropOp42
 70
     1
102
RTVSPost2010Prop43
 90
        3
102
RTVSPost2010PropOp43
 70
     1
102
RTVSPost2010Prop44ColorIndex
 90
        5
102
RTVSPost2010Prop44ColorRGB
 90
      255
102
RTVSPost2010PropOp44
 70
     1
102
RTVSPost2010Prop45
280
     0
102
RTVSPost2010PropOp45
 70
     1
102
RTVSPost2010Prop46
 90
       50
102
RTVSPost2010PropOp46
 70
     1
102
RTVSPost2010Prop47
 90
       50
102
RTVSPost2010PropOp47
 70
     1
102
RTVSPost2010Prop48
 90
       50
102
RTVSPost2010PropOp48
 70
     1
102
RTVSPost2010Prop49
280
     0
102
RTVSPost2010PropOp49
 70
     1
102
RTVSPost2010Prop50
 90
       50
102
RTVSPost2010PropOp50
 70
     1
102
RTVSPost2010Prop51ColorIndex
 90
      256
102
RTVSPost2010Prop51ColorRGB
 90
-16777216
102
RTVSPost2010PropOp51
 70
     0
102
RTVSPost2010Prop52
140
1.0
102
RTVSPost2010PropOp52
 70
     0
102
RTVSPost2010Prop53
 90
        2
102
RTVSPost2010PropOp53
 70
     1
102
RTVSPost2010Prop54
  1
strokes_ogs.tif
102
RTVSPost2010PropOp54
 70
     1
102
RTVSPost2010Prop55
280
     0
102
RTVSPost2010PropOp55
 70
     1
102
RTVSPost2010Prop56
140
1.0
102
RTVSPost2010PropOp56
 70
     1
102
RTVSPost2010Prop57
140
1.0
102
RTVSPost2010PropOp57
 70
     1
102
RTVSPropertyOp0
 70
     1
102
RTVSPropertyOp1
 70
     1
102
RTVSPropertyOp2
 70
     1
102
RTVSPropertyOp3
 70
     1
102
RTVSPropertyOp4
 70
     1
102
RTVSPropertyOp5
 70
     1
102
RTVSPropertyOp6
 70
     1
102
RTVSPropertyOp7
 70
     1
102
RTVSPropertyOp8
 70
     1
102
RTVSPropertyOp9
 70
     1
102
RTVSPropertyOp10
 70
     1
102
RTVSPropertyOp11
 70
     1
102
RTVSPropertyOp12
 70
     1
102
RTVSPropertyOp13
 70
     1
102
RTVSPropertyOp14
 70
     1
102
RTVSPropertyOp15
 70
     1
102
RTVSPropertyOp16
 70
     1
102
RTVSPropertyOp17
 70
     1
102
RTVSPropertyOp18
 70
     1
102
RTVSPropertyOp19
 70
     1
102
RTVSPropertyOp20
 70
     1
102
RTVSPropertyOp21
 70
     1
102
RTVSPropertyOp22
 70
     1
102
RTVSPropertyOp23
 70
     1
102
RTVSPropertyOp24
 70
     1
102
RTVSPropertyOp25
 70
     1
102
RTVSPropertyOp26
 70
     1
102
RTVSPropertyOp27
 70
     1
102
RTVSPropertyOp28
 70
     1
102
RTVSPropertyOp29
 70
     1
102
RTVSPropertyOp30
 70
     1
102
RTVSPropertyOp31
 70
     1
102
RTVSPropertyOp32
 70
     1
102
RTVSPropertyOp33
 70
     1
102
RTVSPropertyOp34
 70
     1
102
RTVSPropertyOp35
 70
     1
102
RTVSPropertyOp36
 70
     1
102
RTVSPropertyOp37
 70
     1
102
RTVSPropertyOp38
 70
     1
102
RTVSPropertyOp39
 70
     1
102
RTVSPropertyOp40
 70
     1
102
RTVSPropertyOp41
 70
     1
102
RTVSPropertyOp42
 70
     1
102
RTVSPropertyOp43
 70
     1
102
RTVSPropertyOp44
 70
     1
102
RTVSPropertyOp45
 70
     1
102
RTVSPropertyOp46
 70
     1
102
RTVSPropertyOp47
 70
     1
102
RTVSPropertyOp48
 70
     1
102
RTVSPropertyOp49
 70
     1
102
RTVSPropertyOp50
 70
     1
102
RTVSPropertyOp51
 70
     0
102
RTVSPropertyOp52
 70
     0
102
RTVSPropertyOp53
 70
     1
102
RTVSPropertyOp54
 70
     1
102
RTVSPropertyOp55
 70
     1
102
RTVSPropertyOp56
 70
     1
102
RTVSPropertyOp57
 70
     1
102
RTVSPropertyOp58
 70
     1
102
RTVSPropertyOp59
 70
     1
102
RTVSPropertyOp60
 70
     1
102
RTVSPropertyOp61
 70
     1
102
RTVSPropertyOp62
 70
     1
  0
XRECORD
  5
EB45
102
{ACAD_REACTORS
330
EB44
102
}
330
EB44
100
AcDbXrecord
280
     1
102
RTVSPost2010Prop28
280
     0
102
RTVSPost2010PropOp28
 70
     1
102
RTVSPost2010Prop29
280
     1
102
RTVSPost2010PropOp29
 70
     1
102
RTVSPost2010Prop30
280
     1
102
RTVSPost2010PropOp30
 70
     1
102
RTVSPost2010Prop31
280
     0
102
RTVSPost2010PropOp31
 70
     1
102
RTVSPost2010Prop32
280
     0
102
RTVSPost2010PropOp32
 70
     1
102
RTVSPost2010Prop33
280
     0
102
RTVSPost2010PropOp33
 70
     1
102
RTVSPost2010Prop34
280
     0
102
RTVSPost2010PropOp34
 70
     1
102
RTVSPost2010Prop35
280
     0
102
RTVSPost2010PropOp35
 70
     1
102
RTVSPost2010Prop36
280
     0
102
RTVSPost2010PropOp36
 70
     1
102
RTVSPost2010Prop37
 90
       50
102
RTVSPost2010PropOp37
 70
     1
102
RTVSPost2010Prop38
140
0.0
102
RTVSPost2010PropOp38
 70
     1
102
RTVSPost2010Prop39
140
1.0
102
RTVSPost2010PropOp39
 70
     1
102
RTVSPost2010Prop40
 90
        0
102
RTVSPost2010PropOp40
 70
     1
102
RTVSPost2010Prop41ColorIndex
 90
       18
102
RTVSPost2010Prop41ColorRGB
 90
        0
102
RTVSPost2010PropOp41
 70
     1
102
RTVSPost2010Prop42
 90
       50
102
RTVSPost2010PropOp42
 70
     1
102
RTVSPost2010Prop43
 90
        3
102
RTVSPost2010PropOp43
 70
     1
102
RTVSPost2010Prop44ColorIndex
 90
        5
102
RTVSPost2010Prop44ColorRGB
 90
      255
102
RTVSPost2010PropOp44
 70
     1
102
RTVSPost2010Prop45
280
     0
102
RTVSPost2010PropOp45
 70
     1
102
RTVSPost2010Prop46
 90
       50
102
RTVSPost2010PropOp46
 70
     1
102
RTVSPost2010Prop47
 90
       50
102
RTVSPost2010PropOp47
 70
     1
102
RTVSPost2010Prop48
 90
       50
102
RTVSPost2010PropOp48
 70
     1
102
RTVSPost2010Prop49
280
     0
102
RTVSPost2010PropOp49
 70
     1
102
RTVSPost2010Prop50
 90
       50
102
RTVSPost2010PropOp50
 70
     1
102
RTVSPost2010Prop51ColorIndex
 90
      256
102
RTVSPost2010Prop51ColorRGB
 90
-16777216
102
RTVSPost2010PropOp51
 70
     0
102
RTVSPost2010Prop52
140
1.0
102
RTVSPost2010PropOp52
 70
     0
102
RTVSPost2010Prop53
 90
        2
102
RTVSPost2010PropOp53
 70
     1
102
RTVSPost2010Prop54
  1
strokes_ogs.tif
102
RTVSPost2010PropOp54
 70
     1
102
RTVSPost2010Prop55
280
     0
102
RTVSPost2010PropOp55
 70
     1
102
RTVSPost2010Prop56
140
1.0
102
RTVSPost2010PropOp56
 70
     1
102
RTVSPost2010Prop57
140
1.0
102
RTVSPost2010PropOp57
 70
     1
102
RTVSPropertyOp0
 70
     1
102
RTVSPropertyOp1
 70
     1
102
RTVSPropertyOp2
 70
     1
102
RTVSPropertyOp3
 70
     1
102
RTVSPropertyOp4
 70
     1
102
RTVSPropertyOp5
 70
     1
102
RTVSPropertyOp6
 70
     1
102
RTVSPropertyOp7
 70
     1
102
RTVSPropertyOp8
 70
     1
102
RTVSPropertyOp9
 70
     1
102
RTVSPropertyOp10
 70
     1
102
RTVSPropertyOp11
 70
     1
102
RTVSPropertyOp12
 70
     1
102
RTVSPropertyOp13
 70
     1
102
RTVSPropertyOp14
 70
     1
102
RTVSPropertyOp15
 70
     1
102
RTVSPropertyOp16
 70
     1
102
RTVSPropertyOp17
 70
     1
102
RTVSPropertyOp18
 70
     1
102
RTVSPropertyOp19
 70
     1
102
RTVSPropertyOp20
 70
     1
102
RTVSPropertyOp21
 70
     1
102
RTVSPropertyOp22
 70
     1
102
RTVSPropertyOp23
 70
     1
102
RTVSPropertyOp24
 70
     1
102
RTVSPropertyOp25
 70
     1
102
RTVSPropertyOp26
 70
     1
102
RTVSPropertyOp27
 70
     1
102
RTVSPropertyOp28
 70
     1
102
RTVSPropertyOp29
 70
     1
102
RTVSPropertyOp30
 70
     1
102
RTVSPropertyOp31
 70
     1
102
RTVSPropertyOp32
 70
     1
102
RTVSPropertyOp33
 70
     1
102
RTVSPropertyOp34
 70
     1
102
RTVSPropertyOp35
 70
     1
102
RTVSPropertyOp36
 70
     1
102
RTVSPropertyOp37
 70
     1
102
RTVSPropertyOp38
 70
     1
102
RTVSPropertyOp39
 70
     1
102
RTVSPropertyOp40
 70
     1
102
RTVSPropertyOp41
 70
     1
102
RTVSPropertyOp42
 70
     1
102
RTVSPropertyOp43
 70
     1
102
RTVSPropertyOp44
 70
     1
102
RTVSPropertyOp45
 70
     1
102
RTVSPropertyOp46
 70
     1
102
RTVSPropertyOp47
 70
     1
102
RTVSPropertyOp48
 70
     1
102
RTVSPropertyOp49
 70
     1
102
RTVSPropertyOp50
 70
     1
102
RTVSPropertyOp51
 70
     0
102
RTVSPropertyOp52
 70
     0
102
RTVSPropertyOp53
 70
     1
102
RTVSPropertyOp54
 70
     1
102
RTVSPropertyOp55
 70
     1
102
RTVSPropertyOp56
 70
     1
102
RTVSPropertyOp57
 70
     1
102
RTVSPropertyOp58
 70
     1
102
RTVSPropertyOp59
 70
     1
102
RTVSPropertyOp60
 70
     1
102
RTVSPropertyOp61
 70
     1
102
RTVSPropertyOp62
 70
     1
  0
XRECORD
  5
EB47
102
{ACAD_REACTORS
330
EB46
102
}
330
EB46
100
AcDbXrecord
280
     1
102
RTVSPost2010Prop28
280
     0
102
RTVSPost2010PropOp28
 70
     1
102
RTVSPost2010Prop29
280
     1
102
RTVSPost2010PropOp29
 70
     1
102
RTVSPost2010Prop30
280
     1
102
RTVSPost2010PropOp30
 70
     1
102
RTVSPost2010Prop31
280
     0
102
RTVSPost2010PropOp31
 70
     1
102
RTVSPost2010Prop32
280
     0
102
RTVSPost2010PropOp32
 70
     1
102
RTVSPost2010Prop33
280
     0
102
RTVSPost2010PropOp33
 70
     1
102
RTVSPost2010Prop34
280
     0
102
RTVSPost2010PropOp34
 70
     1
102
RTVSPost2010Prop35
280
     0
102
RTVSPost2010PropOp35
 70
     1
102
RTVSPost2010Prop36
280
     0
102
RTVSPost2010PropOp36
 70
     1
102
RTVSPost2010Prop37
 90
       50
102
RTVSPost2010PropOp37
 70
     1
102
RTVSPost2010Prop38
140
0.0
102
RTVSPost2010PropOp38
 70
     1
102
RTVSPost2010Prop39
140
1.0
102
RTVSPost2010PropOp39
 70
     1
102
RTVSPost2010Prop40
 90
        0
102
RTVSPost2010PropOp40
 70
     1
102
RTVSPost2010Prop41ColorIndex
 90
       18
102
RTVSPost2010Prop41ColorRGB
 90
        0
102
RTVSPost2010PropOp41
 70
     1
102
RTVSPost2010Prop42
 90
       50
102
RTVSPost2010PropOp42
 70
     1
102
RTVSPost2010Prop43
 90
        3
102
RTVSPost2010PropOp43
 70
     1
102
RTVSPost2010Prop44ColorIndex
 90
        5
102
RTVSPost2010Prop44ColorRGB
 90
      255
102
RTVSPost2010PropOp44
 70
     1
102
RTVSPost2010Prop45
280
     0
102
RTVSPost2010PropOp45
 70
     1
102
RTVSPost2010Prop46
 90
       50
102
RTVSPost2010PropOp46
 70
     1
102
RTVSPost2010Prop47
 90
       50
102
RTVSPost2010PropOp47
 70
     1
102
RTVSPost2010Prop48
 90
       50
102
RTVSPost2010PropOp48
 70
     1
102
RTVSPost2010Prop49
280
     0
102
RTVSPost2010PropOp49
 70
     1
102
RTVSPost2010Prop50
 90
       50
102
RTVSPost2010PropOp50
 70
     1
102
RTVSPost2010Prop51ColorIndex
 90
      256
102
RTVSPost2010Prop51ColorRGB
 90
-16777216
102
RTVSPost2010PropOp51
 70
     0
102
RTVSPost2010Prop52
140
1.0
102
RTVSPost2010PropOp52
 70
     0
102
RTVSPost2010Prop53
 90
        2
102
RTVSPost2010PropOp53
 70
     1
102
RTVSPost2010Prop54
  1
strokes_ogs.tif
102
RTVSPost2010PropOp54
 70
     1
102
RTVSPost2010Prop55
280
     0
102
RTVSPost2010PropOp55
 70
     1
102
RTVSPost2010Prop56
140
1.0
102
RTVSPost2010PropOp56
 70
     1
102
RTVSPost2010Prop57
140
1.0
102
RTVSPost2010PropOp57
 70
     1
102
RTVSPropertyOp0
 70
     1
102
RTVSPropertyOp1
 70
     1
102
RTVSPropertyOp2
 70
     1
102
RTVSPropertyOp3
 70
     1
102
RTVSPropertyOp4
 70
     1
102
RTVSPropertyOp5
 70
     1
102
RTVSPropertyOp6
 70
     1
102
RTVSPropertyOp7
 70
     1
102
RTVSPropertyOp8
 70
     1
102
RTVSPropertyOp9
 70
     1
102
RTVSPropertyOp10
 70
     1
102
RTVSPropertyOp11
 70
     1
102
RTVSPropertyOp12
 70
     1
102
RTVSPropertyOp13
 70
     1
102
RTVSPropertyOp14
 70
     1
102
RTVSPropertyOp15
 70
     1
102
RTVSPropertyOp16
 70
     1
102
RTVSPropertyOp17
 70
     1
102
RTVSPropertyOp18
 70
     1
102
RTVSPropertyOp19
 70
     1
102
RTVSPropertyOp20
 70
     1
102
RTVSPropertyOp21
 70
     1
102
RTVSPropertyOp22
 70
     1
102
RTVSPropertyOp23
 70
     1
102
RTVSPropertyOp24
 70
     1
102
RTVSPropertyOp25
 70
     1
102
RTVSPropertyOp26
 70
     1
102
RTVSPropertyOp27
 70
     1
102
RTVSPropertyOp28
 70
     1
102
RTVSPropertyOp29
 70
     1
102
RTVSPropertyOp30
 70
     1
102
RTVSPropertyOp31
 70
     1
102
RTVSPropertyOp32
 70
     1
102
RTVSPropertyOp33
 70
     1
102
RTVSPropertyOp34
 70
     1
102
RTVSPropertyOp35
 70
     1
102
RTVSPropertyOp36
 70
     1
102
RTVSPropertyOp37
 70
     1
102
RTVSPropertyOp38
 70
     1
102
RTVSPropertyOp39
 70
     1
102
RTVSPropertyOp40
 70
     1
102
RTVSPropertyOp41
 70
     1
102
RTVSPropertyOp42
 70
     1
102
RTVSPropertyOp43
 70
     1
102
RTVSPropertyOp44
 70
     1
102
RTVSPropertyOp45
 70
     1
102
RTVSPropertyOp46
 70
     1
102
RTVSPropertyOp47
 70
     1
102
RTVSPropertyOp48
 70
     1
102
RTVSPropertyOp49
 70
     1
102
RTVSPropertyOp50
 70
     1
102
RTVSPropertyOp51
 70
     0
102
RTVSPropertyOp52
 70
     0
102
RTVSPropertyOp53
 70
     1
102
RTVSPropertyOp54
 70
     1
102
RTVSPropertyOp55
 70
     1
102
RTVSPropertyOp56
 70
     1
102
RTVSPropertyOp57
 70
     1
102
RTVSPropertyOp58
 70
     1
102
RTVSPropertyOp59
 70
     1
102
RTVSPropertyOp60
 70
     1
102
RTVSPropertyOp61
 70
     1
102
RTVSPropertyOp62
 70
     1
  0
XRECORD
  5
EB4F
102
{ACAD_REACTORS
330
EB4E
102
}
330
EB4E
100
AcDbXrecord
280
     1
102
RTVSPost2010Prop28
280
     0
102
RTVSPost2010PropOp28
 70
     1
102
RTVSPost2010Prop29
280
     1
102
RTVSPost2010PropOp29
 70
     1
102
RTVSPost2010Prop30
280
     1
102
RTVSPost2010PropOp30
 70
     1
102
RTVSPost2010Prop31
280
     0
102
RTVSPost2010PropOp31
 70
     1
102
RTVSPost2010Prop32
280
     0
102
RTVSPost2010PropOp32
 70
     1
102
RTVSPost2010Prop33
280
     0
102
RTVSPost2010PropOp33
 70
     1
102
RTVSPost2010Prop34
280
     0
102
RTVSPost2010PropOp34
 70
     1
102
RTVSPost2010Prop35
280
     0
102
RTVSPost2010PropOp35
 70
     1
102
RTVSPost2010Prop36
280
     0
102
RTVSPost2010PropOp36
 70
     1
102
RTVSPost2010Prop37
 90
       50
102
RTVSPost2010PropOp37
 70
     1
102
RTVSPost2010Prop38
140
0.0
102
RTVSPost2010PropOp38
 70
     1
102
RTVSPost2010Prop39
140
1.0
102
RTVSPost2010PropOp39
 70
     1
102
RTVSPost2010Prop40
 90
        0
102
RTVSPost2010PropOp40
 70
     1
102
RTVSPost2010Prop41ColorIndex
 90
       18
102
RTVSPost2010Prop41ColorRGB
 90
        0
102
RTVSPost2010PropOp41
 70
     1
102
RTVSPost2010Prop42
 90
       50
102
RTVSPost2010PropOp42
 70
     1
102
RTVSPost2010Prop43
 90
        3
102
RTVSPost2010PropOp43
 70
     1
102
RTVSPost2010Prop44ColorIndex
 90
        5
102
RTVSPost2010Prop44ColorRGB
 90
      255
102
RTVSPost2010PropOp44
 70
     1
102
RTVSPost2010Prop45
280
     0
102
RTVSPost2010PropOp45
 70
     1
102
RTVSPost2010Prop46
 90
       50
102
RTVSPost2010PropOp46
 70
     1
102
RTVSPost2010Prop47
 90
       50
102
RTVSPost2010PropOp47
 70
     1
102
RTVSPost2010Prop48
 90
       50
102
RTVSPost2010PropOp48
 70
     1
102
RTVSPost2010Prop49
280
     0
102
RTVSPost2010PropOp49
 70
     1
102
RTVSPost2010Prop50
 90
       50
102
RTVSPost2010PropOp50
 70
     1
102
RTVSPost2010Prop51ColorIndex
 90
      256
102
RTVSPost2010Prop51ColorRGB
 90
-16777216
102
RTVSPost2010PropOp51
 70
     0
102
RTVSPost2010Prop52
140
1.0
102
RTVSPost2010PropOp52
 70
     0
102
RTVSPost2010Prop53
 90
        2
102
RTVSPost2010PropOp53
 70
     1
102
RTVSPost2010Prop54
  1
strokes_ogs.tif
102
RTVSPost2010PropOp54
 70
     1
102
RTVSPost2010Prop55
280
     0
102
RTVSPost2010PropOp55
 70
     1
102
RTVSPost2010Prop56
140
1.0
102
RTVSPost2010PropOp56
 70
     1
102
RTVSPost2010Prop57
140
1.0
102
RTVSPost2010PropOp57
 70
     1
102
RTVSPropertyOp0
 70
     1
102
RTVSPropertyOp1
 70
     1
102
RTVSPropertyOp2
 70
     1
102
RTVSPropertyOp3
 70
     1
102
RTVSPropertyOp4
 70
     1
102
RTVSPropertyOp5
 70
     1
102
RTVSPropertyOp6
 70
     1
102
RTVSPropertyOp7
 70
     1
102
RTVSPropertyOp8
 70
     1
102
RTVSPropertyOp9
 70
     1
102
RTVSPropertyOp10
 70
     1
102
RTVSPropertyOp11
 70
     1
102
RTVSPropertyOp12
 70
     1
102
RTVSPropertyOp13
 70
     1
102
RTVSPropertyOp14
 70
     1
102
RTVSPropertyOp15
 70
     1
102
RTVSPropertyOp16
 70
     1
102
RTVSPropertyOp17
 70
     1
102
RTVSPropertyOp18
 70
     1
102
RTVSPropertyOp19
 70
     1
102
RTVSPropertyOp20
 70
     1
102
RTVSPropertyOp21
 70
     1
102
RTVSPropertyOp22
 70
     1
102
RTVSPropertyOp23
 70
     1
102
RTVSPropertyOp24
 70
     1
102
RTVSPropertyOp25
 70
     1
102
RTVSPropertyOp26
 70
     1
102
RTVSPropertyOp27
 70
     1
102
RTVSPropertyOp28
 70
     1
102
RTVSPropertyOp29
 70
     1
102
RTVSPropertyOp30
 70
     1
102
RTVSPropertyOp31
 70
     1
102
RTVSPropertyOp32
 70
     1
102
RTVSPropertyOp33
 70
     1
102
RTVSPropertyOp34
 70
     1
102
RTVSPropertyOp35
 70
     1
102
RTVSPropertyOp36
 70
     1
102
RTVSPropertyOp37
 70
     1
102
RTVSPropertyOp38
 70
     1
102
RTVSPropertyOp39
 70
     1
102
RTVSPropertyOp40
 70
     1
102
RTVSPropertyOp41
 70
     1
102
RTVSPropertyOp42
 70
     1
102
RTVSPropertyOp43
 70
     1
102
RTVSPropertyOp44
 70
     1
102
RTVSPropertyOp45
 70
     1
102
RTVSPropertyOp46
 70
     1
102
RTVSPropertyOp47
 70
     1
102
RTVSPropertyOp48
 70
     1
102
RTVSPropertyOp49
 70
     1
102
RTVSPropertyOp50
 70
     1
102
RTVSPropertyOp51
 70
     0
102
RTVSPropertyOp52
 70
     0
102
RTVSPropertyOp53
 70
     1
102
RTVSPropertyOp54
 70
     1
102
RTVSPropertyOp55
 70
     1
102
RTVSPropertyOp56
 70
     1
102
RTVSPropertyOp57
 70
     1
102
RTVSPropertyOp58
 70
     1
102
RTVSPropertyOp59
 70
     1
102
RTVSPropertyOp60
 70
     1
102
RTVSPropertyOp61
 70
     1
102
RTVSPropertyOp62
 70
     1
  0
XRECORD
  5
EB6B
102
{ACAD_REACTORS
330
EB6A
102
}
330
EB6A
100
AcDbXrecord
280
     1
102
RTVSPost2010Prop28
280
     0
102
RTVSPost2010PropOp28
 70
     0
102
RTVSPost2010Prop29
280
     1
102
RTVSPost2010PropOp29
 70
     0
102
RTVSPost2010Prop30
280
     1
102
RTVSPost2010PropOp30
 70
     0
102
RTVSPost2010Prop31
280
     0
102
RTVSPost2010PropOp31
 70
     0
102
RTVSPost2010Prop32
280
     0
102
RTVSPost2010PropOp32
 70
     0
102
RTVSPost2010Prop33
280
     0
102
RTVSPost2010PropOp33
 70
     0
102
RTVSPost2010Prop34
280
     0
102
RTVSPost2010PropOp34
 70
     0
102
RTVSPost2010Prop35
280
     0
102
RTVSPost2010PropOp35
 70
     0
102
RTVSPost2010Prop36
280
     0
102
RTVSPost2010PropOp36
 70
     0
102
RTVSPost2010Prop37
 90
       50
102
RTVSPost2010PropOp37
 70
     0
102
RTVSPost2010Prop38
140
0.0
102
RTVSPost2010PropOp38
 70
     0
102
RTVSPost2010Prop39
140
1.0
102
RTVSPost2010PropOp39
 70
     0
102
RTVSPost2010Prop40
 90
        0
102
RTVSPost2010PropOp40
 70
     0
102
RTVSPost2010Prop41ColorIndex
 90
       18
102
RTVSPost2010Prop41ColorRGB
 90
        0
102
RTVSPost2010PropOp41
 70
     0
102
RTVSPost2010Prop42
 90
       50
102
RTVSPost2010PropOp42
 70
     0
102
RTVSPost2010Prop43
 90
        3
102
RTVSPost2010PropOp43
 70
     0
102
RTVSPost2010Prop44ColorIndex
 90
        5
102
RTVSPost2010Prop44ColorRGB
 90
      255
102
RTVSPost2010PropOp44
 70
     0
102
RTVSPost2010Prop45
280
     0
102
RTVSPost2010PropOp45
 70
     0
102
RTVSPost2010Prop46
 90
       50
102
RTVSPost2010PropOp46
 70
     0
102
RTVSPost2010Prop47
 90
       50
102
RTVSPost2010PropOp47
 70
     0
102
RTVSPost2010Prop48
 90
       50
102
RTVSPost2010PropOp48
 70
     0
102
RTVSPost2010Prop49
280
     0
102
RTVSPost2010PropOp49
 70
     0
102
RTVSPost2010Prop50
 90
       50
102
RTVSPost2010PropOp50
 70
     0
102
RTVSPost2010Prop51ColorIndex
 90
      256
102
RTVSPost2010Prop51ColorRGB
 90
-16777216
102
RTVSPost2010PropOp51
 70
     0
102
RTVSPost2010Prop52
140
1.0
102
RTVSPost2010PropOp52
 70
     0
102
RTVSPost2010Prop53
 90
        2
102
RTVSPost2010PropOp53
 70
     0
102
RTVSPost2010Prop54
  1
strokes_ogs.tif
102
RTVSPost2010PropOp54
 70
     0
102
RTVSPost2010Prop55
280
     0
102
RTVSPost2010PropOp55
 70
     0
102
RTVSPost2010Prop56
140
1.0
102
RTVSPost2010PropOp56
 70
     0
102
RTVSPost2010Prop57
140
1.0
102
RTVSPost2010PropOp57
 70
     0
102
RTVSPropertyOp0
 70
     0
102
RTVSPropertyOp1
 70
     0
102
RTVSPropertyOp2
 70
     0
102
RTVSPropertyOp3
 70
     0
102
RTVSPropertyOp4
 70
     0
102
RTVSPropertyOp5
 70
     0
102
RTVSPropertyOp6
 70
     0
102
RTVSPropertyOp7
 70
     0
102
RTVSPropertyOp8
 70
     0
102
RTVSPropertyOp9
 70
     0
102
RTVSPropertyOp10
 70
     0
102
RTVSPropertyOp11
 70
     0
102
RTVSPropertyOp12
 70
     0
102
RTVSPropertyOp13
 70
     0
102
RTVSPropertyOp14
 70
     2
102
RTVSPropertyOp15
 70
     0
102
RTVSPropertyOp16
 70
     0
102
RTVSPropertyOp17
 70
     0
102
RTVSPropertyOp18
 70
     0
102
RTVSPropertyOp19
 70
     0
102
RTVSPropertyOp20
 70
     0
102
RTVSPropertyOp21
 70
     0
102
RTVSPropertyOp22
 70
     0
102
RTVSPropertyOp23
 70
     0
102
RTVSPropertyOp24
 70
     0
102
RTVSPropertyOp25
 70
     0
102
RTVSPropertyOp26
 70
     0
102
RTVSPropertyOp27
 70
     0
102
RTVSPropertyOp28
 70
     0
102
RTVSPropertyOp29
 70
     0
102
RTVSPropertyOp30
 70
     0
102
RTVSPropertyOp31
 70
     0
102
RTVSPropertyOp32
 70
     0
102
RTVSPropertyOp33
 70
     0
102
RTVSPropertyOp34
 70
     0
102
RTVSPropertyOp35
 70
     0
102
RTVSPropertyOp36
 70
     0
102
RTVSPropertyOp37
 70
     0
102
RTVSPropertyOp38
 70
     0
102
RTVSPropertyOp39
 70
     0
102
RTVSPropertyOp40
 70
     0
102
RTVSPropertyOp41
 70
     0
102
RTVSPropertyOp42
 70
     0
102
RTVSPropertyOp43
 70
     0
102
RTVSPropertyOp44
 70
     0
102
RTVSPropertyOp45
 70
     0
102
RTVSPropertyOp46
 70
     0
102
RTVSPropertyOp47
 70
     0
102
RTVSPropertyOp48
 70
     0
102
RTVSPropertyOp49
 70
     0
102
RTVSPropertyOp50
 70
     0
102
RTVSPropertyOp51
 70
     0
102
RTVSPropertyOp52
 70
     0
102
RTVSPropertyOp53
 70
     0
102
RTVSPropertyOp54
 70
     0
102
RTVSPropertyOp55
 70
     0
102
RTVSPropertyOp56
 70
     0
102
RTVSPropertyOp57
 70
     0
102
RTVSPropertyOp58
 70
     1
102
RTVSPropertyOp59
 70
     1
102
RTVSPropertyOp60
 70
     1
102
RTVSPropertyOp61
 70
     1
102
RTVSPropertyOp62
 70
     1
  0
XRECORD
  5
EB5B
102
{ACAD_REACTORS
330
EB5A
102
}
330
EB5A
100
AcDbXrecord
280
     1
102
RTVSPost2010Prop28
280
     0
102
RTVSPost2010PropOp28
 70
     1
102
RTVSPost2010Prop29
280
     1
102
RTVSPost2010PropOp29
 70
     1
102
RTVSPost2010Prop30
280
     1
102
RTVSPost2010PropOp30
 70
     1
102
RTVSPost2010Prop31
280
     0
102
RTVSPost2010PropOp31
 70
     1
102
RTVSPost2010Prop32
280
     0
102
RTVSPost2010PropOp32
 70
     1
102
RTVSPost2010Prop33
280
     0
102
RTVSPost2010PropOp33
 70
     1
102
RTVSPost2010Prop34
280
     0
102
RTVSPost2010PropOp34
 70
     1
102
RTVSPost2010Prop35
280
     0
102
RTVSPost2010PropOp35
 70
     1
102
RTVSPost2010Prop36
280
     0
102
RTVSPost2010PropOp36
 70
     1
102
RTVSPost2010Prop37
 90
       50
102
RTVSPost2010PropOp37
 70
     1
102
RTVSPost2010Prop38
140
0.0
102
RTVSPost2010PropOp38
 70
     1
102
RTVSPost2010Prop39
140
1.0
102
RTVSPost2010PropOp39
 70
     1
102
RTVSPost2010Prop40
 90
        0
102
RTVSPost2010PropOp40
 70
     1
102
RTVSPost2010Prop41ColorIndex
 90
       18
102
RTVSPost2010Prop41ColorRGB
 90
        0
102
RTVSPost2010PropOp41
 70
     1
102
RTVSPost2010Prop42
 90
       50
102
RTVSPost2010PropOp42
 70
     1
102
RTVSPost2010Prop43
 90
        3
102
RTVSPost2010PropOp43
 70
     1
102
RTVSPost2010Prop44ColorIndex
 90
        5
102
RTVSPost2010Prop44ColorRGB
 90
      255
102
RTVSPost2010PropOp44
 70
     1
102
RTVSPost2010Prop45
280
     0
102
RTVSPost2010PropOp45
 70
     1
102
RTVSPost2010Prop46
 90
       50
102
RTVSPost2010PropOp46
 70
     1
102
RTVSPost2010Prop47
 90
       50
102
RTVSPost2010PropOp47
 70
     1
102
RTVSPost2010Prop48
 90
       50
102
RTVSPost2010PropOp48
 70
     1
102
RTVSPost2010Prop49
280
     0
102
RTVSPost2010PropOp49
 70
     1
102
RTVSPost2010Prop50
 90
       50
102
RTVSPost2010PropOp50
 70
     1
102
RTVSPost2010Prop51ColorIndex
 90
      256
102
RTVSPost2010Prop51ColorRGB
 90
-16777216
102
RTVSPost2010PropOp51
 70
     0
102
RTVSPost2010Prop52
140
1.0
102
RTVSPost2010PropOp52
 70
     0
102
RTVSPost2010Prop53
 90
        2
102
RTVSPost2010PropOp53
 70
     1
102
RTVSPost2010Prop54
  1
strokes_ogs.tif
102
RTVSPost2010PropOp54
 70
     1
102
RTVSPost2010Prop55
280
     0
102
RTVSPost2010PropOp55
 70
     1
102
RTVSPost2010Prop56
140
1.0
102
RTVSPost2010PropOp56
 70
     1
102
RTVSPost2010Prop57
140
1.0
102
RTVSPost2010PropOp57
 70
     1
102
RTVSPropertyOp0
 70
     1
102
RTVSPropertyOp1
 70
     1
102
RTVSPropertyOp2
 70
     1
102
RTVSPropertyOp3
 70
     1
102
RTVSPropertyOp4
 70
     1
102
RTVSPropertyOp5
 70
     1
102
RTVSPropertyOp6
 70
     1
102
RTVSPropertyOp7
 70
     1
102
RTVSPropertyOp8
 70
     1
102
RTVSPropertyOp9
 70
     1
102
RTVSPropertyOp10
 70
     1
102
RTVSPropertyOp11
 70
     1
102
RTVSPropertyOp12
 70
     1
102
RTVSPropertyOp13
 70
     1
102
RTVSPropertyOp14
 70
     1
102
RTVSPropertyOp15
 70
     1
102
RTVSPropertyOp16
 70
     1
102
RTVSPropertyOp17
 70
     1
102
RTVSPropertyOp18
 70
     1
102
RTVSPropertyOp19
 70
     1
102
RTVSPropertyOp20
 70
     1
102
RTVSPropertyOp21
 70
     1
102
RTVSPropertyOp22
 70
     1
102
RTVSPropertyOp23
 70
     1
102
RTVSPropertyOp24
 70
     1
102
RTVSPropertyOp25
 70
     1
102
RTVSPropertyOp26
 70
     1
102
RTVSPropertyOp27
 70
     1
102
RTVSPropertyOp28
 70
     1
102
RTVSPropertyOp29
 70
     1
102
RTVSPropertyOp30
 70
     1
102
RTVSPropertyOp31
 70
     1
102
RTVSPropertyOp32
 70
     1
102
RTVSPropertyOp33
 70
     1
102
RTVSPropertyOp34
 70
     1
102
RTVSPropertyOp35
 70
     1
102
RTVSPropertyOp36
 70
     1
102
RTVSPropertyOp37
 70
     1
102
RTVSPropertyOp38
 70
     1
102
RTVSPropertyOp39
 70
     1
102
RTVSPropertyOp40
 70
     1
102
RTVSPropertyOp41
 70
     1
102
RTVSPropertyOp42
 70
     1
102
RTVSPropertyOp43
 70
     1
102
RTVSPropertyOp44
 70
     1
102
RTVSPropertyOp45
 70
     1
102
RTVSPropertyOp46
 70
     1
102
RTVSPropertyOp47
 70
     1
102
RTVSPropertyOp48
 70
     1
102
RTVSPropertyOp49
 70
     1
102
RTVSPropertyOp50
 70
     1
102
RTVSPropertyOp51
 70
     0
102
RTVSPropertyOp52
 70
     0
102
RTVSPropertyOp53
 70
     1
102
RTVSPropertyOp54
 70
     1
102
RTVSPropertyOp55
 70
     1
102
RTVSPropertyOp56
 70
     1
102
RTVSPropertyOp57
 70
     1
102
RTVSPropertyOp58
 70
     1
102
RTVSPropertyOp59
 70
     1
102
RTVSPropertyOp60
 70
     1
102
RTVSPropertyOp61
 70
     1
102
RTVSPropertyOp62
 70
     1
  0
XRECORD
  5
EB6D
102
{ACAD_REACTORS
330
EB6C
102
}
330
EB6C
100
AcDbXrecord
280
     1
102
RTVSPost2010Prop28
280
     0
102
RTVSPost2010PropOp28
 70
     0
102
RTVSPost2010Prop29
280
     1
102
RTVSPost2010PropOp29
 70
     0
102
RTVSPost2010Prop30
280
     1
102
RTVSPost2010PropOp30
 70
     0
102
RTVSPost2010Prop31
280
     0
102
RTVSPost2010PropOp31
 70
     0
102
RTVSPost2010Prop32
280
     0
102
RTVSPost2010PropOp32
 70
     0
102
RTVSPost2010Prop33
280
     0
102
RTVSPost2010PropOp33
 70
     0
102
RTVSPost2010Prop34
280
     0
102
RTVSPost2010PropOp34
 70
     0
102
RTVSPost2010Prop35
280
     0
102
RTVSPost2010PropOp35
 70
     0
102
RTVSPost2010Prop36
280
     0
102
RTVSPost2010PropOp36
 70
     0
102
RTVSPost2010Prop37
 90
       50
102
RTVSPost2010PropOp37
 70
     0
102
RTVSPost2010Prop38
140
0.0
102
RTVSPost2010PropOp38
 70
     0
102
RTVSPost2010Prop39
140
1.0
102
RTVSPost2010PropOp39
 70
     0
102
RTVSPost2010Prop40
 90
        0
102
RTVSPost2010PropOp40
 70
     0
102
RTVSPost2010Prop41ColorIndex
 90
       18
102
RTVSPost2010Prop41ColorRGB
 90
        0
102
RTVSPost2010PropOp41
 70
     0
102
RTVSPost2010Prop42
 90
       50
102
RTVSPost2010PropOp42
 70
     0
102
RTVSPost2010Prop43
 90
        3
102
RTVSPost2010PropOp43
 70
     0
102
RTVSPost2010Prop44ColorIndex
 90
        5
102
RTVSPost2010Prop44ColorRGB
 90
      255
102
RTVSPost2010PropOp44
 70
     0
102
RTVSPost2010Prop45
280
     0
102
RTVSPost2010PropOp45
 70
     0
102
RTVSPost2010Prop46
 90
       50
102
RTVSPost2010PropOp46
 70
     0
102
RTVSPost2010Prop47
 90
       50
102
RTVSPost2010PropOp47
 70
     0
102
RTVSPost2010Prop48
 90
       50
102
RTVSPost2010PropOp48
 70
     0
102
RTVSPost2010Prop49
280
     0
102
RTVSPost2010PropOp49
 70
     0
102
RTVSPost2010Prop50
 90
       50
102
RTVSPost2010PropOp50
 70
     0
102
RTVSPost2010Prop51ColorIndex
 90
      256
102
RTVSPost2010Prop51ColorRGB
 90
-16777216
102
RTVSPost2010PropOp51
 70
     0
102
RTVSPost2010Prop52
140
1.0
102
RTVSPost2010PropOp52
 70
     0
102
RTVSPost2010Prop53
 90
        2
102
RTVSPost2010PropOp53
 70
     0
102
RTVSPost2010Prop54
  1
strokes_ogs.tif
102
RTVSPost2010PropOp54
 70
     0
102
RTVSPost2010Prop55
280
     0
102
RTVSPost2010PropOp55
 70
     0
102
RTVSPost2010Prop56
140
1.0
102
RTVSPost2010PropOp56
 70
     0
102
RTVSPost2010Prop57
140
1.0
102
RTVSPost2010PropOp57
 70
     0
102
RTVSPropertyOp0
 70
     0
102
RTVSPropertyOp1
 70
     0
102
RTVSPropertyOp2
 70
     0
102
RTVSPropertyOp3
 70
     0
102
RTVSPropertyOp4
 70
     0
102
RTVSPropertyOp5
 70
     0
102
RTVSPropertyOp6
 70
     0
102
RTVSPropertyOp7
 70
     0
102
RTVSPropertyOp8
 70
     0
102
RTVSPropertyOp9
 70
     0
102
RTVSPropertyOp10
 70
     0
102
RTVSPropertyOp11
 70
     0
102
RTVSPropertyOp12
 70
     0
102
RTVSPropertyOp13
 70
     0
102
RTVSPropertyOp14
 70
     2
102
RTVSPropertyOp15
 70
     0
102
RTVSPropertyOp16
 70
     0
102
RTVSPropertyOp17
 70
     0
102
RTVSPropertyOp18
 70
     0
102
RTVSPropertyOp19
 70
     0
102
RTVSPropertyOp20
 70
     0
102
RTVSPropertyOp21
 70
     0
102
RTVSPropertyOp22
 70
     0
102
RTVSPropertyOp23
 70
     0
102
RTVSPropertyOp24
 70
     0
102
RTVSPropertyOp25
 70
     0
102
RTVSPropertyOp26
 70
     0
102
RTVSPropertyOp27
 70
     0
102
RTVSPropertyOp28
 70
     0
102
RTVSPropertyOp29
 70
     0
102
RTVSPropertyOp30
 70
     0
102
RTVSPropertyOp31
 70
     0
102
RTVSPropertyOp32
 70
     0
102
RTVSPropertyOp33
 70
     0
102
RTVSPropertyOp34
 70
     0
102
RTVSPropertyOp35
 70
     0
102
RTVSPropertyOp36
 70
     0
102
RTVSPropertyOp37
 70
     0
102
RTVSPropertyOp38
 70
     0
102
RTVSPropertyOp39
 70
     0
102
RTVSPropertyOp40
 70
     0
102
RTVSPropertyOp41
 70
     0
102
RTVSPropertyOp42
 70
     0
102
RTVSPropertyOp43
 70
     0
102
RTVSPropertyOp44
 70
     0
102
RTVSPropertyOp45
 70
     0
102
RTVSPropertyOp46
 70
     0
102
RTVSPropertyOp47
 70
     0
102
RTVSPropertyOp48
 70
     0
102
RTVSPropertyOp49
 70
     0
102
RTVSPropertyOp50
 70
     0
102
RTVSPropertyOp51
 70
     0
102
RTVSPropertyOp52
 70
     0
102
RTVSPropertyOp53
 70
     0
102
RTVSPropertyOp54
 70
     0
102
RTVSPropertyOp55
 70
     0
102
RTVSPropertyOp56
 70
     0
102
RTVSPropertyOp57
 70
     0
102
RTVSPropertyOp58
 70
     1
102
RTVSPropertyOp59
 70
     1
102
RTVSPropertyOp60
 70
     1
102
RTVSPropertyOp61
 70
     1
102
RTVSPropertyOp62
 70
     1
  0
XRECORD
  5
EB53
102
{ACAD_REACTORS
330
EB52
102
}
330
EB52
100
AcDbXrecord
280
     1
102
RTVSPost2010Prop28
280
     0
102
RTVSPost2010PropOp28
 70
     1
102
RTVSPost2010Prop29
280
     1
102
RTVSPost2010PropOp29
 70
     1
102
RTVSPost2010Prop30
280
     1
102
RTVSPost2010PropOp30
 70
     1
102
RTVSPost2010Prop31
280
     0
102
RTVSPost2010PropOp31
 70
     1
102
RTVSPost2010Prop32
280
     0
102
RTVSPost2010PropOp32
 70
     1
102
RTVSPost2010Prop33
280
     0
102
RTVSPost2010PropOp33
 70
     1
102
RTVSPost2010Prop34
280
     0
102
RTVSPost2010PropOp34
 70
     1
102
RTVSPost2010Prop35
280
     0
102
RTVSPost2010PropOp35
 70
     1
102
RTVSPost2010Prop36
280
     0
102
RTVSPost2010PropOp36
 70
     1
102
RTVSPost2010Prop37
 90
       50
102
RTVSPost2010PropOp37
 70
     1
102
RTVSPost2010Prop38
140
0.0
102
RTVSPost2010PropOp38
 70
     1
102
RTVSPost2010Prop39
140
1.0
102
RTVSPost2010PropOp39
 70
     1
102
RTVSPost2010Prop40
 90
        0
102
RTVSPost2010PropOp40
 70
     1
102
RTVSPost2010Prop41ColorIndex
 90
       18
102
RTVSPost2010Prop41ColorRGB
 90
        0
102
RTVSPost2010PropOp41
 70
     1
102
RTVSPost2010Prop42
 90
       50
102
RTVSPost2010PropOp42
 70
     1
102
RTVSPost2010Prop43
 90
        3
102
RTVSPost2010PropOp43
 70
     1
102
RTVSPost2010Prop44ColorIndex
 90
        5
102
RTVSPost2010Prop44ColorRGB
 90
      255
102
RTVSPost2010PropOp44
 70
     1
102
RTVSPost2010Prop45
280
     0
102
RTVSPost2010PropOp45
 70
     1
102
RTVSPost2010Prop46
 90
       50
102
RTVSPost2010PropOp46
 70
     1
102
RTVSPost2010Prop47
 90
       50
102
RTVSPost2010PropOp47
 70
     1
102
RTVSPost2010Prop48
 90
       50
102
RTVSPost2010PropOp48
 70
     1
102
RTVSPost2010Prop49
280
     0
102
RTVSPost2010PropOp49
 70
     1
102
RTVSPost2010Prop50
 90
       50
102
RTVSPost2010PropOp50
 70
     1
102
RTVSPost2010Prop51ColorIndex
 90
      256
102
RTVSPost2010Prop51ColorRGB
 90
-16777216
102
RTVSPost2010PropOp51
 70
     0
102
RTVSPost2010Prop52
140
1.0
102
RTVSPost2010PropOp52
 70
     0
102
RTVSPost2010Prop53
 90
        2
102
RTVSPost2010PropOp53
 70
     1
102
RTVSPost2010Prop54
  1
strokes_ogs.tif
102
RTVSPost2010PropOp54
 70
     1
102
RTVSPost2010Prop55
280
     0
102
RTVSPost2010PropOp55
 70
     1
102
RTVSPost2010Prop56
140
1.0
102
RTVSPost2010PropOp56
 70
     1
102
RTVSPost2010Prop57
140
1.0
102
RTVSPost2010PropOp57
 70
     1
102
RTVSPropertyOp0
 70
     1
102
RTVSPropertyOp1
 70
     1
102
RTVSPropertyOp2
 70
     1
102
RTVSPropertyOp3
 70
     1
102
RTVSPropertyOp4
 70
     1
102
RTVSPropertyOp5
 70
     1
102
RTVSPropertyOp6
 70
     1
102
RTVSPropertyOp7
 70
     1
102
RTVSPropertyOp8
 70
     1
102
RTVSPropertyOp9
 70
     1
102
RTVSPropertyOp10
 70
     1
102
RTVSPropertyOp11
 70
     1
102
RTVSPropertyOp12
 70
     1
102
RTVSPropertyOp13
 70
     1
102
RTVSPropertyOp14
 70
     1
102
RTVSPropertyOp15
 70
     1
102
RTVSPropertyOp16
 70
     1
102
RTVSPropertyOp17
 70
     1
102
RTVSPropertyOp18
 70
     1
102
RTVSPropertyOp19
 70
     1
102
RTVSPropertyOp20
 70
     1
102
RTVSPropertyOp21
 70
     1
102
RTVSPropertyOp22
 70
     1
102
RTVSPropertyOp23
 70
     1
102
RTVSPropertyOp24
 70
     1
102
RTVSPropertyOp25
 70
     1
102
RTVSPropertyOp26
 70
     1
102
RTVSPropertyOp27
 70
     1
102
RTVSPropertyOp28
 70
     1
102
RTVSPropertyOp29
 70
     1
102
RTVSPropertyOp30
 70
     1
102
RTVSPropertyOp31
 70
     1
102
RTVSPropertyOp32
 70
     1
102
RTVSPropertyOp33
 70
     1
102
RTVSPropertyOp34
 70
     1
102
RTVSPropertyOp35
 70
     1
102
RTVSPropertyOp36
 70
     1
102
RTVSPropertyOp37
 70
     1
102
RTVSPropertyOp38
 70
     1
102
RTVSPropertyOp39
 70
     1
102
RTVSPropertyOp40
 70
     1
102
RTVSPropertyOp41
 70
     1
102
RTVSPropertyOp42
 70
     1
102
RTVSPropertyOp43
 70
     1
102
RTVSPropertyOp44
 70
     1
102
RTVSPropertyOp45
 70
     1
102
RTVSPropertyOp46
 70
     1
102
RTVSPropertyOp47
 70
     1
102
RTVSPropertyOp48
 70
     1
102
RTVSPropertyOp49
 70
     1
102
RTVSPropertyOp50
 70
     1
102
RTVSPropertyOp51
 70
     0
102
RTVSPropertyOp52
 70
     0
102
RTVSPropertyOp53
 70
     1
102
RTVSPropertyOp54
 70
     1
102
RTVSPropertyOp55
 70
     1
102
RTVSPropertyOp56
 70
     1
102
RTVSPropertyOp57
 70
     1
102
RTVSPropertyOp58
 70
     1
102
RTVSPropertyOp59
 70
     1
102
RTVSPropertyOp60
 70
     1
102
RTVSPropertyOp61
 70
     1
102
RTVSPropertyOp62
 70
     1
  0
XRECORD
  5
EB69
102
{ACAD_REACTORS
330
EB68
102
}
330
EB68
100
AcDbXrecord
280
     1
102
RTVSPost2010Prop28
280
     0
102
RTVSPost2010PropOp28
 70
     1
102
RTVSPost2010Prop29
280
     1
102
RTVSPost2010PropOp29
 70
     1
102
RTVSPost2010Prop30
280
     1
102
RTVSPost2010PropOp30
 70
     1
102
RTVSPost2010Prop31
280
     0
102
RTVSPost2010PropOp31
 70
     1
102
RTVSPost2010Prop32
280
     0
102
RTVSPost2010PropOp32
 70
     1
102
RTVSPost2010Prop33
280
     0
102
RTVSPost2010PropOp33
 70
     1
102
RTVSPost2010Prop34
280
     0
102
RTVSPost2010PropOp34
 70
     1
102
RTVSPost2010Prop35
280
     0
102
RTVSPost2010PropOp35
 70
     1
102
RTVSPost2010Prop36
280
     0
102
RTVSPost2010PropOp36
 70
     1
102
RTVSPost2010Prop37
 90
       50
102
RTVSPost2010PropOp37
 70
     1
102
RTVSPost2010Prop38
140
0.0
102
RTVSPost2010PropOp38
 70
     1
102
RTVSPost2010Prop39
140
1.0
102
RTVSPost2010PropOp39
 70
     1
102
RTVSPost2010Prop40
 90
        0
102
RTVSPost2010PropOp40
 70
     1
102
RTVSPost2010Prop41ColorIndex
 90
       18
102
RTVSPost2010Prop41ColorRGB
 90
        0
102
RTVSPost2010PropOp41
 70
     1
102
RTVSPost2010Prop42
 90
       50
102
RTVSPost2010PropOp42
 70
     1
102
RTVSPost2010Prop43
 90
        3
102
RTVSPost2010PropOp43
 70
     1
102
RTVSPost2010Prop44ColorIndex
 90
        5
102
RTVSPost2010Prop44ColorRGB
 90
      255
102
RTVSPost2010PropOp44
 70
     1
102
RTVSPost2010Prop45
280
     0
102
RTVSPost2010PropOp45
 70
     1
102
RTVSPost2010Prop46
 90
       50
102
RTVSPost2010PropOp46
 70
     1
102
RTVSPost2010Prop47
 90
       50
102
RTVSPost2010PropOp47
 70
     1
102
RTVSPost2010Prop48
 90
       50
102
RTVSPost2010PropOp48
 70
     1
102
RTVSPost2010Prop49
280
     0
102
RTVSPost2010PropOp49
 70
     1
102
RTVSPost2010Prop50
 90
       50
102
RTVSPost2010PropOp50
 70
     1
102
RTVSPost2010Prop51ColorIndex
 90
      256
102
RTVSPost2010Prop51ColorRGB
 90
-16777216
102
RTVSPost2010PropOp51
 70
     0
102
RTVSPost2010Prop52
140
1.0
102
RTVSPost2010PropOp52
 70
     0
102
RTVSPost2010Prop53
 90
        2
102
RTVSPost2010PropOp53
 70
     1
102
RTVSPost2010Prop54
  1
strokes_ogs.tif
102
RTVSPost2010PropOp54
 70
     1
102
RTVSPost2010Prop55
280
     0
102
RTVSPost2010PropOp55
 70
     1
102
RTVSPost2010Prop56
140
1.0
102
RTVSPost2010PropOp56
 70
     1
102
RTVSPost2010Prop57
140
1.0
102
RTVSPost2010PropOp57
 70
     1
102
RTVSPropertyOp0
 70
     1
102
RTVSPropertyOp1
 70
     1
102
RTVSPropertyOp2
 70
     1
102
RTVSPropertyOp3
 70
     1
102
RTVSPropertyOp4
 70
     1
102
RTVSPropertyOp5
 70
     1
102
RTVSPropertyOp6
 70
     1
102
RTVSPropertyOp7
 70
     1
102
RTVSPropertyOp8
 70
     1
102
RTVSPropertyOp9
 70
     1
102
RTVSPropertyOp10
 70
     1
102
RTVSPropertyOp11
 70
     1
102
RTVSPropertyOp12
 70
     1
102
RTVSPropertyOp13
 70
     1
102
RTVSPropertyOp14
 70
     1
102
RTVSPropertyOp15
 70
     1
102
RTVSPropertyOp16
 70
     1
102
RTVSPropertyOp17
 70
     1
102
RTVSPropertyOp18
 70
     1
102
RTVSPropertyOp19
 70
     1
102
RTVSPropertyOp20
 70
     1
102
RTVSPropertyOp21
 70
     1
102
RTVSPropertyOp22
 70
     1
102
RTVSPropertyOp23
 70
     1
102
RTVSPropertyOp24
 70
     1
102
RTVSPropertyOp25
 70
     1
102
RTVSPropertyOp26
 70
     1
102
RTVSPropertyOp27
 70
     1
102
RTVSPropertyOp28
 70
     1
102
RTVSPropertyOp29
 70
     1
102
RTVSPropertyOp30
 70
     1
102
RTVSPropertyOp31
 70
     1
102
RTVSPropertyOp32
 70
     1
102
RTVSPropertyOp33
 70
     1
102
RTVSPropertyOp34
 70
     1
102
RTVSPropertyOp35
 70
     1
102
RTVSPropertyOp36
 70
     1
102
RTVSPropertyOp37
 70
     1
102
RTVSPropertyOp38
 70
     1
102
RTVSPropertyOp39
 70
     1
102
RTVSPropertyOp40
 70
     1
102
RTVSPropertyOp41
 70
     1
102
RTVSPropertyOp42
 70
     1
102
RTVSPropertyOp43
 70
     1
102
RTVSPropertyOp44
 70
     1
102
RTVSPropertyOp45
 70
     1
102
RTVSPropertyOp46
 70
     1
102
RTVSPropertyOp47
 70
     1
102
RTVSPropertyOp48
 70
     1
102
RTVSPropertyOp49
 70
     1
102
RTVSPropertyOp50
 70
     1
102
RTVSPropertyOp51
 70
     0
102
RTVSPropertyOp52
 70
     0
102
RTVSPropertyOp53
 70
     1
102
RTVSPropertyOp54
 70
     1
102
RTVSPropertyOp55
 70
     1
102
RTVSPropertyOp56
 70
     1
102
RTVSPropertyOp57
 70
     1
102
RTVSPropertyOp58
 70
     1
102
RTVSPropertyOp59
 70
     1
102
RTVSPropertyOp60
 70
     1
102
RTVSPropertyOp61
 70
     1
102
RTVSPropertyOp62
 70
     1
  0
XRECORD
  5
EB67
102
{ACAD_REACTORS
330
EB66
102
}
330
EB66
100
AcDbXrecord
280
     1
102
RTVSPost2010Prop28
280
     0
102
RTVSPost2010PropOp28
 70
     1
102
RTVSPost2010Prop29
280
     1
102
RTVSPost2010PropOp29
 70
     1
102
RTVSPost2010Prop30
280
     1
102
RTVSPost2010PropOp30
 70
     1
102
RTVSPost2010Prop31
280
     0
102
RTVSPost2010PropOp31
 70
     1
102
RTVSPost2010Prop32
280
     0
102
RTVSPost2010PropOp32
 70
     1
102
RTVSPost2010Prop33
280
     0
102
RTVSPost2010PropOp33
 70
     1
102
RTVSPost2010Prop34
280
     0
102
RTVSPost2010PropOp34
 70
     1
102
RTVSPost2010Prop35
280
     0
102
RTVSPost2010PropOp35
 70
     1
102
RTVSPost2010Prop36
280
     0
102
RTVSPost2010PropOp36
 70
     1
102
RTVSPost2010Prop37
 90
       50
102
RTVSPost2010PropOp37
 70
     1
102
RTVSPost2010Prop38
140
0.0
102
RTVSPost2010PropOp38
 70
     1
102
RTVSPost2010Prop39
140
1.0
102
RTVSPost2010PropOp39
 70
     1
102
RTVSPost2010Prop40
 90
        0
102
RTVSPost2010PropOp40
 70
     1
102
RTVSPost2010Prop41ColorIndex
 90
       18
102
RTVSPost2010Prop41ColorRGB
 90
        0
102
RTVSPost2010PropOp41
 70
     1
102
RTVSPost2010Prop42
 90
       50
102
RTVSPost2010PropOp42
 70
     1
102
RTVSPost2010Prop43
 90
        3
102
RTVSPost2010PropOp43
 70
     1
102
RTVSPost2010Prop44ColorIndex
 90
        5
102
RTVSPost2010Prop44ColorRGB
 90
      255
102
RTVSPost2010PropOp44
 70
     1
102
RTVSPost2010Prop45
280
     0
102
RTVSPost2010PropOp45
 70
     1
102
RTVSPost2010Prop46
 90
       50
102
RTVSPost2010PropOp46
 70
     1
102
RTVSPost2010Prop47
 90
       50
102
RTVSPost2010PropOp47
 70
     1
102
RTVSPost2010Prop48
 90
       50
102
RTVSPost2010PropOp48
 70
     1
102
RTVSPost2010Prop49
280
     0
102
RTVSPost2010PropOp49
 70
     1
102
RTVSPost2010Prop50
 90
       50
102
RTVSPost2010PropOp50
 70
     1
102
RTVSPost2010Prop51ColorIndex
 90
      256
102
RTVSPost2010Prop51ColorRGB
 90
-16777216
102
RTVSPost2010PropOp51
 70
     0
102
RTVSPost2010Prop52
140
1.0
102
RTVSPost2010PropOp52
 70
     0
102
RTVSPost2010Prop53
 90
        2
102
RTVSPost2010PropOp53
 70
     1
102
RTVSPost2010Prop54
  1
strokes_ogs.tif
102
RTVSPost2010PropOp54
 70
     1
102
RTVSPost2010Prop55
280
     0
102
RTVSPost2010PropOp55
 70
     1
102
RTVSPost2010Prop56
140
1.0
102
RTVSPost2010PropOp56
 70
     1
102
RTVSPost2010Prop57
140
1.0
102
RTVSPost2010PropOp57
 70
     1
102
RTVSPropertyOp0
 70
     1
102
RTVSPropertyOp1
 70
     1
102
RTVSPropertyOp2
 70
     1
102
RTVSPropertyOp3
 70
     1
102
RTVSPropertyOp4
 70
     1
102
RTVSPropertyOp5
 70
     1
102
RTVSPropertyOp6
 70
     1
102
RTVSPropertyOp7
 70
     1
102
RTVSPropertyOp8
 70
     1
102
RTVSPropertyOp9
 70
     1
102
RTVSPropertyOp10
 70
     1
102
RTVSPropertyOp11
 70
     1
102
RTVSPropertyOp12
 70
     1
102
RTVSPropertyOp13
 70
     1
102
RTVSPropertyOp14
 70
     1
102
RTVSPropertyOp15
 70
     1
102
RTVSPropertyOp16
 70
     1
102
RTVSPropertyOp17
 70
     1
102
RTVSPropertyOp18
 70
     1
102
RTVSPropertyOp19
 70
     1
102
RTVSPropertyOp20
 70
     1
102
RTVSPropertyOp21
 70
     1
102
RTVSPropertyOp22
 70
     1
102
RTVSPropertyOp23
 70
     1
102
RTVSPropertyOp24
 70
     1
102
RTVSPropertyOp25
 70
     1
102
RTVSPropertyOp26
 70
     1
102
RTVSPropertyOp27
 70
     1
102
RTVSPropertyOp28
 70
     1
102
RTVSPropertyOp29
 70
     1
102
RTVSPropertyOp30
 70
     1
102
RTVSPropertyOp31
 70
     1
102
RTVSPropertyOp32
 70
     1
102
RTVSPropertyOp33
 70
     1
102
RTVSPropertyOp34
 70
     1
102
RTVSPropertyOp35
 70
     1
102
RTVSPropertyOp36
 70
     1
102
RTVSPropertyOp37
 70
     1
102
RTVSPropertyOp38
 70
     1
102
RTVSPropertyOp39
 70
     1
102
RTVSPropertyOp40
 70
     1
102
RTVSPropertyOp41
 70
     1
102
RTVSPropertyOp42
 70
     1
102
RTVSPropertyOp43
 70
     1
102
RTVSPropertyOp44
 70
     1
102
RTVSPropertyOp45
 70
     1
102
RTVSPropertyOp46
 70
     1
102
RTVSPropertyOp47
 70
     1
102
RTVSPropertyOp48
 70
     1
102
RTVSPropertyOp49
 70
     1
102
RTVSPropertyOp50
 70
     1
102
RTVSPropertyOp51
 70
     0
102
RTVSPropertyOp52
 70
     0
102
RTVSPropertyOp53
 70
     1
102
RTVSPropertyOp54
 70
     1
102
RTVSPropertyOp55
 70
     1
102
RTVSPropertyOp56
 70
     1
102
RTVSPropertyOp57
 70
     1
102
RTVSPropertyOp58
 70
     1
102
RTVSPropertyOp59
 70
     1
102
RTVSPropertyOp60
 70
     1
102
RTVSPropertyOp61
 70
     1
102
RTVSPropertyOp62
 70
     1
  0
XRECORD
  5
EB61
102
{ACAD_REACTORS
330
EB60
102
}
330
EB60
100
AcDbXrecord
280
     1
102
RTVSPost2010Prop28
280
     0
102
RTVSPost2010PropOp28
 70
     1
102
RTVSPost2010Prop29
280
     1
102
RTVSPost2010PropOp29
 70
     1
102
RTVSPost2010Prop30
280
     1
102
RTVSPost2010PropOp30
 70
     1
102
RTVSPost2010Prop31
280
     0
102
RTVSPost2010PropOp31
 70
     1
102
RTVSPost2010Prop32
280
     0
102
RTVSPost2010PropOp32
 70
     1
102
RTVSPost2010Prop33
280
     0
102
RTVSPost2010PropOp33
 70
     1
102
RTVSPost2010Prop34
280
     0
102
RTVSPost2010PropOp34
 70
     1
102
RTVSPost2010Prop35
280
     0
102
RTVSPost2010PropOp35
 70
     1
102
RTVSPost2010Prop36
280
     0
102
RTVSPost2010PropOp36
 70
     1
102
RTVSPost2010Prop37
 90
       50
102
RTVSPost2010PropOp37
 70
     1
102
RTVSPost2010Prop38
140
0.0
102
RTVSPost2010PropOp38
 70
     1
102
RTVSPost2010Prop39
140
1.0
102
RTVSPost2010PropOp39
 70
     1
102
RTVSPost2010Prop40
 90
        0
102
RTVSPost2010PropOp40
 70
     1
102
RTVSPost2010Prop41ColorIndex
 90
       18
102
RTVSPost2010Prop41ColorRGB
 90
        0
102
RTVSPost2010PropOp41
 70
     1
102
RTVSPost2010Prop42
 90
       50
102
RTVSPost2010PropOp42
 70
     1
102
RTVSPost2010Prop43
 90
        3
102
RTVSPost2010PropOp43
 70
     1
102
RTVSPost2010Prop44ColorIndex
 90
        5
102
RTVSPost2010Prop44ColorRGB
 90
      255
102
RTVSPost2010PropOp44
 70
     1
102
RTVSPost2010Prop45
280
     0
102
RTVSPost2010PropOp45
 70
     1
102
RTVSPost2010Prop46
 90
       50
102
RTVSPost2010PropOp46
 70
     1
102
RTVSPost2010Prop47
 90
       50
102
RTVSPost2010PropOp47
 70
     1
102
RTVSPost2010Prop48
 90
       50
102
RTVSPost2010PropOp48
 70
     1
102
RTVSPost2010Prop49
280
     0
102
RTVSPost2010PropOp49
 70
     1
102
RTVSPost2010Prop50
 90
       50
102
RTVSPost2010PropOp50
 70
     1
102
RTVSPost2010Prop51ColorIndex
 90
      256
102
RTVSPost2010Prop51ColorRGB
 90
-16777216
102
RTVSPost2010PropOp51
 70
     0
102
RTVSPost2010Prop52
140
1.0
102
RTVSPost2010PropOp52
 70
     0
102
RTVSPost2010Prop53
 90
        2
102
RTVSPost2010PropOp53
 70
     1
102
RTVSPost2010Prop54
  1
strokes_ogs.tif
102
RTVSPost2010PropOp54
 70
     1
102
RTVSPost2010Prop55
280
     0
102
RTVSPost2010PropOp55
 70
     1
102
RTVSPost2010Prop56
140
1.0
102
RTVSPost2010PropOp56
 70
     1
102
RTVSPost2010Prop57
140
1.0
102
RTVSPost2010PropOp57
 70
     1
102
RTVSPropertyOp0
 70
     1
102
RTVSPropertyOp1
 70
     1
102
RTVSPropertyOp2
 70
     1
102
RTVSPropertyOp3
 70
     1
102
RTVSPropertyOp4
 70
     1
102
RTVSPropertyOp5
 70
     1
102
RTVSPropertyOp6
 70
     1
102
RTVSPropertyOp7
 70
     1
102
RTVSPropertyOp8
 70
     1
102
RTVSPropertyOp9
 70
     1
102
RTVSPropertyOp10
 70
     1
102
RTVSPropertyOp11
 70
     1
102
RTVSPropertyOp12
 70
     1
102
RTVSPropertyOp13
 70
     1
102
RTVSPropertyOp14
 70
     1
102
RTVSPropertyOp15
 70
     1
102
RTVSPropertyOp16
 70
     1
102
RTVSPropertyOp17
 70
     1
102
RTVSPropertyOp18
 70
     1
102
RTVSPropertyOp19
 70
     1
102
RTVSPropertyOp20
 70
     1
102
RTVSPropertyOp21
 70
     1
102
RTVSPropertyOp22
 70
     1
102
RTVSPropertyOp23
 70
     1
102
RTVSPropertyOp24
 70
     1
102
RTVSPropertyOp25
 70
     1
102
RTVSPropertyOp26
 70
     1
102
RTVSPropertyOp27
 70
     1
102
RTVSPropertyOp28
 70
     1
102
RTVSPropertyOp29
 70
     1
102
RTVSPropertyOp30
 70
     1
102
RTVSPropertyOp31
 70
     1
102
RTVSPropertyOp32
 70
     1
102
RTVSPropertyOp33
 70
     1
102
RTVSPropertyOp34
 70
     1
102
RTVSPropertyOp35
 70
     1
102
RTVSPropertyOp36
 70
     1
102
RTVSPropertyOp37
 70
     1
102
RTVSPropertyOp38
 70
     1
102
RTVSPropertyOp39
 70
     1
102
RTVSPropertyOp40
 70
     1
102
RTVSPropertyOp41
 70
     1
102
RTVSPropertyOp42
 70
     1
102
RTVSPropertyOp43
 70
     1
102
RTVSPropertyOp44
 70
     1
102
RTVSPropertyOp45
 70
     1
102
RTVSPropertyOp46
 70
     1
102
RTVSPropertyOp47
 70
     1
102
RTVSPropertyOp48
 70
     1
102
RTVSPropertyOp49
 70
     1
102
RTVSPropertyOp50
 70
     1
102
RTVSPropertyOp51
 70
     0
102
RTVSPropertyOp52
 70
     0
102
RTVSPropertyOp53
 70
     1
102
RTVSPropertyOp54
 70
     1
102
RTVSPropertyOp55
 70
     1
102
RTVSPropertyOp56
 70
     1
102
RTVSPropertyOp57
 70
     1
102
RTVSPropertyOp58
 70
     1
102
RTVSPropertyOp59
 70
     1
102
RTVSPropertyOp60
 70
     1
102
RTVSPropertyOp61
 70
     1
102
RTVSPropertyOp62
 70
     1
  0
XRECORD
  5
EB63
102
{ACAD_REACTORS
330
EB62
102
}
330
EB62
100
AcDbXrecord
280
     1
102
RTVSPost2010Prop28
280
     0
102
RTVSPost2010PropOp28
 70
     1
102
RTVSPost2010Prop29
280
     1
102
RTVSPost2010PropOp29
 70
     1
102
RTVSPost2010Prop30
280
     1
102
RTVSPost2010PropOp30
 70
     1
102
RTVSPost2010Prop31
280
     0
102
RTVSPost2010PropOp31
 70
     1
102
RTVSPost2010Prop32
280
     0
102
RTVSPost2010PropOp32
 70
     1
102
RTVSPost2010Prop33
280
     0
102
RTVSPost2010PropOp33
 70
     1
102
RTVSPost2010Prop34
280
     0
102
RTVSPost2010PropOp34
 70
     1
102
RTVSPost2010Prop35
280
     0
102
RTVSPost2010PropOp35
 70
     1
102
RTVSPost2010Prop36
280
     0
102
RTVSPost2010PropOp36
 70
     1
102
RTVSPost2010Prop37
 90
       50
102
RTVSPost2010PropOp37
 70
     1
102
RTVSPost2010Prop38
140
0.0
102
RTVSPost2010PropOp38
 70
     1
102
RTVSPost2010Prop39
140
1.0
102
RTVSPost2010PropOp39
 70
     1
102
RTVSPost2010Prop40
 90
        0
102
RTVSPost2010PropOp40
 70
     1
102
RTVSPost2010Prop41ColorIndex
 90
       18
102
RTVSPost2010Prop41ColorRGB
 90
        0
102
RTVSPost2010PropOp41
 70
     1
102
RTVSPost2010Prop42
 90
       50
102
RTVSPost2010PropOp42
 70
     1
102
RTVSPost2010Prop43
 90
        3
102
RTVSPost2010PropOp43
 70
     1
102
RTVSPost2010Prop44ColorIndex
 90
        5
102
RTVSPost2010Prop44ColorRGB
 90
      255
102
RTVSPost2010PropOp44
 70
     1
102
RTVSPost2010Prop45
280
     0
102
RTVSPost2010PropOp45
 70
     1
102
RTVSPost2010Prop46
 90
       50
102
RTVSPost2010PropOp46
 70
     1
102
RTVSPost2010Prop47
 90
       50
102
RTVSPost2010PropOp47
 70
     1
102
RTVSPost2010Prop48
 90
       50
102
RTVSPost2010PropOp48
 70
     1
102
RTVSPost2010Prop49
280
     0
102
RTVSPost2010PropOp49
 70
     1
102
RTVSPost2010Prop50
 90
       50
102
RTVSPost2010PropOp50
 70
     1
102
RTVSPost2010Prop51ColorIndex
 90
      256
102
RTVSPost2010Prop51ColorRGB
 90
-16777216
102
RTVSPost2010PropOp51
 70
     0
102
RTVSPost2010Prop52
140
1.0
102
RTVSPost2010PropOp52
 70
     0
102
RTVSPost2010Prop53
 90
        2
102
RTVSPost2010PropOp53
 70
     1
102
RTVSPost2010Prop54
  1
strokes_ogs.tif
102
RTVSPost2010PropOp54
 70
     1
102
RTVSPost2010Prop55
280
     0
102
RTVSPost2010PropOp55
 70
     1
102
RTVSPost2010Prop56
140
1.0
102
RTVSPost2010PropOp56
 70
     1
102
RTVSPost2010Prop57
140
1.0
102
RTVSPost2010PropOp57
 70
     1
102
RTVSPropertyOp0
 70
     1
102
RTVSPropertyOp1
 70
     1
102
RTVSPropertyOp2
 70
     1
102
RTVSPropertyOp3
 70
     1
102
RTVSPropertyOp4
 70
     1
102
RTVSPropertyOp5
 70
     1
102
RTVSPropertyOp6
 70
     1
102
RTVSPropertyOp7
 70
     1
102
RTVSPropertyOp8
 70
     1
102
RTVSPropertyOp9
 70
     1
102
RTVSPropertyOp10
 70
     1
102
RTVSPropertyOp11
 70
     1
102
RTVSPropertyOp12
 70
     1
102
RTVSPropertyOp13
 70
     1
102
RTVSPropertyOp14
 70
     1
102
RTVSPropertyOp15
 70
     1
102
RTVSPropertyOp16
 70
     1
102
RTVSPropertyOp17
 70
     1
102
RTVSPropertyOp18
 70
     1
102
RTVSPropertyOp19
 70
     1
102
RTVSPropertyOp20
 70
     1
102
RTVSPropertyOp21
 70
     1
102
RTVSPropertyOp22
 70
     1
102
RTVSPropertyOp23
 70
     1
102
RTVSPropertyOp24
 70
     1
102
RTVSPropertyOp25
 70
     1
102
RTVSPropertyOp26
 70
     1
102
RTVSPropertyOp27
 70
     1
102
RTVSPropertyOp28
 70
     1
102
RTVSPropertyOp29
 70
     1
102
RTVSPropertyOp30
 70
     1
102
RTVSPropertyOp31
 70
     1
102
RTVSPropertyOp32
 70
     1
102
RTVSPropertyOp33
 70
     1
102
RTVSPropertyOp34
 70
     1
102
RTVSPropertyOp35
 70
     1
102
RTVSPropertyOp36
 70
     1
102
RTVSPropertyOp37
 70
     1
102
RTVSPropertyOp38
 70
     1
102
RTVSPropertyOp39
 70
     1
102
RTVSPropertyOp40
 70
     1
102
RTVSPropertyOp41
 70
     1
102
RTVSPropertyOp42
 70
     1
102
RTVSPropertyOp43
 70
     1
102
RTVSPropertyOp44
 70
     1
102
RTVSPropertyOp45
 70
     1
102
RTVSPropertyOp46
 70
     1
102
RTVSPropertyOp47
 70
     1
102
RTVSPropertyOp48
 70
     1
102
RTVSPropertyOp49
 70
     1
102
RTVSPropertyOp50
 70
     1
102
RTVSPropertyOp51
 70
     0
102
RTVSPropertyOp52
 70
     0
102
RTVSPropertyOp53
 70
     1
102
RTVSPropertyOp54
 70
     1
102
RTVSPropertyOp55
 70
     1
102
RTVSPropertyOp56
 70
     1
102
RTVSPropertyOp57
 70
     1
102
RTVSPropertyOp58
 70
     1
102
RTVSPropertyOp59
 70
     1
102
RTVSPropertyOp60
 70
     1
102
RTVSPropertyOp61
 70
     1
102
RTVSPropertyOp62
 70
     1
  0
XRECORD
  5
EB59
102
{ACAD_REACTORS
330
EB58
102
}
330
EB58
100
AcDbXrecord
280
     1
102
RTVSPost2010Prop28
280
     0
102
RTVSPost2010PropOp28
 70
     1
102
RTVSPost2010Prop29
280
     1
102
RTVSPost2010PropOp29
 70
     1
102
RTVSPost2010Prop30
280
     1
102
RTVSPost2010PropOp30
 70
     1
102
RTVSPost2010Prop31
280
     0
102
RTVSPost2010PropOp31
 70
     1
102
RTVSPost2010Prop32
280
     0
102
RTVSPost2010PropOp32
 70
     1
102
RTVSPost2010Prop33
280
     0
102
RTVSPost2010PropOp33
 70
     1
102
RTVSPost2010Prop34
280
     0
102
RTVSPost2010PropOp34
 70
     1
102
RTVSPost2010Prop35
280
     0
102
RTVSPost2010PropOp35
 70
     1
102
RTVSPost2010Prop36
280
     0
102
RTVSPost2010PropOp36
 70
     1
102
RTVSPost2010Prop37
 90
       50
102
RTVSPost2010PropOp37
 70
     1
102
RTVSPost2010Prop38
140
0.0
102
RTVSPost2010PropOp38
 70
     1
102
RTVSPost2010Prop39
140
1.0
102
RTVSPost2010PropOp39
 70
     1
102
RTVSPost2010Prop40
 90
        0
102
RTVSPost2010PropOp40
 70
     1
102
RTVSPost2010Prop41ColorIndex
 90
       18
102
RTVSPost2010Prop41ColorRGB
 90
        0
102
RTVSPost2010PropOp41
 70
     1
102
RTVSPost2010Prop42
 90
       50
102
RTVSPost2010PropOp42
 70
     1
102
RTVSPost2010Prop43
 90
        3
102
RTVSPost2010PropOp43
 70
     1
102
RTVSPost2010Prop44ColorIndex
 90
        5
102
RTVSPost2010Prop44ColorRGB
 90
      255
102
RTVSPost2010PropOp44
 70
     1
102
RTVSPost2010Prop45
280
     0
102
RTVSPost2010PropOp45
 70
     1
102
RTVSPost2010Prop46
 90
       50
102
RTVSPost2010PropOp46
 70
     1
102
RTVSPost2010Prop47
 90
       50
102
RTVSPost2010PropOp47
 70
     1
102
RTVSPost2010Prop48
 90
       50
102
RTVSPost2010PropOp48
 70
     1
102
RTVSPost2010Prop49
280
     0
102
RTVSPost2010PropOp49
 70
     1
102
RTVSPost2010Prop50
 90
       50
102
RTVSPost2010PropOp50
 70
     1
102
RTVSPost2010Prop51ColorIndex
 90
      256
102
RTVSPost2010Prop51ColorRGB
 90
-16777216
102
RTVSPost2010PropOp51
 70
     0
102
RTVSPost2010Prop52
140
1.0
102
RTVSPost2010PropOp52
 70
     0
102
RTVSPost2010Prop53
 90
        2
102
RTVSPost2010PropOp53
 70
     1
102
RTVSPost2010Prop54
  1
strokes_ogs.tif
102
RTVSPost2010PropOp54
 70
     1
102
RTVSPost2010Prop55
280
     0
102
RTVSPost2010PropOp55
 70
     1
102
RTVSPost2010Prop56
140
1.0
102
RTVSPost2010PropOp56
 70
     1
102
RTVSPost2010Prop57
140
1.0
102
RTVSPost2010PropOp57
 70
     1
102
RTVSPropertyOp0
 70
     1
102
RTVSPropertyOp1
 70
     1
102
RTVSPropertyOp2
 70
     1
102
RTVSPropertyOp3
 70
     1
102
RTVSPropertyOp4
 70
     1
102
RTVSPropertyOp5
 70
     1
102
RTVSPropertyOp6
 70
     1
102
RTVSPropertyOp7
 70
     1
102
RTVSPropertyOp8
 70
     1
102
RTVSPropertyOp9
 70
     1
102
RTVSPropertyOp10
 70
     1
102
RTVSPropertyOp11
 70
     1
102
RTVSPropertyOp12
 70
     1
102
RTVSPropertyOp13
 70
     1
102
RTVSPropertyOp14
 70
     1
102
RTVSPropertyOp15
 70
     1
102
RTVSPropertyOp16
 70
     1
102
RTVSPropertyOp17
 70
     1
102
RTVSPropertyOp18
 70
     1
102
RTVSPropertyOp19
 70
     1
102
RTVSPropertyOp20
 70
     1
102
RTVSPropertyOp21
 70
     1
102
RTVSPropertyOp22
 70
     1
102
RTVSPropertyOp23
 70
     1
102
RTVSPropertyOp24
 70
     1
102
RTVSPropertyOp25
 70
     1
102
RTVSPropertyOp26
 70
     1
102
RTVSPropertyOp27
 70
     1
102
RTVSPropertyOp28
 70
     1
102
RTVSPropertyOp29
 70
     1
102
RTVSPropertyOp30
 70
     1
102
RTVSPropertyOp31
 70
     1
102
RTVSPropertyOp32
 70
     1
102
RTVSPropertyOp33
 70
     1
102
RTVSPropertyOp34
 70
     1
102
RTVSPropertyOp35
 70
     1
102
RTVSPropertyOp36
 70
     1
102
RTVSPropertyOp37
 70
     1
102
RTVSPropertyOp38
 70
     1
102
RTVSPropertyOp39
 70
     1
102
RTVSPropertyOp40
 70
     1
102
RTVSPropertyOp41
 70
     1
102
RTVSPropertyOp42
 70
     1
102
RTVSPropertyOp43
 70
     1
102
RTVSPropertyOp44
 70
     1
102
RTVSPropertyOp45
 70
     1
102
RTVSPropertyOp46
 70
     1
102
RTVSPropertyOp47
 70
     1
102
RTVSPropertyOp48
 70
     1
102
RTVSPropertyOp49
 70
     1
102
RTVSPropertyOp50
 70
     1
102
RTVSPropertyOp51
 70
     0
102
RTVSPropertyOp52
 70
     0
102
RTVSPropertyOp53
 70
     1
102
RTVSPropertyOp54
 70
     1
102
RTVSPropertyOp55
 70
     1
102
RTVSPropertyOp56
 70
     1
102
RTVSPropertyOp57
 70
     1
102
RTVSPropertyOp58
 70
     1
102
RTVSPropertyOp59
 70
     1
102
RTVSPropertyOp60
 70
     1
102
RTVSPropertyOp61
 70
     1
102
RTVSPropertyOp62
 70
     1
  0
XRECORD
  5
EB4D
102
{ACAD_REACTORS
330
EB4C
102
}
330
EB4C
100
AcDbXrecord
280
     1
102
RTVSPost2010Prop28
280
     0
102
RTVSPost2010PropOp28
 70
     1
102
RTVSPost2010Prop29
280
     1
102
RTVSPost2010PropOp29
 70
     1
102
RTVSPost2010Prop30
280
     1
102
RTVSPost2010PropOp30
 70
     1
102
RTVSPost2010Prop31
280
     0
102
RTVSPost2010PropOp31
 70
     1
102
RTVSPost2010Prop32
280
     0
102
RTVSPost2010PropOp32
 70
     1
102
RTVSPost2010Prop33
280
     0
102
RTVSPost2010PropOp33
 70
     1
102
RTVSPost2010Prop34
280
     0
102
RTVSPost2010PropOp34
 70
     1
102
RTVSPost2010Prop35
280
     0
102
RTVSPost2010PropOp35
 70
     1
102
RTVSPost2010Prop36
280
     0
102
RTVSPost2010PropOp36
 70
     1
102
RTVSPost2010Prop37
 90
       50
102
RTVSPost2010PropOp37
 70
     1
102
RTVSPost2010Prop38
140
0.0
102
RTVSPost2010PropOp38
 70
     1
102
RTVSPost2010Prop39
140
1.0
102
RTVSPost2010PropOp39
 70
     1
102
RTVSPost2010Prop40
 90
        0
102
RTVSPost2010PropOp40
 70
     1
102
RTVSPost2010Prop41ColorIndex
 90
       18
102
RTVSPost2010Prop41ColorRGB
 90
        0
102
RTVSPost2010PropOp41
 70
     1
102
RTVSPost2010Prop42
 90
       50
102
RTVSPost2010PropOp42
 70
     1
102
RTVSPost2010Prop43
 90
        3
102
RTVSPost2010PropOp43
 70
     1
102
RTVSPost2010Prop44ColorIndex
 90
        5
102
RTVSPost2010Prop44ColorRGB
 90
      255
102
RTVSPost2010PropOp44
 70
     1
102
RTVSPost2010Prop45
280
     0
102
RTVSPost2010PropOp45
 70
     1
102
RTVSPost2010Prop46
 90
       50
102
RTVSPost2010PropOp46
 70
     1
102
RTVSPost2010Prop47
 90
       50
102
RTVSPost2010PropOp47
 70
     1
102
RTVSPost2010Prop48
 90
       50
102
RTVSPost2010PropOp48
 70
     1
102
RTVSPost2010Prop49
280
     0
102
RTVSPost2010PropOp49
 70
     1
102
RTVSPost2010Prop50
 90
       50
102
RTVSPost2010PropOp50
 70
     1
102
RTVSPost2010Prop51ColorIndex
 90
      256
102
RTVSPost2010Prop51ColorRGB
 90
-16777216
102
RTVSPost2010PropOp51
 70
     0
102
RTVSPost2010Prop52
140
1.0
102
RTVSPost2010PropOp52
 70
     0
102
RTVSPost2010Prop53
 90
        2
102
RTVSPost2010PropOp53
 70
     1
102
RTVSPost2010Prop54
  1
strokes_ogs.tif
102
RTVSPost2010PropOp54
 70
     1
102
RTVSPost2010Prop55
280
     0
102
RTVSPost2010PropOp55
 70
     1
102
RTVSPost2010Prop56
140
1.0
102
RTVSPost2010PropOp56
 70
     1
102
RTVSPost2010Prop57
140
1.0
102
RTVSPost2010PropOp57
 70
     1
102
RTVSPropertyOp0
 70
     1
102
RTVSPropertyOp1
 70
     1
102
RTVSPropertyOp2
 70
     1
102
RTVSPropertyOp3
 70
     1
102
RTVSPropertyOp4
 70
     1
102
RTVSPropertyOp5
 70
     1
102
RTVSPropertyOp6
 70
     1
102
RTVSPropertyOp7
 70
     1
102
RTVSPropertyOp8
 70
     1
102
RTVSPropertyOp9
 70
     1
102
RTVSPropertyOp10
 70
     1
102
RTVSPropertyOp11
 70
     1
102
RTVSPropertyOp12
 70
     1
102
RTVSPropertyOp13
 70
     1
102
RTVSPropertyOp14
 70
     1
102
RTVSPropertyOp15
 70
     1
102
RTVSPropertyOp16
 70
     1
102
RTVSPropertyOp17
 70
     1
102
RTVSPropertyOp18
 70
     1
102
RTVSPropertyOp19
 70
     1
102
RTVSPropertyOp20
 70
     1
102
RTVSPropertyOp21
 70
     1
102
RTVSPropertyOp22
 70
     1
102
RTVSPropertyOp23
 70
     1
102
RTVSPropertyOp24
 70
     1
102
RTVSPropertyOp25
 70
     1
102
RTVSPropertyOp26
 70
     1
102
RTVSPropertyOp27
 70
     1
102
RTVSPropertyOp28
 70
     1
102
RTVSPropertyOp29
 70
     1
102
RTVSPropertyOp30
 70
     1
102
RTVSPropertyOp31
 70
     1
102
RTVSPropertyOp32
 70
     1
102
RTVSPropertyOp33
 70
     1
102
RTVSPropertyOp34
 70
     1
102
RTVSPropertyOp35
 70
     1
102
RTVSPropertyOp36
 70
     1
102
RTVSPropertyOp37
 70
     1
102
RTVSPropertyOp38
 70
     1
102
RTVSPropertyOp39
 70
     1
102
RTVSPropertyOp40
 70
     1
102
RTVSPropertyOp41
 70
     1
102
RTVSPropertyOp42
 70
     1
102
RTVSPropertyOp43
 70
     1
102
RTVSPropertyOp44
 70
     1
102
RTVSPropertyOp45
 70
     1
102
RTVSPropertyOp46
 70
     1
102
RTVSPropertyOp47
 70
     1
102
RTVSPropertyOp48
 70
     1
102
RTVSPropertyOp49
 70
     1
102
RTVSPropertyOp50
 70
     1
102
RTVSPropertyOp51
 70
     0
102
RTVSPropertyOp52
 70
     0
102
RTVSPropertyOp53
 70
     1
102
RTVSPropertyOp54
 70
     1
102
RTVSPropertyOp55
 70
     1
102
RTVSPropertyOp56
 70
     1
102
RTVSPropertyOp57
 70
     1
102
RTVSPropertyOp58
 70
     1
102
RTVSPropertyOp59
 70
     1
102
RTVSPropertyOp60
 70
     1
102
RTVSPropertyOp61
 70
     1
102
RTVSPropertyOp62
 70
     1
  0
XRECORD
  5
EB65
102
{ACAD_REACTORS
330
EB64
102
}
330
EB64
100
AcDbXrecord
280
     1
102
RTVSPost2010Prop28
280
     0
102
RTVSPost2010PropOp28
 70
     1
102
RTVSPost2010Prop29
280
     1
102
RTVSPost2010PropOp29
 70
     1
102
RTVSPost2010Prop30
280
     1
102
RTVSPost2010PropOp30
 70
     1
102
RTVSPost2010Prop31
280
     0
102
RTVSPost2010PropOp31
 70
     1
102
RTVSPost2010Prop32
280
     0
102
RTVSPost2010PropOp32
 70
     1
102
RTVSPost2010Prop33
280
     0
102
RTVSPost2010PropOp33
 70
     1
102
RTVSPost2010Prop34
280
     0
102
RTVSPost2010PropOp34
 70
     1
102
RTVSPost2010Prop35
280
     0
102
RTVSPost2010PropOp35
 70
     1
102
RTVSPost2010Prop36
280
     0
102
RTVSPost2010PropOp36
 70
     1
102
RTVSPost2010Prop37
 90
       50
102
RTVSPost2010PropOp37
 70
     1
102
RTVSPost2010Prop38
140
0.0
102
RTVSPost2010PropOp38
 70
     1
102
RTVSPost2010Prop39
140
1.0
102
RTVSPost2010PropOp39
 70
     1
102
RTVSPost2010Prop40
 90
        0
102
RTVSPost2010PropOp40
 70
     1
102
RTVSPost2010Prop41ColorIndex
 90
       18
102
RTVSPost2010Prop41ColorRGB
 90
        0
102
RTVSPost2010PropOp41
 70
     1
102
RTVSPost2010Prop42
 90
       50
102
RTVSPost2010PropOp42
 70
     1
102
RTVSPost2010Prop43
 90
        3
102
RTVSPost2010PropOp43
 70
     1
102
RTVSPost2010Prop44ColorIndex
 90
        5
102
RTVSPost2010Prop44ColorRGB
 90
      255
102
RTVSPost2010PropOp44
 70
     1
102
RTVSPost2010Prop45
280
     0
102
RTVSPost2010PropOp45
 70
     1
102
RTVSPost2010Prop46
 90
       50
102
RTVSPost2010PropOp46
 70
     1
102
RTVSPost2010Prop47
 90
       50
102
RTVSPost2010PropOp47
 70
     1
102
RTVSPost2010Prop48
 90
       50
102
RTVSPost2010PropOp48
 70
     1
102
RTVSPost2010Prop49
280
     0
102
RTVSPost2010PropOp49
 70
     1
102
RTVSPost2010Prop50
 90
       50
102
RTVSPost2010PropOp50
 70
     1
102
RTVSPost2010Prop51ColorIndex
 90
      256
102
RTVSPost2010Prop51ColorRGB
 90
-16777216
102
RTVSPost2010PropOp51
 70
     0
102
RTVSPost2010Prop52
140
1.0
102
RTVSPost2010PropOp52
 70
     0
102
RTVSPost2010Prop53
 90
        2
102
RTVSPost2010PropOp53
 70
     1
102
RTVSPost2010Prop54
  1
strokes_ogs.tif
102
RTVSPost2010PropOp54
 70
     1
102
RTVSPost2010Prop55
280
     0
102
RTVSPost2010PropOp55
 70
     1
102
RTVSPost2010Prop56
140
1.0
102
RTVSPost2010PropOp56
 70
     1
102
RTVSPost2010Prop57
140
1.0
102
RTVSPost2010PropOp57
 70
     1
102
RTVSPropertyOp0
 70
     1
102
RTVSPropertyOp1
 70
     1
102
RTVSPropertyOp2
 70
     1
102
RTVSPropertyOp3
 70
     1
102
RTVSPropertyOp4
 70
     1
102
RTVSPropertyOp5
 70
     1
102
RTVSPropertyOp6
 70
     1
102
RTVSPropertyOp7
 70
     1
102
RTVSPropertyOp8
 70
     1
102
RTVSPropertyOp9
 70
     1
102
RTVSPropertyOp10
 70
     1
102
RTVSPropertyOp11
 70
     1
102
RTVSPropertyOp12
 70
     1
102
RTVSPropertyOp13
 70
     1
102
RTVSPropertyOp14
 70
     1
102
RTVSPropertyOp15
 70
     1
102
RTVSPropertyOp16
 70
     1
102
RTVSPropertyOp17
 70
     1
102
RTVSPropertyOp18
 70
     1
102
RTVSPropertyOp19
 70
     1
102
RTVSPropertyOp20
 70
     1
102
RTVSPropertyOp21
 70
     1
102
RTVSPropertyOp22
 70
     1
102
RTVSPropertyOp23
 70
     1
102
RTVSPropertyOp24
 70
     1
102
RTVSPropertyOp25
 70
     1
102
RTVSPropertyOp26
 70
     1
102
RTVSPropertyOp27
 70
     1
102
RTVSPropertyOp28
 70
     1
102
RTVSPropertyOp29
 70
     1
102
RTVSPropertyOp30
 70
     1
102
RTVSPropertyOp31
 70
     1
102
RTVSPropertyOp32
 70
     1
102
RTVSPropertyOp33
 70
     1
102
RTVSPropertyOp34
 70
     1
102
RTVSPropertyOp35
 70
     1
102
RTVSPropertyOp36
 70
     1
102
RTVSPropertyOp37
 70
     1
102
RTVSPropertyOp38
 70
     1
102
RTVSPropertyOp39
 70
     1
102
RTVSPropertyOp40
 70
     1
102
RTVSPropertyOp41
 70
     1
102
RTVSPropertyOp42
 70
     1
102
RTVSPropertyOp43
 70
     1
102
RTVSPropertyOp44
 70
     1
102
RTVSPropertyOp45
 70
     1
102
RTVSPropertyOp46
 70
     1
102
RTVSPropertyOp47
 70
     1
102
RTVSPropertyOp48
 70
     1
102
RTVSPropertyOp49
 70
     1
102
RTVSPropertyOp50
 70
     1
102
RTVSPropertyOp51
 70
     0
102
RTVSPropertyOp52
 70
     0
102
RTVSPropertyOp53
 70
     1
102
RTVSPropertyOp54
 70
     1
102
RTVSPropertyOp55
 70
     1
102
RTVSPropertyOp56
 70
     1
102
RTVSPropertyOp57
 70
     1
102
RTVSPropertyOp58
 70
     1
102
RTVSPropertyOp59
 70
     1
102
RTVSPropertyOp60
 70
     1
102
RTVSPropertyOp61
 70
     1
102
RTVSPropertyOp62
 70
     1
  0
ENDSEC
  0
EOF
